date,strategy,category,scheme_code,scheme_name,prediction_score,quintile,target_weight,opening_drifted_weight,closing_weight,nav_start,nav_end,fund_return,data_quality_flag
2024-07-31,HistGBM,Unknown,146381,Unknown,0,5,0.000819000819000819,0.0,0.000819000819000819,1,1.0,0.0,Missing
2024-07-31,HistGBM,Unknown,151937,Unknown,0,5,0.000819000819000819,0.0,0.000819000819000819,1,1.0,0.0,Missing
2024-07-31,HistGBM,Unknown,150313,Unknown,0,5,0.000819000819000819,0.0,0.000819000819000819,1,1.0,0.0,Missing
2024-07-31,HistGBM,Unknown,150673,Unknown,0,5,0.000819000819000819,0.0,0.0008219048630007535,1,1.00354583772392,0.0035458377239198876,OK
2024-07-31,HistGBM,Unknown,149254,Unknown,0,5,0.000819000819000819,0.0,0.000819000819000819,1,1.0,0.0,Missing
2024-07-31,HistGBM,Unknown,149936,Unknown,0,5,0.000819000819000819,0.0,0.0008173165590621401,1,0.9979435186148731,-0.002056481385126893,OK
2024-07-31,HistGBM,Unknown,150677,Unknown,0,5,0.000819000819000819,0.0,0.0008298976280139869,1,1.013305003805078,0.013305003805077884,OK
2024-07-31,HistGBM,Unknown,149894,Unknown,0,5,0.000819000819000819,0.0,0.0008405325279914907,1,1.02629021667761,0.026290216677609918,OK
2024-07-31,HistGBM,Unknown,151814,Unknown,0,5,0.000819000819000819,0.0,0.000819000819000819,1,1.0,0.0,Missing
2024-07-31,HistGBM,Unknown,150643,Unknown,0,5,0.000819000819000819,0.0,0.000819000819000819,1,1.0,0.0,Missing
2024-07-31,HistGBM,Unknown,148726,Unknown,0,5,0.000819000819000819,0.0,0.000819000819000819,1,1.0,0.0,Missing
2024-07-31,HistGBM,Unknown,148721,Unknown,0,5,0.000819000819000819,0.0,0.000819000819000819,1,1.0,0.0,Missing
2024-07-31,HistGBM,Unknown,151724,Unknown,0,5,0.000819000819000819,0.0,0.000819000819000819,1,1.0,0.0,Missing
2024-07-31,HistGBM,Unknown,149892,Unknown,0,5,0.000819000819000819,0.0,0.000819000819000819,1,1.0,0.0,Missing
2024-07-31,HistGBM,Unknown,151727,Unknown,0,5,0.000819000819000819,0.0,0.000819000819000819,1,1.0,0.0,Missing
2024-07-31,HistGBM,Unknown,150738,Unknown,0,5,0.000819000819000819,0.0,0.000819000819000819,1,1.0,0.0,Missing
2024-07-31,HistGBM,Unknown,150428,Unknown,0,5,0.000819000819000819,0.0,0.000819000819000819,1,1.0,0.0,Missing
2024-07-31,HistGBM,Unknown,149447,Unknown,0,5,0.000819000819000819,0.0,0.000819000819000819,1,1.0,0.0,Missing
2024-07-31,HistGBM,Unknown,151160,Unknown,0,5,0.000819000819000819,0.0,0.000819000819000819,1,1.0,0.0,Missing
2024-07-31,HistGBM,Unknown,149389,Unknown,0,5,0.000819000819000819,0.0,0.000819000819000819,1,1.0,0.0,Missing
2024-07-31,HistGBM,Unknown,148745,Unknown,0,5,0.000819000819000819,0.0,0.000819000819000819,1,1.0,0.0,Missing
2024-07-31,HistGBM,Unknown,149466,Unknown,0,5,0.000819000819000819,0.0,0.0008252918420585775,1,1.007681339153523,0.0076813391535231305,OK
2024-07-31,HistGBM,Unknown,149283,Unknown,0,5,0.000819000819000819,0.0,0.000819000819000819,1,1.0,0.0,Missing
2024-07-31,HistGBM,Unknown,120684,Unknown,0,5,0.000819000819000819,0.0,0.000819000819000819,1,1.0,0.0,Missing
2024-07-31,HistGBM,Unknown,150515,Unknown,0,5,0.000819000819000819,0.0,0.000819000819000819,1,1.0,0.0,Missing
2024-07-31,HistGBM,Unknown,148945,Unknown,0,5,0.000819000819000819,0.0,0.0008252261095357269,1,1.0076010797431225,0.0076010797431226,OK
2024-07-31,HistGBM,Unknown,143341,Unknown,0,5,0.000819000819000819,0.0,0.000819000819000819,1,1.0,0.0,Missing
2024-07-31,HistGBM,Unknown,148519,Unknown,0,5,0.000819000819000819,0.0,0.000819000819000819,1,1.0,0.0,Missing
2024-07-31,HistGBM,Unknown,150902,Unknown,0,5,0.000819000819000819,0.0,0.000819000819000819,1,1.0,0.0,Missing
2024-07-31,HistGBM,Unknown,147796,Unknown,0,5,0.000819000819000819,0.0,0.000819000819000819,1,1.0,0.0,Missing
2024-07-31,HistGBM,Unknown,150892,Unknown,0,5,0.000819000819000819,0.0,0.000819000819000819,1,1.0,0.0,Missing
2024-07-31,HistGBM,Unknown,150930,Unknown,0,5,0.000819000819000819,0.0,0.000819000819000819,1,1.0,0.0,Missing
2024-07-31,HistGBM,Unknown,149288,Unknown,0,5,0.000819000819000819,0.0,0.000819000819000819,1,1.0,0.0,Missing
2024-07-31,HistGBM,Unknown,120242,Unknown,0,5,0.0018018018018018018,0.0,0.0018018018018018018,1,1.0,0.0,Missing
2024-07-31,HistGBM,Unknown,149847,Unknown,0,5,0.0018018018018018018,0.0,0.0018218850916067396,1,1.0111462258417405,0.011146225841740543,OK
2024-07-31,HistGBM,Unknown,149790,Unknown,0,5,0.0018018018018018018,0.0,0.0018018018018018018,1,1.0,0.0,Missing
2024-07-31,HistGBM,Unknown,146513,Unknown,0,5,0.0018018018018018018,0.0,0.0018018018018018018,1,1.0,0.0,Missing
2024-07-31,HistGBM,Unknown,132186,Unknown,0,5,0.0018018018018018018,0.0,0.0018018018018018018,1,1.0,0.0,Missing
2024-07-31,HistGBM,Unknown,112039,Unknown,0,5,0.0018018018018018018,0.0,0.0018018018018018018,1,1.0,0.0,Missing
2024-07-31,HistGBM,Unknown,150688,Unknown,0,5,0.0018018018018018018,0.0,0.0018018018018018018,1,1.0,0.0,Missing
2024-07-31,HistGBM,Unknown,148822,Unknown,0,5,0.0018018018018018018,0.0,0.0018018018018018018,1,1.0,0.0,Missing
2024-07-31,HistGBM,Unknown,149331,Unknown,0,5,0.0018018018018018018,0.0,0.0018018018018018018,1,1.0,0.0,Missing
2024-07-31,HistGBM,Unknown,148500,Unknown,0,5,0.0018018018018018018,0.0,0.0018018018018018018,1,1.0,0.0,Missing
2024-07-31,HistGBM,Unknown,148035,Unknown,0,5,0.0018018018018018018,0.0,0.0018018018018018018,1,1.0,0.0,Missing
2024-07-31,HistGBM,Unknown,148928,Unknown,0,5,0.0018018018018018018,0.0,0.0018018018018018018,1,1.0,0.0,Missing
2024-07-31,HistGBM,Unknown,150344,Unknown,0,5,0.0018018018018018018,0.0,0.0018018018018018018,1,1.0,0.0,Missing
2024-07-31,HistGBM,Unknown,120700,Unknown,0,5,0.0018018018018018018,0.0,0.0018018018018018018,1,1.0,0.0,Missing
2024-07-31,HistGBM,Unknown,148642,Unknown,0,5,0.0018018018018018018,0.0,0.0018018018018018018,1,1.0,0.0,Missing
2024-07-31,HistGBM,Unknown,119605,Unknown,0,5,0.005405405405405406,0.0,0.005405405405405406,1,1.0,0.0,Missing
2024-07-31,HistGBM,Unknown,138472,Unknown,0,5,0.005405405405405406,0.0,0.005405405405405406,1,1.0,0.0,Missing
2024-07-31,HistGBM,Unknown,120447,Unknown,0,5,0.005405405405405406,0.0,0.0054689832485270784,1,1.0117619009775094,0.011761900977509314,OK
2024-07-31,HistGBM,Unknown,120520,Unknown,0,5,0.005405405405405406,0.0,0.005405405405405406,1,1.0,0.0,Missing
2024-07-31,HistGBM,Unknown,140298,Unknown,0,5,0.005405405405405406,0.0,0.005405405405405406,1,1.0,0.0,Missing
2024-07-31,HistGBM,Unknown,118615,Unknown,0,5,0.0045045045045045045,0.0,0.0045045045045045045,1,1.0,0.0,Missing
2024-07-31,HistGBM,Unknown,149264,Unknown,0,5,0.0045045045045045045,0.0,0.0045045045045045045,1,1.0,0.0,Missing
2024-07-31,HistGBM,Unknown,141642,Unknown,0,5,0.0045045045045045045,0.0,0.0045818874932798985,1,1.0171790235081375,0.017179023508137388,OK
2024-07-31,HistGBM,Unknown,118968,Unknown,0,5,0.0045045045045045045,0.0,0.0045045045045045045,1,1.0,0.0,Missing
2024-07-31,HistGBM,Unknown,151713,Unknown,0,5,0.0045045045045045045,0.0,0.0045045045045045045,1,1.0,0.0,Missing
2024-07-31,HistGBM,Unknown,120333,Unknown,0,5,0.0045045045045045045,0.0,0.0045045045045045045,1,1.0,0.0,Missing
2024-07-31,HistGBM,Unknown,144754,Unknown,0,5,0.005405405405405406,0.0,0.005437466684008453,1,1.0059313365415639,0.005931336541563934,OK
2024-07-31,HistGBM,Unknown,148529,Unknown,0,5,0.005405405405405406,0.0,0.005405405405405406,1,1.0,0.0,Missing
2024-07-31,HistGBM,Unknown,143494,Unknown,0,5,0.005405405405405406,0.0,0.005405405405405406,1,1.0,0.0,Missing
2024-07-31,HistGBM,Unknown,146075,Unknown,0,5,0.005405405405405406,0.0,0.005405405405405406,1,1.0,0.0,Missing
2024-07-31,HistGBM,Unknown,119501,Unknown,0,5,0.005405405405405406,0.0,0.005405405405405406,1,1.0,0.0,Missing
2024-07-31,HistGBM,Unknown,150659,Unknown,0,5,0.006756756756756757,0.0,0.006756756756756757,1,1.0,0.0,Missing
2024-07-31,HistGBM,Unknown,149185,Unknown,0,5,0.006756756756756757,0.0,0.006756756756756757,1,1.0,0.0,Missing
2024-07-31,HistGBM,Unknown,149383,Unknown,0,5,0.006756756756756757,0.0,0.00697835133632799,1,1.0327959977765424,0.03279599777654252,OK
2024-07-31,HistGBM,Unknown,151290,Unknown,0,5,0.006756756756756757,0.0,0.006756756756756757,1,1.0,0.0,Missing
2024-07-31,HistGBM,Unknown,142110,Unknown,0,5,0.0045045045045045045,0.0,0.0045045045045045045,1,1.0,0.0,Missing
2024-07-31,HistGBM,Unknown,150815,Unknown,0,5,0.0045045045045045045,0.0,0.0045045045045045045,1,1.0,0.0,Missing
2024-07-31,HistGBM,Unknown,140228,Unknown,0,5,0.0045045045045045045,0.0,0.0045045045045045045,1,1.0,0.0,Missing
2024-07-31,HistGBM,Unknown,151036,Unknown,0,5,0.0045045045045045045,0.0,0.0045045045045045045,1,1.0,0.0,Missing
2024-07-31,HistGBM,Unknown,127042,Unknown,0,5,0.0045045045045045045,0.0,0.0045045045045045045,1,1.0,0.0,Missing
2024-07-31,HistGBM,Unknown,148733,Unknown,0,5,0.0045045045045045045,0.0,0.0045045045045045045,1,1.0,0.0,Missing
2024-07-31,HistGBM,Unknown,120425,Unknown,0,5,0.009009009009009009,0.0,0.009009009009009009,1,1.0,0.0,Missing
2024-07-31,HistGBM,Unknown,148550,Unknown,0,5,0.009009009009009009,0.0,0.00907415210631873,1,1.007230883801379,0.007230883801378988,OK
2024-07-31,HistGBM,Unknown,118508,Unknown,0,5,0.009009009009009009,0.0,0.009009009009009009,1,1.0,0.0,Missing
2024-07-31,HistGBM,Unknown,146191,Unknown,0,5,0.003861003861003861,0.0,0.003861003861003861,1,1.0,0.0,Missing
2024-07-31,HistGBM,Unknown,151190,Unknown,0,5,0.003861003861003861,0.0,0.003861003861003861,1,1.0,0.0,Missing
2024-07-31,HistGBM,Unknown,147951,Unknown,0,5,0.003861003861003861,0.0,0.003861003861003861,1,1.0,0.0,Missing
2024-07-31,HistGBM,Unknown,147883,Unknown,0,5,0.003861003861003861,0.0,0.003861003861003861,1,1.0,0.0,Missing
2024-07-31,HistGBM,Unknown,147003,Unknown,0,5,0.003861003861003861,0.0,0.003861003861003861,1,1.0,0.0,Missing
2024-07-31,HistGBM,Unknown,146980,Unknown,0,5,0.003861003861003861,0.0,0.003861003861003861,1,1.0,0.0,Missing
2024-07-31,HistGBM,Unknown,145810,Unknown,0,5,0.003861003861003861,0.0,0.003861003861003861,1,1.0,0.0,Missing
2024-07-31,HistGBM,Unknown,146457,Unknown,0,5,0.005405405405405406,0.0,0.005405405405405406,1,1.0,0.0,Missing
2024-07-31,HistGBM,Unknown,135120,Unknown,0,5,0.005405405405405406,0.0,0.005480165832219479,1,1.0138306789606035,0.013830678960603597,OK
2024-07-31,HistGBM,Unknown,140444,Unknown,0,5,0.005405405405405406,0.0,0.005405405405405406,1,1.0,0.0,Missing
2024-07-31,HistGBM,Unknown,131373,Unknown,0,5,0.005405405405405406,0.0,0.005405405405405406,1,1.0,0.0,Missing
2024-07-31,HistGBM,Unknown,149679,Unknown,0,5,0.005405405405405406,0.0,0.005405405405405406,1,1.0,0.0,Missing
2024-07-31,HistGBM,Unknown,119251,Unknown,0,5,0.0045045045045045045,0.0,0.0045045045045045045,1,1.0,0.0,Missing
2024-07-31,HistGBM,Unknown,133630,Unknown,0,5,0.0045045045045045045,0.0,0.0045045045045045045,1,1.0,0.0,Missing
2024-07-31,HistGBM,Unknown,146349,Unknown,0,5,0.0045045045045045045,0.0,0.0045045045045045045,1,1.0,0.0,Missing
2024-07-31,HistGBM,Unknown,133568,Unknown,0,5,0.0045045045045045045,0.0,0.0045045045045045045,1,1.0,0.0,Missing
2024-07-31,HistGBM,Unknown,146721,Unknown,0,5,0.0045045045045045045,0.0,0.0045045045045045045,1,1.0,0.0,Missing
2024-07-31,HistGBM,Unknown,147826,Unknown,0,5,0.0045045045045045045,0.0,0.00462850130624217,1,1.0275272899857617,0.027527289985761667,OK
2024-07-31,HistGBM,Unknown,149830,Unknown,0,5,0.002702702702702703,0.0,0.002702702702702703,1,1.0,0.0,Missing
2024-07-31,HistGBM,Unknown,148760,Unknown,0,5,0.002702702702702703,0.0,0.002722957672456253,1,1.0074943388088136,0.0074943388088134725,OK
2024-07-31,HistGBM,Unknown,149098,Unknown,0,5,0.002702702702702703,0.0,0.0027917668558237953,1,1.0329537366548043,0.03295373665480421,OK
2024-07-31,HistGBM,Unknown,118551,Unknown,0,5,0.002702702702702703,0.0,0.002702702702702703,1,1.0,0.0,Missing
2024-07-31,HistGBM,Unknown,132009,Unknown,0,5,0.002702702702702703,0.0,0.002702702702702703,1,1.0,0.0,Missing
2024-07-31,HistGBM,Unknown,149910,Unknown,0,5,0.002702702702702703,0.0,0.002702702702702703,1,1.0,0.0,Missing
2024-07-31,HistGBM,Unknown,149961,Unknown,0,5,0.002702702702702703,0.0,0.002702702702702703,1,1.0,0.0,Missing
2024-07-31,HistGBM,Unknown,150751,Unknown,0,5,0.002702702702702703,0.0,0.0027147617235757297,1,1.00446183772302,0.004461837723019795,OK
2024-07-31,HistGBM,Unknown,120043,Unknown,0,5,0.002702702702702703,0.0,0.002702702702702703,1,1.0,0.0,Missing
2024-07-31,HistGBM,Unknown,148662,Unknown,0,5,0.002702702702702703,0.0,0.002702702702702703,1,1.0,0.0,Missing
2024-07-31,HistGBM,Unknown,120494,Unknown,0,5,0.0033783783783783786,0.0,0.0033783783783783786,1,1.0,0.0,Missing
2024-07-31,HistGBM,Unknown,119242,Unknown,0,5,0.0033783783783783786,0.0,0.0033783783783783786,1,1.0,0.0,Missing
2024-07-31,HistGBM,Unknown,119723,Unknown,0,5,0.0033783783783783786,0.0,0.00340581839146089,1,1.0081222438724233,0.008122243872423388,OK
2024-07-31,HistGBM,Unknown,118803,Unknown,0,5,0.0033783783783783786,0.0,0.0033783783783783786,1,1.0,0.0,Missing
2024-07-31,HistGBM,Unknown,151078,Unknown,0,5,0.0033783783783783786,0.0,0.0033783783783783786,1,1.0,0.0,Missing
2024-07-31,HistGBM,Unknown,145819,Unknown,0,5,0.0033783783783783786,0.0,0.0033783783783783786,1,1.0,0.0,Missing
2024-07-31,HistGBM,Unknown,133386,Unknown,0,5,0.0033783783783783786,0.0,0.0033783783783783786,1,1.0,0.0,Missing
2024-07-31,HistGBM,Unknown,147541,Unknown,0,5,0.0033783783783783786,0.0,0.0033783783783783786,1,1.0,0.0,Missing
2024-07-31,HistGBM,Unknown,118419,Unknown,0,5,0.0045045045045045045,0.0,0.004650279059202161,1,1.0323619511428797,0.032361951142879694,OK
2024-07-31,HistGBM,Unknown,147704,Unknown,0,5,0.0045045045045045045,0.0,0.0045045045045045045,1,1.0,0.0,Missing
2024-07-31,HistGBM,Unknown,133710,Unknown,0,5,0.0045045045045045045,0.0,0.0045045045045045045,1,1.0,0.0,Missing
2024-07-31,HistGBM,Unknown,119218,Unknown,0,5,0.0045045045045045045,0.0,0.0045045045045045045,1,1.0,0.0,Missing
2024-07-31,HistGBM,Unknown,146772,Unknown,0,5,0.0045045045045045045,0.0,0.0045045045045045045,1,1.0,0.0,Missing
2024-07-31,HistGBM,Unknown,120357,Unknown,0,5,0.0045045045045045045,0.0,0.0045045045045045045,1,1.0,0.0,Missing
2024-07-31,HistGBM,Unknown,119424,Unknown,0,5,0.005405405405405406,0.0,0.005405405405405406,1,1.0,0.0,Missing
2024-07-31,HistGBM,Unknown,119746,Unknown,0,5,0.005405405405405406,0.0,0.005405405405405406,1,1.0,0.0,Missing
2024-07-31,HistGBM,Unknown,118719,Unknown,0,5,0.005405405405405406,0.0,0.005405405405405406,1,1.0,0.0,Missing
2024-07-31,HistGBM,Unknown,147567,Unknown,0,5,0.005405405405405406,0.0,0.005437554909187584,1,1.005947658199703,0.005947658199703206,OK
2024-07-31,HistGBM,Unknown,119511,Unknown,0,5,0.005405405405405406,0.0,0.005405405405405406,1,1.0,0.0,Missing
2024-07-31,HistGBM,Unknown,118777,Unknown,0,5,0.005405405405405406,0.0,0.005405405405405406,1,1.0,0.0,Missing
2024-07-31,HistGBM,Unknown,147919,Unknown,0,5,0.005405405405405406,0.0,0.005405405405405406,1,1.0,0.0,Missing
2024-07-31,HistGBM,Unknown,118778,Unknown,0,5,0.005405405405405406,0.0,0.005405405405405406,1,1.0,0.0,Missing
2024-07-31,HistGBM,Unknown,147946,Unknown,0,5,0.005405405405405406,0.0,0.005753137424304918,1,1.0643304234964097,0.06433042349640981,OK
2024-07-31,HistGBM,Unknown,150915,Unknown,0,5,0.005405405405405406,0.0,0.005405405405405406,1,1.0,0.0,Missing
2024-07-31,HistGBM,Unknown,120444,Unknown,0,5,0.005405405405405406,0.0,0.005405405405405406,1,1.0,0.0,Missing
2024-07-31,HistGBM,Unknown,123693,Unknown,0,5,0.005405405405405406,0.0,0.005405405405405406,1,1.0,0.0,Missing
2024-07-31,HistGBM,Unknown,148628,Unknown,0,5,0.005405405405405406,0.0,0.005405405405405406,1,1.0,0.0,Missing
2024-07-31,HistGBM,Unknown,120256,Unknown,0,5,0.005405405405405406,0.0,0.005405405405405406,1,1.0,0.0,Missing
2024-07-31,HistGBM,Unknown,128629,Unknown,0,5,0.005405405405405406,0.0,0.005405405405405406,1,1.0,0.0,Missing
2024-07-31,HistGBM,Unknown,120728,Unknown,0,5,0.001001001001001001,0.0,0.001001001001001001,1,1.0,0.0,Missing
2024-07-31,HistGBM,Unknown,151853,Unknown,0,5,0.001001001001001001,0.0,0.001001001001001001,1,1.0,0.0,Missing
2024-07-31,HistGBM,Unknown,118979,Unknown,0,5,0.001001001001001001,0.0,0.001001001001001001,1,1.0,0.0,Missing
2024-07-31,HistGBM,Unknown,120731,Unknown,0,5,0.001001001001001001,0.0,0.001001001001001001,1,1.0,0.0,Missing
2024-07-31,HistGBM,Unknown,133801,Unknown,0,5,0.001001001001001001,0.0,0.001001001001001001,1,1.0,0.0,Missing
2024-07-31,HistGBM,Unknown,118267,Unknown,0,5,0.001001001001001001,0.0,0.001001001001001001,1,1.0,0.0,Missing
2024-07-31,HistGBM,Unknown,120405,Unknown,0,5,0.001001001001001001,0.0,0.001001001001001001,1,1.0,0.0,Missing
2024-07-31,HistGBM,Unknown,119364,Unknown,0,5,0.001001001001001001,0.0,0.001001001001001001,1,1.0,0.0,Missing
2024-07-31,HistGBM,Unknown,118763,Unknown,0,5,0.001001001001001001,0.0,0.001001001001001001,1,1.0,0.0,Missing
2024-07-31,HistGBM,Unknown,119247,Unknown,0,5,0.001001001001001001,0.0,0.001001001001001001,1,1.0,0.0,Missing
2024-07-31,HistGBM,Unknown,150716,Unknown,0,5,0.001001001001001001,0.0,0.0009967573048582346,1,0.9957605475533763,-0.00423945244662368,OK
2024-07-31,HistGBM,Unknown,150685,Unknown,0,5,0.001001001001001001,0.0,0.001001001001001001,1,1.0,0.0,Missing
2024-07-31,HistGBM,Unknown,151757,Unknown,0,5,0.001001001001001001,0.0,0.001001001001001001,1,1.0,0.0,Missing
2024-07-31,HistGBM,Unknown,148564,Unknown,0,5,0.001001001001001001,0.0,0.001001001001001001,1,1.0,0.0,Missing
2024-07-31,HistGBM,Unknown,119243,Unknown,0,5,0.001001001001001001,0.0,0.001001001001001001,1,1.0,0.0,Missing
2024-07-31,HistGBM,Unknown,118539,Unknown,0,5,0.001001001001001001,0.0,0.001001001001001001,1,1.0,0.0,Missing
2024-07-31,HistGBM,Unknown,118762,Unknown,0,5,0.001001001001001001,0.0,0.001001001001001001,1,1.0,0.0,Missing
2024-07-31,HistGBM,Unknown,149318,Unknown,0,5,0.001001001001001001,0.0,0.001001001001001001,1,1.0,0.0,Missing
2024-07-31,HistGBM,Unknown,119514,Unknown,0,5,0.001001001001001001,0.0,0.001001001001001001,1,1.0,0.0,Missing
2024-07-31,HistGBM,Unknown,119700,Unknown,0,5,0.001001001001001001,0.0,0.0009932162266120008,1,0.9922230103853887,-0.00777698961461121,OK
2024-07-31,HistGBM,Unknown,120351,Unknown,0,5,0.001001001001001001,0.0,0.001001001001001001,1,1.0,0.0,Missing
2024-07-31,HistGBM,Unknown,118879,Unknown,0,5,0.001001001001001001,0.0,0.001001001001001001,1,1.0,0.0,Missing
2024-07-31,HistGBM,Unknown,151040,Unknown,0,5,0.001001001001001001,0.0,0.001001001001001001,1,1.0,0.0,Missing
2024-07-31,HistGBM,Unknown,151142,Unknown,0,5,0.001001001001001001,0.0,0.001001001001001001,1,1.0,0.0,Missing
2024-07-31,HistGBM,Unknown,118469,Unknown,0,5,0.001001001001001001,0.0,0.0009765473648840117,1,0.9755708175191277,-0.02442918248087234,OK
2024-07-31,HistGBM,Unknown,118557,Unknown,0,5,0.001001001001001001,0.0,0.001001001001001001,1,1.0,0.0,Missing
2024-07-31,HistGBM,Unknown,120621,Unknown,0,5,0.001001001001001001,0.0,0.001001001001001001,1,1.0,0.0,Missing
2024-07-31,HistGBM,Unknown,118859,Unknown,0,5,0.0033783783783783786,0.0,0.0033783783783783786,1,1.0,0.0,Missing
2024-07-31,HistGBM,Unknown,119369,Unknown,0,5,0.0033783783783783786,0.0,0.0033783783783783786,1,1.0,0.0,Missing
2024-07-31,HistGBM,Unknown,139538,Unknown,0,5,0.0033783783783783786,0.0,0.0033983650583270836,1,1.0059160572648167,0.0059160572648167915,OK
2024-07-31,HistGBM,Unknown,151833,Unknown,0,5,0.0033783783783783786,0.0,0.0033783783783783786,1,1.0,0.0,Missing
2024-07-31,HistGBM,Unknown,118701,Unknown,0,5,0.0033783783783783786,0.0,0.0033783783783783786,1,1.0,0.0,Missing
2024-07-31,HistGBM,Unknown,119135,Unknown,0,5,0.0033783783783783786,0.0,0.0033783783783783786,1,1.0,0.0,Missing
2024-07-31,HistGBM,Unknown,120389,Unknown,0,5,0.0033783783783783786,0.0,0.0033783783783783786,1,1.0,0.0,Missing
2024-07-31,HistGBM,Unknown,119303,Unknown,0,5,0.0033783783783783786,0.0,0.0033783783783783786,1,1.0,0.0,Missing
2024-07-31,HistGBM,Unknown,118679,Unknown,0,5,0.009009009009009009,0.0,0.009009009009009009,1,1.0,0.0,Missing
2024-07-31,HistGBM,Unknown,118687,Unknown,0,5,0.009009009009009009,0.0,0.009009009009009009,1,1.0,0.0,Missing
2024-07-31,HistGBM,Unknown,119735,Unknown,0,5,0.009009009009009009,0.0,0.009009009009009009,1,1.0,0.0,Missing
2024-07-31,HistGBM,Unknown,120046,Unknown,0,5,0.003861003861003861,0.0,0.003861003861003861,1,1.0,0.0,Missing
2024-07-31,HistGBM,Unknown,120492,Unknown,0,5,0.003861003861003861,0.0,0.003861003861003861,1,1.0,0.0,Missing
2024-07-31,HistGBM,Unknown,151796,Unknown,0,5,0.003861003861003861,0.0,0.003861003861003861,1,1.0,0.0,Missing
2024-07-31,HistGBM,Unknown,148404,Unknown,0,5,0.003861003861003861,0.0,0.003861003861003861,1,1.0,0.0,Missing
2024-07-31,HistGBM,Unknown,151379,Unknown,0,5,0.003861003861003861,0.0,0.003861003861003861,1,1.0,0.0,Missing
2024-07-31,HistGBM,Unknown,129046,Unknown,0,5,0.003861003861003861,0.0,0.003861003861003861,1,1.0,0.0,Missing
2024-07-31,HistGBM,Unknown,140353,Unknown,0,5,0.003861003861003861,0.0,0.003861003861003861,1,1.0,0.0,Missing
2024-07-31,HistGBM,Unknown,150264,Unknown,0,5,0.0045045045045045045,0.0,0.0045045045045045045,1,1.0,0.0,Missing
2024-07-31,HistGBM,Unknown,120488,Unknown,0,5,0.0045045045045045045,0.0,0.0045045045045045045,1,1.0,0.0,Missing
2024-07-31,HistGBM,Unknown,148567,Unknown,0,5,0.0045045045045045045,0.0,0.0045045045045045045,1,1.0,0.0,Missing
2024-07-31,HistGBM,Unknown,151777,Unknown,0,5,0.0045045045045045045,0.0,0.0045045045045045045,1,1.0,0.0,Missing
2024-07-31,HistGBM,Unknown,131580,Unknown,0,5,0.0045045045045045045,0.0,0.0045045045045045045,1,1.0,0.0,Missing
2024-07-31,HistGBM,Unknown,148481,Unknown,0,5,0.0045045045045045045,0.0,0.0045045045045045045,1,1.0,0.0,Missing
2024-07-31,HistGBM,Unknown,136007,Unknown,0,5,0.009009009009009009,0.0,0.009268491780841296,1,1.028802587673384,0.028802587673383995,OK
2024-07-31,HistGBM,Unknown,141950,Unknown,0,5,0.009009009009009009,0.0,0.009009009009009009,1,1.0,0.0,Missing
2024-07-31,HistGBM,Unknown,133364,Unknown,0,5,0.009009009009009009,0.0,0.00923097533374857,1,1.0246382620460912,0.024638262046091226,OK
2024-07-31,HistGBM,Unknown,119498,Unknown,0,5,0.005405405405405406,0.0,0.005405405405405406,1,1.0,0.0,Missing
2024-07-31,HistGBM,Unknown,148729,Unknown,0,5,0.005405405405405406,0.0,0.005405405405405406,1,1.0,0.0,Missing
2024-07-31,HistGBM,Unknown,120718,Unknown,0,5,0.005405405405405406,0.0,0.005405405405405406,1,1.0,0.0,Missing
2024-07-31,HistGBM,Unknown,120754,Unknown,0,5,0.005405405405405406,0.0,0.005405405405405406,1,1.0,0.0,Missing
2024-07-31,HistGBM,Unknown,119016,Unknown,0,5,0.005405405405405406,0.0,0.005405405405405406,1,1.0,0.0,Missing
2024-07-31,HistGBM,Unknown,151620,Unknown,0,5,0.0022522522522522522,0.0,0.0022522522522522522,1,1.0,0.0,Missing
2024-07-31,HistGBM,Unknown,150627,Unknown,0,5,0.0022522522522522522,0.0,0.0022522522522522522,1,1.0,0.0,Missing
2024-07-31,HistGBM,Unknown,149129,Unknown,0,5,0.0022522522522522522,0.0,0.0022522522522522522,1,1.0,0.0,Missing
2024-07-31,HistGBM,Unknown,149345,Unknown,0,5,0.0022522522522522522,0.0,0.0022522522522522522,1,1.0,0.0,Missing
2024-07-31,HistGBM,Unknown,149993,Unknown,0,5,0.0022522522522522522,0.0,0.0022522522522522522,1,1.0,0.0,Missing
2024-07-31,HistGBM,Unknown,149307,Unknown,0,5,0.0022522522522522522,0.0,0.0022522522522522522,1,1.0,0.0,Missing
2024-07-31,HistGBM,Unknown,151681,Unknown,0,5,0.0022522522522522522,0.0,0.0022522522522522522,1,1.0,0.0,Missing
2024-07-31,HistGBM,Unknown,151708,Unknown,0,5,0.0022522522522522522,0.0,0.0022522522522522522,1,1.0,0.0,Missing
2024-07-31,HistGBM,Unknown,149878,Unknown,0,5,0.0022522522522522522,0.0,0.0022522522522522522,1,1.0,0.0,Missing
2024-07-31,HistGBM,Unknown,149460,Unknown,0,5,0.0022522522522522522,0.0,0.0022522522522522522,1,1.0,0.0,Missing
2024-07-31,HistGBM,Unknown,149431,Unknown,0,5,0.0022522522522522522,0.0,0.0022522522522522522,1,1.0,0.0,Missing
2024-07-31,HistGBM,Unknown,149279,Unknown,0,5,0.0022522522522522522,0.0,0.0022522522522522522,1,1.0,0.0,Missing
2024-07-31,HistGBM,Unknown,120475,Unknown,0,5,0.009009009009009009,0.0,0.009084795110393016,1,1.0084122572536247,0.008412257253624617,OK
2024-07-31,HistGBM,Unknown,120670,Unknown,0,5,0.009009009009009009,0.0,0.009009009009009009,1,1.0,0.0,Missing
2024-07-31,HistGBM,Unknown,151146,Unknown,0,5,0.009009009009009009,0.0,0.009009009009009009,1,1.0,0.0,Missing
2024-07-31,HistGBM,Unknown,150316,Unknown,0,5,0.0045045045045045045,0.0,0.0045045045045045045,1,1.0,0.0,Missing
2024-07-31,HistGBM,Unknown,150842,Unknown,0,5,0.0045045045045045045,0.0,0.0045045045045045045,1,1.0,0.0,Missing
2024-07-31,HistGBM,Unknown,150002,Unknown,0,5,0.0045045045045045045,0.0,0.0045045045045045045,1,1.0,0.0,Missing
2024-07-31,HistGBM,Unknown,149017,Unknown,0,5,0.0045045045045045045,0.0,0.0045045045045045045,1,1.0,0.0,Missing
2024-07-31,HistGBM,Unknown,149062,Unknown,0,5,0.0045045045045045045,0.0,0.0045045045045045045,1,1.0,0.0,Missing
2024-07-31,HistGBM,Unknown,149190,Unknown,0,5,0.0045045045045045045,0.0,0.0045045045045045045,1,1.0,0.0,Missing
2024-07-31,HistGBM,Unknown,120486,Unknown,0,5,0.005405405405405406,0.0,0.005405405405405406,1,1.0,0.0,Missing
2024-07-31,HistGBM,Unknown,119231,Unknown,0,5,0.005405405405405406,0.0,0.005405405405405406,1,1.0,0.0,Missing
2024-07-31,HistGBM,Unknown,151113,Unknown,0,5,0.005405405405405406,0.0,0.005405405405405406,1,1.0,0.0,Missing
2024-07-31,HistGBM,Unknown,149166,Unknown,0,5,0.005405405405405406,0.0,0.005537794177710801,1,1.0244919228764982,0.024491922876498116,OK
2024-07-31,HistGBM,Unknown,148972,Unknown,0,5,0.005405405405405406,0.0,0.005405405405405406,1,1.0,0.0,Missing
2024-07-31,HistGBM,Unknown,150797,Unknown,0,5,0.0045045045045045045,0.0,0.0045045045045045045,1,1.0,0.0,Missing
2024-07-31,HistGBM,Unknown,148353,Unknown,0,5,0.0045045045045045045,0.0,0.0045045045045045045,1,1.0,0.0,Missing
2024-07-31,HistGBM,Unknown,120490,Unknown,0,5,0.0045045045045045045,0.0,0.0045045045045045045,1,1.0,0.0,Missing
2024-07-31,HistGBM,Unknown,150187,Unknown,0,5,0.0045045045045045045,0.0,0.0045045045045045045,1,1.0,0.0,Missing
2024-07-31,HistGBM,Unknown,118870,Unknown,0,5,0.0045045045045045045,0.0,0.0045045045045045045,1,1.0,0.0,Missing
2024-07-31,HistGBM,Unknown,120392,Unknown,0,5,0.0045045045045045045,0.0,0.0045045045045045045,1,1.0,0.0,Missing
2024-07-31,HistGBM,Unknown,119755,Unknown,0,5,0.005405405405405406,0.0,0.005405405405405406,1,1.0,0.0,Missing
2024-07-31,HistGBM,Unknown,119671,Unknown,0,5,0.005405405405405406,0.0,0.005462153969798282,1,1.010498484412682,0.010498484412682156,OK
2024-07-31,HistGBM,Unknown,120084,Unknown,0,5,0.005405405405405406,0.0,0.005405405405405406,1,1.0,0.0,Missing
2024-07-31,HistGBM,Unknown,144403,Unknown,0,5,0.005405405405405406,0.0,0.005405405405405406,1,1.0,0.0,Missing
2024-07-31,HistGBM,Unknown,134494,Unknown,0,5,0.005405405405405406,0.0,0.005405405405405406,1,1.0,0.0,Missing
2024-07-31,HistGBM,Unknown,120398,Unknown,0,5,0.006756756756756757,0.0,0.006756756756756757,1,1.0,0.0,Missing
2024-07-31,HistGBM,Unknown,118942,Unknown,0,5,0.006756756756756757,0.0,0.006756756756756757,1,1.0,0.0,Missing
2024-07-31,HistGBM,Unknown,140613,Unknown,0,5,0.006756756756756757,0.0,0.006756756756756757,1,1.0,0.0,Missing
2024-07-31,HistGBM,Unknown,151117,Unknown,0,5,0.006756756756756757,0.0,0.006756756756756757,1,1.0,0.0,Missing
2024-07-31,HistGBM,Unknown,133035,Unknown,0,5,0.0045045045045045045,0.0,0.0045045045045045045,1,1.0,0.0,Missing
2024-07-31,HistGBM,Unknown,120484,Unknown,0,5,0.0045045045045045045,0.0,0.0045045045045045045,1,1.0,0.0,Missing
2024-07-31,HistGBM,Unknown,147446,Unknown,0,5,0.0045045045045045045,0.0,0.0045045045045045045,1,1.0,0.0,Missing
2024-07-31,HistGBM,Unknown,139527,Unknown,0,5,0.0045045045045045045,0.0,0.0045045045045045045,1,1.0,0.0,Missing
2024-07-31,HistGBM,Unknown,143537,Unknown,0,5,0.0045045045045045045,0.0,0.0045045045045045045,1,1.0,0.0,Missing
2024-07-31,HistGBM,Unknown,151122,Unknown,0,5,0.0045045045045045045,0.0,0.0045045045045045045,1,1.0,0.0,Missing
2024-07-31,HistGBM,Unknown,150251,Unknown,0,5,0.005405405405405406,0.0,0.005405405405405406,1,1.0,0.0,Missing
2024-07-31,HistGBM,Unknown,120401,Unknown,0,5,0.005405405405405406,0.0,0.005405405405405406,1,1.0,0.0,Missing
2024-07-31,HistGBM,Unknown,148401,Unknown,0,5,0.005405405405405406,0.0,0.005405405405405406,1,1.0,0.0,Missing
2024-07-31,HistGBM,Unknown,119771,Unknown,0,5,0.005405405405405406,0.0,0.005405405405405406,1,1.0,0.0,Missing
2024-07-31,HistGBM,Unknown,130206,Unknown,0,5,0.005405405405405406,0.0,0.005405405405405406,1,1.0,0.0,Missing
2024-07-31,HistGBM,Unknown,119741,Unknown,0,5,0.009009009009009009,0.0,0.009009009009009009,1,1.0,0.0,Missing
2024-07-31,HistGBM,Unknown,120711,Unknown,0,5,0.009009009009009009,0.0,0.009009009009009009,1,1.0,0.0,Missing
2024-07-31,HistGBM,Unknown,130722,Unknown,0,5,0.009009009009009009,0.0,0.009009009009009009,1,1.0,0.0,Missing
2024-07-31,HistGBM,Unknown,148457,Unknown,0,5,0.009009009009009009,0.0,0.009009009009009009,1,1.0,0.0,Missing
2024-07-31,HistGBM,Unknown,150865,Unknown,0,5,0.009009009009009009,0.0,0.009009009009009009,1,1.0,0.0,Missing
2024-07-31,HistGBM,Unknown,120760,Unknown,0,5,0.009009009009009009,0.0,0.009009009009009009,1,1.0,0.0,Missing
2024-07-31,HistGBM,Unknown,120779,Unknown,0,5,0.006756756756756757,0.0,0.006756756756756757,1,1.0,0.0,Missing
2024-07-31,HistGBM,Unknown,120073,Unknown,0,5,0.006756756756756757,0.0,0.006756756756756757,1,1.0,0.0,Missing
2024-07-31,HistGBM,Unknown,119118,Unknown,0,5,0.006756756756756757,0.0,0.006756756756756757,1,1.0,0.0,Missing
2024-07-31,HistGBM,Unknown,148958,Unknown,0,5,0.006756756756756757,0.0,0.006756756756756757,1,1.0,0.0,Missing
2024-07-31,HistGBM,Unknown,149361,Unknown,0,5,0.005405405405405406,0.0,0.005405405405405406,1,1.0,0.0,Missing
2024-07-31,HistGBM,Unknown,118807,Unknown,0,5,0.005405405405405406,0.0,0.005405405405405406,1,1.0,0.0,Missing
2024-07-31,HistGBM,Unknown,133791,Unknown,0,5,0.005405405405405406,0.0,0.005405405405405406,1,1.0,0.0,Missing
2024-07-31,HistGBM,Unknown,141588,Unknown,0,5,0.005405405405405406,0.0,0.005448201436626346,1,1.007917265775874,0.007917265775873927,OK
2024-07-31,HistGBM,Unknown,118814,Unknown,0,5,0.005405405405405406,0.0,0.005405405405405406,1,1.0,0.0,Missing
2024-08-31,HistGBM,Unknown,151757,Unknown,0,5,0.001001001001001001,0.000995689289348608,0.001001001001001001,1,1.0,0.0,Missing
2024-08-31,HistGBM,Unknown,120621,Unknown,0,5,0.001001001001001001,0.000995689289348608,0.001001001001001001,1,1.0,0.0,Missing
2024-08-31,HistGBM,Unknown,119243,Unknown,0,5,0.001001001001001001,0.000995689289348608,0.001001001001001001,1,1.0,0.0,Missing
2024-08-31,HistGBM,Unknown,119247,Unknown,0,5,0.001001001001001001,0.000995689289348608,0.001001001001001001,1,1.0,0.0,Missing
2024-08-31,HistGBM,Unknown,118763,Unknown,0,5,0.001001001001001001,0.000995689289348608,0.001001001001001001,1,1.0,0.0,Missing
2024-08-31,HistGBM,Unknown,119364,Unknown,0,5,0.001001001001001001,0.000995689289348608,0.001001001001001001,1,1.0,0.0,Missing
2024-08-31,HistGBM,Unknown,151916,Unknown,0,5,0.001001001001001001,0.0,0.001001001001001001,1,1.0,0.0,Missing
2024-08-31,HistGBM,Unknown,118879,Unknown,0,5,0.001001001001001001,0.000995689289348608,0.001001001001001001,1,1.0,0.0,Missing
2024-08-31,HistGBM,Unknown,151901,Unknown,0,5,0.001001001001001001,0.0,0.001001001001001001,1,1.0,0.0,Missing
2024-08-31,HistGBM,Unknown,120728,Unknown,0,5,0.001001001001001001,0.000995689289348608,0.001001001001001001,1,1.0,0.0,Missing
2024-08-31,HistGBM,Unknown,118469,Unknown,0,5,0.001001001001001001,0.000995689289348608,0.0010045090015448493,1,1.0035044925433045,0.003504492543304472,OK
2024-08-31,HistGBM,Unknown,149318,Unknown,0,5,0.001001001001001001,0.000995689289348608,0.001001001001001001,1,1.0,0.0,Missing
2024-08-31,HistGBM,Unknown,151853,Unknown,0,5,0.001001001001001001,0.000995689289348608,0.001001001001001001,1,1.0,0.0,Missing
2024-08-31,HistGBM,Unknown,118762,Unknown,0,5,0.001001001001001001,0.000995689289348608,0.001001001001001001,1,1.0,0.0,Missing
2024-08-31,HistGBM,Unknown,118539,Unknown,0,5,0.001001001001001001,0.000995689289348608,0.001001001001001001,1,1.0,0.0,Missing
2024-08-31,HistGBM,Unknown,118557,Unknown,0,5,0.001001001001001001,0.000995689289348608,0.001001001001001001,1,1.0,0.0,Missing
2024-08-31,HistGBM,Unknown,120405,Unknown,0,5,0.001001001001001001,0.000995689289348608,0.001001001001001001,1,1.0,0.0,Missing
2024-08-31,HistGBM,Unknown,135810,Unknown,0,5,0.001001001001001001,0.0,0.001001001001001001,1,1.0,0.0,Missing
2024-08-31,HistGBM,Unknown,135813,Unknown,0,5,0.001001001001001001,0.0,0.001001001001001001,1,1.0,0.0,Missing
2024-08-31,HistGBM,Unknown,120351,Unknown,0,5,0.001001001001001001,0.000995689289348608,0.001001001001001001,1,1.0,0.0,Missing
2024-08-31,HistGBM,Unknown,118267,Unknown,0,5,0.001001001001001001,0.000995689289348608,0.001001001001001001,1,1.0,0.0,Missing
2024-08-31,HistGBM,Unknown,119028,Unknown,0,5,0.001001001001001001,0.0,0.001001001001001001,1,1.0,0.0,Missing
2024-08-31,HistGBM,Unknown,119514,Unknown,0,5,0.001001001001001001,0.000995689289348608,0.001001001001001001,1,1.0,0.0,Missing
2024-08-31,HistGBM,Unknown,129212,Unknown,0,5,0.001001001001001001,0.0,0.001001001001001001,1,1.0,0.0,Missing
2024-08-31,HistGBM,Unknown,151750,Unknown,0,5,0.001001001001001001,0.0,0.001001001001001001,1,1.0,0.0,Missing
2024-08-31,HistGBM,Unknown,133801,Unknown,0,5,0.001001001001001001,0.000995689289348608,0.001001001001001001,1,1.0,0.0,Missing
2024-08-31,HistGBM,Unknown,150685,Unknown,0,5,0.001001001001001001,0.000995689289348608,0.001001001001001001,1,1.0,0.0,Missing
2024-08-31,HistGBM,Unknown,149993,Unknown,0,5,0.0022522522522522522,0.0022403009010343675,0.0022522522522522522,1,1.0,0.0,Missing
2024-08-31,HistGBM,Unknown,149279,Unknown,0,5,0.0022522522522522522,0.0022403009010343675,0.0022522522522522522,1,1.0,0.0,Missing
2024-08-31,HistGBM,Unknown,150627,Unknown,0,5,0.0022522522522522522,0.0022403009010343675,0.0022522522522522522,1,1.0,0.0,Missing
2024-08-31,HistGBM,Unknown,149307,Unknown,0,5,0.0022522522522522522,0.0022403009010343675,0.0022522522522522522,1,1.0,0.0,Missing
2024-08-31,HistGBM,Unknown,149129,Unknown,0,5,0.0022522522522522522,0.0022403009010343675,0.0022522522522522522,1,1.0,0.0,Missing
2024-08-31,HistGBM,Unknown,149195,Unknown,0,5,0.0022522522522522522,0.0,0.0022522522522522522,1,1.0,0.0,Missing
2024-08-31,HistGBM,Unknown,149460,Unknown,0,5,0.0022522522522522522,0.0022403009010343675,0.0022522522522522522,1,1.0,0.0,Missing
2024-08-31,HistGBM,Unknown,149431,Unknown,0,5,0.0022522522522522522,0.0022403009010343675,0.0022522522522522522,1,1.0,0.0,Missing
2024-08-31,HistGBM,Unknown,149345,Unknown,0,5,0.0022522522522522522,0.0022403009010343675,0.0022522522522522522,1,1.0,0.0,Missing
2024-08-31,HistGBM,Unknown,149878,Unknown,0,5,0.0022522522522522522,0.0022403009010343675,0.0022522522522522522,1,1.0,0.0,Missing
2024-08-31,HistGBM,Unknown,151708,Unknown,0,5,0.0022522522522522522,0.0022403009010343675,0.0022522522522522522,1,1.0,0.0,Missing
2024-08-31,HistGBM,Unknown,151620,Unknown,0,5,0.0022522522522522522,0.0022403009010343675,0.0022522522522522522,1,1.0,0.0,Missing
2024-08-31,HistGBM,Unknown,141642,Unknown,0,5,0.0045045045045045045,0.004671699976990874,0.004604604604604604,1,1.0222222222222221,0.022222222222222223,OK
2024-08-31,HistGBM,Unknown,149264,Unknown,0,5,0.0045045045045045045,0.004480601802068735,0.0045045045045045045,1,1.0,0.0,Missing
2024-08-31,HistGBM,Unknown,118615,Unknown,0,5,0.0045045045045045045,0.004480601802068735,0.0045045045045045045,1,1.0,0.0,Missing
2024-08-31,HistGBM,Unknown,139872,Unknown,0,5,0.0045045045045045045,0.0,0.0045045045045045045,1,1.0,0.0,Missing
2024-08-31,HistGBM,Unknown,118968,Unknown,0,5,0.0045045045045045045,0.004480601802068735,0.0045045045045045045,1,1.0,0.0,Missing
2024-08-31,HistGBM,Unknown,151713,Unknown,0,5,0.0045045045045045045,0.004480601802068735,0.0045045045045045045,1,1.0,0.0,Missing
2024-08-31,HistGBM,Unknown,150428,Unknown,0,5,0.000794912559618442,0.0008146548731034065,0.000794912559618442,1,1.0,0.0,Missing
2024-08-31,HistGBM,Unknown,150487,Unknown,0,5,0.000794912559618442,0.0,0.000794912559618442,1,1.0,0.0,Missing
2024-08-31,HistGBM,Unknown,149283,Unknown,0,5,0.000794912559618442,0.0008146548731034065,0.000794912559618442,1,1.0,0.0,Missing
2024-08-31,HistGBM,Unknown,150673,Unknown,0,5,0.000794912559618442,0.0008380155416737878,0.0008086512635096176,1,1.017283289495099,0.017283289495099052,OK
2024-08-31,HistGBM,Unknown,151762,Unknown,0,5,0.000794912559618442,0.0,0.000794912559618442,1,1.0,0.0,Missing
2024-08-31,HistGBM,Unknown,150677,Unknown,0,5,0.000794912559618442,0.0008461649779450146,0.0008041119347917515,1,1.0115728139680233,0.011572813968023437,OK
2024-08-31,HistGBM,Unknown,143341,Unknown,0,5,0.000794912559618442,0.0008146548731034065,0.000794912559618442,1,1.0,0.0,Missing
2024-08-31,HistGBM,Unknown,151764,Unknown,0,5,0.000794912559618442,0.0,0.000794912559618442,1,1.0,0.0,Missing
2024-08-31,HistGBM,Unknown,151911,Unknown,0,5,0.000794912559618442,0.0,0.000794912559618442,1,1.0,0.0,Missing
2024-08-31,HistGBM,Unknown,150313,Unknown,0,5,0.000794912559618442,0.0008146548731034065,0.000794912559618442,1,1.0,0.0,Missing
2024-08-31,HistGBM,Unknown,148519,Unknown,0,5,0.000794912559618442,0.0008146548731034065,0.000794912559618442,1,1.0,0.0,Missing
2024-08-31,HistGBM,Unknown,150643,Unknown,0,5,0.000794912559618442,0.0008146548731034065,0.000794912559618442,1,1.0,0.0,Missing
2024-08-31,HistGBM,Unknown,151814,Unknown,0,5,0.000794912559618442,0.0008146548731034065,0.000794912559618442,1,1.0,0.0,Missing
2024-08-31,HistGBM,Unknown,150639,Unknown,0,5,0.000794912559618442,0.0,0.000794912559618442,1,1.0,0.0,Missing
2024-08-31,HistGBM,Unknown,120684,Unknown,0,5,0.000794912559618442,0.0008146548731034065,0.000794912559618442,1,1.0,0.0,Missing
2024-08-31,HistGBM,Unknown,148721,Unknown,0,5,0.000794912559618442,0.0008146548731034065,0.000794912559618442,1,1.0,0.0,Missing
2024-08-31,HistGBM,Unknown,147796,Unknown,0,5,0.000794912559618442,0.0008146548731034065,0.000794912559618442,1,1.0,0.0,Missing
2024-08-31,HistGBM,Unknown,150892,Unknown,0,5,0.000794912559618442,0.0008146548731034065,0.000794912559618442,1,1.0,0.0,Missing
2024-08-31,HistGBM,Unknown,150930,Unknown,0,5,0.000794912559618442,0.0008146548731034065,0.000794912559618442,1,1.0,0.0,Missing
2024-08-31,HistGBM,Unknown,149107,Unknown,0,5,0.000794912559618442,0.0,0.000794912559618442,1,1.0,0.0,Missing
2024-08-31,HistGBM,Unknown,149389,Unknown,0,5,0.000794912559618442,0.0008146548731034065,0.000794912559618442,1,1.0,0.0,Missing
2024-08-31,HistGBM,Unknown,151160,Unknown,0,5,0.000794912559618442,0.0008146548731034065,0.000794912559618442,1,1.0,0.0,Missing
2024-08-31,HistGBM,Unknown,148745,Unknown,0,5,0.000794912559618442,0.0008146548731034065,0.000794912559618442,1,1.0,0.0,Missing
2024-08-31,HistGBM,Unknown,149483,Unknown,0,5,0.000794912559618442,0.0,0.000794912559618442,1,1.0,0.0,Missing
2024-08-31,HistGBM,Unknown,149870,Unknown,0,5,0.000794912559618442,0.0,0.000794912559618442,1,1.0,0.0,Missing
2024-08-31,HistGBM,Unknown,149936,Unknown,0,5,0.000794912559618442,0.0008333372994786476,0.0008070147013154326,1,1.015224494254814,0.015224494254814114,OK
2024-08-31,HistGBM,Unknown,148726,Unknown,0,5,0.000794912559618442,0.0008146548731034065,0.000794912559618442,1,1.0,0.0,Missing
2024-08-31,HistGBM,Unknown,151724,Unknown,0,5,0.000794912559618442,0.0008146548731034065,0.000794912559618442,1,1.0,0.0,Missing
2024-08-31,HistGBM,Unknown,149894,Unknown,0,5,0.000794912559618442,0.0008570083393442356,0.0007958239139707531,1,1.0011464837752073,0.0011464837752073439,OK
2024-08-31,HistGBM,Unknown,149892,Unknown,0,5,0.000794912559618442,0.0008146548731034065,0.000794912559618442,1,1.0,0.0,Missing
2024-08-31,HistGBM,Unknown,151727,Unknown,0,5,0.000794912559618442,0.0008146548731034065,0.000794912559618442,1,1.0,0.0,Missing
2024-08-31,HistGBM,Unknown,141877,Unknown,0,5,0.000794912559618442,0.0,0.000794912559618442,1,1.0,0.0,Missing
2024-08-31,HistGBM,Unknown,151649,Unknown,0,5,0.000794912559618442,0.0,0.000794912559618442,1,1.0,0.0,Missing
2024-08-31,HistGBM,Unknown,149343,Unknown,0,5,0.000794912559618442,0.0,0.000794912559618442,1,1.0,0.0,Missing
2024-08-31,HistGBM,Unknown,148972,Unknown,0,5,0.005405405405405406,0.005376722162482483,0.005405405405405406,1,1.0,0.0,Missing
2024-08-31,HistGBM,Unknown,118784,Unknown,0,5,0.005405405405405406,0.0,0.005405405405405406,1,1.0,0.0,Missing
2024-08-31,HistGBM,Unknown,149166,Unknown,0,5,0.005405405405405406,0.005646343994813437,0.005504385361964203,1,1.0183112919633774,0.01831129196337739,OK
2024-08-31,HistGBM,Unknown,119231,Unknown,0,5,0.005405405405405406,0.005376722162482483,0.005405405405405406,1,1.0,0.0,Missing
2024-08-31,HistGBM,Unknown,120486,Unknown,0,5,0.005405405405405406,0.005376722162482483,0.005405405405405406,1,1.0,0.0,Missing
2024-08-31,HistGBM,Unknown,150659,Unknown,0,5,0.005405405405405406,0.0067209027031031035,0.005405405405405406,1,1.0,0.0,Missing
2024-08-31,HistGBM,Unknown,119354,Unknown,0,5,0.005405405405405406,0.0,0.005405405405405406,1,1.0,0.0,Missing
2024-08-31,HistGBM,Unknown,147183,Unknown,0,5,0.005405405405405406,0.0,0.005405405405405406,1,1.0,0.0,Missing
2024-08-31,HistGBM,Unknown,151443,Unknown,0,5,0.005405405405405406,0.0,0.005405405405405406,1,1.0,0.0,Missing
2024-08-31,HistGBM,Unknown,149383,Unknown,0,5,0.005405405405405406,0.007115138428250838,0.0055915980566142035,1,1.0344456404736275,0.03444564047362759,OK
2024-08-31,HistGBM,Unknown,141588,Unknown,0,5,0.005405405405405406,0.005554995089569327,0.005454673045325745,1,1.0091145133852628,0.009114513385262745,OK
2024-08-31,HistGBM,Unknown,149361,Unknown,0,5,0.005405405405405406,0.005376722162482483,0.005405405405405406,1,1.0,0.0,Missing
2024-08-31,HistGBM,Unknown,118814,Unknown,0,5,0.005405405405405406,0.005376722162482483,0.005405405405405406,1,1.0,0.0,Missing
2024-08-31,HistGBM,Unknown,133791,Unknown,0,5,0.005405405405405406,0.005376722162482483,0.005405405405405406,1,1.0,0.0,Missing
2024-08-31,HistGBM,Unknown,118807,Unknown,0,5,0.005405405405405406,0.005376722162482483,0.005405405405405406,1,1.0,0.0,Missing
2024-08-31,HistGBM,Unknown,148500,Unknown,0,5,0.0018018018018018018,0.0017922407208274941,0.0018018018018018018,1,1.0,0.0,Missing
2024-08-31,HistGBM,Unknown,120700,Unknown,0,5,0.0018018018018018018,0.0017922407208274941,0.0018018018018018018,1,1.0,0.0,Missing
2024-08-31,HistGBM,Unknown,150344,Unknown,0,5,0.0018018018018018018,0.0017922407208274941,0.0018018018018018018,1,1.0,0.0,Missing
2024-08-31,HistGBM,Unknown,149158,Unknown,0,5,0.0018018018018018018,0.0,0.0018018018018018018,1,1.0,0.0,Missing
2024-08-31,HistGBM,Unknown,148642,Unknown,0,5,0.0018018018018018018,0.0017922407208274941,0.0018018018018018018,1,1.0,0.0,Missing
2024-08-31,HistGBM,Unknown,146513,Unknown,0,5,0.0018018018018018018,0.0017922407208274941,0.0018018018018018018,1,1.0,0.0,Missing
2024-08-31,HistGBM,Unknown,149790,Unknown,0,5,0.0018018018018018018,0.0017922407208274941,0.0018018018018018018,1,1.0,0.0,Missing
2024-08-31,HistGBM,Unknown,148035,Unknown,0,5,0.0018018018018018018,0.0017922407208274941,0.0018018018018018018,1,1.0,0.0,Missing
2024-08-31,HistGBM,Unknown,148574,Unknown,0,5,0.0018018018018018018,0.0,0.0018018018018018018,1,1.0,0.0,Missing
2024-08-31,HistGBM,Unknown,132186,Unknown,0,5,0.0018018018018018018,0.0017922407208274941,0.0018018018018018018,1,1.0,0.0,Missing
2024-08-31,HistGBM,Unknown,112039,Unknown,0,5,0.0018018018018018018,0.0017922407208274941,0.0018018018018018018,1,1.0,0.0,Missing
2024-08-31,HistGBM,Unknown,149331,Unknown,0,5,0.0018018018018018018,0.0017922407208274941,0.0018018018018018018,1,1.0,0.0,Missing
2024-08-31,HistGBM,Unknown,120242,Unknown,0,5,0.0018018018018018018,0.0017922407208274941,0.0018018018018018018,1,1.0,0.0,Missing
2024-08-31,HistGBM,Unknown,149847,Unknown,0,5,0.0018018018018018018,0.0018575970171730456,0.0018331541538292595,1,1.017400555375239,0.01740055537523894,OK
2024-08-31,HistGBM,Unknown,150688,Unknown,0,5,0.0018018018018018018,0.0017922407208274941,0.0018018018018018018,1,1.0,0.0,Missing
2024-08-31,HistGBM,Unknown,140613,Unknown,0,5,0.006756756756756757,0.0067209027031031035,0.006756756756756757,1,1.0,0.0,Missing
2024-08-31,HistGBM,Unknown,120398,Unknown,0,5,0.006756756756756757,0.0067209027031031035,0.006756756756756757,1,1.0,0.0,Missing
2024-08-31,HistGBM,Unknown,118840,Unknown,0,5,0.006756756756756757,0.0,0.006756756756756757,1,1.0,0.0,Missing
2024-08-31,HistGBM,Unknown,118942,Unknown,0,5,0.006756756756756757,0.0067209027031031035,0.006756756756756757,1,1.0,0.0,Missing
2024-08-31,HistGBM,Unknown,144315,Unknown,0,5,0.009009009009009009,0.0,0.009009009009009009,1,1.0,0.0,Missing
2024-08-31,HistGBM,Unknown,141950,Unknown,0,5,0.009009009009009009,0.00896120360413747,0.009009009009009009,1,1.0,0.0,Missing
2024-08-31,HistGBM,Unknown,136007,Unknown,0,5,0.009009009009009009,0.009450169368584997,0.009031890737062894,1,1.0025398718139813,0.0025398718139812305,OK
2024-08-31,HistGBM,Unknown,145810,Unknown,0,5,0.003861003861003861,0.0038405158303446304,0.003861003861003861,1,1.0,0.0,Missing
2024-08-31,HistGBM,Unknown,147564,Unknown,0,5,0.003861003861003861,0.0,0.0038815875594618797,1,1.0053311779006269,0.005331177900626772,OK
2024-08-31,HistGBM,Unknown,146980,Unknown,0,5,0.003861003861003861,0.0038405158303446304,0.003861003861003861,1,1.0,0.0,Missing
2024-08-31,HistGBM,Unknown,147951,Unknown,0,5,0.003861003861003861,0.0038405158303446304,0.003861003861003861,1,1.0,0.0,Missing
2024-08-31,HistGBM,Unknown,147736,Unknown,0,5,0.003861003861003861,0.0,0.003861003861003861,1,1.0,0.0,Missing
2024-08-31,HistGBM,Unknown,151190,Unknown,0,5,0.003861003861003861,0.0038405158303446304,0.003861003861003861,1,1.0,0.0,Missing
2024-08-31,HistGBM,Unknown,146191,Unknown,0,5,0.003861003861003861,0.0038405158303446304,0.003861003861003861,1,1.0,0.0,Missing
2024-08-31,HistGBM,Unknown,150159,Unknown,0,5,0.0033783783783783786,0.0,0.0033783783783783786,1,1.0,0.0,Missing
2024-08-31,HistGBM,Unknown,147541,Unknown,0,5,0.0033783783783783786,0.0033604513515515517,0.0033783783783783786,1,1.0,0.0,Missing
2024-08-31,HistGBM,Unknown,118803,Unknown,0,5,0.0033783783783783786,0.0033604513515515517,0.0033783783783783786,1,1.0,0.0,Missing
2024-08-31,HistGBM,Unknown,133386,Unknown,0,5,0.0033783783783783786,0.0033604513515515517,0.0033783783783783786,1,1.0,0.0,Missing
2024-08-31,HistGBM,Unknown,119351,Unknown,0,5,0.0033783783783783786,0.0,0.0033783783783783786,1,1.0,0.0,Missing
2024-08-31,HistGBM,Unknown,151078,Unknown,0,5,0.0033783783783783786,0.0033604513515515517,0.0033783783783783786,1,1.0,0.0,Missing
2024-08-31,HistGBM,Unknown,119242,Unknown,0,5,0.0033783783783783786,0.0033604513515515517,0.0033783783783783786,1,1.0,0.0,Missing
2024-08-31,HistGBM,Unknown,120494,Unknown,0,5,0.0033783783783783786,0.0033604513515515517,0.0033783783783783786,1,1.0,0.0,Missing
2024-08-31,HistGBM,Unknown,120711,Unknown,0,5,0.009009009009009009,0.00896120360413747,0.009009009009009009,1,1.0,0.0,Missing
2024-08-31,HistGBM,Unknown,134387,Unknown,0,5,0.009009009009009009,0.0,0.009009009009009009,1,1.0,0.0,Missing
2024-08-31,HistGBM,Unknown,130722,Unknown,0,5,0.009009009009009009,0.00896120360413747,0.009009009009009009,1,1.0,0.0,Missing
2024-08-31,HistGBM,Unknown,119735,Unknown,0,5,0.009009009009009009,0.00896120360413747,0.009009009009009009,1,1.0,0.0,Missing
2024-08-31,HistGBM,Unknown,118679,Unknown,0,5,0.009009009009009009,0.00896120360413747,0.009009009009009009,1,1.0,0.0,Missing
2024-08-31,HistGBM,Unknown,118687,Unknown,0,5,0.009009009009009009,0.00896120360413747,0.009009009009009009,1,1.0,0.0,Missing
2024-08-31,HistGBM,Unknown,119739,Unknown,0,5,0.005405405405405406,0.0,0.005405405405405406,1,1.0,0.0,Missing
2024-08-31,HistGBM,Unknown,120754,Unknown,0,5,0.005405405405405406,0.005376722162482483,0.005405405405405406,1,1.0,0.0,Missing
2024-08-31,HistGBM,Unknown,119498,Unknown,0,5,0.005405405405405406,0.005376722162482483,0.005405405405405406,1,1.0,0.0,Missing
2024-08-31,HistGBM,Unknown,119016,Unknown,0,5,0.005405405405405406,0.005376722162482483,0.005405405405405406,1,1.0,0.0,Missing
2024-08-31,HistGBM,Unknown,118407,Unknown,0,5,0.005405405405405406,0.0,0.005455314496167634,1,1.0092331817910123,0.009233181791012207,OK
2024-08-31,HistGBM,Unknown,119671,Unknown,0,5,0.005405405405405406,0.005569221115196079,0.0054895994929713985,1,1.0155759061997087,0.015575906199708759,OK
2024-08-31,HistGBM,Unknown,120084,Unknown,0,5,0.005405405405405406,0.005376722162482483,0.005405405405405406,1,1.0,0.0,Missing
2024-08-31,HistGBM,Unknown,144403,Unknown,0,5,0.005405405405405406,0.005376722162482483,0.005405405405405406,1,1.0,0.0,Missing
2024-08-31,HistGBM,Unknown,134494,Unknown,0,5,0.005405405405405406,0.005376722162482483,0.005405405405405406,1,1.0,0.0,Missing
2024-08-31,HistGBM,Unknown,119755,Unknown,0,5,0.005405405405405406,0.005376722162482483,0.005405405405405406,1,1.0,0.0,Missing
2024-08-31,HistGBM,Unknown,148481,Unknown,0,5,0.0045045045045045045,0.004480601802068735,0.0045045045045045045,1,1.0,0.0,Missing
2024-08-31,HistGBM,Unknown,151777,Unknown,0,5,0.0045045045045045045,0.004480601802068735,0.0045045045045045045,1,1.0,0.0,Missing
2024-08-31,HistGBM,Unknown,150264,Unknown,0,5,0.0045045045045045045,0.004480601802068735,0.0045045045045045045,1,1.0,0.0,Missing
2024-08-31,HistGBM,Unknown,118421,Unknown,0,5,0.0045045045045045045,0.0,0.004659922710652733,1,1.0345028417649067,0.03450284176490678,OK
2024-08-31,HistGBM,Unknown,119096,Unknown,0,5,0.0045045045045045045,0.0,0.0045045045045045045,1,1.0,0.0,Missing
2024-08-31,HistGBM,Unknown,120488,Unknown,0,5,0.0045045045045045045,0.004480601802068735,0.0045045045045045045,1,1.0,0.0,Missing
2024-08-31,HistGBM,Unknown,150187,Unknown,0,5,0.0045045045045045045,0.004480601802068735,0.0045045045045045045,1,1.0,0.0,Missing
2024-08-31,HistGBM,Unknown,120392,Unknown,0,5,0.0045045045045045045,0.004480601802068735,0.0045045045045045045,1,1.0,0.0,Missing
2024-08-31,HistGBM,Unknown,148353,Unknown,0,5,0.0045045045045045045,0.004480601802068735,0.0045045045045045045,1,1.0,0.0,Missing
2024-08-31,HistGBM,Unknown,118479,Unknown,0,5,0.0045045045045045045,0.0,0.004617856424091523,1,1.0251641261483182,0.025164126148318106,OK
2024-08-31,HistGBM,Unknown,120490,Unknown,0,5,0.0045045045045045045,0.004480601802068735,0.0045045045045045045,1,1.0,0.0,Missing
2024-08-31,HistGBM,Unknown,150797,Unknown,0,5,0.0045045045045045045,0.004480601802068735,0.0045045045045045045,1,1.0,0.0,Missing
2024-08-31,HistGBM,Unknown,150002,Unknown,0,5,0.0045045045045045045,0.004480601802068735,0.0045045045045045045,1,1.0,0.0,Missing
2024-08-31,HistGBM,Unknown,151493,Unknown,0,5,0.0045045045045045045,0.0,0.0045045045045045045,1,1.0,0.0,Missing
2024-08-31,HistGBM,Unknown,151565,Unknown,0,5,0.0045045045045045045,0.0,0.0045045045045045045,1,1.0,0.0,Missing
2024-08-31,HistGBM,Unknown,149190,Unknown,0,5,0.0045045045045045045,0.004480601802068735,0.0045045045045045045,1,1.0,0.0,Missing
2024-08-31,HistGBM,Unknown,149924,Unknown,0,5,0.0045045045045045045,0.0,0.0045045045045045045,1,1.0,0.0,Missing
2024-08-31,HistGBM,Unknown,149062,Unknown,0,5,0.0045045045045045045,0.004480601802068735,0.0045045045045045045,1,1.0,0.0,Missing
2024-08-31,HistGBM,Unknown,150387,Unknown,0,5,0.003861003861003861,0.0,0.003861003861003861,1,1.0,0.0,Missing
2024-08-31,HistGBM,Unknown,140353,Unknown,0,5,0.003861003861003861,0.0038405158303446304,0.003861003861003861,1,1.0,0.0,Missing
2024-08-31,HistGBM,Unknown,151796,Unknown,0,5,0.003861003861003861,0.0038405158303446304,0.003861003861003861,1,1.0,0.0,Missing
2024-08-31,HistGBM,Unknown,149763,Unknown,0,5,0.003861003861003861,0.0,0.003861003861003861,1,1.0,0.0,Missing
2024-08-31,HistGBM,Unknown,151379,Unknown,0,5,0.003861003861003861,0.0038405158303446304,0.003861003861003861,1,1.0,0.0,Missing
2024-08-31,HistGBM,Unknown,129046,Unknown,0,5,0.003861003861003861,0.0038405158303446304,0.003861003861003861,1,1.0,0.0,Missing
2024-08-31,HistGBM,Unknown,120492,Unknown,0,5,0.003861003861003861,0.0038405158303446304,0.003861003861003861,1,1.0,0.0,Missing
2024-08-31,HistGBM,Unknown,118419,Unknown,0,5,0.0045045045045045045,0.004741432129387459,0.004575164070713031,1,1.015686423698293,0.015686423698293067,OK
2024-08-31,HistGBM,Unknown,147704,Unknown,0,5,0.0045045045045045045,0.004480601802068735,0.0045045045045045045,1,1.0,0.0,Missing
2024-08-31,HistGBM,Unknown,120357,Unknown,0,5,0.0045045045045045045,0.004480601802068735,0.0045045045045045045,1,1.0,0.0,Missing
2024-08-31,HistGBM,Unknown,146772,Unknown,0,5,0.0045045045045045045,0.004480601802068735,0.0045045045045045045,1,1.0,0.0,Missing
2024-08-31,HistGBM,Unknown,119218,Unknown,0,5,0.0045045045045045045,0.004480601802068735,0.0045045045045045045,1,1.0,0.0,Missing
2024-08-31,HistGBM,Unknown,133710,Unknown,0,5,0.0045045045045045045,0.004480601802068735,0.0045045045045045045,1,1.0,0.0,Missing
2024-08-31,HistGBM,Unknown,140228,Unknown,0,5,0.0045045045045045045,0.004480601802068735,0.0045045045045045045,1,1.0,0.0,Missing
2024-08-31,HistGBM,Unknown,152002,Unknown,0,5,0.0045045045045045045,0.0,0.0045045045045045045,1,1.0,0.0,Missing
2024-08-31,HistGBM,Unknown,127042,Unknown,0,5,0.0045045045045045045,0.004480601802068735,0.0045045045045045045,1,1.0,0.0,Missing
2024-08-31,HistGBM,Unknown,148733,Unknown,0,5,0.0045045045045045045,0.004480601802068735,0.0045045045045045045,1,1.0,0.0,Missing
2024-08-31,HistGBM,Unknown,119581,Unknown,0,5,0.0045045045045045045,0.0,0.0045045045045045045,1,1.0,0.0,Missing
2024-08-31,HistGBM,Unknown,150815,Unknown,0,5,0.0045045045045045045,0.004480601802068735,0.0045045045045045045,1,1.0,0.0,Missing
2024-08-31,HistGBM,Unknown,140298,Unknown,0,5,0.005405405405405406,0.005376722162482483,0.005405405405405406,1,1.0,0.0,Missing
2024-08-31,HistGBM,Unknown,120520,Unknown,0,5,0.005405405405405406,0.005376722162482483,0.005405405405405406,1,1.0,0.0,Missing
2024-08-31,HistGBM,Unknown,138472,Unknown,0,5,0.005405405405405406,0.005376722162482483,0.005405405405405406,1,1.0,0.0,Missing
2024-08-31,HistGBM,Unknown,119605,Unknown,0,5,0.005405405405405406,0.005376722162482483,0.005405405405405406,1,1.0,0.0,Missing
2024-08-31,HistGBM,Unknown,120447,Unknown,0,5,0.005405405405405406,0.005576184258950041,0.0054941651257730114,1,1.016420548268007,0.01642054826800719,OK
2024-08-31,HistGBM,Unknown,119081,Unknown,0,5,0.009009009009009009,0.0,0.009009009009009009,1,1.0,0.0,Missing
2024-08-31,HistGBM,Unknown,151146,Unknown,0,5,0.009009009009009009,0.00896120360413747,0.009009009009009009,1,1.0,0.0,Missing
2024-08-31,HistGBM,Unknown,120475,Unknown,0,5,0.009009009009009009,0.009262871943153842,0.009095549849216187,1,1.0096060332629968,0.009606033262996824,OK
2024-08-31,HistGBM,Unknown,152004,Unknown,0,5,0.005405405405405406,0.0,0.005405405405405406,1,1.0,0.0,Missing
2024-08-31,HistGBM,Unknown,145678,Unknown,0,5,0.005405405405405406,0.0,0.005405405405405406,1,1.0,0.0,Missing
2024-08-31,HistGBM,Unknown,150915,Unknown,0,5,0.005405405405405406,0.005376722162482483,0.005405405405405406,1,1.0,0.0,Missing
2024-08-31,HistGBM,Unknown,147946,Unknown,0,5,0.005405405405405406,0.005865908321007472,0.0055676462426786965,1,1.0300145548955588,0.030014554895558855,OK
2024-08-31,HistGBM,Unknown,145137,Unknown,0,5,0.005405405405405406,0.0,0.005405405405405406,1,1.0,0.0,Missing
2024-08-31,HistGBM,Unknown,148457,Unknown,0,5,0.009009009009009009,0.00896120360413747,0.009009009009009009,1,1.0,0.0,Missing
2024-08-31,HistGBM,Unknown,120760,Unknown,0,5,0.009009009009009009,0.00896120360413747,0.009009009009009009,1,1.0,0.0,Missing
2024-08-31,HistGBM,Unknown,150865,Unknown,0,5,0.009009009009009009,0.00896120360413747,0.009009009009009009,1,1.0,0.0,Missing
2024-08-31,HistGBM,Unknown,120676,Unknown,0,5,0.005405405405405406,0.0,0.005405405405405406,1,1.0,0.0,Missing
2024-08-31,HistGBM,Unknown,143494,Unknown,0,5,0.005405405405405406,0.005376722162482483,0.005405405405405406,1,1.0,0.0,Missing
2024-08-31,HistGBM,Unknown,148529,Unknown,0,5,0.005405405405405406,0.005376722162482483,0.005405405405405406,1,1.0,0.0,Missing
2024-08-31,HistGBM,Unknown,119501,Unknown,0,5,0.005405405405405406,0.005376722162482483,0.005405405405405406,1,1.0,0.0,Missing
2024-08-31,HistGBM,Unknown,144754,Unknown,0,5,0.005405405405405406,0.005544049918254762,0.005440523885085104,1,1.0064969187407442,0.006496918740744291,OK
2024-08-31,HistGBM,Unknown,118508,Unknown,0,5,0.009009009009009009,0.00896120360413747,0.009009009009009009,1,1.0,0.0,Missing
2024-08-31,HistGBM,Unknown,120425,Unknown,0,5,0.009009009009009009,0.00896120360413747,0.009009009009009009,1,1.0,0.0,Missing
2024-08-31,HistGBM,Unknown,148771,Unknown,0,5,0.009009009009009009,0.0,0.009009009009009009,1,1.0,0.0,Missing
2024-08-31,HistGBM,Unknown,139538,Unknown,0,5,0.0033783783783783786,0.003464978567910765,0.0033983106926014904,1,1.005899965010041,0.005899965010041155,OK
2024-08-31,HistGBM,Unknown,151833,Unknown,0,5,0.0033783783783783786,0.0033604513515515517,0.0033783783783783786,1,1.0,0.0,Missing
2024-08-31,HistGBM,Unknown,119135,Unknown,0,5,0.0033783783783783786,0.0033604513515515517,0.0033783783783783786,1,1.0,0.0,Missing
2024-08-31,HistGBM,Unknown,120389,Unknown,0,5,0.0033783783783783786,0.0033604513515515517,0.0033783783783783786,1,1.0,0.0,Missing
2024-08-31,HistGBM,Unknown,119125,Unknown,0,5,0.0033783783783783786,0.0,0.0033783783783783786,1,1.0,0.0,Missing
2024-08-31,HistGBM,Unknown,118701,Unknown,0,5,0.0033783783783783786,0.0033604513515515517,0.0033783783783783786,1,1.0,0.0,Missing
2024-08-31,HistGBM,Unknown,118859,Unknown,0,5,0.0033783783783783786,0.0033604513515515517,0.0033783783783783786,1,1.0,0.0,Missing
2024-08-31,HistGBM,Unknown,120038,Unknown,0,5,0.0033783783783783786,0.0,0.0033783783783783786,1,1.0,0.0,Missing
2024-08-31,HistGBM,Unknown,120779,Unknown,0,5,0.006756756756756757,0.0067209027031031035,0.006756756756756757,1,1.0,0.0,Missing
2024-08-31,HistGBM,Unknown,148958,Unknown,0,5,0.006756756756756757,0.0067209027031031035,0.006756756756756757,1,1.0,0.0,Missing
2024-08-31,HistGBM,Unknown,120073,Unknown,0,5,0.006756756756756757,0.0067209027031031035,0.006756756756756757,1,1.0,0.0,Missing
2024-08-31,HistGBM,Unknown,119118,Unknown,0,5,0.006756756756756757,0.0067209027031031035,0.006756756756756757,1,1.0,0.0,Missing
2024-08-31,HistGBM,Unknown,133630,Unknown,0,5,0.0045045045045045045,0.004480601802068735,0.0045045045045045045,1,1.0,0.0,Missing
2024-08-31,HistGBM,Unknown,133568,Unknown,0,5,0.0045045045045045045,0.004480601802068735,0.0045045045045045045,1,1.0,0.0,Missing
2024-08-31,HistGBM,Unknown,119251,Unknown,0,5,0.0045045045045045045,0.004480601802068735,0.0045045045045045045,1,1.0,0.0,Missing
2024-08-31,HistGBM,Unknown,146575,Unknown,0,5,0.0045045045045045045,0.0,0.0045045045045045045,1,1.0,0.0,Missing
2024-08-31,HistGBM,Unknown,146721,Unknown,0,5,0.0045045045045045045,0.004480601802068735,0.0045045045045045045,1,1.0,0.0,Missing
2024-08-31,HistGBM,Unknown,136094,Unknown,0,5,0.0045045045045045045,0.0,0.0045045045045045045,1,1.0,0.0,Missing
2024-08-31,HistGBM,Unknown,118624,Unknown,0,5,0.0045045045045045045,0.0,0.0045045045045045045,1,1.0,0.0,Missing
2024-08-31,HistGBM,Unknown,133035,Unknown,0,5,0.0045045045045045045,0.004480601802068735,0.0045045045045045045,1,1.0,0.0,Missing
2024-08-31,HistGBM,Unknown,151122,Unknown,0,5,0.0045045045045045045,0.004480601802068735,0.0045045045045045045,1,1.0,0.0,Missing
2024-08-31,HistGBM,Unknown,143537,Unknown,0,5,0.0045045045045045045,0.004480601802068735,0.0045045045045045045,1,1.0,0.0,Missing
2024-08-31,HistGBM,Unknown,120484,Unknown,0,5,0.0045045045045045045,0.004480601802068735,0.0045045045045045045,1,1.0,0.0,Missing
2024-08-31,HistGBM,Unknown,147446,Unknown,0,5,0.0045045045045045045,0.004480601802068735,0.0045045045045045045,1,1.0,0.0,Missing
2024-08-31,HistGBM,Unknown,145693,Unknown,0,5,0.005405405405405406,0.0,0.005405405405405406,1,1.0,0.0,Missing
2024-08-31,HistGBM,Unknown,149679,Unknown,0,5,0.005405405405405406,0.005376722162482483,0.005405405405405406,1,1.0,0.0,Missing
2024-08-31,HistGBM,Unknown,135120,Unknown,0,5,0.005405405405405406,0.005587586039560129,0.00547914595041507,1,1.013642000826788,0.013642000826787858,OK
2024-08-31,HistGBM,Unknown,131373,Unknown,0,5,0.005405405405405406,0.005376722162482483,0.005405405405405406,1,1.0,0.0,Missing
2024-08-31,HistGBM,Unknown,146457,Unknown,0,5,0.005405405405405406,0.005376722162482483,0.005405405405405406,1,1.0,0.0,Missing
2024-08-31,HistGBM,Unknown,150251,Unknown,0,5,0.005405405405405406,0.005376722162482483,0.005405405405405406,1,1.0,0.0,Missing
2024-08-31,HistGBM,Unknown,120401,Unknown,0,5,0.005405405405405406,0.005376722162482483,0.005405405405405406,1,1.0,0.0,Missing
2024-08-31,HistGBM,Unknown,130206,Unknown,0,5,0.005405405405405406,0.005376722162482483,0.005405405405405406,1,1.0,0.0,Missing
2024-08-31,HistGBM,Unknown,148401,Unknown,0,5,0.005405405405405406,0.005376722162482483,0.005405405405405406,1,1.0,0.0,Missing
2024-08-31,HistGBM,Unknown,119771,Unknown,0,5,0.005405405405405406,0.005376722162482483,0.005405405405405406,1,1.0,0.0,Missing
2024-08-31,HistGBM,Unknown,149298,Unknown,0,5,0.002702702702702703,0.0,0.002702702702702703,1,1.0,0.0,Missing
2024-08-31,HistGBM,Unknown,119277,Unknown,0,5,0.002702702702702703,0.0,0.002702702702702703,1,1.0,0.0,Missing
2024-08-31,HistGBM,Unknown,148954,Unknown,0,5,0.002702702702702703,0.0,0.0027375366268467104,1,1.0128885519332829,0.012888551933282786,OK
2024-08-31,HistGBM,Unknown,132009,Unknown,0,5,0.002702702702702703,0.0026883610812412414,0.002702702702702703,1,1.0,0.0,Missing
2024-08-31,HistGBM,Unknown,148662,Unknown,0,5,0.002702702702702703,0.0026883610812412414,0.002702702702702703,1,1.0,0.0,Missing
2024-08-31,HistGBM,Unknown,149910,Unknown,0,5,0.002702702702702703,0.0026883610812412414,0.002702702702702703,1,1.0,0.0,Missing
2024-08-31,HistGBM,Unknown,149830,Unknown,0,5,0.002702702702702703,0.0026883610812412414,0.002702702702702703,1,1.0,0.0,Missing
2024-08-31,HistGBM,Unknown,149961,Unknown,0,5,0.002702702702702703,0.0026883610812412414,0.002702702702702703,1,1.0,0.0,Missing
2024-08-31,HistGBM,Unknown,149098,Unknown,0,5,0.002702702702702703,0.002846490049187068,0.0027492592847791633,1,1.0172259353682904,0.017225935368290497,OK
2024-08-31,HistGBM,Unknown,148760,Unknown,0,5,0.002702702702702703,0.0027763320933607023,0.002718050110975422,1,1.0056785410609062,0.005678541060906144,OK
2024-08-31,HistGBM,Unknown,128629,Unknown,0,5,0.005405405405405406,0.005376722162482483,0.005405405405405406,1,1.0,0.0,Missing
2024-08-31,HistGBM,Unknown,134547,Unknown,0,5,0.005405405405405406,0.0,0.005405405405405406,1,1.0,0.0,Missing
2024-08-31,HistGBM,Unknown,134552,Unknown,0,5,0.005405405405405406,0.0,0.005405405405405406,1,1.0,0.0,Missing
2024-08-31,HistGBM,Unknown,123693,Unknown,0,5,0.005405405405405406,0.005376722162482483,0.005405405405405406,1,1.0,0.0,Missing
2024-08-31,HistGBM,Unknown,120444,Unknown,0,5,0.005405405405405406,0.005376722162482483,0.005405405405405406,1,1.0,0.0,Missing
2024-08-31,HistGBM,Unknown,147567,Unknown,0,5,0.005405405405405406,0.005544139872791603,0.005440720440779919,1,1.006533281544285,0.006533281544284991,OK
2024-08-31,HistGBM,Unknown,119511,Unknown,0,5,0.005405405405405406,0.005376722162482483,0.005405405405405406,1,1.0,0.0,Missing
2024-08-31,HistGBM,Unknown,118715,Unknown,0,5,0.005405405405405406,0.0,0.005405405405405406,1,1.0,0.0,Missing
2024-08-31,HistGBM,Unknown,149112,Unknown,0,5,0.005405405405405406,0.0,0.005405405405405406,1,1.0,0.0,Missing
2024-08-31,HistGBM,Unknown,119424,Unknown,0,5,0.005405405405405406,0.005376722162482483,0.005405405405405406,1,1.0,0.0,Missing
2024-09-30,HistGBM,Unknown,146721,Unknown,0,5,0.0045045045045045045,0.004486930390841273,0.0042966042966042966,1,0.9538461538461539,-0.04615384615384612,OK
2024-09-30,HistGBM,Unknown,147826,Unknown,0,5,0.0045045045045045045,0.0,0.0042941459645545865,1,0.9533004041311182,-0.046699595868881866,OK
2024-09-30,HistGBM,Unknown,146575,Unknown,0,5,0.0045045045045045045,0.004486930390841273,0.004285905927455981,1,0.9514711158952278,-0.04852888410477219,OK
2024-09-30,HistGBM,Unknown,133568,Unknown,0,5,0.0045045045045045045,0.004486930390841273,0.004247948080274221,1,0.9430444738208771,-0.056955526179122876,OK
2024-09-30,HistGBM,Unknown,133630,Unknown,0,5,0.0045045045045045045,0.004486930390841273,0.004247948080274221,1,0.9430444738208771,-0.056955526179122876,OK
2024-09-30,HistGBM,Unknown,119251,Unknown,0,5,0.0045045045045045045,0.004486930390841273,0.0043064173700962365,1,0.9560246561613646,-0.04397534383863545,OK
2024-09-30,HistGBM,Unknown,148401,Unknown,0,5,0.005405405405405406,0.005384316469009528,0.005443882555897575,1,1.0071182728410513,0.007118272841051259,OK
2024-09-30,HistGBM,Unknown,119771,Unknown,0,5,0.005405405405405406,0.005384316469009528,0.0054442679279460265,1,1.0071895666700148,0.007189566670014708,OK
2024-09-30,HistGBM,Unknown,130206,Unknown,0,5,0.005405405405405406,0.005384316469009528,0.005443110628665156,1,1.0069754663030537,0.00697546630305375,OK
2024-09-30,HistGBM,Unknown,120401,Unknown,0,5,0.005405405405405406,0.005384316469009528,0.00544340442004936,1,1.0070298177091315,0.007029817709131556,OK
2024-09-30,HistGBM,Unknown,150251,Unknown,0,5,0.005405405405405406,0.005384316469009528,0.005437989560964654,1,1.0060280687784608,0.0060280687784607925,OK
2024-09-30,HistGBM,Unknown,148500,Unknown,0,5,0.0018018018018018018,0.0017947721563365093,0.0016816816816816818,1,0.9333333333333333,-0.06666666666666665,OK
2024-09-30,HistGBM,Unknown,148822,Unknown,0,5,0.0018018018018018018,0.0,0.0016579124463832196,1,0.9201414077426868,-0.07985859225731315,OK
2024-09-30,HistGBM,Unknown,147648,Unknown,0,5,0.0018018018018018018,0.0,0.0017030202262669418,1,0.9451762255781527,-0.054823774421847285,OK
2024-09-30,HistGBM,Unknown,148035,Unknown,0,5,0.0018018018018018018,0.0017947721563365093,0.001709856783153175,1,0.948970514650012,-0.05102948534998798,OK
2024-09-30,HistGBM,Unknown,146513,Unknown,0,5,0.0018018018018018018,0.0017947721563365093,0.0016374976339930466,1,0.9088111868661408,-0.09118881313385918,OK
2024-09-30,HistGBM,Unknown,148642,Unknown,0,5,0.0018018018018018018,0.0017947721563365093,0.0016908052949342971,1,0.9383969386885349,-0.06160306131146514,OK
2024-09-30,HistGBM,Unknown,150688,Unknown,0,5,0.0018018018018018018,0.0017947721563365093,0.0017303462893760724,1,0.9603421906037202,-0.03965780939627983,OK
2024-09-30,HistGBM,Unknown,149158,Unknown,0,5,0.0018018018018018018,0.0017947721563365093,0.0016522616100957234,1,0.9170051936031265,-0.08299480639687357,OK
2024-09-30,HistGBM,Unknown,149847,Unknown,0,5,0.0018018018018018018,0.0018630905528914407,0.0016571948301916577,1,0.91974313075637,-0.08025686924362993,OK
2024-09-30,HistGBM,Unknown,120242,Unknown,0,5,0.0018018018018018018,0.0017947721563365093,0.0017024570457569801,1,0.9448636603951239,-0.05513633960487604,OK
2024-09-30,HistGBM,Unknown,132186,Unknown,0,5,0.0018018018018018018,0.0017947721563365093,0.0017194548685144394,1,0.9542974520255139,-0.04570254797448618,OK
2024-09-30,HistGBM,Unknown,149331,Unknown,0,5,0.0018018018018018018,0.0017947721563365093,0.0016845193182226479,1,0.9349082216135696,-0.06509177838643038,OK
2024-09-30,HistGBM,Unknown,112039,Unknown,0,5,0.0018018018018018018,0.0017947721563365093,0.0017016695395507962,1,0.9444265944506919,-0.0555734055493081,OK
2024-09-30,HistGBM,Unknown,150344,Unknown,0,5,0.0018018018018018018,0.0017947721563365093,0.001710066321780723,1,0.9490868085883013,-0.050913191411698665,OK
2024-09-30,HistGBM,Unknown,120700,Unknown,0,5,0.0018018018018018018,0.0017947721563365093,0.0017505573286292896,1,0.9715593173892557,-0.028440682610744266,OK
2024-09-30,HistGBM,Unknown,118469,Unknown,0,5,0.0009319664492078286,0.001020913176976023,0.0008669448672758966,1,0.9302318425870371,-0.06976815741296293,OK
2024-09-30,HistGBM,Unknown,148564,Unknown,0,5,0.0009319664492078286,0.0,0.0008675364186268653,1,0.9308665771866264,-0.0691334228133736,OK
2024-09-30,HistGBM,Unknown,118763,Unknown,0,5,0.0009319664492078286,0.0009970956424091718,0.0008645244352011983,1,0.9276347189708857,-0.0723652810291143,OK
2024-09-30,HistGBM,Unknown,118762,Unknown,0,5,0.0009319664492078286,0.0009970956424091718,0.0008645244352011983,1,0.9276347189708857,-0.0723652810291143,OK
2024-09-30,HistGBM,Unknown,118557,Unknown,0,5,0.0009319664492078286,0.0009970956424091718,0.0008998105857945764,1,0.9654967585575804,-0.03450324144241952,OK
2024-09-30,HistGBM,Unknown,118539,Unknown,0,5,0.0009319664492078286,0.0009970956424091718,0.0008936613052214498,1,0.9588985805026156,-0.04110141949738439,OK
2024-09-30,HistGBM,Unknown,118267,Unknown,0,5,0.0009319664492078286,0.0009970956424091718,0.0008765241070141253,1,0.9405103668261563,-0.05948963317384369,OK
2024-09-30,HistGBM,Unknown,150685,Unknown,0,5,0.0009319664492078286,0.0009970956424091718,0.0008373136067101584,1,0.8984374999999999,-0.10156250000000008,OK
2024-09-30,HistGBM,Unknown,150716,Unknown,0,5,0.0009319664492078286,0.0,0.0008407932549004886,1,0.9021711625082242,-0.09782883749177589,OK
2024-09-30,HistGBM,Unknown,119028,Unknown,0,5,0.0009319664492078286,0.0009970956424091718,0.000854409677385249,1,0.9167815838343721,-0.08321841616562788,OK
2024-09-30,HistGBM,Unknown,119364,Unknown,0,5,0.0009319664492078286,0.0009970956424091718,0.0008753209297543208,1,0.9392193576263861,-0.06078064237361389,OK
2024-09-30,HistGBM,Unknown,149318,Unknown,0,5,0.0009319664492078286,0.0009970956424091718,0.0008472321995901617,1,0.9090801501602435,-0.09091984983975651,OK
2024-09-30,HistGBM,Unknown,151142,Unknown,0,5,0.0009319664492078286,0.0,0.0009100123016893869,1,0.976443199712712,-0.023556800287288064,OK
2024-09-30,HistGBM,Unknown,151040,Unknown,0,5,0.0009319664492078286,0.0,0.0008860580947916439,1,0.9507403357114339,-0.04925966428856605,OK
2024-09-30,HistGBM,Unknown,120351,Unknown,0,5,0.0009319664492078286,0.0009970956424091718,0.0009028352577168659,1,0.968742231530197,-0.03125776846980298,OK
2024-09-30,HistGBM,Unknown,120395,Unknown,0,5,0.0009319664492078286,0.0,0.0008767204055698422,1,0.9407209951764407,-0.0592790048235593,OK
2024-09-30,HistGBM,Unknown,129212,Unknown,0,5,0.0009319664492078286,0.0009970956424091718,0.0008857516905340013,1,0.9504115639429833,-0.049588436057016655,OK
2024-09-30,HistGBM,Unknown,133801,Unknown,0,5,0.0009319664492078286,0.0009970956424091718,0.0008663018619308081,1,0.929541897851757,-0.07045810214824297,OK
2024-09-30,HistGBM,Unknown,133516,Unknown,0,5,0.0009319664492078286,0.0,0.0008796883836428284,1,0.9439056356487548,-0.0560943643512451,OK
2024-09-30,HistGBM,Unknown,120405,Unknown,0,5,0.0009319664492078286,0.0009970956424091718,0.000876283997881094,1,0.9402527297264138,-0.05974727027358612,OK
2024-09-30,HistGBM,Unknown,152045,Unknown,0,5,0.0009319664492078286,0.0,0.0008678755141640112,1,0.931230426697984,-0.06876957330201604,OK
2024-09-30,HistGBM,Unknown,119247,Unknown,0,5,0.0009319664492078286,0.0009970956424091718,0.0008805669265880582,1,0.9448483122289864,-0.055151687771013605,OK
2024-09-30,HistGBM,Unknown,118879,Unknown,0,5,0.0009319664492078286,0.0009970956424091718,0.0008640409035285981,1,0.9271158894861857,-0.07288411051381422,OK
2024-09-30,HistGBM,Unknown,151916,Unknown,0,5,0.0009319664492078286,0.0009970956424091718,0.0008754381262213551,1,0.9393451094355139,-0.060654890564486086,OK
2024-09-30,HistGBM,Unknown,151853,Unknown,0,5,0.0009319664492078286,0.0009970956424091718,0.0008926162689468439,1,0.9577772565799634,-0.04222274342003666,OK
2024-09-30,HistGBM,Unknown,151901,Unknown,0,5,0.0009319664492078286,0.0009970956424091718,0.0008331132977628463,1,0.893930568499534,-0.10606943150046597,OK
2024-09-30,HistGBM,Unknown,119243,Unknown,0,5,0.0009319664492078286,0.0009970956424091718,0.0008729521614464884,1,0.936677669232082,-0.063322330767918,OK
2024-09-30,HistGBM,Unknown,151750,Unknown,0,5,0.0009319664492078286,0.0009970956424091718,0.0009073391581626306,1,0.9735749167085026,-0.02642508329149745,OK
2024-09-30,HistGBM,Unknown,151757,Unknown,0,5,0.0009319664492078286,0.0009970956424091718,0.0008602646252885128,1,0.9230639429345742,-0.07693605706542582,OK
2024-09-30,HistGBM,Unknown,149190,Unknown,0,5,0.0045045045045045045,0.004486930390841273,0.00453109998368455,1,1.00590419637797,0.005904196377969986,OK
2024-09-30,HistGBM,Unknown,151493,Unknown,0,5,0.0045045045045045045,0.004486930390841273,0.004531618935697967,1,1.0060194037249488,0.006019403724948782,OK
2024-09-30,HistGBM,Unknown,151565,Unknown,0,5,0.0045045045045045045,0.004486930390841273,0.004528506550105979,1,1.0053284541235272,0.005328454123527259,OK
2024-09-30,HistGBM,Unknown,150002,Unknown,0,5,0.0045045045045045045,0.004486930390841273,0.004526118839007637,1,1.0047983822596953,0.004798382259695231,OK
2024-09-30,HistGBM,Unknown,149924,Unknown,0,5,0.0045045045045045045,0.004486930390841273,0.004529167219750179,1,1.0054751227845398,0.00547512278453981,OK
2024-09-30,HistGBM,Unknown,150316,Unknown,0,5,0.0045045045045045045,0.0,0.004525286443099361,1,1.0046135903680582,0.004613590368058239,OK
2024-09-30,HistGBM,Unknown,147736,Unknown,0,5,0.003861003861003861,0.0038459403350068057,0.003881831601349456,1,1.005394384749509,0.0053943847495091166,OK
2024-09-30,HistGBM,Unknown,147951,Unknown,0,5,0.003861003861003861,0.0038459403350068057,0.003861003861003861,1,1.0,0.0,Missing
2024-09-30,HistGBM,Unknown,146191,Unknown,0,5,0.003861003861003861,0.0038459403350068057,0.00388177720139301,1,1.0053802951607895,0.005380295160789455,OK
2024-09-30,HistGBM,Unknown,145810,Unknown,0,5,0.003861003861003861,0.0038459403350068057,0.0038818086914360773,1,1.005388451081944,0.005388451081944045,OK
2024-09-30,HistGBM,Unknown,147883,Unknown,0,5,0.003861003861003861,0.0,0.003881746718293282,1,1.00537240003796,0.0053724000379600295,OK
2024-09-30,HistGBM,Unknown,146980,Unknown,0,5,0.003861003861003861,0.0038459403350068057,0.0038818304385673614,1,1.0053940835889466,0.005394083588946623,OK
2024-09-30,HistGBM,Unknown,151190,Unknown,0,5,0.003861003861003861,0.0038459403350068057,0.0038827977876606475,1,1.0056446270041077,0.005644627004107618,OK
2024-09-30,HistGBM,Unknown,146974,Unknown,0,5,0.0022522522522522522,0.0,0.0022618117864609153,1,1.0042444331886464,0.004244433188646478,OK
2024-09-30,HistGBM,Unknown,151620,Unknown,0,5,0.0022522522522522522,0.0022434651954206363,0.0022702108099696815,1,1.0079735996265387,0.007973599626538756,OK
2024-09-30,HistGBM,Unknown,150627,Unknown,0,5,0.0022522522522522522,0.0022434651954206363,0.002263721220752404,1,1.0050922220140674,0.005092222014067558,OK
2024-09-30,HistGBM,Unknown,151674,Unknown,0,5,0.0022522522522522522,0.0,0.002264456743456681,1,1.0054187940947663,0.0054187940947663825,OK
2024-09-30,HistGBM,Unknown,149129,Unknown,0,5,0.0022522522522522522,0.0022434651954206363,0.00226622911184705,1,1.0062057256600903,0.0062057256600902555,OK
2024-09-30,HistGBM,Unknown,149307,Unknown,0,5,0.0022522522522522522,0.0022434651954206363,0.002265780384567872,1,1.0060064907481352,0.006006490748135221,OK
2024-09-30,HistGBM,Unknown,149431,Unknown,0,5,0.0022522522522522522,0.0022434651954206363,0.0022653020724504396,1,1.0057941201679952,0.005794120167995247,OK
2024-09-30,HistGBM,Unknown,149345,Unknown,0,5,0.0022522522522522522,0.0022434651954206363,0.002265751307970295,1,1.005993580738811,0.0059935807388109335,OK
2024-09-30,HistGBM,Unknown,149460,Unknown,0,5,0.0022522522522522522,0.0022434651954206363,0.002265291859340744,1,1.0057895855472903,0.005789585547290216,OK
2024-09-30,HistGBM,Unknown,149993,Unknown,0,5,0.0022522522522522522,0.0022434651954206363,0.002264130123251104,1,1.00527377472349,0.0052737747234901005,OK
2024-09-30,HistGBM,Unknown,151708,Unknown,0,5,0.0022522522522522522,0.0022434651954206363,0.0022717469651121354,1,1.008655652509788,0.00865565250978803,OK
2024-09-30,HistGBM,Unknown,149878,Unknown,0,5,0.0022522522522522522,0.0022434651954206363,0.0022652874605235958,1,1.0057876324724766,0.005787632472476507,OK
2024-09-30,HistGBM,Unknown,118814,Unknown,0,5,0.005405405405405406,0.005384316469009528,0.005433058943589944,1,1.0051159045641396,0.00511590456413951,OK
2024-09-30,HistGBM,Unknown,141588,Unknown,0,5,0.005405405405405406,0.005543750807115441,0.005431239522874545,1,1.0047793117317907,0.004779311731790703,OK
2024-09-30,HistGBM,Unknown,118807,Unknown,0,5,0.005405405405405406,0.005384316469009528,0.005433075413606303,1,1.005118951517166,0.005118951517165936,OK
2024-09-30,HistGBM,Unknown,149361,Unknown,0,5,0.005405405405405406,0.005384316469009528,0.005434010736108992,1,1.0052919861801635,0.005291986180163419,OK
2024-09-30,HistGBM,Unknown,150237,Unknown,0,5,0.005405405405405406,0.0,0.005431827896894181,1,1.0048881609254234,0.0048881609254234635,OK
2024-09-30,HistGBM,Unknown,148745,Unknown,0,5,0.000794912559618442,0.0007918112454425776,0.0007210200927412126,1,0.9070432766684453,-0.09295672333155464,OK
2024-09-30,HistGBM,Unknown,143341,Unknown,0,5,0.000794912559618442,0.0007918112454425776,0.000720826094133941,1,0.9067992264204978,-0.09320077357950224,OK
2024-09-30,HistGBM,Unknown,146381,Unknown,0,5,0.000794912559618442,0.0,0.0007209469756036407,1,0.9069512953093799,-0.09304870469062006,OK
2024-09-30,HistGBM,Unknown,148519,Unknown,0,5,0.000794912559618442,0.0007918112454425776,0.0007662381112134978,1,0.9639275439065801,-0.03607245609341989,OK
2024-09-30,HistGBM,Unknown,148726,Unknown,0,5,0.000794912559618442,0.0007918112454425776,0.0007433343345031935,1,0.9351145928050174,-0.06488540719498258,OK
2024-09-30,HistGBM,Unknown,150738,Unknown,0,5,0.000794912559618442,0.0,0.0007470383577881514,1,0.9397742540974945,-0.06022574590250553,OK
2024-09-30,HistGBM,Unknown,150677,Unknown,0,5,0.000794912559618442,0.000817243517708717,0.0007662795154837396,1,0.9639796304785443,-0.03602036952145573,OK
2024-09-30,HistGBM,Unknown,150673,Unknown,0,5,0.000794912559618442,0.0008218569761203071,0.0007435867214465,1,0.935432095579697,-0.064567904420303,OK
2024-09-30,HistGBM,Unknown,150643,Unknown,0,5,0.000794912559618442,0.0007918112454425776,0.0006915819087672452,1,0.8700100412291945,-0.1299899587708055,OK
2024-09-30,HistGBM,Unknown,150902,Unknown,0,5,0.000794912559618442,0.0,0.0007471396314314391,1,0.9399016563407503,-0.06009834365924973,OK
2024-09-30,HistGBM,Unknown,150930,Unknown,0,5,0.000794912559618442,0.0007918112454425776,0.000775451998751443,1,0.9755186144293153,-0.024481385570684636,OK
2024-09-30,HistGBM,Unknown,150899,Unknown,0,5,0.000794912559618442,0.0,0.0007211132083032927,1,0.9071604160455422,-0.09283958395445781,OK
2024-09-30,HistGBM,Unknown,150892,Unknown,0,5,0.000794912559618442,0.0007918112454425776,0.0007663504348999603,1,0.96406884710415,-0.03593115289585004,OK
2024-09-30,HistGBM,Unknown,149343,Unknown,0,5,0.000794912559618442,0.0007918112454425776,0.0007424880558581405,1,0.9340499742695407,-0.06595002573045922,OK
2024-09-30,HistGBM,Unknown,149389,Unknown,0,5,0.000794912559618442,0.0007918112454425776,0.0007436370367000787,1,0.935495392168699,-0.06450460783130102,OK
2024-09-30,HistGBM,Unknown,149283,Unknown,0,5,0.000794912559618442,0.0007918112454425776,0.0007662288897109737,1,0.9639159432564048,-0.03608405674359514,OK
2024-09-30,HistGBM,Unknown,149288,Unknown,0,5,0.000794912559618442,0.0,0.0007208714824986354,1,0.9068563249832833,-0.09314367501671673,OK
2024-09-30,HistGBM,Unknown,149483,Unknown,0,5,0.000794912559618442,0.0007918112454425776,0.0007296717960610486,1,0.917927119444799,-0.08207288055520104,OK
2024-09-30,HistGBM,Unknown,149254,Unknown,0,5,0.000794912559618442,0.0,0.0007278301644372762,1,0.9156103468620934,-0.08438965313790654,OK
2024-09-30,HistGBM,Unknown,150468,Unknown,0,5,0.000794912559618442,0.0,0.0007698378505467852,1,0.9684560159878558,-0.031543984012144165,OK
2024-09-30,HistGBM,Unknown,148945,Unknown,0,5,0.000794912559618442,0.0,0.0007208176406613562,1,0.906788591951986,-0.093211408048014,OK
2024-09-30,HistGBM,Unknown,149894,Unknown,0,5,0.000794912559618442,0.0008088201490239206,0.0007759911015829035,1,0.9761968057912925,-0.02380319420870749,OK
2024-09-30,HistGBM,Unknown,150487,Unknown,0,5,0.000794912559618442,0.0007918112454425776,0.0007274698190117613,1,0.9151570323167957,-0.0848429676832043,OK
2024-09-30,HistGBM,Unknown,149892,Unknown,0,5,0.000794912559618442,0.0007918112454425776,0.0007437814486016314,1,0.9356770623408522,-0.06432293765914773,OK
2024-09-30,HistGBM,Unknown,152041,Unknown,0,5,0.000794912559618442,0.0,0.0007698030304479543,1,0.9684122123035265,-0.0315877876964735,OK
2024-09-30,HistGBM,Unknown,120684,Unknown,0,5,0.000794912559618442,0.0007918112454425776,0.0007208722480550612,1,0.9068572880532669,-0.0931427119467331,OK
2024-09-30,HistGBM,Unknown,152039,Unknown,0,5,0.000794912559618442,0.0,0.00072978961532919,1,0.9180753360841208,-0.08192466391587913,OK
2024-09-30,HistGBM,Unknown,150428,Unknown,0,5,0.000794912559618442,0.0007918112454425776,0.0007550350696657927,1,0.9498341176395672,-0.050165882360432804,OK
2024-09-30,HistGBM,Unknown,149936,Unknown,0,5,0.000794912559618442,0.0008201936879801165,0.0007317906268156061,1,0.9205926085340325,-0.07940739146596756,OK
2024-09-30,HistGBM,Unknown,151727,Unknown,0,5,0.000794912559618442,0.0007918112454425776,0.0007663753451033437,1,0.9641001841400063,-0.035899815859993724,OK
2024-09-30,HistGBM,Unknown,149870,Unknown,0,5,0.000794912559618442,0.0007918112454425776,0.0007278505763598701,1,0.9156360250607166,-0.08436397493928334,OK
2024-09-30,HistGBM,Unknown,150313,Unknown,0,5,0.000794912559618442,0.0007918112454425776,0.0007549917444399774,1,0.9497796145054915,-0.05022038549450848,OK
2024-09-30,HistGBM,Unknown,151764,Unknown,0,5,0.000794912559618442,0.0007918112454425776,0.0007298446695428178,1,0.9181445942848647,-0.08185540571513529,OK
2024-09-30,HistGBM,Unknown,151724,Unknown,0,5,0.000794912559618442,0.0007918112454425776,0.0007436501425998717,1,0.9355118793906385,-0.06448812060936145,OK
2024-09-30,HistGBM,Unknown,148662,Unknown,0,5,0.002702702702702703,0.002692158234504764,0.002702702702702703,1,1.0,0.0,Missing
2024-09-30,HistGBM,Unknown,148760,Unknown,0,5,0.002702702702702703,0.002762437339743497,0.0026759844062306045,1,0.9901142303053236,-0.009885769694676414,OK
2024-09-30,HistGBM,Unknown,118551,Unknown,0,5,0.002702702702702703,0.0,0.002675486398809803,1,0.989929967559627,-0.010070032440372915,OK
2024-09-30,HistGBM,Unknown,148646,Unknown,0,5,0.002702702702702703,0.0,0.002702702702702703,1,1.0,0.0,Missing
2024-09-30,HistGBM,Unknown,150751,Unknown,0,5,0.002702702702702703,0.0,0.0027081364845242878,1,1.0020104992739864,0.0020104992739864496,OK
2024-09-30,HistGBM,Unknown,150597,Unknown,0,5,0.002702702702702703,0.0,0.002668096091514606,1,0.9871955538604041,-0.012804446139595868,OK
2024-09-30,HistGBM,Unknown,149298,Unknown,0,5,0.002702702702702703,0.002692158234504764,0.0026052437661936347,1,0.9639401934916448,-0.03605980650835518,OK
2024-09-30,HistGBM,Unknown,149910,Unknown,0,5,0.002702702702702703,0.002692158234504764,0.0026882446312902993,1,0.9946505135774106,-0.005349486422589381,OK
2024-09-30,HistGBM,Unknown,149961,Unknown,0,5,0.002702702702702703,0.002692158234504764,0.002702702702702703,1,1.0,0.0,Missing
2024-09-30,HistGBM,Unknown,119277,Unknown,0,5,0.002702702702702703,0.002692158234504764,0.002756680019288803,1,1.019971607136857,0.01997160713685697,OK
2024-09-30,HistGBM,Unknown,134494,Unknown,0,5,0.005405405405405406,0.005384316469009528,0.0053959825315623745,1,0.9982567683390393,-0.0017432316609607053,OK
2024-09-30,HistGBM,Unknown,120084,Unknown,0,5,0.005405405405405406,0.005384316469009528,0.005406755684009928,1,1.0002498015418366,0.0002498015418365517,OK
2024-09-30,HistGBM,Unknown,119239,Unknown,0,5,0.005405405405405406,0.0,0.00539169470635261,1,0.9974635206752328,-0.002536479324767202,OK
2024-09-30,HistGBM,Unknown,119671,Unknown,0,5,0.005405405405405406,0.0055792476225462375,0.005397291390235986,1,0.9984989071936573,-0.001501092806342711,OK
2024-09-30,HistGBM,Unknown,119755,Unknown,0,5,0.005405405405405406,0.005384316469009528,0.005402821227548392,1,0.9995219270964525,-0.0004780729035474882,OK
2024-09-30,HistGBM,Unknown,118624,Unknown,0,5,0.0045045045045045045,0.004486930390841273,0.004293723946903138,1,0.9532067162124966,-0.046793283787503324,OK
2024-09-30,HistGBM,Unknown,147446,Unknown,0,5,0.0045045045045045045,0.004486930390841273,0.004310503113976042,1,0.9569316913026814,-0.043068308697318564,OK
2024-09-30,HistGBM,Unknown,143537,Unknown,0,5,0.0045045045045045045,0.004486930390841273,0.004367063214388928,1,0.969488033594342,-0.030511966405657974,OK
2024-09-30,HistGBM,Unknown,120484,Unknown,0,5,0.0045045045045045045,0.004486930390841273,0.004367556553303661,1,0.9695975548334127,-0.030402445166587282,OK
2024-09-30,HistGBM,Unknown,133035,Unknown,0,5,0.0045045045045045045,0.004486930390841273,0.004328240749965989,1,0.9608694464924497,-0.039130553507550306,OK
2024-09-30,HistGBM,Unknown,140382,Unknown,0,5,0.0045045045045045045,0.0,0.0042840436740884825,1,0.9510576956476431,-0.048942304352356886,OK
2024-09-30,HistGBM,Unknown,148529,Unknown,0,5,0.005405405405405406,0.005384316469009528,0.005440833015393245,1,1.0065541078477502,0.006554107847750216,OK
2024-09-30,HistGBM,Unknown,144754,Unknown,0,5,0.005405405405405406,0.005529370583433424,0.005440810310524108,1,1.00654990744696,0.00654990744696002,OK
2024-09-30,HistGBM,Unknown,143494,Unknown,0,5,0.005405405405405406,0.005384316469009528,0.005441336553285657,1,1.0066472623578464,0.006647262357846407,OK
2024-09-30,HistGBM,Unknown,119501,Unknown,0,5,0.005405405405405406,0.005384316469009528,0.005444183976872397,1,1.0071740357213934,0.007174035721393487,OK
2024-09-30,HistGBM,Unknown,120676,Unknown,0,5,0.005405405405405406,0.005384316469009528,0.005440893441912194,1,1.0065652867537558,0.006565286753755792,OK
2024-09-30,HistGBM,Unknown,118665,Unknown,0,5,0.0045045045045045045,0.0,0.004276001377253673,1,0.9492723057503154,-0.05072769424968455,OK
2024-09-30,HistGBM,Unknown,119581,Unknown,0,5,0.0045045045045045045,0.004486930390841273,0.00426568053959619,1,0.9469810797903541,-0.05301892020964595,OK
2024-09-30,HistGBM,Unknown,127042,Unknown,0,5,0.0045045045045045045,0.004486930390841273,0.004316742966278853,1,0.9583169385139054,-0.041683061486094616,OK
2024-09-30,HistGBM,Unknown,150815,Unknown,0,5,0.0045045045045045045,0.004486930390841273,0.004287057924924812,1,0.9517268593333083,-0.04827314066669171,OK
2024-09-30,HistGBM,Unknown,120403,Unknown,0,5,0.0045045045045045045,0.0,0.004253181160889961,1,0.9442062177175714,-0.05579378228242856,OK
2024-09-30,HistGBM,Unknown,140228,Unknown,0,5,0.0045045045045045045,0.004486930390841273,0.004327310024476761,1,0.9606628254338409,-0.039337174566159136,OK
2024-09-30,HistGBM,Unknown,144315,Unknown,0,5,0.009009009009009009,0.008973860781682545,0.008548525681592499,1,0.9488863506567674,-0.05111364934323261,OK
2024-09-30,HistGBM,Unknown,136007,Unknown,0,5,0.009009009009009009,0.009179386399021237,0.008735498943704664,1,0.9696403827512177,-0.030359617248782365,OK
2024-09-30,HistGBM,Unknown,133364,Unknown,0,5,0.009009009009009009,0.0,0.008706085420873796,1,0.9663754817169914,-0.03362451828300865,OK
2024-09-30,HistGBM,Unknown,147946,Unknown,0,5,0.005405405405405406,0.005658568917899281,0.005204333572802867,1,0.9628017109685304,-0.03719828903146961,OK
2024-09-30,HistGBM,Unknown,145137,Unknown,0,5,0.005405405405405406,0.005384316469009528,0.005238407255141862,1,0.9691053422012444,-0.030894657798755585,OK
2024-09-30,HistGBM,Unknown,150915,Unknown,0,5,0.005405405405405406,0.005384316469009528,0.0051448627295094754,1,0.9517996049592529,-0.04820039504074712,OK
2024-09-30,HistGBM,Unknown,152004,Unknown,0,5,0.005405405405405406,0.005384316469009528,0.005239171246477387,1,0.9692466805983165,-0.030753319401683514,OK
2024-09-30,HistGBM,Unknown,120828,Unknown,0,5,0.005405405405405406,0.0,0.005176942508483943,1,0.9577343640695294,-0.04226563593047064,OK
2024-09-30,HistGBM,Unknown,146772,Unknown,0,5,0.0045045045045045045,0.004486930390841273,0.004311159347165045,1,0.95707737507064,-0.04292262492936009,OK
2024-09-30,HistGBM,Unknown,147704,Unknown,0,5,0.0045045045045045045,0.004486930390841273,0.004331958070344618,1,0.9616946916165051,-0.03830530838349484,OK
2024-09-30,HistGBM,Unknown,120357,Unknown,0,5,0.0045045045045045045,0.004486930390841273,0.00422972503264474,1,0.9389989572471324,-0.06100104275286754,OK
2024-09-30,HistGBM,Unknown,133710,Unknown,0,5,0.0045045045045045045,0.004486930390841273,0.0042946429072262425,1,0.9534107254042258,-0.04658927459577418,OK
2024-09-30,HistGBM,Unknown,118419,Unknown,0,5,0.0045045045045045045,0.004649878975135944,0.004208234703271847,1,0.9342281041263499,-0.06577189587365005,OK
2024-09-30,HistGBM,Unknown,119218,Unknown,0,5,0.0045045045045045045,0.004486930390841273,0.004249900265548026,1,0.9434778589516618,-0.05652214104833817,OK
2024-09-30,HistGBM,Unknown,134547,Unknown,0,5,0.005405405405405406,0.005384316469009528,0.005429703922568369,1,1.0044952256751483,0.004495225675148371,OK
2024-09-30,HistGBM,Unknown,134552,Unknown,0,5,0.005405405405405406,0.005384316469009528,0.0054297029623661544,1,1.0044950480377386,0.004495048037738699,OK
2024-09-30,HistGBM,Unknown,123693,Unknown,0,5,0.005405405405405406,0.005384316469009528,0.005431631724110938,1,1.0048518689605235,0.0048518689605234165,OK
2024-09-30,HistGBM,Unknown,120338,Unknown,0,5,0.005405405405405406,0.0,0.005432833499274836,1,1.0050741973658446,0.005074197365844593,OK
2024-09-30,HistGBM,Unknown,120444,Unknown,0,5,0.005405405405405406,0.005384316469009528,0.0054302174326190345,1,1.0045902250345213,0.0045902250345213206,OK
2024-09-30,HistGBM,Unknown,120073,Unknown,0,5,0.006756756756756757,0.006730395586261911,0.006719138539321361,1,0.9944325038195614,-0.005567496180438626,OK
2024-09-30,HistGBM,Unknown,120154,Unknown,0,5,0.006756756756756757,0.0,0.006642716280135683,1,0.983122009460081,-0.01687799053991904,OK
2024-09-30,HistGBM,Unknown,120779,Unknown,0,5,0.006756756756756757,0.006730395586261911,0.006665838386216618,1,0.9865440811600594,-0.013455918839940531,OK
2024-09-30,HistGBM,Unknown,148958,Unknown,0,5,0.006756756756756757,0.006730395586261911,0.0067441516511847965,1,0.9981344443753498,-0.0018655556246501563,OK
2024-09-30,HistGBM,Unknown,148404,Unknown,0,5,0.0033783783783783786,0.0,0.0032558553988936948,1,0.9637331980725337,-0.03626680192746639,OK
2024-09-30,HistGBM,Unknown,120492,Unknown,0,5,0.0033783783783783786,0.0038459403350068057,0.003240538103755826,1,0.9591992787117244,-0.0408007212882756,OK
2024-09-30,HistGBM,Unknown,149763,Unknown,0,5,0.0033783783783783786,0.0038459403350068057,0.003225510578451755,1,0.9547511312217194,-0.045248868778280646,OK
2024-09-30,HistGBM,Unknown,151379,Unknown,0,5,0.0033783783783783786,0.0038459403350068057,0.0032462602865995275,1,0.96089304483346,-0.039106955166539906,OK
2024-09-30,HistGBM,Unknown,129046,Unknown,0,5,0.0033783783783783786,0.0038459403350068057,0.0031807552098174277,1,0.9415035421059585,-0.058496457894041405,OK
2024-09-30,HistGBM,Unknown,140353,Unknown,0,5,0.0033783783783783786,0.0038459403350068057,0.0031894317001904776,1,0.9440717832563813,-0.05592821674361874,OK
2024-09-30,HistGBM,Unknown,151796,Unknown,0,5,0.0033783783783783786,0.0038459403350068057,0.003205230047726879,1,0.9487480941271562,-0.051251905872843825,OK
2024-09-30,HistGBM,Unknown,150387,Unknown,0,5,0.0033783783783783786,0.0038459403350068057,0.0031910828035580097,1,0.9445605098531709,-0.05543949014682912,OK
2024-09-30,HistGBM,Unknown,148481,Unknown,0,5,0.0045045045045045045,0.004486930390841273,0.00435891327174383,1,0.9676787463271304,-0.032321253672869685,OK
2024-09-30,HistGBM,Unknown,120488,Unknown,0,5,0.0045045045045045045,0.004486930390841273,0.004317358529356651,1,0.9584535935171765,-0.041546406482823435,OK
2024-09-30,HistGBM,Unknown,119096,Unknown,0,5,0.0045045045045045045,0.004486930390841273,0.004252337532370792,1,0.9440189321863157,-0.05598106781368434,OK
2024-09-30,HistGBM,Unknown,151777,Unknown,0,5,0.0045045045045045045,0.004486930390841273,0.0043229449282988115,1,0.9596937740823362,-0.04030622591766371,OK
2024-09-30,HistGBM,Unknown,150376,Unknown,0,5,0.0045045045045045045,0.0,0.004256314100090347,1,0.9449017302200571,-0.05509826977994298,OK
2024-09-30,HistGBM,Unknown,118421,Unknown,0,5,0.0045045045045045045,0.004736021769519996,0.004385750896204974,1,0.9736366989575042,-0.026363301042495856,OK
2024-09-30,HistGBM,Unknown,145693,Unknown,0,5,0.005405405405405406,0.005384316469009528,0.005304817906659492,1,0.981391312732006,-0.018608687267993987,OK
2024-09-30,HistGBM,Unknown,146457,Unknown,0,5,0.005405405405405406,0.005384316469009528,0.005332086680005623,1,0.9864360358010401,-0.013563964198959928,OK
2024-09-30,HistGBM,Unknown,135120,Unknown,0,5,0.005405405405405406,0.005568623367984633,0.005297385476830828,1,0.9800163132137032,-0.019983686786296837,OK
2024-09-30,HistGBM,Unknown,149679,Unknown,0,5,0.005405405405405406,0.005384316469009528,0.0053174825504163645,1,0.9837342718270273,-0.016265728172972702,OK
2024-09-30,HistGBM,Unknown,131373,Unknown,0,5,0.005405405405405406,0.005384316469009528,0.005275787275142091,1,0.9760206459012868,-0.023979354098713233,OK
2024-09-30,HistGBM,Unknown,147541,Unknown,0,5,0.0033783783783783786,0.0033651977931309553,0.003138907295767242,1,0.9291165595471036,-0.07088344045289646,OK
2024-09-30,HistGBM,Unknown,120494,Unknown,0,5,0.0033783783783783786,0.0033651977931309553,0.0031946505869580462,1,0.9456165737395816,-0.05438342626041838,OK
2024-09-30,HistGBM,Unknown,150587,Unknown,0,5,0.0033783783783783786,0.0,0.0032754491559803768,1,0.9695329501701915,-0.030467049829808572,OK
2024-09-30,HistGBM,Unknown,133386,Unknown,0,5,0.0033783783783783786,0.0033651977931309553,0.0032570104463070146,1,0.9640750921068763,-0.03592490789312376,OK
2024-09-30,HistGBM,Unknown,151078,Unknown,0,5,0.0033783783783783786,0.0033651977931309553,0.0032215021193208447,1,0.95356462731897,-0.04643537268103005,OK
2024-09-30,HistGBM,Unknown,119723,Unknown,0,5,0.0033783783783783786,0.0,0.003201456929647084,1,0.9476312511755368,-0.05236874882446314,OK
2024-09-30,HistGBM,Unknown,150159,Unknown,0,5,0.0033783783783783786,0.0033651977931309553,0.0032385531725891486,1,0.958611739086388,-0.041388260913612036,OK
2024-09-30,HistGBM,Unknown,119242,Unknown,0,5,0.0033783783783783786,0.0033651977931309553,0.0032043569667024323,1,0.9484896621439199,-0.05151033785608001,OK
2024-09-30,HistGBM,Unknown,118784,Unknown,0,5,0.005405405405405406,0.005384316469009528,0.005128597010487415,1,0.9487904469401717,-0.05120955305982828,OK
2024-09-30,HistGBM,Unknown,149335,Unknown,0,5,0.005405405405405406,0.0,0.005044751811618066,1,0.9332790851493422,-0.06672091485065781,OK
2024-09-30,HistGBM,Unknown,120486,Unknown,0,5,0.005405405405405406,0.005384316469009528,0.0051241907230143895,1,0.9479752837576619,-0.05202471624233809,OK
2024-09-30,HistGBM,Unknown,151113,Unknown,0,5,0.005405405405405406,0.0,0.00518710618832262,1,0.9596146448396847,-0.040385355160315294,OK
2024-09-30,HistGBM,Unknown,119231,Unknown,0,5,0.005405405405405406,0.005384316469009528,0.005084563782568385,1,0.9406442997751512,-0.05935570022484883,OK
2024-09-30,HistGBM,Unknown,118859,Unknown,0,5,0.0033783783783783786,0.0033651977931309553,0.0033984616047920196,1,1.0059446350184378,0.005944635018437861,OK
2024-09-30,HistGBM,Unknown,118701,Unknown,0,5,0.0033783783783783786,0.0033651977931309553,0.003398413020355245,1,1.0059302540251525,0.005930254025152412,OK
2024-09-30,HistGBM,Unknown,119369,Unknown,0,5,0.0033783783783783786,0.0,0.0033783783783783786,1,1.0,0.0,Missing
2024-09-30,HistGBM,Unknown,119568,Unknown,0,5,0.0033783783783783786,0.0,0.00339854697776741,1,1.0059699054191533,0.005969905419153371,OK
2024-09-30,HistGBM,Unknown,149664,Unknown,0,5,0.0033783783783783786,0.0,0.003398581019182926,1,1.005979981678146,0.005979981678146168,OK
2024-09-30,HistGBM,Unknown,119125,Unknown,0,5,0.0033783783783783786,0.0033651977931309553,0.0033986208896270935,1,1.0059917833296197,0.0059917833296197626,OK
2024-09-30,HistGBM,Unknown,119303,Unknown,0,5,0.0033783783783783786,0.0,0.0033783783783783786,1,1.0,0.0,Missing
2024-09-30,HistGBM,Unknown,151833,Unknown,0,5,0.0033783783783783786,0.0033651977931309553,0.003398460486234419,1,1.005944303925388,0.005944303925387987,OK
2024-09-30,HistGBM,Unknown,148711,Unknown,0,5,0.009009009009009009,0.0,0.00905280477969523,1,1.0048613305461704,0.004861330546170527,OK
2024-09-30,HistGBM,Unknown,148771,Unknown,0,5,0.009009009009009009,0.008973860781682545,0.009046779175895093,1,1.0041924885243554,0.0041924885243553945,OK
2024-09-30,HistGBM,Unknown,118508,Unknown,0,5,0.009009009009009009,0.008973860781682545,0.009060804568948219,1,1.0057493071532524,0.005749307153252328,OK
2024-09-30,HistGBM,Unknown,141642,Unknown,0,5,0.0045045045045045045,0.004679800288873195,0.004379161770466118,1,0.9721739130434782,-0.027826086956521764,OK
2024-09-30,HistGBM,Unknown,118615,Unknown,0,5,0.0045045045045045045,0.004486930390841273,0.004317171613958003,1,0.9584120982986768,-0.04158790170132316,OK
2024-09-30,HistGBM,Unknown,145396,Unknown,0,5,0.0045045045045045045,0.0,0.004372407649191916,1,0.9706744981206054,-0.029325501879394648,OK
2024-09-30,HistGBM,Unknown,120333,Unknown,0,5,0.0045045045045045045,0.0,0.004399232300663143,1,0.9766295707472178,-0.023370429252782175,OK
2024-09-30,HistGBM,Unknown,149264,Unknown,0,5,0.0045045045045045045,0.004486930390841273,0.0042582582582582585,1,0.9453333333333334,-0.05466666666666668,OK
2024-09-30,HistGBM,Unknown,118968,Unknown,0,5,0.0045045045045045045,0.004486930390841273,0.004397421143088732,1,0.9762274937656985,-0.023772506234301525,OK
2024-09-30,HistGBM,Unknown,140613,Unknown,0,5,0.006756756756756757,0.006730395586261911,0.006804382402923932,1,1.007048595632742,0.007048595632741979,OK
2024-09-30,HistGBM,Unknown,118840,Unknown,0,5,0.006756756756756757,0.006730395586261911,0.0068016693390529626,1,1.0066470621798385,0.006647062179838516,OK
2024-09-30,HistGBM,Unknown,133810,Unknown,0,5,0.006756756756756757,0.0,0.006811100017461404,1,1.0080428025842878,0.008042802584287832,OK
2024-09-30,HistGBM,Unknown,149526,Unknown,0,5,0.006756756756756757,0.0,0.006801392896944908,1,1.0066061487478464,0.006606148747846387,OK
2024-09-30,HistGBM,Unknown,118796,Unknown,0,5,0.005405405405405406,0.0,0.005435277536369018,1,1.0055263442282683,0.005526344228268163,OK
2024-09-30,HistGBM,Unknown,148729,Unknown,0,5,0.005405405405405406,0.0,0.005431989437509202,1,1.0049180459392024,0.004918045939202444,OK
2024-09-30,HistGBM,Unknown,145954,Unknown,0,5,0.005405405405405406,0.0,0.005433097903903699,1,1.0051231122221842,0.005123112222184155,OK
2024-09-30,HistGBM,Unknown,123704,Unknown,0,5,0.005405405405405406,0.0,0.005432473328029663,1,1.0050075656854875,0.00500756568548749,OK
2024-09-30,HistGBM,Unknown,119498,Unknown,0,5,0.005405405405405406,0.005384316469009528,0.005435937202647606,1,1.005648382489807,0.00564838248980702,OK
2024-09-30,HistGBM,Unknown,118870,Unknown,0,5,0.0045045045045045045,0.0,0.004223862104999056,1,0.9376973873097905,-0.062302612690209556,OK
2024-09-30,HistGBM,Unknown,118479,Unknown,0,5,0.0045045045045045045,0.004693268517741525,0.004218523132616116,1,0.9365121354407777,-0.06348786455922233,OK
2024-09-30,HistGBM,Unknown,148353,Unknown,0,5,0.0045045045045045045,0.004486930390841273,0.004232159630814627,1,0.9395394380408472,-0.06046056195915284,OK
2024-09-30,HistGBM,Unknown,120392,Unknown,0,5,0.0045045045045045045,0.004486930390841273,0.0042465255457800714,1,0.9427286711631759,-0.05727132883682408,OK
2024-09-30,HistGBM,Unknown,150797,Unknown,0,5,0.0045045045045045045,0.004486930390841273,0.004285184060464959,1,0.9513108614232209,-0.04868913857677911,OK
2024-09-30,HistGBM,Unknown,150187,Unknown,0,5,0.0045045045045045045,0.004486930390841273,0.004215627537490276,1,0.9358693133228412,-0.06413068667715884,OK
2024-09-30,HistGBM,Unknown,120475,Unknown,0,5,0.009009009009009009,0.009244085098915356,0.009052525645757595,1,1.004830346679093,0.004830346679093173,OK
2024-09-30,HistGBM,Unknown,151146,Unknown,0,5,0.009009009009009009,0.008973860781682545,0.009041052326737853,1,1.0035568082679016,0.0035568082679015385,OK
2024-09-30,HistGBM,Unknown,119081,Unknown,0,5,0.009009009009009009,0.008973860781682545,0.009049678335750898,1,1.0045142952683497,0.004514295268349772,OK
2024-09-30,HistGBM,Unknown,119099,Unknown,0,5,0.005405405405405406,0.0,0.005388162028822243,1,0.996809975332115,-0.003190024667884953,OK
2024-09-30,HistGBM,Unknown,120447,Unknown,0,5,0.005405405405405406,0.005583887814601492,0.005398888867654445,1,0.9987944405160722,-0.0012055594839277416,OK
2024-09-30,HistGBM,Unknown,140298,Unknown,0,5,0.005405405405405406,0.005384316469009528,0.005395397882434133,1,0.9981486082503146,-0.00185139174968538,OK
2024-09-30,HistGBM,Unknown,119605,Unknown,0,5,0.005405405405405406,0.005384316469009528,0.005392894452652622,1,0.9976854737407349,-0.0023145262592651405,OK
2024-09-30,HistGBM,Unknown,138472,Unknown,0,5,0.005405405405405406,0.005384316469009528,0.005394225339948205,1,0.9979316878904179,-0.002068312109582088,OK
2024-09-30,HistGBM,Unknown,118679,Unknown,0,5,0.009009009009009009,0.008973860781682545,0.00900274633268112,1,0.9993048429276044,-0.0006951570723955916,OK
2024-09-30,HistGBM,Unknown,118687,Unknown,0,5,0.009009009009009009,0.008973860781682545,0.009002731158504116,1,0.9993031585939568,-0.0006968414060432069,OK
2024-09-30,HistGBM,Unknown,119735,Unknown,0,5,0.009009009009009009,0.008973860781682545,0.009011206247488772,1,1.0002438934712536,0.000243893471253572,OK
2024-09-30,HistGBM,Unknown,148457,Unknown,0,5,0.009009009009009009,0.008973860781682545,0.008786045685859065,1,0.9752510711303561,-0.024748928869643808,OK
2024-09-30,HistGBM,Unknown,150865,Unknown,0,5,0.009009009009009009,0.008973860781682545,0.008710141114254184,1,0.9668256636822145,-0.03317433631778552,OK
2024-09-30,HistGBM,Unknown,120760,Unknown,0,5,0.009009009009009009,0.008973860781682545,0.008680536962494096,1,0.9635396028368447,-0.0364603971631553,OK
2024-09-30,HistGBM,Unknown,130722,Unknown,0,5,0.009009009009009009,0.008973860781682545,0.009042865733656409,1,1.0037580964358614,0.003758096435861456,OK
2024-09-30,HistGBM,Unknown,134387,Unknown,0,5,0.009009009009009009,0.008973860781682545,0.009298025501405863,1,1.0320808306560507,0.03208083065605066,OK
2024-09-30,HistGBM,Unknown,120711,Unknown,0,5,0.009009009009009009,0.008973860781682545,0.009086137731481099,1,1.008561288194402,0.008561288194401927,OK
2024-09-30,HistGBM,Unknown,147567,Unknown,0,5,0.005405405405405406,0.00552957034898907,0.005439540108294743,1,1.0063149200345274,0.006314920034527304,OK
2024-09-30,HistGBM,Unknown,118719,Unknown,0,5,0.005405405405405406,0.0,0.005439629125341371,1,1.0063313881881535,0.006331388188153506,OK
2024-09-30,HistGBM,Unknown,149112,Unknown,0,5,0.005405405405405406,0.005384316469009528,0.005440040171915366,1,1.0064074318043426,0.0064074318043424745,OK
2024-09-30,HistGBM,Unknown,119511,Unknown,0,5,0.005405405405405406,0.005384316469009528,0.005439316412761788,1,1.0062735363609308,0.006273536360930691,OK
2024-09-30,HistGBM,Unknown,119424,Unknown,0,5,0.005405405405405406,0.005384316469009528,0.005439614080286291,1,1.0063286048529638,0.006328604852963825,OK
2024-09-30,HistGBM,Unknown,141226,Unknown,0,5,0.005405405405405406,0.0,0.005063666559323166,1,0.9367783134747858,-0.06322168652521422,OK
2024-09-30,HistGBM,Unknown,151443,Unknown,0,5,0.005405405405405406,0.005384316469009528,0.0051354223511502995,1,0.9500531349628054,-0.04994686503719454,OK
2024-09-30,HistGBM,Unknown,150659,Unknown,0,5,0.005405405405405406,0.005384316469009528,0.0051172639533915544,1,0.9466938313774375,-0.053306168622562496,OK
2024-09-30,HistGBM,Unknown,119354,Unknown,0,5,0.005405405405405406,0.005384316469009528,0.005244737396628812,1,0.97027641837633,-0.029723581623669972,OK
2024-09-30,HistGBM,Unknown,149383,Unknown,0,5,0.005405405405405406,0.005682911877914205,0.005084793430266896,1,0.9406867845993756,-0.05931321540062438,OK
2024-10-31,HistGBM,Unknown,120731,Unknown,0,5,0.0009319664492078286,0.0,0.0009319664492078286,1,1.0,0.0,Missing
2024-10-31,HistGBM,Unknown,151040,Unknown,0,5,0.0009319664492078286,0.0009072267366135828,0.0009319664492078286,1,1.0,0.0,Missing
2024-10-31,HistGBM,Unknown,119243,Unknown,0,5,0.0009319664492078286,0.000893807691960764,0.0009319664492078286,1,1.0,0.0,Missing
2024-10-31,HistGBM,Unknown,129212,Unknown,0,5,0.0009319664492078286,0.0009069130121113412,0.0009319664492078286,1,1.0,0.0,Missing
2024-10-31,HistGBM,Unknown,120728,Unknown,0,5,0.0009319664492078286,0.0,0.0009319664492078286,1,1.0,0.0,Missing
2024-10-31,HistGBM,Unknown,148564,Unknown,0,5,0.0009319664492078286,0.0008882625626814694,0.0009319664492078286,1,1.0,0.0,Missing
2024-10-31,HistGBM,Unknown,119247,Unknown,0,5,0.0009319664492078286,0.0009016043799771289,0.0009319664492078286,1,1.0,0.0,Missing
2024-10-31,HistGBM,Unknown,120351,Unknown,0,5,0.0009319664492078286,0.0009244047194792126,0.0009319664492078286,1,1.0,0.0,Missing
2024-10-31,HistGBM,Unknown,118267,Unknown,0,5,0.0009319664492078286,0.0008974649741860909,0.0009319664492078286,1,1.0,0.0,Missing
2024-10-31,HistGBM,Unknown,118539,Unknown,0,5,0.0009319664492078286,0.0009150115938668096,0.0009319664492078286,1,1.0,0.0,Missing
2024-10-31,HistGBM,Unknown,118537,Unknown,0,5,0.0009319664492078286,0.0,0.0009319664492078286,1,1.0,0.0,Missing
2024-10-31,HistGBM,Unknown,151881,Unknown,0,5,0.0009319664492078286,0.0,0.0009319664492078286,1,1.0,0.0,Missing
2024-10-31,HistGBM,Unknown,151853,Unknown,0,5,0.0009319664492078286,0.00091394159083357,0.0009319664492078286,1,1.0,0.0,Missing
2024-10-31,HistGBM,Unknown,151901,Unknown,0,5,0.0009319664492078286,0.0008530170457237325,0.0009319664492078286,1,1.0,0.0,Missing
2024-10-31,HistGBM,Unknown,151916,Unknown,0,5,0.0009319664492078286,0.0008963530484371572,0.0009319664492078286,1,1.0,0.0,Missing
2024-10-31,HistGBM,Unknown,151905,Unknown,0,5,0.0009319664492078286,0.0,0.0009319664492078286,1,1.0,0.0,Missing
2024-10-31,HistGBM,Unknown,119028,Unknown,0,5,0.0009319664492078286,0.0008748222130147775,0.0009319664492078286,1,1.0,0.0,Missing
2024-10-31,HistGBM,Unknown,151750,Unknown,0,5,0.0009319664492078286,0.0009290162217356244,0.0009319664492078286,1,1.0,0.0,Missing
2024-10-31,HistGBM,Unknown,147409,Unknown,0,5,0.0009319664492078286,0.0,0.0009319664492078286,1,1.0,0.0,Missing
2024-10-31,HistGBM,Unknown,151753,Unknown,0,5,0.0009319664492078286,0.0,0.0009319664492078286,1,1.0,0.0,Missing
2024-10-31,HistGBM,Unknown,135800,Unknown,0,5,0.0009319664492078286,0.0,0.0009319664492078286,1,1.0,0.0,Missing
2024-10-31,HistGBM,Unknown,135810,Unknown,0,5,0.0009319664492078286,0.0,0.0009319664492078286,1,1.0,0.0,Missing
2024-10-31,HistGBM,Unknown,133516,Unknown,0,5,0.0009319664492078286,0.0009007048479330556,0.0009319664492078286,1,1.0,0.0,Missing
2024-10-31,HistGBM,Unknown,152059,Unknown,0,5,0.0009319664492078286,0.0,0.0009319664492078286,1,1.0,0.0,Missing
2024-10-31,HistGBM,Unknown,149318,Unknown,0,5,0.0009319664492078286,0.0008674732594919449,0.0009319664492078286,1,1.0,0.0,Missing
2024-10-31,HistGBM,Unknown,151142,Unknown,0,5,0.0009319664492078286,0.0009317532288151084,0.0009319664492078286,1,1.0,0.0,Missing
2024-10-31,HistGBM,Unknown,118469,Unknown,0,5,0.0009319664492078286,0.0008876568786920862,0.0009331070160923815,1,1.0012238282671253,0.0012238282671252947,OK
2024-10-31,HistGBM,Unknown,152024,Unknown,0,5,0.0009319664492078286,0.0,0.0009319664492078286,1,1.0,0.0,Missing
2024-10-31,HistGBM,Unknown,152032,Unknown,0,5,0.0009319664492078286,0.0,0.0009319664492078286,1,1.0,0.0,Missing
2024-10-31,HistGBM,Unknown,130206,Unknown,0,5,0.005405405405405406,0.00557315092734613,0.005405405405405406,1,1.0,0.0,Missing
2024-10-31,HistGBM,Unknown,150251,Unknown,0,5,0.005405405405405406,0.005567907513211986,0.005405405405405406,1,1.0,0.0,Missing
2024-10-31,HistGBM,Unknown,120401,Unknown,0,5,0.005405405405405406,0.005573451737643224,0.005405405405405406,1,1.0,0.0,Missing
2024-10-31,HistGBM,Unknown,148401,Unknown,0,5,0.005405405405405406,0.005573941296542109,0.005405405405405406,1,1.0,0.0,Missing
2024-10-31,HistGBM,Unknown,119771,Unknown,0,5,0.005405405405405406,0.00557433587543931,0.005405405405405406,1,1.0,0.0,Missing
2024-10-31,HistGBM,Unknown,150159,Unknown,0,5,0.0033783783783783786,0.0033159248173321087,0.0033783783783783786,1,1.0,0.0,Missing
2024-10-31,HistGBM,Unknown,120494,Unknown,0,5,0.0033783783783783786,0.0032709733635559665,0.0033783783783783786,1,1.0,0.0,Missing
2024-10-31,HistGBM,Unknown,150587,Unknown,0,5,0.0033783783783783786,0.0033537022754953276,0.0033783783783783786,1,1.0,0.0,Missing
2024-10-31,HistGBM,Unknown,119351,Unknown,0,5,0.0033783783783783786,0.0,0.0033783783783783786,1,1.0,0.0,Missing
2024-10-31,HistGBM,Unknown,119242,Unknown,0,5,0.0033783783783783786,0.003280911636533318,0.0033783783783783786,1,1.0,0.0,Missing
2024-10-31,HistGBM,Unknown,133386,Unknown,0,5,0.0033783783783783786,0.0033348230501909605,0.0033783783783783786,1,1.0,0.0,Missing
2024-10-31,HistGBM,Unknown,120079,Unknown,0,5,0.0033783783783783786,0.0,0.0033783783783783786,1,1.0,0.0,Missing
2024-10-31,HistGBM,Unknown,151078,Unknown,0,5,0.0033783783783783786,0.0032984664006624146,0.0033783783783783786,1,1.0,0.0,Missing
2024-10-31,HistGBM,Unknown,148035,Unknown,0,5,0.0018018018018018018,0.0017507066394121975,0.0018018018018018018,1,1.0,0.0,Missing
2024-10-31,HistGBM,Unknown,150344,Unknown,0,5,0.0018018018018018018,0.0017509211840863925,0.0018018018018018018,1,1.0,0.0,Missing
2024-10-31,HistGBM,Unknown,145552,Unknown,0,5,0.0018018018018018018,0.0,0.0018018018018018018,1,1.0,0.0,Missing
2024-10-31,HistGBM,Unknown,120700,Unknown,0,5,0.0018018018018018018,0.00179237955371402,0.0018018018018018018,1,1.0,0.0,Missing
2024-10-31,HistGBM,Unknown,149381,Unknown,0,5,0.0018018018018018018,0.0,0.0018018018018018018,1,1.0,0.0,Missing
2024-10-31,HistGBM,Unknown,150615,Unknown,0,5,0.0018018018018018018,0.0,0.0016720434579339364,1,0.9279841191533347,-0.07201588084666538,OK
2024-10-31,HistGBM,Unknown,149790,Unknown,0,5,0.0018018018018018018,0.0,0.0018018018018018018,1,1.0,0.0,Missing
2024-10-31,HistGBM,Unknown,112039,Unknown,0,5,0.0018018018018018018,0.0017423237959633229,0.0018018018018018018,1,1.0,0.0,Missing
2024-10-31,HistGBM,Unknown,149775,Unknown,0,5,0.0018018018018018018,0.0,0.0018018018018018018,1,1.0,0.0,Missing
2024-10-31,HistGBM,Unknown,150737,Unknown,0,5,0.0018018018018018018,0.0,0.0018018018018018018,1,1.0,0.0,Missing
2024-10-31,HistGBM,Unknown,148642,Unknown,0,5,0.0018018018018018018,0.0017311999957891188,0.0018018018018018018,1,1.0,0.0,Missing
2024-10-31,HistGBM,Unknown,151731,Unknown,0,5,0.0018018018018018018,0.0,0.0018018018018018018,1,1.0,0.0,Missing
2024-10-31,HistGBM,Unknown,148822,Unknown,0,5,0.0018018018018018018,0.0016975213105828897,0.0018018018018018018,1,1.0,0.0,Missing
2024-10-31,HistGBM,Unknown,120242,Unknown,0,5,0.0018018018018018018,0.001743130116327302,0.0018018018018018018,1,1.0,0.0,Missing
2024-10-31,HistGBM,Unknown,132186,Unknown,0,5,0.0018018018018018018,0.0017605340307663571,0.0018018018018018018,1,1.0,0.0,Missing
2024-10-31,HistGBM,Unknown,149466,Unknown,0,5,0.0007722007722007722,0.0,0.0007815404565194422,1,1.0120948911926777,0.012094891192677704,OK
2024-10-31,HistGBM,Unknown,120684,Unknown,0,5,0.0007722007722007722,0.0007380944669007021,0.0007722007722007722,1,1.0,0.0,Missing
2024-10-31,HistGBM,Unknown,150313,Unknown,0,5,0.0007722007722007722,0.0007730291055458864,0.0007722007722007722,1,1.0,0.0,Missing
2024-10-31,HistGBM,Unknown,148555,Unknown,0,5,0.0007722007722007722,0.0,0.0007722007722007722,1,1.0,0.0,Missing
2024-10-31,HistGBM,Unknown,150899,Unknown,0,5,0.0007722007722007722,0.0007383411838834166,0.0007722007722007722,1,1.0,0.0,Missing
2024-10-31,HistGBM,Unknown,150892,Unknown,0,5,0.0007722007722007722,0.0007846591642731726,0.0007722007722007722,1,1.0,0.0,Missing
2024-10-31,HistGBM,Unknown,149389,Unknown,0,5,0.0007722007722007722,0.0007614031246890764,0.0007722007722007722,1,1.0,0.0,Missing
2024-10-31,HistGBM,Unknown,150930,Unknown,0,5,0.0007722007722007722,0.0007939781718186117,0.0007722007722007722,1,1.0,0.0,Missing
2024-10-31,HistGBM,Unknown,149447,Unknown,0,5,0.0007722007722007722,0.0,0.0007722007722007722,1,1.0,0.0,Missing
2024-10-31,HistGBM,Unknown,148519,Unknown,0,5,0.0007722007722007722,0.0007845441570833361,0.0007722007722007722,1,1.0,0.0,Missing
2024-10-31,HistGBM,Unknown,150515,Unknown,0,5,0.0007722007722007722,0.0,0.0007722007722007722,1,1.0,0.0,Missing
2024-10-31,HistGBM,Unknown,150673,Unknown,0,5,0.0007722007722007722,0.0007613516073635484,0.0007735683362152295,1,1.0017709953987222,0.001770995398722224,OK
2024-10-31,HistGBM,Unknown,150487,Unknown,0,5,0.0007722007722007722,0.0007448496591435212,0.0007722007722007722,1,1.0,0.0,Missing
2024-10-31,HistGBM,Unknown,150677,Unknown,0,5,0.0007722007722007722,0.0007845865505349554,0.0007709075375760996,1,0.9983252611610489,-0.0016747388389510706,OK
2024-10-31,HistGBM,Unknown,149870,Unknown,0,5,0.0007722007722007722,0.00074523951309147,0.0007722007722007722,1,1.0,0.0,Missing
2024-10-31,HistGBM,Unknown,149892,Unknown,0,5,0.0007722007722007722,0.0007615509867073164,0.0007722007722007722,1,1.0,0.0,Missing
2024-10-31,HistGBM,Unknown,149936,Unknown,0,5,0.0007722007722007722,0.0007492736945272716,0.0007800902937899065,1,1.010216930457929,0.010216930457928852,OK
2024-10-31,HistGBM,Unknown,146381,Unknown,0,5,0.0007722007722007722,0.0007381709797506286,0.0007722007722007722,1,1.0,0.0,Missing
2024-10-31,HistGBM,Unknown,149894,Unknown,0,5,0.0007722007722007722,0.0007945301542510956,0.0007729286988561765,1,1.0009426650187485,0.0009426650187485955,OK
2024-10-31,HistGBM,Unknown,150428,Unknown,0,5,0.0007722007722007722,0.0007730734658462555,0.0007722007722007722,1,1.0,0.0,Missing
2024-10-31,HistGBM,Unknown,148745,Unknown,0,5,0.0007722007722007722,0.0007382458437155309,0.0007722007722007722,1,1.0,0.0,Missing
2024-10-31,HistGBM,Unknown,151937,Unknown,0,5,0.0007722007722007722,0.0,0.0007722007722007722,1,1.0,0.0,Missing
2024-10-31,HistGBM,Unknown,147796,Unknown,0,5,0.0007722007722007722,0.0,0.0007722007722007722,1,1.0,0.0,Missing
2024-10-31,HistGBM,Unknown,151649,Unknown,0,5,0.0007722007722007722,0.0,0.0007722007722007722,1,1.0,0.0,Missing
2024-10-31,HistGBM,Unknown,151727,Unknown,0,5,0.0007722007722007722,0.0007846846696013861,0.0007722007722007722,1,1.0,0.0,Missing
2024-10-31,HistGBM,Unknown,151724,Unknown,0,5,0.0007722007722007722,0.0007614165436993753,0.0007722007722007722,1,1.0,0.0,Missing
2024-10-31,HistGBM,Unknown,149288,Unknown,0,5,0.0007722007722007722,0.0007380936830545166,0.0007722007722007722,1,1.0,0.0,Missing
2024-10-31,HistGBM,Unknown,143341,Unknown,0,5,0.0007722007722007722,0.0007380472103252181,0.0007722007722007722,1,1.0,0.0,Missing
2024-10-31,HistGBM,Unknown,149283,Unknown,0,5,0.0007722007722007722,0.0007845347152716866,0.0007722007722007722,1,1.0,0.0,Missing
2024-10-31,HistGBM,Unknown,151160,Unknown,0,5,0.0007722007722007722,0.0,0.0007722007722007722,1,1.0,0.0,Missing
2024-10-31,HistGBM,Unknown,148945,Unknown,0,5,0.0007722007722007722,0.000738038554892362,0.0007815654888580296,1,1.0121273080711484,0.012127308071148328,OK
2024-10-31,HistGBM,Unknown,148726,Unknown,0,5,0.0007722007722007722,0.0007610931906928065,0.0007722007722007722,1,1.0,0.0,Missing
2024-10-31,HistGBM,Unknown,148721,Unknown,0,5,0.0007722007722007722,0.0,0.0007722007722007722,1,1.0,0.0,Missing
2024-10-31,HistGBM,Unknown,149343,Unknown,0,5,0.0007722007722007722,0.000760226693769038,0.0007722007722007722,1,1.0,0.0,Missing
2024-10-31,HistGBM,Unknown,152041,Unknown,0,5,0.0007722007722007722,0.0007881942451107216,0.000824198472224788,1,1.0673370215311004,0.06733702153110052,OK
2024-10-31,HistGBM,Unknown,120413,Unknown,0,5,0.005405405405405406,0.0,0.005405405405405406,1,1.0,0.0,Missing
2024-10-31,HistGBM,Unknown,149383,Unknown,0,5,0.005405405405405406,0.005206273242365648,0.005489117436020091,1,1.0154867256637168,0.015486725663716878,OK
2024-10-31,HistGBM,Unknown,150659,Unknown,0,5,0.005405405405405406,0.005239519512450734,0.005405405405405406,1,1.0,0.0,Missing
2024-10-31,HistGBM,Unknown,119354,Unknown,0,5,0.005405405405405406,0.005370038398958089,0.005405405405405406,1,1.0,0.0,Missing
2024-10-31,HistGBM,Unknown,152094,Unknown,0,5,0.005405405405405406,0.0,0.005405405405405406,1,1.0,0.0,Missing
2024-10-31,HistGBM,Unknown,149993,Unknown,0,5,0.0022522522522522522,0.002318222016208343,0.0022642018607532035,1,1.0053056261744224,0.005305626174422329,OK
2024-10-31,HistGBM,Unknown,149460,Unknown,0,5,0.0022522522522522522,0.0023194115071092283,0.002262989410724944,1,1.0047672983618752,0.004767298361875138,OK
2024-10-31,HistGBM,Unknown,149431,Unknown,0,5,0.0022522522522522522,0.0023194219642183435,0.0022629237046430644,1,1.0047381248615206,0.004738124861520639,OK
2024-10-31,HistGBM,Unknown,151485,Unknown,0,5,0.0022522522522522522,0.0,0.0022522522522522522,1,1.0,0.0,Missing
2024-10-31,HistGBM,Unknown,149195,Unknown,0,5,0.0022522522522522522,0.0,0.0022633503618173434,1,1.0049275606469004,0.004927560646900307,OK
2024-10-31,HistGBM,Unknown,151620,Unknown,0,5,0.0022522522522522522,0.0023244479754321134,0.0022522522522522522,1,1.0,0.0,Missing
2024-10-31,HistGBM,Unknown,151708,Unknown,0,5,0.0022522522522522522,0.0023260208305586707,0.0022522522522522522,1,1.0,0.0,Missing
2024-10-31,HistGBM,Unknown,149129,Unknown,0,5,0.0022522522522522522,0.002320371151333097,0.0022522522522522522,1,1.0,0.0,Missing
2024-10-31,HistGBM,Unknown,149139,Unknown,0,5,0.0022522522522522522,0.0,0.0022522522522522522,1,1.0,0.0,Missing
2024-10-31,HistGBM,Unknown,149279,Unknown,0,5,0.0022522522522522522,0.0,0.0022632449610675846,1,1.0048807627140075,0.004880762714007542,OK
2024-10-31,HistGBM,Unknown,149307,Unknown,0,5,0.0022522522522522522,0.0023199117035976593,0.002263112850632802,1,1.004822105680964,0.004822105680964096,OK
2024-10-31,HistGBM,Unknown,149345,Unknown,0,5,0.0022522522522522522,0.002319881932336738,0.0022628117992149034,1,1.0046884388514172,0.004688438851417158,OK
2024-10-31,HistGBM,Unknown,118701,Unknown,0,5,0.0033783783783783786,0.003479603845667698,0.0033783783783783786,1,1.0,0.0,Missing
2024-10-31,HistGBM,Unknown,149664,Unknown,0,5,0.0033783783783783786,0.0034797758581227366,0.0033783783783783786,1,1.0,0.0,Missing
2024-10-31,HistGBM,Unknown,119125,Unknown,0,5,0.0033783783783783786,0.0034798166811039408,0.0033783783783783786,1,1.0,0.0,Missing
2024-10-31,HistGBM,Unknown,151833,Unknown,0,5,0.0033783783783783786,0.003479652445544971,0.0033783783783783786,1,1.0,0.0,Missing
2024-10-31,HistGBM,Unknown,120038,Unknown,0,5,0.0033783783783783786,0.0,0.003397628127891237,1,1.005697925855806,0.005697925855806003,OK
2024-10-31,HistGBM,Unknown,118859,Unknown,0,5,0.0033783783783783786,0.0034796535908258137,0.0033976981676149902,1,1.0057186576140371,0.005718657614037008,OK
2024-10-31,HistGBM,Unknown,139538,Unknown,0,5,0.0033783783783783786,0.0,0.0033783783783783786,1,1.0,0.0,Missing
2024-10-31,HistGBM,Unknown,120197,Unknown,0,5,0.0033783783783783786,0.0,0.0033783783783783786,1,1.0,0.0,Missing
2024-10-31,HistGBM,Unknown,146675,Unknown,0,5,0.003861003861003861,0.0,0.003861003861003861,1,1.0,0.0,Missing
2024-10-31,HistGBM,Unknown,146191,Unknown,0,5,0.003861003861003861,0.003974515986458992,0.003861003861003861,1,1.0,0.0,Missing
2024-10-31,HistGBM,Unknown,145810,Unknown,0,5,0.003861003861003861,0.003974548228824562,0.003861003861003861,1,1.0,0.0,Missing
2024-10-31,HistGBM,Unknown,147287,Unknown,0,5,0.003861003861003861,0.0,0.0038812231113597986,1,1.0052367858421878,0.005236785842187879,OK
2024-10-31,HistGBM,Unknown,147736,Unknown,0,5,0.003861003861003861,0.003974571686074231,0.003881262631592208,1,1.0052470215823819,0.0052470215823818556,OK
2024-10-31,HistGBM,Unknown,146980,Unknown,0,5,0.003861003861003861,0.003974570495512335,0.003861003861003861,1,1.0,0.0,Missing
2024-10-31,HistGBM,Unknown,147951,Unknown,0,5,0.003861003861003861,0.003439364023632736,0.003861003861003861,1,1.0,0.0,Missing
2024-10-31,HistGBM,Unknown,120403,Unknown,0,5,0.0045045045045045045,0.004354793085805413,0.0045045045045045045,1,1.0,0.0,Missing
2024-10-31,HistGBM,Unknown,151036,Unknown,0,5,0.0045045045045045045,0.0,0.0045045045045045045,1,1.0,0.0,Missing
2024-10-31,HistGBM,Unknown,127042,Unknown,0,5,0.0045045045045045045,0.004419873433939688,0.0045045045045045045,1,1.0,0.0,Missing
2024-10-31,HistGBM,Unknown,119581,Unknown,0,5,0.0045045045045045045,0.004367591084740253,0.0045045045045045045,1,1.0,0.0,Missing
2024-10-31,HistGBM,Unknown,140228,Unknown,0,5,0.0045045045045045045,0.004430692947672304,0.0045045045045045045,1,1.0,0.0,Missing
2024-10-31,HistGBM,Unknown,118665,Unknown,0,5,0.0045045045045045045,0.004378158495525343,0.0045045045045045045,1,1.0,0.0,Missing
2024-10-31,HistGBM,Unknown,119118,Unknown,0,5,0.006756756756756757,0.0,0.006756756756756757,1,1.0,0.0,Missing
2024-10-31,HistGBM,Unknown,120779,Unknown,0,5,0.006756756756756757,0.006825090636232946,0.006756756756756757,1,1.0,0.0,Missing
2024-10-31,HistGBM,Unknown,148958,Unknown,0,5,0.006756756756756757,0.006905274868201779,0.006756756756756757,1,1.0,0.0,Missing
2024-10-31,HistGBM,Unknown,120073,Unknown,0,5,0.006756756756756757,0.006879664172941722,0.006756756756756757,1,1.0,0.0,Missing
2024-10-31,HistGBM,Unknown,136007,Unknown,0,5,0.009009009009009009,0.008944197052059165,0.009091411738517463,1,1.0091467029754384,0.009146702975438315,OK
2024-10-31,HistGBM,Unknown,132933,Unknown,0,5,0.009009009009009009,0.0,0.009145187921478552,1,1.0151158592841194,0.015115859284119326,OK
2024-10-31,HistGBM,Unknown,133364,Unknown,0,5,0.009009009009009009,0.008914080816468052,0.009013695054382424,1,1.0005201510364492,0.0005201510364491828,OK
2024-10-31,HistGBM,Unknown,120333,Unknown,0,5,0.0045045045045045045,0.004504333504987833,0.0045045045045045045,1,1.0,0.0,Missing
2024-10-31,HistGBM,Unknown,145396,Unknown,0,5,0.0045045045045045045,0.0044768679909791146,0.0045045045045045045,1,1.0,0.0,Missing
2024-10-31,HistGBM,Unknown,118615,Unknown,0,5,0.0045045045045045045,0.004420312322357274,0.0045045045045045045,1,1.0,0.0,Missing
2024-10-31,HistGBM,Unknown,151713,Unknown,0,5,0.0045045045045045045,0.0,0.0045045045045045045,1,1.0,0.0,Missing
2024-10-31,HistGBM,Unknown,141642,Unknown,0,5,0.0045045045045045045,0.00448378347365266,0.00453673709487663,1,1.0071556350626119,0.007155635062611813,OK
2024-10-31,HistGBM,Unknown,151267,Unknown,0,5,0.0045045045045045045,0.0,0.0045045045045045045,1,1.0,0.0,Missing
2024-10-31,HistGBM,Unknown,118840,Unknown,0,5,0.006756756756756757,0.006964166699977736,0.006756756756756757,1,1.0,0.0,Missing
2024-10-31,HistGBM,Unknown,118942,Unknown,0,5,0.006756756756756757,0.0,0.006756756756756757,1,1.0,0.0,Missing
2024-10-31,HistGBM,Unknown,133810,Unknown,0,5,0.006756756756756757,0.006973822684892083,0.006756756756756757,1,1.0,0.0,Missing
2024-10-31,HistGBM,Unknown,119523,Unknown,0,5,0.006756756756756757,0.0,0.006756756756756757,1,1.0,0.0,Missing
2024-10-31,HistGBM,Unknown,118796,Unknown,0,5,0.005405405405405406,0.005565130696163559,0.005405405405405406,1,1.0,0.0,Missing
2024-10-31,HistGBM,Unknown,119498,Unknown,0,5,0.005405405405405406,0.005565806122401065,0.005405405405405406,1,1.0,0.0,Missing
2024-10-31,HistGBM,Unknown,145954,Unknown,0,5,0.005405405405405406,0.005562898990522414,0.005405405405405406,1,1.0,0.0,Missing
2024-10-31,HistGBM,Unknown,119739,Unknown,0,5,0.005405405405405406,0.0,0.005405405405405406,1,1.0,0.0,Missing
2024-10-31,HistGBM,Unknown,148729,Unknown,0,5,0.005405405405405406,0.0055617640419726114,0.005405405405405406,1,1.0,0.0,Missing
2024-10-31,HistGBM,Unknown,146457,Unknown,0,5,0.005405405405405406,0.005459474527096069,0.005405405405405406,1,1.0,0.0,Missing
2024-10-31,HistGBM,Unknown,131373,Unknown,0,5,0.005405405405405406,0.005401830084087352,0.005405405405405406,1,1.0,0.0,Missing
2024-10-31,HistGBM,Unknown,149679,Unknown,0,5,0.005405405405405406,0.005444521493083711,0.005405405405405406,1,1.0,0.0,Missing
2024-10-31,HistGBM,Unknown,135120,Unknown,0,5,0.005405405405405406,0.005423944284217088,0.005457142535794222,1,1.009571369121931,0.009571369121930937,OK
2024-10-31,HistGBM,Unknown,136567,Unknown,0,5,0.005405405405405406,0.0,0.005405405405405406,1,1.0,0.0,Missing
2024-10-31,HistGBM,Unknown,150237,Unknown,0,5,0.005405405405405406,0.005561598642022136,0.005405405405405406,1,1.0,0.0,Missing
2024-10-31,HistGBM,Unknown,141588,Unknown,0,5,0.005405405405405406,0.005560996211273091,0.005440058295771489,1,1.0064107847177255,0.006410784717725437,OK
2024-10-31,HistGBM,Unknown,118814,Unknown,0,5,0.005405405405405406,0.005562859099415372,0.005405405405405406,1,1.0,0.0,Missing
2024-10-31,HistGBM,Unknown,118987,Unknown,0,5,0.005405405405405406,0.0,0.005405405405405406,1,1.0,0.0,Missing
2024-10-31,HistGBM,Unknown,118807,Unknown,0,5,0.005405405405405406,0.005562875962913692,0.005405405405405406,1,1.0,0.0,Missing
2024-10-31,HistGBM,Unknown,148662,Unknown,0,5,0.002702702702702703,0.002407554816542915,0.002702702702702703,1,1.0,0.0,Missing
2024-10-31,HistGBM,Unknown,150597,Unknown,0,5,0.002702702702702703,0.002731839056947441,0.002702702702702703,1,1.0,0.0,Missing
2024-10-31,HistGBM,Unknown,148614,Unknown,0,5,0.002702702702702703,0.0,0.002702702702702703,1,1.0,0.0,Missing
2024-10-31,HistGBM,Unknown,150751,Unknown,0,5,0.002702702702702703,0.0027728360472084926,0.0028447068180654177,1,1.0525415226842045,0.052541522684204575,OK
2024-10-31,HistGBM,Unknown,149961,Unknown,0,5,0.002702702702702703,0.002407554816542915,0.002702702702702703,1,1.0,0.0,Missing
2024-10-31,HistGBM,Unknown,149910,Unknown,0,5,0.002702702702702703,0.002752468961572972,0.002702702702702703,1,1.0,0.0,Missing
2024-10-31,HistGBM,Unknown,138456,Unknown,0,5,0.002702702702702703,0.0,0.002702702702702703,1,1.0,0.0,Missing
2024-10-31,HistGBM,Unknown,148760,Unknown,0,5,0.002702702702702703,0.002739915829857979,0.0028344808441547963,1,1.0487579123372746,0.04875791233727466,OK
2024-10-31,HistGBM,Unknown,138528,Unknown,0,5,0.002702702702702703,0.0,0.002702702702702703,1,1.0,0.0,Missing
2024-10-31,HistGBM,Unknown,149298,Unknown,0,5,0.002702702702702703,0.0026674851389315705,0.002702702702702703,1,1.0,0.0,Missing
2024-10-31,HistGBM,Unknown,145206,Unknown,0,5,0.005405405405405406,0.0,0.005405405405405406,1,1.0,0.0,Missing
2024-10-31,HistGBM,Unknown,145678,Unknown,0,5,0.005405405405405406,0.0,0.005405405405405406,1,1.0,0.0,Missing
2024-10-31,HistGBM,Unknown,145137,Unknown,0,5,0.005405405405405406,0.005363557025290533,0.005405405405405406,1,1.0,0.0,Missing
2024-10-31,HistGBM,Unknown,152004,Unknown,0,5,0.005405405405405406,0.005364339268994646,0.005405405405405406,1,1.0,0.0,Missing
2024-10-31,HistGBM,Unknown,147946,Unknown,0,5,0.005405405405405406,0.005328669295225742,0.00545354160189543,1,1.0089051963506546,0.008905196350654463,OK
2024-10-31,HistGBM,Unknown,150376,Unknown,0,5,0.0045045045045045045,0.004358000873447648,0.0045045045045045045,1,1.0,0.0,Missing
2024-10-31,HistGBM,Unknown,119096,Unknown,0,5,0.0045045045045045045,0.004353929302321171,0.0045045045045045045,1,1.0,0.0,Missing
2024-10-31,HistGBM,Unknown,148481,Unknown,0,5,0.0045045045045045045,0.004463051221980759,0.0045045045045045045,1,1.0,0.0,Missing
2024-10-31,HistGBM,Unknown,120834,Unknown,0,5,0.0045045045045045045,0.0,0.0045045045045045045,1,1.0,0.0,Missing
2024-10-31,HistGBM,Unknown,151777,Unknown,0,5,0.0045045045045045045,0.0044262235658295065,0.0045045045045045045,1,1.0,0.0,Missing
2024-10-31,HistGBM,Unknown,118421,Unknown,0,5,0.0045045045045045045,0.004490530018914576,0.004612462441505569,1,1.0239666620142365,0.0239666620142364,OK
2024-10-31,HistGBM,Unknown,118508,Unknown,0,5,0.009009009009009009,0.009277274490803348,0.009009009009009009,1,1.0,0.0,Missing
2024-10-31,HistGBM,Unknown,120425,Unknown,0,5,0.009009009009009009,0.0,0.009009009009009009,1,1.0,0.0,Missing
2024-10-31,HistGBM,Unknown,148771,Unknown,0,5,0.009009009009009009,0.009262914019809285,0.009009009009009009,1,1.0,0.0,Missing
2024-10-31,HistGBM,Unknown,119511,Unknown,0,5,0.005405405405405406,0.005569266064567658,0.005405405405405406,1,1.0,0.0,Missing
2024-10-31,HistGBM,Unknown,118719,Unknown,0,5,0.005405405405405406,0.005569586248102734,0.005405405405405406,1,1.0,0.0,Missing
2024-10-31,HistGBM,Unknown,119424,Unknown,0,5,0.005405405405405406,0.005569570843609166,0.005405405405405406,1,1.0,0.0,Missing
2024-10-31,HistGBM,Unknown,149112,Unknown,0,5,0.005405405405405406,0.005570007114910581,0.005405405405405406,1,1.0,0.0,Missing
2024-10-31,HistGBM,Unknown,147567,Unknown,0,5,0.005405405405405406,0.005569495104367137,0.0054371880052148935,1,1.0058797809647553,0.005879780964755342,OK
2024-10-31,HistGBM,Unknown,119099,Unknown,0,5,0.005405405405405406,0.005516889561178381,0.005405405405405406,1,1.0,0.0,Missing
2024-10-31,HistGBM,Unknown,120447,Unknown,0,5,0.005405405405405406,0.005527872672833387,0.005431482107085325,1,1.004824189810785,0.004824189810785012,OK
2024-10-31,HistGBM,Unknown,138472,Unknown,0,5,0.005405405405405406,0.005523097729692628,0.005405405405405406,1,1.0,0.0,Missing
2024-10-31,HistGBM,Unknown,119605,Unknown,0,5,0.005405405405405406,0.005521735046427196,0.005405405405405406,1,1.0,0.0,Missing
2024-10-31,HistGBM,Unknown,140298,Unknown,0,5,0.005405405405405406,0.005524298285163316,0.005405405405405406,1,1.0,0.0,Missing
2024-10-31,HistGBM,Unknown,120357,Unknown,0,5,0.0045045045045045045,0.004330776571756743,0.0045045045045045045,1,1.0,0.0,Missing
2024-10-31,HistGBM,Unknown,119218,Unknown,0,5,0.0045045045045045045,0.004351433807230193,0.0045045045045045045,1,1.0,0.0,Missing
2024-10-31,HistGBM,Unknown,147704,Unknown,0,5,0.0045045045045045045,0.004435452039101086,0.0045045045045045045,1,1.0,0.0,Missing
2024-10-31,HistGBM,Unknown,118419,Unknown,0,5,0.0045045045045045045,0.004308772821099395,0.00452969775206401,1,1.0055929009582103,0.005592900958210389,OK
2024-10-31,HistGBM,Unknown,146772,Unknown,0,5,0.0045045045045045045,0.004414156417666275,0.0045045045045045045,1,1.0,0.0,Missing
2024-10-31,HistGBM,Unknown,133710,Unknown,0,5,0.0045045045045045045,0.004397245386669286,0.0045045045045045045,1,1.0,0.0,Missing
2024-10-31,HistGBM,Unknown,150950,Unknown,0,5,0.0045045045045045045,0.0,0.0045045045045045045,1,1.0,0.0,Missing
2024-10-31,HistGBM,Unknown,149190,Unknown,0,5,0.0045045045045045045,0.00463935161320842,0.0045045045045045045,1,1.0,0.0,Missing
2024-10-31,HistGBM,Unknown,149017,Unknown,0,5,0.0045045045045045045,0.0,0.0045045045045045045,1,1.0,0.0,Missing
2024-10-31,HistGBM,Unknown,151493,Unknown,0,5,0.0045045045045045045,0.0046398829634035806,0.0045045045045045045,1,1.0,0.0,Missing
2024-10-31,HistGBM,Unknown,149062,Unknown,0,5,0.0045045045045045045,0.0,0.0045045045045045045,1,1.0,0.0,Missing
2024-10-31,HistGBM,Unknown,151565,Unknown,0,5,0.0045045045045045045,0.004636696220412009,0.0045045045045045045,1,1.0,0.0,Missing
2024-10-31,HistGBM,Unknown,120674,Unknown,0,5,0.0045045045045045045,0.0,0.0045045045045045045,1,1.0,0.0,Missing
2024-10-31,HistGBM,Unknown,120484,Unknown,0,5,0.0045045045045045045,0.00447190099850134,0.0045045045045045045,1,1.0,0.0,Missing
2024-10-31,HistGBM,Unknown,147446,Unknown,0,5,0.0045045045045045045,0.00441348450653763,0.0045045045045045045,1,1.0,0.0,Missing
2024-10-31,HistGBM,Unknown,118624,Unknown,0,5,0.0045045045045045045,0.004396304471643614,0.0045045045045045045,1,1.0,0.0,Missing
2024-10-31,HistGBM,Unknown,133035,Unknown,0,5,0.0045045045045045045,0.004431645908943398,0.0045045045045045045,1,1.0,0.0,Missing
2024-10-31,HistGBM,Unknown,143537,Unknown,0,5,0.0045045045045045045,0.004471395873322428,0.0045045045045045045,1,1.0,0.0,Missing
2024-10-31,HistGBM,Unknown,120475,Unknown,0,5,0.009009009009009009,0.009268797777466994,0.009073985768593067,1,1.0072124203138304,0.007212420313830301,OK
2024-10-31,HistGBM,Unknown,119539,Unknown,0,5,0.009009009009009009,0.0,0.009009009009009009,1,1.0,0.0,Missing
2024-10-31,HistGBM,Unknown,151146,Unknown,0,5,0.009009009009009009,0.009257050351611295,0.009009009009009009,1,1.0,0.0,Missing
2024-10-31,HistGBM,Unknown,120486,Unknown,0,5,0.005405405405405406,0.0052466117681810726,0.005405405405405406,1,1.0,0.0,Missing
2024-10-31,HistGBM,Unknown,119231,Unknown,0,5,0.005405405405405406,0.0052060381081985825,0.005405405405405406,1,1.0,0.0,Missing
2024-10-31,HistGBM,Unknown,149166,Unknown,0,5,0.005405405405405406,0.0,0.0054422346875177075,1,1.0068134171907759,0.006813417190775816,OK
2024-10-31,HistGBM,Unknown,151113,Unknown,0,5,0.005405405405405406,0.005311030334649373,0.005405405405405406,1,1.0,0.0,Missing
2024-10-31,HistGBM,Unknown,152018,Unknown,0,5,0.005405405405405406,0.0,0.005405405405405406,1,1.0,0.0,Missing
2024-10-31,HistGBM,Unknown,119251,Unknown,0,5,0.0045045045045045045,0.004409301150944465,0.0045045045045045045,1,1.0,0.0,Missing
2024-10-31,HistGBM,Unknown,146575,Unknown,0,5,0.0045045045045045045,0.0043882996734125315,0.0045045045045045045,1,1.0,0.0,Missing
2024-10-31,HistGBM,Unknown,147826,Unknown,0,5,0.0045045045045045045,0.004396736571636795,0.004521478614742863,1,1.0037682524729157,0.003768252472915605,OK
2024-10-31,HistGBM,Unknown,136094,Unknown,0,5,0.0045045045045045045,0.0,0.0045045045045045045,1,1.0,0.0,Missing
2024-10-31,HistGBM,Unknown,133568,Unknown,0,5,0.0045045045045045045,0.004349434982677232,0.0045045045045045045,1,1.0,0.0,Missing
2024-10-31,HistGBM,Unknown,133630,Unknown,0,5,0.0045045045045045045,0.004349434982677232,0.0045045045045045045,1,1.0,0.0,Missing
2024-10-31,HistGBM,Unknown,119393,Unknown,0,5,0.009009009009009009,0.0,0.009009009009009009,1,1.0,0.0,Missing
2024-10-31,HistGBM,Unknown,119735,Unknown,0,5,0.009009009009009009,0.009226491225480608,0.009009009009009009,1,1.0,0.0,Missing
2024-10-31,HistGBM,Unknown,120279,Unknown,0,5,0.009009009009009009,0.0,0.009009009009009009,1,1.0,0.0,Missing
2024-10-31,HistGBM,Unknown,120338,Unknown,0,5,0.005405405405405406,0.005562628269053924,0.005405405405405406,1,1.0,0.0,Missing
2024-10-31,HistGBM,Unknown,123693,Unknown,0,5,0.005405405405405406,0.005561397782513036,0.005405405405405406,1,1.0,0.0,Missing
2024-10-31,HistGBM,Unknown,134552,Unknown,0,5,0.005405405405405406,0.005559422941096078,0.005405405405405406,1,1.0,0.0,Missing
2024-10-31,HistGBM,Unknown,134547,Unknown,0,5,0.005405405405405406,0.005559423924238298,0.005405405405405406,1,1.0,0.0,Missing
2024-10-31,HistGBM,Unknown,119550,Unknown,0,5,0.005405405405405406,0.0,0.005405405405405406,1,1.0,0.0,Missing
2024-10-31,HistGBM,Unknown,120392,Unknown,0,5,0.0045045045045045045,0.004347978462687817,0.0045045045045045045,1,1.0,0.0,Missing
2024-10-31,HistGBM,Unknown,150797,Unknown,0,5,0.0045045045045045045,0.004387560560437452,0.0045045045045045045,1,1.0,0.0,Missing
2024-10-31,HistGBM,Unknown,150440,Unknown,0,5,0.0045045045045045045,0.0,0.0045045045045045045,1,1.0,0.0,Missing
2024-10-31,HistGBM,Unknown,118632,Unknown,0,5,0.0045045045045045045,0.0,0.0045045045045045045,1,1.0,0.0,Missing
2024-10-31,HistGBM,Unknown,148980,Unknown,0,5,0.0045045045045045045,0.0,0.0045045045045045045,1,1.0,0.0,Missing
2024-10-31,HistGBM,Unknown,118633,Unknown,0,5,0.0045045045045045045,0.0,0.0045045045045045045,1,1.0,0.0,Missing
2024-10-31,HistGBM,Unknown,120711,Unknown,0,5,0.009009009009009009,0.00930321288300122,0.009009009009009009,1,1.0,0.0,Missing
2024-10-31,HistGBM,Unknown,128051,Unknown,0,5,0.009009009009009009,0.0,0.009009009009009009,1,1.0,0.0,Missing
2024-10-31,HistGBM,Unknown,133488,Unknown,0,5,0.009009009009009009,0.0,0.009009009009009009,1,1.0,0.0,Missing
2024-10-31,HistGBM,Unknown,122715,Unknown,0,5,0.005405405405405406,0.0,0.005405405405405406,1,1.0,0.0,Missing
2024-10-31,HistGBM,Unknown,119239,Unknown,0,5,0.005405405405405406,0.005520506637221387,0.005405405405405406,1,1.0,0.0,Missing
2024-10-31,HistGBM,Unknown,134494,Unknown,0,5,0.005405405405405406,0.0055248969020303094,0.005405405405405406,1,1.0,0.0,Missing
2024-10-31,HistGBM,Unknown,119755,Unknown,0,5,0.005405405405405406,0.005531898979973682,0.005405405405405406,1,1.0,0.0,Missing
2024-10-31,HistGBM,Unknown,119671,Unknown,0,5,0.005405405405405406,0.005526237030392241,0.00542393375545875,1,1.0034277447598687,0.0034277447598688097,OK
2024-10-31,HistGBM,Unknown,120760,Unknown,0,5,0.009009009009009009,0.008887921984832103,0.009009009009009009,1,1.0,0.0,Missing
2024-10-31,HistGBM,Unknown,150865,Unknown,0,5,0.009009009009009009,0.008918233403631154,0.009009009009009009,1,1.0,0.0,Missing
2024-10-31,HistGBM,Unknown,152064,Unknown,0,5,0.009009009009009009,0.0,0.009009009009009009,1,1.0,0.0,Missing
2024-10-31,HistGBM,Unknown,120843,Unknown,0,5,0.0033783783783783786,0.0,0.0033783783783783786,1,1.0,0.0,Missing
2024-10-31,HistGBM,Unknown,129046,Unknown,0,5,0.0033783783783783786,0.0032567460146593202,0.0033783783783783786,1,1.0,0.0,Missing
2024-10-31,HistGBM,Unknown,149763,Unknown,0,5,0.0033783783783783786,0.0033025706251117604,0.0033783783783783786,1,1.0,0.0,Missing
2024-10-31,HistGBM,Unknown,120492,Unknown,0,5,0.0033783783783783786,0.0033179571701037074,0.0033783783783783786,1,1.0,0.0,Missing
2024-10-31,HistGBM,Unknown,120046,Unknown,0,5,0.0033783783783783786,0.0,0.0033783783783783786,1,1.0,0.0,Missing
2024-10-31,HistGBM,Unknown,151379,Unknown,0,5,0.0033783783783783786,0.0033238160605061685,0.0033783783783783786,1,1.0,0.0,Missing
2024-10-31,HistGBM,Unknown,151796,Unknown,0,5,0.0033783783783783786,0.00328180557616692,0.0033783783783783786,1,1.0,0.0,Missing
2024-10-31,HistGBM,Unknown,140353,Unknown,0,5,0.0033783783783783786,0.003265629793378426,0.0033783783783783786,1,1.0,0.0,Missing
2024-10-31,HistGBM,Unknown,148529,Unknown,0,5,0.005405405405405406,0.005570818900057977,0.005405405405405406,1,1.0,0.0,Missing
2024-10-31,HistGBM,Unknown,119501,Unknown,0,5,0.005405405405405406,0.005574249918706888,0.005405405405405406,1,1.0,0.0,Missing
2024-10-31,HistGBM,Unknown,144754,Unknown,0,5,0.005405405405405406,0.005570795652751222,0.005437229966866407,1,1.0058875438702852,0.005887543870285337,OK
2024-10-31,HistGBM,Unknown,120676,Unknown,0,5,0.005405405405405406,0.005570880770215152,0.005405405405405406,1,1.0,0.0,Missing
2024-10-31,HistGBM,Unknown,143494,Unknown,0,5,0.005405405405405406,0.005571334467876362,0.005405405405405406,1,1.0,0.0,Missing
2024-11-30,HistGBM,Unknown,120594,Unknown,0,5,0.0009009009009009009,0.0,0.0009009009009009009,1,1.0,0.0,Missing
2024-11-30,HistGBM,Unknown,152158,Unknown,0,5,0.0009009009009009009,0.0,0.0009009009009009009,1,1.0,0.0,Missing
2024-11-30,HistGBM,Unknown,151901,Unknown,0,5,0.0009009009009009009,0.0009202997699734605,0.0009009009009009009,1,1.0,0.0,Missing
2024-11-30,HistGBM,Unknown,151905,Unknown,0,5,0.0009009009009009009,0.0009202997699734605,0.0009009009009009009,1,1.0,0.0,Missing
2024-11-30,HistGBM,Unknown,151916,Unknown,0,5,0.0009009009009009009,0.0009202997699734605,0.0009009009009009009,1,1.0,0.0,Missing
2024-11-30,HistGBM,Unknown,152032,Unknown,0,5,0.0009009009009009009,0.0009202997699734605,0.0009009009009009009,1,1.0,0.0,Missing
2024-11-30,HistGBM,Unknown,152024,Unknown,0,5,0.0009009009009009009,0.0009202997699734605,0.0009009009009009009,1,1.0,0.0,Missing
2024-11-30,HistGBM,Unknown,151853,Unknown,0,5,0.0009009009009009009,0.0009202997699734605,0.0009009009009009009,1,1.0,0.0,Missing
2024-11-30,HistGBM,Unknown,152059,Unknown,0,5,0.0009009009009009009,0.0009202997699734605,0.0009009009009009009,1,1.0,0.0,Missing
2024-11-30,HistGBM,Unknown,120621,Unknown,0,5,0.0009009009009009009,0.0,0.0009009009009009009,1,1.0,0.0,Missing
2024-11-30,HistGBM,Unknown,152067,Unknown,0,5,0.0009009009009009009,0.0,0.0009009009009009009,1,1.0,0.0,Missing
2024-11-30,HistGBM,Unknown,120351,Unknown,0,5,0.0009009009009009009,0.0009202997699734605,0.0009009009009009009,1,1.0,0.0,Missing
2024-11-30,HistGBM,Unknown,118557,Unknown,0,5,0.0009009009009009009,0.0,0.0009009009009009009,1,1.0,0.0,Missing
2024-11-30,HistGBM,Unknown,151142,Unknown,0,5,0.0009009009009009009,0.0009202997699734605,0.0009009009009009009,1,1.0,0.0,Missing
2024-11-30,HistGBM,Unknown,150624,Unknown,0,5,0.0009009009009009009,0.0,0.0009009009009009009,1,1.0,0.0,Missing
2024-11-30,HistGBM,Unknown,118539,Unknown,0,5,0.0009009009009009009,0.0009202997699734605,0.0009009009009009009,1,1.0,0.0,Missing
2024-11-30,HistGBM,Unknown,118537,Unknown,0,5,0.0009009009009009009,0.0009202997699734605,0.0009009009009009009,1,1.0,0.0,Missing
2024-11-30,HistGBM,Unknown,147409,Unknown,0,5,0.0009009009009009009,0.0009202997699734605,0.0009009009009009009,1,1.0,0.0,Missing
2024-11-30,HistGBM,Unknown,120578,Unknown,0,5,0.0009009009009009009,0.0,0.0009219774016106742,1,1.0233949157878484,0.02339491578784838,OK
2024-11-30,HistGBM,Unknown,119364,Unknown,0,5,0.0009009009009009009,0.0,0.0009009009009009009,1,1.0,0.0,Missing
2024-11-30,HistGBM,Unknown,150685,Unknown,0,5,0.0009009009009009009,0.0,0.0009009009009009009,1,1.0,0.0,Missing
2024-11-30,HistGBM,Unknown,149318,Unknown,0,5,0.0009009009009009009,0.0009202997699734605,0.0009009009009009009,1,1.0,0.0,Missing
2024-11-30,HistGBM,Unknown,118979,Unknown,0,5,0.0009009009009009009,0.0,0.0009009009009009009,1,1.0,0.0,Missing
2024-11-30,HistGBM,Unknown,135810,Unknown,0,5,0.0009009009009009009,0.0009202997699734605,0.0009009009009009009,1,1.0,0.0,Missing
2024-11-30,HistGBM,Unknown,149329,Unknown,0,5,0.0009009009009009009,0.0,0.0009009009009009009,1,1.0,0.0,Missing
2024-11-30,HistGBM,Unknown,135800,Unknown,0,5,0.0009009009009009009,0.0009202997699734605,0.0009009009009009009,1,1.0,0.0,Missing
2024-11-30,HistGBM,Unknown,149841,Unknown,0,5,0.0009009009009009009,0.0,0.0009009009009009009,1,1.0,0.0,Missing
2024-11-30,HistGBM,Unknown,118469,Unknown,0,5,0.0009009009009009009,0.0009929330037316423,0.0008946062018410879,1,0.9930128840436075,-0.006987115956392498,OK
2024-11-30,HistGBM,Unknown,133516,Unknown,0,5,0.0009009009009009009,0.0009202997699734605,0.0009009009009009009,1,1.0,0.0,Missing
2024-11-30,HistGBM,Unknown,143783,Unknown,0,5,0.0009009009009009009,0.0,0.0009009009009009009,1,1.0,0.0,Missing
2024-11-30,HistGBM,Unknown,151762,Unknown,0,5,0.0007722007722007722,0.0,0.0007722007722007722,1,1.0,0.0,Missing
2024-11-30,HistGBM,Unknown,152041,Unknown,0,5,0.0007722007722007722,0.0008770418082636803,0.0007752567545797073,1,1.003957497180721,0.003957497180721019,OK
2024-11-30,HistGBM,Unknown,120684,Unknown,0,5,0.0007722007722007722,0.0007625340951208672,0.0007722007722007722,1,1.0,0.0,Missing
2024-11-30,HistGBM,Unknown,151937,Unknown,0,5,0.0007722007722007722,0.0007625340951208672,0.0007722007722007722,1,1.0,0.0,Missing
2024-11-30,HistGBM,Unknown,150468,Unknown,0,5,0.0007722007722007722,0.0,0.0007722007722007722,1,1.0,0.0,Missing
2024-11-30,HistGBM,Unknown,151814,Unknown,0,5,0.0007722007722007722,0.0,0.0007722007722007722,1,1.0,0.0,Missing
2024-11-30,HistGBM,Unknown,150428,Unknown,0,5,0.0007722007722007722,0.0007625340951208672,0.0007722007722007722,1,1.0,0.0,Missing
2024-11-30,HistGBM,Unknown,148519,Unknown,0,5,0.0007722007722007722,0.0007625340951208672,0.0007722007722007722,1,1.0,0.0,Missing
2024-11-30,HistGBM,Unknown,148381,Unknown,0,5,0.0007722007722007722,0.0,0.0007722007722007722,1,1.0,0.0,Missing
2024-11-30,HistGBM,Unknown,146381,Unknown,0,5,0.0007722007722007722,0.0007625340951208672,0.0007722007722007722,1,1.0,0.0,Missing
2024-11-30,HistGBM,Unknown,150930,Unknown,0,5,0.0007722007722007722,0.0007625340951208672,0.0007722007722007722,1,1.0,0.0,Missing
2024-11-30,HistGBM,Unknown,150892,Unknown,0,5,0.0007722007722007722,0.0007625340951208672,0.0007722007722007722,1,1.0,0.0,Missing
2024-11-30,HistGBM,Unknown,151160,Unknown,0,5,0.0007722007722007722,0.0007625340951208672,0.0007722007722007722,1,1.0,0.0,Missing
2024-11-30,HistGBM,Unknown,150902,Unknown,0,5,0.0007722007722007722,0.0,0.0007722007722007722,1,1.0,0.0,Missing
2024-11-30,HistGBM,Unknown,150899,Unknown,0,5,0.0007722007722007722,0.0007625340951208672,0.0007722007722007722,1,1.0,0.0,Missing
2024-11-30,HistGBM,Unknown,150639,Unknown,0,5,0.0007722007722007722,0.0,0.0007722007722007722,1,1.0,0.0,Missing
2024-11-30,HistGBM,Unknown,150636,Unknown,0,5,0.0007722007722007722,0.0,0.0007658862139148878,1,0.9918226470197796,-0.008177352980220405,OK
2024-11-30,HistGBM,Unknown,151649,Unknown,0,5,0.0007722007722007722,0.0007625340951208672,0.0007722007722007722,1,1.0,0.0,Missing
2024-11-30,HistGBM,Unknown,151727,Unknown,0,5,0.0007722007722007722,0.0007625340951208672,0.0007722007722007722,1,1.0,0.0,Missing
2024-11-30,HistGBM,Unknown,150738,Unknown,0,5,0.0007722007722007722,0.0,0.0007722007722007722,1,1.0,0.0,Missing
2024-11-30,HistGBM,Unknown,150677,Unknown,0,5,0.0007722007722007722,0.0008203341349745213,0.0007733962222698314,1,1.0015481078394317,0.0015481078394317756,OK
2024-11-30,HistGBM,Unknown,147796,Unknown,0,5,0.0007722007722007722,0.0007625340951208672,0.0007722007722007722,1,1.0,0.0,Missing
2024-11-30,HistGBM,Unknown,148745,Unknown,0,5,0.0007722007722007722,0.0007625340951208672,0.0007722007722007722,1,1.0,0.0,Missing
2024-11-30,HistGBM,Unknown,149936,Unknown,0,5,0.0007722007722007722,0.0008301056419428152,0.0007856352949442251,1,1.0173977069527715,0.01739770695277164,OK
2024-11-30,HistGBM,Unknown,149892,Unknown,0,5,0.0007722007722007722,0.0007625340951208672,0.0007722007722007722,1,1.0,0.0,Missing
2024-11-30,HistGBM,Unknown,149894,Unknown,0,5,0.0007722007722007722,0.0008224848826446622,0.0007679504519318675,1,0.9944958352517684,-0.005504164748231549,OK
2024-11-30,HistGBM,Unknown,149343,Unknown,0,5,0.0007722007722007722,0.0007625340951208672,0.0007722007722007722,1,1.0,0.0,Missing
2024-11-30,HistGBM,Unknown,149447,Unknown,0,5,0.0007722007722007722,0.0007625340951208672,0.0007722007722007722,1,1.0,0.0,Missing
2024-11-30,HistGBM,Unknown,149219,Unknown,0,5,0.0007722007722007722,0.0,0.0007722007722007722,1,1.0,0.0,Missing
2024-11-30,HistGBM,Unknown,148555,Unknown,0,5,0.0007722007722007722,0.0007625340951208672,0.0007722007722007722,1,1.0,0.0,Missing
2024-11-30,HistGBM,Unknown,149283,Unknown,0,5,0.0007722007722007722,0.0007625340951208672,0.0007722007722007722,1,1.0,0.0,Missing
2024-11-30,HistGBM,Unknown,149288,Unknown,0,5,0.0007722007722007722,0.0007625340951208672,0.0007722007722007722,1,1.0,0.0,Missing
2024-11-30,HistGBM,Unknown,148945,Unknown,0,5,0.0007722007722007722,0.0008316754188760288,0.0007427613334682044,1,0.9618759268413247,-0.03812407315867529,OK
2024-11-30,HistGBM,Unknown,148721,Unknown,0,5,0.0007722007722007722,0.0007625340951208672,0.0007722007722007722,1,1.0,0.0,Missing
2024-11-30,HistGBM,Unknown,143341,Unknown,0,5,0.0007722007722007722,0.0007625340951208672,0.0007722007722007722,1,1.0,0.0,Missing
2024-11-30,HistGBM,Unknown,119251,Unknown,0,5,0.0045045045045045045,0.004448115554871726,0.0045045045045045045,1,1.0,0.0,Missing
2024-11-30,HistGBM,Unknown,119255,Unknown,0,5,0.0045045045045045045,0.0,0.0045045045045045045,1,1.0,0.0,Missing
2024-11-30,HistGBM,Unknown,146575,Unknown,0,5,0.0045045045045045045,0.004448115554871726,0.0045045045045045045,1,1.0,0.0,Missing
2024-11-30,HistGBM,Unknown,147826,Unknown,0,5,0.0045045045045045045,0.004811372398683727,0.0045045045045045045,1,1.0,0.0,OK
2024-11-30,HistGBM,Unknown,147825,Unknown,0,5,0.0045045045045045045,0.0,0.004465474648960887,1,0.991335372069317,-0.008664627930683063,OK
2024-11-30,HistGBM,Unknown,133630,Unknown,0,5,0.0045045045045045045,0.004448115554871726,0.0045045045045045045,1,1.0,0.0,Missing
2024-11-30,HistGBM,Unknown,119739,Unknown,0,5,0.005405405405405406,0.005337738665846071,0.005405405405405406,1,1.0,0.0,Missing
2024-11-30,HistGBM,Unknown,119498,Unknown,0,5,0.005405405405405406,0.005337738665846071,0.005405405405405406,1,1.0,0.0,Missing
2024-11-30,HistGBM,Unknown,120510,Unknown,0,5,0.005405405405405406,0.0,0.005438613321420706,1,1.0061434644628307,0.006143464462830558,OK
2024-11-30,HistGBM,Unknown,118407,Unknown,0,5,0.005405405405405406,0.0,0.0054347135487652675,1,1.0054220065215744,0.0054220065215743775,OK
2024-11-30,HistGBM,Unknown,148729,Unknown,0,5,0.005405405405405406,0.005337738665846071,0.005405405405405406,1,1.0,0.0,Missing
2024-11-30,HistGBM,Unknown,118551,Unknown,0,5,0.002702702702702703,0.0,0.002702702702702703,1,1.0,0.0,Missing
2024-11-30,HistGBM,Unknown,150751,Unknown,0,5,0.002702702702702703,0.003027094681407829,0.0027861965764076997,1,1.0308927332708488,0.030892733270848946,OK
2024-11-30,HistGBM,Unknown,148063,Unknown,0,5,0.002702702702702703,0.0,0.002702702702702703,1,1.0,0.0,Missing
2024-11-30,HistGBM,Unknown,148760,Unknown,0,5,0.002702702702702703,0.003016213071028694,0.0026274810041358085,1,0.972167971530249,-0.02783202846975096,OK
2024-11-30,HistGBM,Unknown,149910,Unknown,0,5,0.002702702702702703,0.0026688693329230354,0.002702702702702703,1,1.0,0.0,Missing
2024-11-30,HistGBM,Unknown,149961,Unknown,0,5,0.002702702702702703,0.0026688693329230354,0.002702702702702703,1,1.0,0.0,Missing
2024-11-30,HistGBM,Unknown,149059,Unknown,0,5,0.002702702702702703,0.0,0.002702702702702703,1,1.0,0.0,Missing
2024-11-30,HistGBM,Unknown,149098,Unknown,0,5,0.002702702702702703,0.0,0.002702702702702703,1,1.0,0.0,Missing
2024-11-30,HistGBM,Unknown,149830,Unknown,0,5,0.002702702702702703,0.0,0.002702702702702703,1,1.0,0.0,Missing
2024-11-30,HistGBM,Unknown,148614,Unknown,0,5,0.002702702702702703,0.0026688693329230354,0.002702702702702703,1,1.0,0.0,Missing
2024-11-30,HistGBM,Unknown,120403,Unknown,0,5,0.0045045045045045045,0.004448115554871726,0.0045045045045045045,1,1.0,0.0,Missing
2024-11-30,HistGBM,Unknown,151036,Unknown,0,5,0.0045045045045045045,0.004448115554871726,0.0045045045045045045,1,1.0,0.0,Missing
2024-11-30,HistGBM,Unknown,118665,Unknown,0,5,0.0045045045045045045,0.004448115554871726,0.0045045045045045045,1,1.0,0.0,Missing
2024-11-30,HistGBM,Unknown,119775,Unknown,0,5,0.0045045045045045045,0.0,0.0045045045045045045,1,1.0,0.0,Missing
2024-11-30,HistGBM,Unknown,140228,Unknown,0,5,0.0045045045045045045,0.004448115554871726,0.0045045045045045045,1,1.0,0.0,Missing
2024-11-30,HistGBM,Unknown,127042,Unknown,0,5,0.0045045045045045045,0.004448115554871726,0.0045045045045045045,1,1.0,0.0,Missing
2024-11-30,HistGBM,Unknown,148474,Unknown,0,5,0.0045045045045045045,0.0,0.0045045045045045045,1,1.0,0.0,Missing
2024-11-30,HistGBM,Unknown,147704,Unknown,0,5,0.0045045045045045045,0.004448115554871726,0.0045045045045045045,1,1.0,0.0,Missing
2024-11-30,HistGBM,Unknown,146772,Unknown,0,5,0.0045045045045045045,0.004448115554871726,0.0045045045045045045,1,1.0,0.0,Missing
2024-11-30,HistGBM,Unknown,120357,Unknown,0,5,0.0045045045045045045,0.004448115554871726,0.0045045045045045045,1,1.0,0.0,Missing
2024-11-30,HistGBM,Unknown,119218,Unknown,0,5,0.0045045045045045045,0.004448115554871726,0.0045045045045045045,1,1.0,0.0,Missing
2024-11-30,HistGBM,Unknown,133710,Unknown,0,5,0.0045045045045045045,0.004448115554871726,0.0045045045045045045,1,1.0,0.0,Missing
2024-11-30,HistGBM,Unknown,120447,Unknown,0,5,0.005405405405405406,0.005779720600417136,0.005432210169327857,1,1.0049588813256536,0.004958881325653673,OK
2024-11-30,HistGBM,Unknown,119605,Unknown,0,5,0.005405405405405406,0.005337738665846071,0.005405405405405406,1,1.0,0.0,Missing
2024-11-30,HistGBM,Unknown,138472,Unknown,0,5,0.005405405405405406,0.005337738665846071,0.005405405405405406,1,1.0,0.0,Missing
2024-11-30,HistGBM,Unknown,140298,Unknown,0,5,0.005405405405405406,0.005337738665846071,0.005405405405405406,1,1.0,0.0,Missing
2024-11-30,HistGBM,Unknown,119099,Unknown,0,5,0.005405405405405406,0.005337738665846071,0.005405405405405406,1,1.0,0.0,Missing
2024-11-30,HistGBM,Unknown,150316,Unknown,0,5,0.0045045045045045045,0.0,0.0045045045045045045,1,1.0,0.0,Missing
2024-11-30,HistGBM,Unknown,151493,Unknown,0,5,0.0045045045045045045,0.004448115554871726,0.0045045045045045045,1,1.0,0.0,Missing
2024-11-30,HistGBM,Unknown,149017,Unknown,0,5,0.0045045045045045045,0.004448115554871726,0.0045045045045045045,1,1.0,0.0,Missing
2024-11-30,HistGBM,Unknown,149190,Unknown,0,5,0.0045045045045045045,0.004448115554871726,0.0045045045045045045,1,1.0,0.0,Missing
2024-11-30,HistGBM,Unknown,149062,Unknown,0,5,0.0045045045045045045,0.004448115554871726,0.0045045045045045045,1,1.0,0.0,Missing
2024-11-30,HistGBM,Unknown,150002,Unknown,0,5,0.0045045045045045045,0.0,0.0045045045045045045,1,1.0,0.0,Missing
2024-11-30,HistGBM,Unknown,120416,Unknown,0,5,0.0033783783783783786,0.0,0.0033783783783783786,1,1.0,0.0,Missing
2024-11-30,HistGBM,Unknown,120079,Unknown,0,5,0.0033783783783783786,0.0033360866661537943,0.0033783783783783786,1,1.0,0.0,Missing
2024-11-30,HistGBM,Unknown,151078,Unknown,0,5,0.0033783783783783786,0.0033360866661537943,0.0033783783783783786,1,1.0,0.0,Missing
2024-11-30,HistGBM,Unknown,150587,Unknown,0,5,0.0033783783783783786,0.0033360866661537943,0.0033783783783783786,1,1.0,0.0,Missing
2024-11-30,HistGBM,Unknown,120494,Unknown,0,5,0.0033783783783783786,0.0033360866661537943,0.0033783783783783786,1,1.0,0.0,Missing
2024-11-30,HistGBM,Unknown,119242,Unknown,0,5,0.0033783783783783786,0.0033360866661537943,0.0033783783783783786,1,1.0,0.0,Missing
2024-11-30,HistGBM,Unknown,133386,Unknown,0,5,0.0033783783783783786,0.0033360866661537943,0.0033783783783783786,1,1.0,0.0,Missing
2024-11-30,HistGBM,Unknown,150159,Unknown,0,5,0.0033783783783783786,0.0033360866661537943,0.0033783783783783786,1,1.0,0.0,Missing
2024-11-30,HistGBM,Unknown,119735,Unknown,0,5,0.009009009009009009,0.008896231109743451,0.009009009009009009,1,1.0,0.0,Missing
2024-11-30,HistGBM,Unknown,119393,Unknown,0,5,0.009009009009009009,0.008896231109743451,0.009009009009009009,1,1.0,0.0,Missing
2024-11-30,HistGBM,Unknown,119069,Unknown,0,5,0.009009009009009009,0.0,0.009009009009009009,1,1.0,0.0,Missing
2024-11-30,HistGBM,Unknown,152018,Unknown,0,5,0.005405405405405406,0.005337738665846071,0.005405405405405406,1,1.0,0.0,Missing
2024-11-30,HistGBM,Unknown,151113,Unknown,0,5,0.005405405405405406,0.005337738665846071,0.005405405405405406,1,1.0,0.0,Missing
2024-11-30,HistGBM,Unknown,120486,Unknown,0,5,0.005405405405405406,0.005337738665846071,0.005405405405405406,1,1.0,0.0,Missing
2024-11-30,HistGBM,Unknown,149166,Unknown,0,5,0.005405405405405406,0.00579116258059997,0.00541947465424821,1,1.0026028110359189,0.002602811035918829,OK
2024-11-30,HistGBM,Unknown,118784,Unknown,0,5,0.005405405405405406,0.0,0.005405405405405406,1,1.0,0.0,Missing
2024-11-30,HistGBM,Unknown,120038,Unknown,0,5,0.0033783783783783786,0.0036154664410498446,0.003398259206710094,1,1.0058847251861878,0.005884725186187776,OK
2024-11-30,HistGBM,Unknown,118701,Unknown,0,5,0.0033783783783783786,0.0033360866661537943,0.0033783783783783786,1,1.0,0.0,Missing
2024-11-30,HistGBM,Unknown,119568,Unknown,0,5,0.0033783783783783786,0.0,0.0033783783783783786,1,1.0,0.0,Missing
2024-11-30,HistGBM,Unknown,119369,Unknown,0,5,0.0033783783783783786,0.0,0.0033984514862511637,1,1.0059416399303445,0.0059416399303443565,OK
2024-11-30,HistGBM,Unknown,118859,Unknown,0,5,0.0033783783783783786,0.0036155409713578236,0.0033985242394706586,1,1.0059631748833149,0.005963174883314884,OK
2024-11-30,HistGBM,Unknown,139538,Unknown,0,5,0.0033783783783783786,0.0033360866661537943,0.0033986256967704228,1,1.005993206244045,0.005993206244045191,OK
2024-11-30,HistGBM,Unknown,149664,Unknown,0,5,0.0033783783783783786,0.0033360866661537943,0.0033783783783783786,1,1.0,0.0,Missing
2024-11-30,HistGBM,Unknown,119125,Unknown,0,5,0.0033783783783783786,0.0033360866661537943,0.0033783783783783786,1,1.0,0.0,Missing
2024-11-30,HistGBM,Unknown,152094,Unknown,0,5,0.005405405405405406,0.005337738665846071,0.005405405405405406,1,1.0,0.0,Missing
2024-11-30,HistGBM,Unknown,120413,Unknown,0,5,0.005405405405405406,0.005337738665846071,0.005405405405405406,1,1.0,0.0,Missing
2024-11-30,HistGBM,Unknown,119354,Unknown,0,5,0.005405405405405406,0.005337738665846071,0.005405405405405406,1,1.0,0.0,Missing
2024-11-30,HistGBM,Unknown,150659,Unknown,0,5,0.005405405405405406,0.005337738665846071,0.005405405405405406,1,1.0,0.0,Missing
2024-11-30,HistGBM,Unknown,149383,Unknown,0,5,0.005405405405405406,0.005841051208046596,0.005476064299593713,1,1.0130718954248368,0.01307189542483671,OK
2024-11-30,HistGBM,Unknown,120524,Unknown,0,5,0.009009009009009009,0.0,0.008953578692423992,1,0.993847234859063,-0.00615276514093696,OK
2024-11-30,HistGBM,Unknown,148457,Unknown,0,5,0.009009009009009009,0.0,0.009009009009009009,1,1.0,0.0,Missing
2024-11-30,HistGBM,Unknown,120760,Unknown,0,5,0.009009009009009009,0.008896231109743451,0.009009009009009009,1,1.0,0.0,Missing
2024-11-30,HistGBM,Unknown,152135,Unknown,0,5,0.0033783783783783786,0.0,0.0033783783783783786,1,1.0,0.0,Missing
2024-11-30,HistGBM,Unknown,150346,Unknown,0,5,0.0033783783783783786,0.0,0.0033783783783783786,1,1.0,0.0,Missing
2024-11-30,HistGBM,Unknown,151796,Unknown,0,5,0.0033783783783783786,0.0033360866661537943,0.0033783783783783786,1,1.0,0.0,Missing
2024-11-30,HistGBM,Unknown,120046,Unknown,0,5,0.0033783783783783786,0.0033360866661537943,0.0033783783783783786,1,1.0,0.0,Missing
2024-11-30,HistGBM,Unknown,151379,Unknown,0,5,0.0033783783783783786,0.0033360866661537943,0.0033783783783783786,1,1.0,0.0,Missing
2024-11-30,HistGBM,Unknown,129046,Unknown,0,5,0.0033783783783783786,0.0033360866661537943,0.0033783783783783786,1,1.0,0.0,Missing
2024-11-30,HistGBM,Unknown,140353,Unknown,0,5,0.0033783783783783786,0.0033360866661537943,0.0033783783783783786,1,1.0,0.0,Missing
2024-11-30,HistGBM,Unknown,149763,Unknown,0,5,0.0033783783783783786,0.0033360866661537943,0.0033783783783783786,1,1.0,0.0,Missing
2024-11-30,HistGBM,Unknown,145810,Unknown,0,5,0.003861003861003861,0.003812670475604336,0.003861003861003861,1,1.0,0.0,Missing
2024-11-30,HistGBM,Unknown,146980,Unknown,0,5,0.003861003861003861,0.003812670475604336,0.003861003861003861,1,1.0,0.0,Missing
2024-11-30,HistGBM,Unknown,146675,Unknown,0,5,0.003861003861003861,0.003812670475604336,0.003861003861003861,1,1.0,0.0,Missing
2024-11-30,HistGBM,Unknown,147951,Unknown,0,5,0.003861003861003861,0.003812670475604336,0.0038828238866678733,1,1.0056513866469792,0.005651386646979143,OK
2024-11-30,HistGBM,Unknown,147736,Unknown,0,5,0.003861003861003861,0.0041301090835187595,0.003882492170106441,1,1.0055654720575682,0.005565472057568268,OK
2024-11-30,HistGBM,Unknown,147287,Unknown,0,5,0.003861003861003861,0.004130067029453794,0.0038826184564798648,1,1.005598180228285,0.005598180228284873,OK
2024-11-30,HistGBM,Unknown,149797,Unknown,0,5,0.003861003861003861,0.0,0.0038824603540085637,1,1.005557231688218,0.005557231688217873,OK
2024-11-30,HistGBM,Unknown,120425,Unknown,0,5,0.009009009009009009,0.008896231109743451,0.009009009009009009,1,1.0,0.0,Missing
2024-11-30,HistGBM,Unknown,147269,Unknown,0,5,0.009009009009009009,0.0,0.009009009009009009,1,1.0,0.0,Missing
2024-11-30,HistGBM,Unknown,118508,Unknown,0,5,0.009009009009009009,0.008896231109743451,0.009009009009009009,1,1.0,0.0,Missing
2024-11-30,HistGBM,Unknown,147446,Unknown,0,5,0.0045045045045045045,0.004448115554871726,0.0045045045045045045,1,1.0,0.0,Missing
2024-11-30,HistGBM,Unknown,120674,Unknown,0,5,0.0045045045045045045,0.004448115554871726,0.0045045045045045045,1,1.0,0.0,Missing
2024-11-30,HistGBM,Unknown,120484,Unknown,0,5,0.0045045045045045045,0.004448115554871726,0.0045045045045045045,1,1.0,0.0,Missing
2024-11-30,HistGBM,Unknown,133035,Unknown,0,5,0.0045045045045045045,0.004448115554871726,0.0045045045045045045,1,1.0,0.0,Missing
2024-11-30,HistGBM,Unknown,143537,Unknown,0,5,0.0045045045045045045,0.004448115554871726,0.0045045045045045045,1,1.0,0.0,Missing
2024-11-30,HistGBM,Unknown,140382,Unknown,0,5,0.0045045045045045045,0.0,0.004553218471948038,1,1.0108145007724645,0.010814500772464411,OK
2024-11-30,HistGBM,Unknown,150251,Unknown,0,5,0.0045045045045045045,0.005337738665846071,0.0045045045045045045,1,1.0,0.0,Missing
2024-11-30,HistGBM,Unknown,120401,Unknown,0,5,0.0045045045045045045,0.005337738665846071,0.0045045045045045045,1,1.0,0.0,Missing
2024-11-30,HistGBM,Unknown,148401,Unknown,0,5,0.0045045045045045045,0.005337738665846071,0.0045045045045045045,1,1.0,0.0,Missing
2024-11-30,HistGBM,Unknown,119771,Unknown,0,5,0.0045045045045045045,0.005337738665846071,0.0045045045045045045,1,1.0,0.0,Missing
2024-11-30,HistGBM,Unknown,120795,Unknown,0,5,0.0045045045045045045,0.0,0.0045045045045045045,1,1.0,0.0,Missing
2024-11-30,HistGBM,Unknown,130206,Unknown,0,5,0.0045045045045045045,0.005337738665846071,0.0045045045045045045,1,1.0,0.0,Missing
2024-11-30,HistGBM,Unknown,152162,Unknown,0,5,0.005405405405405406,0.0,0.005405405405405406,1,1.0,0.0,Missing
2024-11-30,HistGBM,Unknown,120444,Unknown,0,5,0.005405405405405406,0.0,0.005405405405405406,1,1.0,0.0,Missing
2024-11-30,HistGBM,Unknown,120338,Unknown,0,5,0.005405405405405406,0.005337738665846071,0.005405405405405406,1,1.0,0.0,Missing
2024-11-30,HistGBM,Unknown,123693,Unknown,0,5,0.005405405405405406,0.005337738665846071,0.005405405405405406,1,1.0,0.0,Missing
2024-11-30,HistGBM,Unknown,134552,Unknown,0,5,0.005405405405405406,0.005337738665846071,0.005405405405405406,1,1.0,0.0,Missing
2024-11-30,HistGBM,Unknown,152004,Unknown,0,5,0.0045045045045045045,0.005337738665846071,0.0045045045045045045,1,1.0,0.0,Missing
2024-11-30,HistGBM,Unknown,145678,Unknown,0,5,0.0045045045045045045,0.005337738665846071,0.0045045045045045045,1,1.0,0.0,Missing
2024-11-30,HistGBM,Unknown,147946,Unknown,0,5,0.0045045045045045045,0.00580319443574883,0.00450007695088196,1,0.9990170830957952,-0.0009829169042048626,OK
2024-11-30,HistGBM,Unknown,120828,Unknown,0,5,0.0045045045045045045,0.0,0.0045045045045045045,1,1.0,0.0,Missing
2024-11-30,HistGBM,Unknown,145137,Unknown,0,5,0.0045045045045045045,0.005337738665846071,0.0045045045045045045,1,1.0,0.0,Missing
2024-11-30,HistGBM,Unknown,145206,Unknown,0,5,0.0045045045045045045,0.005337738665846071,0.0045045045045045045,1,1.0,0.0,Missing
2024-11-30,HistGBM,Unknown,147567,Unknown,0,5,0.005405405405405406,0.005785792331173706,0.005438070019272648,1,1.0060429535654398,0.006042953565439858,OK
2024-11-30,HistGBM,Unknown,118715,Unknown,0,5,0.005405405405405406,0.0,0.005405405405405406,1,1.0,0.0,Missing
2024-11-30,HistGBM,Unknown,119424,Unknown,0,5,0.005405405405405406,0.005337738665846071,0.005405405405405406,1,1.0,0.0,Missing
2024-11-30,HistGBM,Unknown,119511,Unknown,0,5,0.005405405405405406,0.005337738665846071,0.005405405405405406,1,1.0,0.0,Missing
2024-11-30,HistGBM,Unknown,149112,Unknown,0,5,0.005405405405405406,0.005337738665846071,0.005405405405405406,1,1.0,0.0,Missing
2024-11-30,HistGBM,Unknown,150376,Unknown,0,5,0.0045045045045045045,0.004448115554871726,0.0045045045045045045,1,1.0,0.0,Missing
2024-11-30,HistGBM,Unknown,147757,Unknown,0,5,0.0045045045045045045,0.0,0.0045045045045045045,1,1.0,0.0,Missing
2024-11-30,HistGBM,Unknown,148411,Unknown,0,5,0.0045045045045045045,0.0,0.0045045045045045045,1,1.0,0.0,Missing
2024-11-30,HistGBM,Unknown,148481,Unknown,0,5,0.0045045045045045045,0.004448115554871726,0.0045045045045045045,1,1.0,0.0,Missing
2024-11-30,HistGBM,Unknown,118421,Unknown,0,5,0.0045045045045045045,0.004908189637050252,0.004580771015392767,1,1.0169311654171942,0.016931165417194083,OK
2024-11-30,HistGBM,Unknown,148883,Unknown,0,5,0.0045045045045045045,0.0,0.0045045045045045045,1,1.0,0.0,Missing
2024-11-30,HistGBM,Unknown,120084,Unknown,0,5,0.005405405405405406,0.0,0.005405405405405406,1,1.0,0.0,Missing
2024-11-30,HistGBM,Unknown,119755,Unknown,0,5,0.005405405405405406,0.005337738665846071,0.005405405405405406,1,1.0,0.0,Missing
2024-11-30,HistGBM,Unknown,122715,Unknown,0,5,0.005405405405405406,0.005337738665846071,0.005405405405405406,1,1.0,0.0,Missing
2024-11-30,HistGBM,Unknown,119239,Unknown,0,5,0.005405405405405406,0.005337738665846071,0.005405405405405406,1,1.0,0.0,Missing
2024-11-30,HistGBM,Unknown,134494,Unknown,0,5,0.005405405405405406,0.005337738665846071,0.005405405405405406,1,1.0,0.0,Missing
2024-11-30,HistGBM,Unknown,120711,Unknown,0,5,0.009009009009009009,0.008896231109743451,0.009009009009009009,1,1.0,0.0,Missing
2024-11-30,HistGBM,Unknown,128051,Unknown,0,5,0.009009009009009009,0.008896231109743451,0.009009009009009009,1,1.0,0.0,Missing
2024-11-30,HistGBM,Unknown,133488,Unknown,0,5,0.009009009009009009,0.008896231109743451,0.009009009009009009,1,1.0,0.0,Missing
2024-11-30,HistGBM,Unknown,119539,Unknown,0,5,0.009009009009009009,0.008896231109743451,0.009009009009009009,1,1.0,0.0,Missing
2024-11-30,HistGBM,Unknown,151146,Unknown,0,5,0.009009009009009009,0.008896231109743451,0.009009009009009009,1,1.0,0.0,Missing
2024-11-30,HistGBM,Unknown,120475,Unknown,0,5,0.009009009009009009,0.009655762725649976,0.009065038649617559,1,1.006219290107549,0.00621929010754896,OK
2024-11-30,HistGBM,Unknown,120676,Unknown,0,5,0.005405405405405406,0.005337738665846071,0.005405405405405406,1,1.0,0.0,Missing
2024-11-30,HistGBM,Unknown,148529,Unknown,0,5,0.005405405405405406,0.005337738665846071,0.005405405405405406,1,1.0,0.0,Missing
2024-11-30,HistGBM,Unknown,119501,Unknown,0,5,0.005405405405405406,0.005337738665846071,0.005405405405405406,1,1.0,0.0,Missing
2024-11-30,HistGBM,Unknown,143494,Unknown,0,5,0.005405405405405406,0.005337738665846071,0.005405405405405406,1,1.0,0.0,Missing
2024-11-30,HistGBM,Unknown,144754,Unknown,0,5,0.005405405405405406,0.00578583698318892,0.005437803882785568,1,1.00599371831533,0.005993718315329924,OK
2024-11-30,HistGBM,Unknown,118632,Unknown,0,5,0.0045045045045045045,0.004448115554871726,0.0045045045045045045,1,1.0,0.0,Missing
2024-11-30,HistGBM,Unknown,120030,Unknown,0,5,0.0045045045045045045,0.0,0.0045045045045045045,1,1.0,0.0,Missing
2024-11-30,HistGBM,Unknown,150797,Unknown,0,5,0.0045045045045045045,0.004448115554871726,0.0045045045045045045,1,1.0,0.0,Missing
2024-11-30,HistGBM,Unknown,120392,Unknown,0,5,0.0045045045045045045,0.004448115554871726,0.0045045045045045045,1,1.0,0.0,Missing
2024-11-30,HistGBM,Unknown,118479,Unknown,0,5,0.0045045045045045045,0.0,0.004467496778429999,1,0.9917842848114599,-0.008215715188540109,OK
2024-11-30,HistGBM,Unknown,118269,Unknown,0,5,0.0045045045045045045,0.0,0.0045045045045045045,1,1.0,0.0,Missing
2024-11-30,HistGBM,Unknown,120700,Unknown,0,5,0.0018018018018018018,0.0017792462219486903,0.0018018018018018018,1,1.0,0.0,Missing
2024-11-30,HistGBM,Unknown,148500,Unknown,0,5,0.0018018018018018018,0.0,0.0018018018018018018,1,1.0,0.0,Missing
2024-11-30,HistGBM,Unknown,150344,Unknown,0,5,0.0018018018018018018,0.0017792462219486903,0.0018018018018018018,1,1.0,0.0,Missing
2024-11-30,HistGBM,Unknown,145552,Unknown,0,5,0.0018018018018018018,0.0017792462219486903,0.0018018018018018018,1,1.0,0.0,Missing
2024-11-30,HistGBM,Unknown,148035,Unknown,0,5,0.0018018018018018018,0.0017792462219486903,0.0018018018018018018,1,1.0,0.0,Missing
2024-11-30,HistGBM,Unknown,120242,Unknown,0,5,0.0018018018018018018,0.0017792462219486903,0.0018018018018018018,1,1.0,0.0,Missing
2024-11-30,HistGBM,Unknown,119777,Unknown,0,5,0.0018018018018018018,0.0,0.0018018018018018018,1,1.0,0.0,Missing
2024-11-30,HistGBM,Unknown,149381,Unknown,0,5,0.0018018018018018018,0.0017792462219486903,0.0018018018018018018,1,1.0,0.0,Missing
2024-11-30,HistGBM,Unknown,149170,Unknown,0,5,0.0018018018018018018,0.0,0.0018018018018018018,1,1.0,0.0,Missing
2024-11-30,HistGBM,Unknown,149331,Unknown,0,5,0.0018018018018018018,0.0,0.0018018018018018018,1,1.0,0.0,Missing
2024-11-30,HistGBM,Unknown,112039,Unknown,0,5,0.0018018018018018018,0.0017792462219486903,0.0018018018018018018,1,1.0,0.0,Missing
2024-11-30,HistGBM,Unknown,132186,Unknown,0,5,0.0018018018018018018,0.0017792462219486903,0.0018018018018018018,1,1.0,0.0,Missing
2024-11-30,HistGBM,Unknown,148928,Unknown,0,5,0.0018018018018018018,0.0,0.0018018018018018018,1,1.0,0.0,Missing
2024-11-30,HistGBM,Unknown,148642,Unknown,0,5,0.0018018018018018018,0.0017792462219486903,0.0018018018018018018,1,1.0,0.0,Missing
2024-11-30,HistGBM,Unknown,129200,Unknown,0,5,0.0018018018018018018,0.0,0.0018018018018018018,1,1.0,0.0,Missing
2024-11-30,HistGBM,Unknown,119533,Unknown,0,5,0.005405405405405406,0.0,0.005405405405405406,1,1.0,0.0,Missing
2024-11-30,HistGBM,Unknown,149361,Unknown,0,5,0.005405405405405406,0.0,0.005405405405405406,1,1.0,0.0,Missing
2024-11-30,HistGBM,Unknown,118987,Unknown,0,5,0.005405405405405406,0.005337738665846071,0.005405405405405406,1,1.0,0.0,Missing
2024-11-30,HistGBM,Unknown,118807,Unknown,0,5,0.005405405405405406,0.005337738665846071,0.005405405405405406,1,1.0,0.0,Missing
2024-11-30,HistGBM,Unknown,141588,Unknown,0,5,0.005405405405405406,0.005788846649890414,0.00543642279965024,1,1.0057382179352943,0.005738217935294354,OK
2024-11-30,HistGBM,Unknown,118615,Unknown,0,5,0.0045045045045045045,0.004448115554871726,0.0045045045045045045,1,1.0,0.0,Missing
2024-11-30,HistGBM,Unknown,151267,Unknown,0,5,0.0045045045045045045,0.004448115554871726,0.0045045045045045045,1,1.0,0.0,Missing
2024-11-30,HistGBM,Unknown,120333,Unknown,0,5,0.0045045045045045045,0.004448115554871726,0.0045045045045045045,1,1.0,0.0,Missing
2024-11-30,HistGBM,Unknown,141642,Unknown,0,5,0.0045045045045045045,0.004827609173512671,0.004486502488278687,1,0.9960035523978685,-0.003996447602131433,OK
2024-11-30,HistGBM,Unknown,149717,Unknown,0,5,0.0045045045045045045,0.0,0.0045045045045045045,1,1.0,0.0,Missing
2024-11-30,HistGBM,Unknown,145396,Unknown,0,5,0.0045045045045045045,0.004448115554871726,0.0045045045045045045,1,1.0,0.0,Missing
2024-11-30,HistGBM,Unknown,146457,Unknown,0,5,0.005405405405405406,0.005337738665846071,0.005405405405405406,1,1.0,0.0,Missing
2024-11-30,HistGBM,Unknown,134643,Unknown,0,5,0.005405405405405406,0.0,0.0054146897292379585,1,1.0017175999090222,0.0017175999090221427,OK
2024-11-30,HistGBM,Unknown,131373,Unknown,0,5,0.005405405405405406,0.005337738665846071,0.005405405405405406,1,1.0,0.0,Missing
2024-11-30,HistGBM,Unknown,135120,Unknown,0,5,0.005405405405405406,0.005807026242873526,0.005405405405405406,1,1.0,0.0,OK
2024-11-30,HistGBM,Unknown,149679,Unknown,0,5,0.005405405405405406,0.005337738665846071,0.005405405405405406,1,1.0,0.0,Missing
2024-11-30,HistGBM,Unknown,151620,Unknown,0,5,0.0022522522522522522,0.002224057777435863,0.0022522522522522522,1,1.0,0.0,Missing
2024-11-30,HistGBM,Unknown,151708,Unknown,0,5,0.0022522522522522522,0.002224057777435863,0.0022522522522522522,1,1.0,0.0,Missing
2024-11-30,HistGBM,Unknown,147248,Unknown,0,5,0.0022522522522522522,0.0,0.002261826571283576,1,1.0042509976499079,0.004250997649907806,OK
2024-11-30,HistGBM,Unknown,151485,Unknown,0,5,0.0022522522522522522,0.002224057777435863,0.0022522522522522522,1,1.0,0.0,Missing
2024-11-30,HistGBM,Unknown,149307,Unknown,0,5,0.0022522522522522522,0.002408211921900321,0.0022632689503865456,1,1.0048914139716263,0.004891413971626383,OK
2024-11-30,HistGBM,Unknown,149345,Unknown,0,5,0.0022522522522522522,0.0024078915686251913,0.002263502415123497,1,1.0049950723148326,0.004995072314832634,OK
2024-11-30,HistGBM,Unknown,149878,Unknown,0,5,0.0022522522522522522,0.0,0.002264078257818078,1,1.0052507464712268,0.005250746471226895,OK
2024-11-30,HistGBM,Unknown,149460,Unknown,0,5,0.0022522522522522522,0.0024080805676650876,0.0022641510863938724,1,1.0052830823588794,0.0052830823588793895,OK
2024-11-30,HistGBM,Unknown,149129,Unknown,0,5,0.0022522522522522522,0.002224057777435863,0.0022522522522522522,1,1.0,0.0,Missing
2024-11-30,HistGBM,Unknown,149431,Unknown,0,5,0.0022522522522522522,0.002408010648849647,0.0022636183876027136,1,1.0050465640956048,0.005046564095604815,OK
2024-11-30,HistGBM,Unknown,149993,Unknown,0,5,0.0022522522522522522,0.0024093707537077087,0.0022636244736299713,1,1.0050492662917072,0.005049266291707295,OK
2024-11-30,HistGBM,Unknown,149279,Unknown,0,5,0.0022522522522522522,0.0024083525025717454,0.002263267142721542,1,1.0048906113683647,0.004890611368364615,OK
2024-11-30,HistGBM,Unknown,120154,Unknown,0,5,0.006756756756756757,0.0,0.006756756756756757,1,1.0,0.0,Missing
2024-11-30,HistGBM,Unknown,119118,Unknown,0,5,0.006756756756756757,0.0066721733323075886,0.006756756756756757,1,1.0,0.0,Missing
2024-11-30,HistGBM,Unknown,118309,Unknown,0,5,0.006756756756756757,0.0,0.006756756756756757,1,1.0,0.0,Missing
2024-11-30,HistGBM,Unknown,120779,Unknown,0,5,0.006756756756756757,0.0066721733323075886,0.006756756756756757,1,1.0,0.0,Missing
2024-11-30,HistGBM,Unknown,120398,Unknown,0,5,0.006756756756756757,0.0,0.006756756756756757,1,1.0,0.0,Missing
2024-11-30,HistGBM,Unknown,118942,Unknown,0,5,0.006756756756756757,0.0066721733323075886,0.006756756756756757,1,1.0,0.0,Missing
2024-11-30,HistGBM,Unknown,133810,Unknown,0,5,0.006756756756756757,0.0066721733323075886,0.006756756756756757,1,1.0,0.0,Missing
2024-11-30,HistGBM,Unknown,118840,Unknown,0,5,0.006756756756756757,0.0066721733323075886,0.006756756756756757,1,1.0,0.0,Missing
2024-11-30,HistGBM,Unknown,132933,Unknown,0,5,0.009009009009009009,0.009731529991694994,0.008802531415298888,1,0.9770809870981765,-0.022919012901823577,OK
2024-11-30,HistGBM,Unknown,133364,Unknown,0,5,0.009009009009009009,0.009591606483197746,0.008759120148356694,1,0.972262336467593,-0.027737663532407,OK
2024-11-30,HistGBM,Unknown,136007,Unknown,0,5,0.009009009009009009,0.009674305958485613,0.008717044637970385,1,0.9675919548147128,-0.032408045185287206,OK
2024-12-31,HistGBM,Unknown,119788,Unknown,0,5,0.0017094017094017094,0.0,0.0018414704944144057,1,1.0772602392324273,0.07726023923242739,OK
2024-12-31,HistGBM,Unknown,129200,Unknown,0,5,0.0017094017094017094,0.0017849516440705988,0.0016343502706625027,1,0.9560949083375642,-0.04390509166243585,OK
2024-12-31,HistGBM,Unknown,119781,Unknown,0,5,0.0017094017094017094,0.0,0.0018400975348818274,1,1.076457057905869,0.07645705790586904,OK
2024-12-31,HistGBM,Unknown,119777,Unknown,0,5,0.0017094017094017094,0.0017849516440705988,0.0016894795856169462,1,0.9883455575859136,-0.011654442414086384,OK
2024-12-31,HistGBM,Unknown,149381,Unknown,0,5,0.0017094017094017094,0.0017849516440705988,0.0017094017094017094,1,1.0,0.0,Missing
2024-12-31,HistGBM,Unknown,148035,Unknown,0,5,0.0017094017094017094,0.0017849516440705988,0.001673546539008327,1,0.9790247253198713,-0.020975274680128744,OK
2024-12-31,HistGBM,Unknown,149170,Unknown,0,5,0.0017094017094017094,0.0017849516440705988,0.0016864644170917233,1,0.9865816839986581,-0.013418316001341886,OK
2024-12-31,HistGBM,Unknown,115132,Unknown,0,5,0.0017094017094017094,0.0,0.0018434061302043093,1,1.078392586169521,0.0783925861695209,OK
2024-12-31,HistGBM,Unknown,120685,Unknown,0,5,0.0017094017094017094,0.0,0.001844373023592375,1,1.0789582188015394,0.0789582188015394,OK
2024-12-31,HistGBM,Unknown,120700,Unknown,0,5,0.0017094017094017094,0.0017849516440705988,0.0016729221274887028,1,0.9786594445808912,-0.02134055541910882,OK
2024-12-31,HistGBM,Unknown,120473,Unknown,0,5,0.0017094017094017094,0.0,0.0018392509009665396,1,1.0759617770654257,0.07596177706542566,OK
2024-12-31,HistGBM,Unknown,150714,Unknown,0,5,0.0017094017094017094,0.0,0.001843404909008833,1,1.0783918717701673,0.07839187177016735,OK
2024-12-31,HistGBM,Unknown,148928,Unknown,0,5,0.0017094017094017094,0.0017849516440705988,0.0016909975776741367,1,0.9892335829393699,-0.010766417060630029,OK
2024-12-31,HistGBM,Unknown,150344,Unknown,0,5,0.0017094017094017094,0.0017849516440705988,0.0015976903680168686,1,0.9346488652898681,-0.06535113471013192,OK
2024-12-31,HistGBM,Unknown,145552,Unknown,0,5,0.0017094017094017094,0.0017849516440705988,0.001647813040527463,1,0.9639706287085659,-0.036029371291434145,OK
2024-12-31,HistGBM,Unknown,120403,Unknown,0,5,0.004273504273504273,0.004462379110176497,0.0038382495540610004,1,0.8981503956502742,-0.1018496043497258,OK
2024-12-31,HistGBM,Unknown,119775,Unknown,0,5,0.004273504273504273,0.004462379110176497,0.0039084930845521585,1,0.9145873817852053,-0.0854126182147947,OK
2024-12-31,HistGBM,Unknown,151036,Unknown,0,5,0.004273504273504273,0.004462379110176497,0.003691661309487655,1,0.8638487464201113,-0.13615125357988866,OK
2024-12-31,HistGBM,Unknown,150584,Unknown,0,5,0.004273504273504273,0.0,0.003890512721314558,1,0.9103799767876066,-0.08962002321239339,OK
2024-12-31,HistGBM,Unknown,140228,Unknown,0,5,0.004273504273504273,0.004462379110176497,0.0039169672329176005,1,0.9165703325027187,-0.08342966749728131,OK
2024-12-31,HistGBM,Unknown,127042,Unknown,0,5,0.004273504273504273,0.004462379110176497,0.003653168217250271,1,0.8548413628365635,-0.14515863716343644,OK
2024-12-31,HistGBM,Unknown,120385,Unknown,0,5,0.0008547008547008547,0.0,0.0008123669597606087,1,0.9504693429199121,-0.04953065708008786,OK
2024-12-31,HistGBM,Unknown,135810,Unknown,0,5,0.0008547008547008547,0.0008924758220352994,0.0007900333479444017,1,0.92433901709495,-0.07566098290505001,OK
2024-12-31,HistGBM,Unknown,152255,Unknown,0,5,0.0008547008547008547,0.0,0.0007595734632946127,1,0.8887009520546968,-0.11129904794530324,OK
2024-12-31,HistGBM,Unknown,133516,Unknown,0,5,0.0008547008547008547,0.0008924758220352994,0.0007983177009224574,1,0.9340317100792752,-0.06596828992072476,OK
2024-12-31,HistGBM,Unknown,142388,Unknown,0,5,0.0008547008547008547,0.0,0.0007637206532578851,1,0.8935531643117256,-0.10644683568827437,OK
2024-12-31,HistGBM,Unknown,134017,Unknown,0,5,0.0008547008547008547,0.0,0.0008241749701138078,1,0.964284715033155,-0.035715284966844896,OK
2024-12-31,HistGBM,Unknown,133859,Unknown,0,5,0.0008547008547008547,0.0,0.0008343859512397402,1,0.976231562950496,-0.02376843704950399,OK
2024-12-31,HistGBM,Unknown,135800,Unknown,0,5,0.0008547008547008547,0.0008924758220352994,0.0008140098803991904,1,0.9523915600670527,-0.04760843993294722,OK
2024-12-31,HistGBM,Unknown,143783,Unknown,0,5,0.0008547008547008547,0.0008924758220352994,0.0007880391129122093,1,0.9220057621072849,-0.07799423789271508,OK
2024-12-31,HistGBM,Unknown,120351,Unknown,0,5,0.0008547008547008547,0.0008924758220352994,0.0007701770630753489,1,0.9011071637981583,-0.09889283620184172,OK
2024-12-31,HistGBM,Unknown,151142,Unknown,0,5,0.0008547008547008547,0.0008924758220352994,0.0007779377356476924,1,0.9101871507078001,-0.08981284929219993,OK
2024-12-31,HistGBM,Unknown,134923,Unknown,0,5,0.0008547008547008547,0.0,0.0009203947774559249,1,1.076861889623432,0.07686188962343214,OK
2024-12-31,HistGBM,Unknown,118537,Unknown,0,5,0.0008547008547008547,0.0008924758220352994,0.0008325213522645055,1,0.9740499821494714,-0.02595001785052864,OK
2024-12-31,HistGBM,Unknown,120782,Unknown,0,5,0.0008547008547008547,0.0,0.0007899235048733859,1,0.9242105007018615,-0.07578949929813847,OK
2024-12-31,HistGBM,Unknown,120578,Unknown,0,5,0.0008547008547008547,0.000959805085672738,0.0008204751455038122,1,0.9599559202394603,-0.04004407976053966,OK
2024-12-31,HistGBM,Unknown,151916,Unknown,0,5,0.0008547008547008547,0.0008924758220352994,0.0008018944788922265,1,0.938216540303905,-0.06178345969609496,OK
2024-12-31,HistGBM,Unknown,152067,Unknown,0,5,0.0008547008547008547,0.0008924758220352994,0.0007777386581829472,1,0.9099542300740482,-0.09004576992595184,OK
2024-12-31,HistGBM,Unknown,151905,Unknown,0,5,0.0008547008547008547,0.0008924758220352994,0.0007618109009759109,1,0.8913187541418157,-0.10868124585818427,OK
2024-12-31,HistGBM,Unknown,150624,Unknown,0,5,0.0008547008547008547,0.0008924758220352994,0.0008141355823475029,1,0.9525386313465785,-0.04746136865342158,OK
2024-12-31,HistGBM,Unknown,151853,Unknown,0,5,0.0008547008547008547,0.0008924758220352994,0.0008110374155134122,1,0.9489137761506923,-0.051086223849307714,OK
2024-12-31,HistGBM,Unknown,152024,Unknown,0,5,0.0008547008547008547,0.0008924758220352994,0.0008033321836671131,1,0.9398986548905224,-0.06010134510947758,OK
2024-12-31,HistGBM,Unknown,152032,Unknown,0,5,0.0008547008547008547,0.0008924758220352994,0.0007782010992441938,1,0.9104952861157067,-0.08950471388429322,OK
2024-12-31,HistGBM,Unknown,120594,Unknown,0,5,0.0008547008547008547,0.0008924758220352994,0.0008412370089270364,1,0.9842473004446326,-0.015752699555367344,OK
2024-12-31,HistGBM,Unknown,152189,Unknown,0,5,0.0008547008547008547,0.0,0.000840052394712175,1,0.9828613018132448,-0.01713869818675521,OK
2024-12-31,HistGBM,Unknown,152059,Unknown,0,5,0.0008547008547008547,0.0008924758220352994,0.0008266174977728977,1,0.9671424723942904,-0.03285752760570964,OK
2024-12-31,HistGBM,Unknown,151753,Unknown,0,5,0.0008547008547008547,0.0,0.0008074888074888076,1,0.9447619047619048,-0.05523809523809519,OK
2024-12-31,HistGBM,Unknown,118267,Unknown,0,5,0.0008547008547008547,0.0,0.0007928941754979276,1,0.9276861853325753,-0.07231381466742466,OK
2024-12-31,HistGBM,Unknown,152214,Unknown,0,5,0.0008547008547008547,0.0,0.0007868087233166599,1,0.920566206280492,-0.07943379371950804,OK
2024-12-31,HistGBM,Unknown,118539,Unknown,0,5,0.0008547008547008547,0.0008924758220352994,0.0008035476981046919,1,0.9401508067824895,-0.059849193217510435,OK
2024-12-31,HistGBM,Unknown,152202,Unknown,0,5,0.0008547008547008547,0.0,0.000800973272071538,1,0.9371387283236995,-0.06286127167630053,OK
2024-12-31,HistGBM,Unknown,150892,Unknown,0,5,0.0007122507122507122,0.0007649792760302566,0.0006356168515103377,1,0.8924060595205142,-0.10759394047948581,OK
2024-12-31,HistGBM,Unknown,148381,Unknown,0,5,0.0007122507122507122,0.0007649792760302566,0.0007400036962963455,1,1.0389651896000691,0.038965189600069124,OK
2024-12-31,HistGBM,Unknown,146376,Unknown,0,5,0.0007122507122507122,0.0,0.0007089169208239884,1,0.9953193568368799,-0.004680643163120136,OK
2024-12-31,HistGBM,Unknown,149107,Unknown,0,5,0.0007122507122507122,0.0,0.0007147787839589605,1,1.0035494126783806,0.0035494126783806586,OK
2024-12-31,HistGBM,Unknown,149483,Unknown,0,5,0.0007122507122507122,0.0,0.0006931918122995161,1,0.9732413044685206,-0.02675869553147937,OK
2024-12-31,HistGBM,Unknown,149283,Unknown,0,5,0.0007122507122507122,0.0007649792760302566,0.0006358896632868482,1,0.892789087254735,-0.107210912745265,OK
2024-12-31,HistGBM,Unknown,118581,Unknown,0,5,0.0007122507122507122,0.0,0.0007089974931678527,1,0.9954324804076654,-0.004567519592334581,OK
2024-12-31,HistGBM,Unknown,148721,Unknown,0,5,0.0007122507122507122,0.0007649792760302566,0.0007032657313556189,1,0.9873850868232891,-0.012614913176710926,OK
2024-12-31,HistGBM,Unknown,152243,Unknown,0,5,0.0007122507122507122,0.0,0.000623061374926314,1,0.8747781703965449,-0.12522182960345501,OK
2024-12-31,HistGBM,Unknown,149254,Unknown,0,5,0.0007122507122507122,0.0,0.0007113471132087389,1,0.9987313469450695,-0.0012686530549304816,OK
2024-12-31,HistGBM,Unknown,149219,Unknown,0,5,0.0007122507122507122,0.0007649792760302566,0.0007365363203732362,1,1.0340969938040236,0.03409699380402358,OK
2024-12-31,HistGBM,Unknown,149373,Unknown,0,5,0.0007122507122507122,0.0,0.0007089607307811796,1,0.9953808660167763,-0.004619133983223691,OK
2024-12-31,HistGBM,Unknown,150930,Unknown,0,5,0.0007122507122507122,0.0007649792760302566,0.0006522248348670056,1,0.915723668153276,-0.08427633184672398,OK
2024-12-31,HistGBM,Unknown,147794,Unknown,0,5,0.0007122507122507122,0.0,0.0007089418761195099,1,0.995354394071792,-0.0046456059282079095,OK
2024-12-31,HistGBM,Unknown,119827,Unknown,0,5,0.0007122507122507122,0.0,0.0007088969014347206,1,0.9952912496143478,-0.00470875038565224,OK
2024-12-31,HistGBM,Unknown,149858,Unknown,0,5,0.0007122507122507122,0.0,0.0006941962879750929,1,0.9746515883170306,-0.025348411682969387,OK
2024-12-31,HistGBM,Unknown,149870,Unknown,0,5,0.0007122507122507122,0.0,0.0006930399476550642,1,0.9730280865077103,-0.026971913492289692,OK
2024-12-31,HistGBM,Unknown,149868,Unknown,0,5,0.0007122507122507122,0.0,0.0006999500861340228,1,0.9827299209321682,-0.017270079067831793,OK
2024-12-31,HistGBM,Unknown,148555,Unknown,0,5,0.0007122507122507122,0.0007649792760302566,0.0006856217984225502,1,0.9626130049852606,-0.037386995014739355,OK
2024-12-31,HistGBM,Unknown,149832,Unknown,0,5,0.0007122507122507122,0.0,0.0007001009528287536,1,0.9829417377715701,-0.017058262228429894,OK
2024-12-31,HistGBM,Unknown,151814,Unknown,0,5,0.0007122507122507122,0.0007649792760302566,0.0006468426389848137,1,0.9081670651346786,-0.09183293486532136,OK
2024-12-31,HistGBM,Unknown,148519,Unknown,0,5,0.0007122507122507122,0.0007649792760302566,0.0006360257342948386,1,0.8929801309499535,-0.10701986905004644,OK
2024-12-31,HistGBM,Unknown,147666,Unknown,0,5,0.0007122507122507122,0.0,0.0007001179968374647,1,0.9829656675598005,-0.017034332440199446,OK
2024-12-31,HistGBM,Unknown,152041,Unknown,0,5,0.0007122507122507122,0.000807064657385123,0.0007048664257103404,1,0.9896324616973181,-0.01036753830268189,OK
2024-12-31,HistGBM,Unknown,150468,Unknown,0,5,0.0007122507122507122,0.0007649792760302566,0.0007048000210588362,1,0.9895392295666061,-0.010460770433393883,OK
2024-12-31,HistGBM,Unknown,149881,Unknown,0,5,0.0007122507122507122,0.0,0.0007076641721909682,1,0.9935604977561194,-0.006439502243880617,OK
2024-12-31,HistGBM,Unknown,150487,Unknown,0,5,0.0007122507122507122,0.0,0.0006826106656513433,1,0.9583853745744861,-0.04161462542551381,OK
2024-12-31,HistGBM,Unknown,141877,Unknown,0,5,0.0007122507122507122,0.0,0.0007147532345761157,1,1.0035135413448666,0.0035135413448666524,OK
2024-12-31,HistGBM,Unknown,151762,Unknown,0,5,0.0007122507122507122,0.0007649792760302566,0.0007146058461642616,1,1.0033066080146233,0.0033066080146233303,OK
2024-12-31,HistGBM,Unknown,151727,Unknown,0,5,0.0007122507122507122,0.0007649792760302566,0.0006360221751130746,1,0.8929751338587569,-0.10702486614124304,OK
2024-12-31,HistGBM,Unknown,151728,Unknown,0,5,0.0007122507122507122,0.0,0.0006877444243978081,1,0.9655931718545226,-0.03440682814547734,OK
2024-12-31,HistGBM,Unknown,149804,Unknown,0,5,0.0007122507122507122,0.0,0.0006943244358998359,1,0.9748315080033698,-0.02516849199663016,OK
2024-12-31,HistGBM,Unknown,149039,Unknown,0,5,0.0007122507122507122,0.0,0.0007089822701849125,1,0.9954111073396172,-0.004588892660382751,OK
2024-12-31,HistGBM,Unknown,150639,Unknown,0,5,0.0007122507122507122,0.0007649792760302566,0.0007145813848018008,1,1.0032722642617284,0.003272264261728354,OK
2024-12-31,HistGBM,Unknown,151785,Unknown,0,5,0.0007122507122507122,0.0,0.0007049026524798583,1,0.9896833240817211,-0.010316675918278936,OK
2024-12-31,HistGBM,Unknown,150636,Unknown,0,5,0.0007122507122507122,0.0007973096540955795,0.0007164071127986859,1,1.005835586369355,0.005835586369355093,OK
2024-12-31,HistGBM,Unknown,120357,Unknown,0,5,0.004273504273504273,0.004462379110176497,0.003913693884508424,1,0.9158043689749713,-0.08419563102502871,OK
2024-12-31,HistGBM,Unknown,146772,Unknown,0,5,0.004273504273504273,0.004462379110176497,0.003745020787017135,1,0.8763348641620097,-0.12366513583799031,OK
2024-12-31,HistGBM,Unknown,140175,Unknown,0,5,0.004273504273504273,0.0,0.004010054031802618,1,0.9383526434418126,-0.06164735655818739,OK
2024-12-31,HistGBM,Unknown,147704,Unknown,0,5,0.004273504273504273,0.004462379110176497,0.0037195023134094203,1,0.8703635413378045,-0.1296364586621955,OK
2024-12-31,HistGBM,Unknown,148474,Unknown,0,5,0.004273504273504273,0.004462379110176497,0.0039559076753521855,1,0.9256823960324115,-0.0743176039675885,OK
2024-12-31,HistGBM,Unknown,118419,Unknown,0,5,0.004273504273504273,0.0,0.004042068323275775,1,0.9458439876465314,-0.05415601235346858,OK
2024-12-31,HistGBM,Unknown,149112,Unknown,0,5,0.005128205128205128,0.0053548549322117965,0.005159796542966173,1,1.0061603258784038,0.006160325878403793,OK
2024-12-31,HistGBM,Unknown,118719,Unknown,0,5,0.005128205128205128,0.0,0.005158865594319432,1,1.0059787908922893,0.005978790892289344,OK
2024-12-31,HistGBM,Unknown,119424,Unknown,0,5,0.005128205128205128,0.0053548549322117965,0.005160737246151013,1,1.0063437629994476,0.0063437629994477045,OK
2024-12-31,HistGBM,Unknown,118715,Unknown,0,5,0.005128205128205128,0.0053548549322117965,0.005158863048297487,1,1.00597829441801,0.005978294418009984,OK
2024-12-31,HistGBM,Unknown,147567,Unknown,0,5,0.005128205128205128,0.005661187846496023,0.005159042868721492,1,1.006013359400691,0.006013359400690922,OK
2024-12-31,HistGBM,Unknown,149431,Unknown,0,5,0.0021367521367521365,0.0023564920752372743,0.0021521515673266346,1,1.0072069335088651,0.007206933508865196,OK
2024-12-31,HistGBM,Unknown,148387,Unknown,0,5,0.0021367521367521365,0.0,0.00215159748446064,1,1.0069476227275795,0.006947622727579595,OK
2024-12-31,HistGBM,Unknown,149460,Unknown,0,5,0.0021367521367521365,0.002357046630053903,0.00215271993251541,1,1.007472928417212,0.00747292841721198,OK
2024-12-31,HistGBM,Unknown,149307,Unknown,0,5,0.0021367521367521365,0.002356128301009603,0.002152514271344039,1,1.0073766789890104,0.007376678989010296,OK
2024-12-31,HistGBM,Unknown,149129,Unknown,0,5,0.0021367521367521365,0.0022311895550882485,0.0021523900833535976,1,1.0073185590094837,0.00731855900948372,OK
2024-12-31,HistGBM,Unknown,147248,Unknown,0,5,0.0021367521367521365,0.0023546267427327085,0.0021520439375544904,1,1.0071565627755017,0.007156562775501756,OK
2024-12-31,HistGBM,Unknown,149345,Unknown,0,5,0.0021367521367521365,0.002356371344539151,0.00215240481773044,1,1.007325454697846,0.0073254546978459975,OK
2024-12-31,HistGBM,Unknown,151485,Unknown,0,5,0.0021367521367521365,0.0022311895550882485,0.002151290494571377,1,1.0068039514594045,0.006803951459404425,OK
2024-12-31,HistGBM,Unknown,149993,Unknown,0,5,0.0021367521367521365,0.0023564984109673078,0.0021528274061261804,1,1.0075232260670526,0.007523226067052601,OK
2024-12-31,HistGBM,Unknown,150627,Unknown,0,5,0.0021367521367521365,0.0,0.002153838559880319,1,1.0079964460239894,0.007996446023989313,OK
2024-12-31,HistGBM,Unknown,149917,Unknown,0,5,0.0021367521367521365,0.0,0.0021556044263547434,1,1.00882287153402,0.008822871534019873,OK
2024-12-31,HistGBM,Unknown,149878,Unknown,0,5,0.0021367521367521365,0.0023569708134044847,0.0021524928492449398,1,1.007366653446632,0.007366653446631914,OK
2024-12-31,HistGBM,Unknown,148662,Unknown,0,5,0.002564102564102564,0.0,0.002564102564102564,1,1.0,0.0,Missing
2024-12-31,HistGBM,Unknown,150751,Unknown,0,5,0.002564102564102564,0.00290051105270943,0.0026526629559282975,1,1.034538552812036,0.034538552812036084,OK
2024-12-31,HistGBM,Unknown,118551,Unknown,0,5,0.002564102564102564,0.0026774274661058983,0.002694108373932181,1,1.0507022658335505,0.05070226583355045,OK
2024-12-31,HistGBM,Unknown,149098,Unknown,0,5,0.002564102564102564,0.0026774274661058983,0.002564102564102564,1,1.0,0.0,Missing
2024-12-31,HistGBM,Unknown,120035,Unknown,0,5,0.002564102564102564,0.0,0.002564102564102564,1,1.0,0.0,Missing
2024-12-31,HistGBM,Unknown,149830,Unknown,0,5,0.002564102564102564,0.0026774274661058983,0.0026726848930329725,1,1.0423471082828593,0.042347108282859196,OK
2024-12-31,HistGBM,Unknown,148614,Unknown,0,5,0.002564102564102564,0.0026774274661058983,0.0027705036905218026,1,1.080496439303503,0.08049643930350302,OK
2024-12-31,HistGBM,Unknown,149910,Unknown,0,5,0.002564102564102564,0.0026774274661058983,0.002649900962489823,1,1.0334613753710309,0.0334613753710309,OK
2024-12-31,HistGBM,Unknown,149961,Unknown,0,5,0.002564102564102564,0.0026774274661058983,0.002564102564102564,1,1.0,0.0,Missing
2024-12-31,HistGBM,Unknown,149059,Unknown,0,5,0.002564102564102564,0.0026774274661058983,0.002676317530667733,1,1.0437638369604159,0.043763836960415956,OK
2024-12-31,HistGBM,Unknown,119533,Unknown,0,5,0.005128205128205128,0.0053548549322117965,0.005164260032190611,1,1.007030706277169,0.007030706277169052,OK
2024-12-31,HistGBM,Unknown,118807,Unknown,0,5,0.005128205128205128,0.0053548549322117965,0.005162868030581208,1,1.0067592659633355,0.006759265963335549,OK
2024-12-31,HistGBM,Unknown,149361,Unknown,0,5,0.005128205128205128,0.0053548549322117965,0.005163438694020494,1,1.0068705453339963,0.00687054533399624,OK
2024-12-31,HistGBM,Unknown,141588,Unknown,0,5,0.005128205128205128,0.0056594730433261785,0.0051646519507401204,1,1.0071071303943235,0.007107130394323568,OK
2024-12-31,HistGBM,Unknown,150237,Unknown,0,5,0.005128205128205128,0.0,0.005169465742428908,1,1.008045819773637,0.008045819773636992,OK
2024-12-31,HistGBM,Unknown,118968,Unknown,0,5,0.004273504273504273,0.0,0.0041901135877039485,1,0.9804865795227241,-0.019513420477275837,OK
2024-12-31,HistGBM,Unknown,151267,Unknown,0,5,0.004273504273504273,0.004462379110176497,0.004180424624523344,1,0.9782193621384626,-0.02178063786153736,OK
2024-12-31,HistGBM,Unknown,120333,Unknown,0,5,0.004273504273504273,0.004462379110176497,0.004151326144617951,1,0.9714103178406006,-0.028589682159399443,OK
2024-12-31,HistGBM,Unknown,149406,Unknown,0,5,0.004273504273504273,0.0,0.004137894513143423,1,0.968267316075561,-0.031732683924438954,OK
2024-12-31,HistGBM,Unknown,145396,Unknown,0,5,0.004273504273504273,0.004462379110176497,0.004133711659977704,1,0.967288528434783,-0.032711471565217025,OK
2024-12-31,HistGBM,Unknown,141642,Unknown,0,5,0.004273504273504273,0.004670578582089428,0.004225872705587373,1,0.9888542131074454,-0.011145786892554615,OK
2024-12-31,HistGBM,Unknown,151122,Unknown,0,5,0.004273504273504273,0.0,0.003953576062538457,1,0.9251367986339991,-0.07486320136600087,OK
2024-12-31,HistGBM,Unknown,133035,Unknown,0,5,0.004273504273504273,0.004462379110176497,0.00409234060931299,1,0.9576077025792397,-0.0423922974207603,OK
2024-12-31,HistGBM,Unknown,143537,Unknown,0,5,0.004273504273504273,0.004462379110176497,0.004076849063609243,1,0.9539826808845631,-0.04601731911543688,OK
2024-12-31,HistGBM,Unknown,140382,Unknown,0,5,0.004273504273504273,0.004740031846680985,0.00401315073953163,1,0.9390772730504017,-0.0609227269495983,OK
2024-12-31,HistGBM,Unknown,118624,Unknown,0,5,0.004273504273504273,0.0,0.00414056706864926,1,0.9688926940639271,-0.031107305936072954,OK
2024-12-31,HistGBM,Unknown,120484,Unknown,0,5,0.004273504273504273,0.004462379110176497,0.004001879374397378,1,0.9364397736089867,-0.06356022639101333,OK
2024-12-31,HistGBM,Unknown,119501,Unknown,0,5,0.005128205128205128,0.0053548549322117965,0.005157895663131177,1,1.0057896543105795,0.005789654310579612,OK
2024-12-31,HistGBM,Unknown,143494,Unknown,0,5,0.005128205128205128,0.0053548549322117965,0.005159368432775251,1,1.0060768443911738,0.006076844391173751,OK
2024-12-31,HistGBM,Unknown,144754,Unknown,0,5,0.005128205128205128,0.0056609107907316025,0.005158895567501726,1,1.0059846356628366,0.005984635662836683,OK
2024-12-31,HistGBM,Unknown,120676,Unknown,0,5,0.005128205128205128,0.0053548549322117965,0.005158213690885803,1,1.0058516697227315,0.0058516697227315,OK
2024-12-31,HistGBM,Unknown,148529,Unknown,0,5,0.005128205128205128,0.0053548549322117965,0.0051595146889013765,1,1.0061053643357685,0.00610536433576843,OK
2024-12-31,HistGBM,Unknown,133488,Unknown,0,5,0.008547008547008546,0.008924758220352994,0.008619134581598489,1,1.0084387460470232,0.008438746047023262,OK
2024-12-31,HistGBM,Unknown,118780,Unknown,0,5,0.008547008547008546,0.0,0.008612699539898789,1,1.0076858461681584,0.007685846168158396,OK
2024-12-31,HistGBM,Unknown,120711,Unknown,0,5,0.008547008547008546,0.008924758220352994,0.008615848476385246,1,1.008054271737074,0.00805427173707398,OK
2024-12-31,HistGBM,Unknown,147946,Unknown,0,5,0.004273504273504273,0.004684709989452704,0.0038990397124165983,1,0.9123752927054841,-0.08762470729451588,OK
2024-12-31,HistGBM,Unknown,152237,Unknown,0,5,0.004273504273504273,0.0,0.0038406773776667037,1,0.8987185063740087,-0.10128149362599127,OK
2024-12-31,HistGBM,Unknown,145206,Unknown,0,5,0.004273504273504273,0.004462379110176497,0.0037949372049996843,1,0.8880153059699262,-0.11198469403007381,OK
2024-12-31,HistGBM,Unknown,145137,Unknown,0,5,0.004273504273504273,0.004462379110176497,0.0038729197637365218,1,0.9062632247143462,-0.09373677528565383,OK
2024-12-31,HistGBM,Unknown,145678,Unknown,0,5,0.004273504273504273,0.004462379110176497,0.00383473157666706,1,0.8973271889400921,-0.10267281105990785,OK
2024-12-31,HistGBM,Unknown,152004,Unknown,0,5,0.004273504273504273,0.004462379110176497,0.003838926161731394,1,0.8983087218451462,-0.10169127815485376,OK
2024-12-31,HistGBM,Unknown,147826,Unknown,0,5,0.004273504273504273,0.004689319200564151,0.004091013007014884,1,0.9572970436414828,-0.04270295635851714,OK
2024-12-31,HistGBM,Unknown,133630,Unknown,0,5,0.004273504273504273,0.004462379110176497,0.004026305467278825,1,0.9421554793432452,-0.057844520656754786,OK
2024-12-31,HistGBM,Unknown,146721,Unknown,0,5,0.004273504273504273,0.0,0.004165944248588876,1,0.974830954169797,-0.025169045830202918,OK
2024-12-31,HistGBM,Unknown,146930,Unknown,0,5,0.004273504273504273,0.0,0.0040878478503030115,1,0.9565563969709048,-0.04344360302909525,OK
2024-12-31,HistGBM,Unknown,119251,Unknown,0,5,0.004273504273504273,0.004462379110176497,0.003984063446414355,1,0.9322708464609591,-0.06772915353904081,OK
2024-12-31,HistGBM,Unknown,119255,Unknown,0,5,0.004273504273504273,0.004462379110176497,0.004039802368972665,1,0.9453137543396037,-0.05468624566039623,OK
2024-12-31,HistGBM,Unknown,149190,Unknown,0,5,0.004273504273504273,0.004462379110176497,0.0043062112067833395,1,1.0076534223873015,0.007653422387301545,OK
2024-12-31,HistGBM,Unknown,151493,Unknown,0,5,0.004273504273504273,0.004462379110176497,0.004305452227383044,1,1.0074758212076325,0.007475821207632568,OK
2024-12-31,HistGBM,Unknown,149017,Unknown,0,5,0.004273504273504273,0.004462379110176497,0.004304445214313522,1,1.0072401801493642,0.007240180149364254,OK
2024-12-31,HistGBM,Unknown,150002,Unknown,0,5,0.004273504273504273,0.004462379110176497,0.004306849625583967,1,1.0078028123866485,0.0078028123866484295,OK
2024-12-31,HistGBM,Unknown,149924,Unknown,0,5,0.004273504273504273,0.0,0.0043051146270445245,1,1.007396822728419,0.007396822728418861,OK
2024-12-31,HistGBM,Unknown,149062,Unknown,0,5,0.004273504273504273,0.004462379110176497,0.004302922454302076,1,1.0068838543066858,0.006883854306685912,OK
2024-12-31,HistGBM,Unknown,118840,Unknown,0,5,0.00641025641025641,0.006693568665264746,0.006449133843464628,1,1.006064879580482,0.006064879580482144,OK
2024-12-31,HistGBM,Unknown,120398,Unknown,0,5,0.00641025641025641,0.006693568665264746,0.006446153104466581,1,1.0055998842967866,0.0055998842967865,OK
2024-12-31,HistGBM,Unknown,133810,Unknown,0,5,0.00641025641025641,0.006693568665264746,0.006448119927117491,1,1.0059067086303286,0.005906708630328529,OK
2024-12-31,HistGBM,Unknown,140613,Unknown,0,5,0.00641025641025641,0.0,0.006448728159381263,1,1.0060015928634771,0.00600159286347702,OK
2024-12-31,HistGBM,Unknown,120389,Unknown,0,5,0.003205128205128205,0.0,0.0032244341596792247,1,1.006023457819918,0.0060234578199179845,OK
2024-12-31,HistGBM,Unknown,119125,Unknown,0,5,0.003205128205128205,0.003346784332632373,0.003224403161544778,1,1.0060137864019707,0.006013786401970645,OK
2024-12-31,HistGBM,Unknown,149664,Unknown,0,5,0.003205128205128205,0.003346784332632373,0.003224341380315604,1,1.0059945106584685,0.005994510658468546,OK
2024-12-31,HistGBM,Unknown,119568,Unknown,0,5,0.003205128205128205,0.003346784332632373,0.003224261525700586,1,1.0059695960185828,0.005969596018582907,OK
2024-12-31,HistGBM,Unknown,118701,Unknown,0,5,0.003205128205128205,0.003346784332632373,0.00322422314783938,1,1.0059576221258866,0.005957622125886662,OK
2024-12-31,HistGBM,Unknown,118859,Unknown,0,5,0.003205128205128205,0.0035379618232806013,0.003224322671232722,1,1.0059886734246093,0.0059886734246092435,OK
2024-12-31,HistGBM,Unknown,119369,Unknown,0,5,0.003205128205128205,0.0035378860850792658,0.0032242155843073697,1,1.0059552623038994,0.005955262303899473,OK
2024-12-31,HistGBM,Unknown,139538,Unknown,0,5,0.003205128205128205,0.00353806744325797,0.003205128205128205,1,1.0,0.0,Missing
2024-12-31,HistGBM,Unknown,120392,Unknown,0,5,0.004273504273504273,0.004462379110176497,0.004067970339050914,1,0.9519050593379139,-0.048094940662086125,OK
2024-12-31,HistGBM,Unknown,150797,Unknown,0,5,0.004273504273504273,0.004462379110176497,0.004117615074572302,1,0.9635219274499188,-0.036478072550081196,OK
2024-12-31,HistGBM,Unknown,120030,Unknown,0,5,0.004273504273504273,0.004462379110176497,0.004097719259469663,1,0.9588663067159012,-0.04113369328409877,OK
2024-12-31,HistGBM,Unknown,118632,Unknown,0,5,0.004273504273504273,0.004462379110176497,0.004147746246453364,1,0.9705726216700873,-0.029427378329912705,OK
2024-12-31,HistGBM,Unknown,120490,Unknown,0,5,0.004273504273504273,0.0,0.004087054465519695,1,0.9563707449316088,-0.04362925506839119,OK
2024-12-31,HistGBM,Unknown,118870,Unknown,0,5,0.004273504273504273,0.0,0.004087187034206901,1,0.956401766004415,-0.043598233995585066,OK
2024-12-31,HistGBM,Unknown,141925,Unknown,0,5,0.003205128205128205,0.0,0.0030134445989800644,1,0.9401947148817802,-0.05980528511821983,OK
2024-12-31,HistGBM,Unknown,129046,Unknown,0,5,0.003205128205128205,0.003346784332632373,0.002842111394901727,1,0.8867387552093388,-0.11326124479066126,OK
2024-12-31,HistGBM,Unknown,120046,Unknown,0,5,0.003205128205128205,0.003346784332632373,0.0029647496405107677,1,0.9250018878393595,-0.07499811216064041,OK
2024-12-31,HistGBM,Unknown,150346,Unknown,0,5,0.003205128205128205,0.003346784332632373,0.0030229419703103914,1,0.9431578947368422,-0.056842105263157826,OK
2024-12-31,HistGBM,Unknown,150387,Unknown,0,5,0.003205128205128205,0.0,0.0029813642421934504,1,0.9301856435643565,-0.06981435643564354,OK
2024-12-31,HistGBM,Unknown,152135,Unknown,0,5,0.003205128205128205,0.003346784332632373,0.002959261425052717,1,0.9232895646164477,-0.07671043538355225,OK
2024-12-31,HistGBM,Unknown,149763,Unknown,0,5,0.003205128205128205,0.003346784332632373,0.0029069767441860465,1,0.9069767441860466,-0.09302325581395347,OK
2024-12-31,HistGBM,Unknown,151796,Unknown,0,5,0.003205128205128205,0.003346784332632373,0.0030032119257561527,1,0.9370021208359197,-0.06299787916408024,OK
2024-12-31,HistGBM,Unknown,120084,Unknown,0,5,0.005128205128205128,0.0053548549322117965,0.0051579012915789185,1,1.005790751857889,0.005790751857888998,OK
2024-12-31,HistGBM,Unknown,134494,Unknown,0,5,0.005128205128205128,0.0053548549322117965,0.005158180084215587,1,1.0058451164220394,0.0058451164220395275,OK
2024-12-31,HistGBM,Unknown,118416,Unknown,0,5,0.005128205128205128,0.0,0.005151034746834379,1,1.0044517756327038,0.004451775632703769,OK
2024-12-31,HistGBM,Unknown,119239,Unknown,0,5,0.005128205128205128,0.0053548549322117965,0.0051525949028670024,1,1.0047560060590655,0.0047560060590654376,OK
2024-12-31,HistGBM,Unknown,119755,Unknown,0,5,0.005128205128205128,0.0053548549322117965,0.005167583841767356,1,1.0076788491446345,0.007678849144634441,OK
2024-12-31,HistGBM,Unknown,147757,Unknown,0,5,0.004273504273504273,0.004462379110176497,0.003971664869222003,1,0.9293695793979488,-0.07063042060205117,OK
2024-12-31,HistGBM,Unknown,148883,Unknown,0,5,0.004273504273504273,0.004462379110176497,0.004074590551807602,1,0.953454189122979,-0.04654581087702103,OK
2024-12-31,HistGBM,Unknown,148481,Unknown,0,5,0.004273504273504273,0.004462379110176497,0.0039133228199287415,1,0.9157175398633257,-0.08428246013667426,OK
2024-12-31,HistGBM,Unknown,118421,Unknown,0,5,0.004273504273504273,0.004768714839642928,0.003940540073006636,1,0.9220863770835528,-0.07791362291644717,OK
2024-12-31,HistGBM,Unknown,148411,Unknown,0,5,0.004273504273504273,0.004462379110176497,0.003926710748228529,1,0.9188503150854759,-0.0811496849145241,OK
2024-12-31,HistGBM,Unknown,120488,Unknown,0,5,0.004273504273504273,0.0,0.003984222239614506,1,0.9323080040697945,-0.06769199593020545,OK
2024-12-31,HistGBM,Unknown,119771,Unknown,0,5,0.004273504273504273,0.004462379110176497,0.004304092825823844,1,1.0071577212427796,0.00715772124277951,OK
2024-12-31,HistGBM,Unknown,148401,Unknown,0,5,0.004273504273504273,0.004462379110176497,0.00430564574847,1,1.0075211051419801,0.007521105141980104,OK
2024-12-31,HistGBM,Unknown,120401,Unknown,0,5,0.004273504273504273,0.004462379110176497,0.0043042321738980685,1,1.0071903286921482,0.0071903286921480925,OK
2024-12-31,HistGBM,Unknown,130206,Unknown,0,5,0.004273504273504273,0.004462379110176497,0.004304607328092842,1,1.007278114773725,0.00727811477372501,OK
2024-12-31,HistGBM,Unknown,145724,Unknown,0,5,0.004273504273504273,0.0,0.00430348543147702,1,1.0070155909656229,0.007015590965622922,OK
2024-12-31,HistGBM,Unknown,120795,Unknown,0,5,0.004273504273504273,0.004462379110176497,0.004302835437829511,1,1.0068634924521056,0.006863492452105704,OK
2024-12-31,HistGBM,Unknown,120444,Unknown,0,5,0.005128205128205128,0.0053548549322117965,0.005163733521052812,1,1.0069280366052984,0.006928036605298301,OK
2024-12-31,HistGBM,Unknown,123693,Unknown,0,5,0.005128205128205128,0.0053548549322117965,0.005160192838621331,1,1.0062376035311595,0.0062376035311594675,OK
2024-12-31,HistGBM,Unknown,140286,Unknown,0,5,0.005128205128205128,0.0,0.005168527993280504,1,1.0078629586896983,0.007862958689698406,OK
2024-12-31,HistGBM,Unknown,152162,Unknown,0,5,0.005128205128205128,0.0053548549322117965,0.005160127296070863,1,1.0062248227338182,0.006224822733818096,OK
2024-12-31,HistGBM,Unknown,148419,Unknown,0,5,0.005128205128205128,0.0,0.005163340911004463,1,1.0068514776458701,0.006851477645870186,OK
2024-12-31,HistGBM,Unknown,148771,Unknown,0,5,0.008547008547008546,0.0,0.008608180512178007,1,1.0071571199248268,0.00715711992482676,OK
2024-12-31,HistGBM,Unknown,118508,Unknown,0,5,0.008547008547008546,0.008924758220352994,0.00859937586867018,1,1.0061269766344112,0.006126976634411283,OK
2024-12-31,HistGBM,Unknown,149049,Unknown,0,5,0.008547008547008546,0.0,0.008601305148602847,1,1.0063527023865333,0.006352702386533402,OK
2024-12-31,HistGBM,Unknown,119069,Unknown,0,5,0.008547008547008546,0.008924758220352994,0.00861397119106209,1,1.0078346293542646,0.007834629354264608,OK
2024-12-31,HistGBM,Unknown,119393,Unknown,0,5,0.008547008547008546,0.008924758220352994,0.008505306624085739,1,0.9951208750180316,-0.004879124981968435,OK
2024-12-31,HistGBM,Unknown,119735,Unknown,0,5,0.008547008547008546,0.008924758220352994,0.008605166138772683,1,1.006804438236404,0.006804438236404134,OK
2024-12-31,HistGBM,Unknown,120416,Unknown,0,5,0.003205128205128205,0.003346784332632373,0.0029944045417547873,1,0.9342542170274937,-0.06574578297250634,OK
2024-12-31,HistGBM,Unknown,133386,Unknown,0,5,0.003205128205128205,0.003346784332632373,0.0027440385017653843,1,0.8561400125508,-0.14385998744920006,OK
2024-12-31,HistGBM,Unknown,120079,Unknown,0,5,0.003205128205128205,0.003346784332632373,0.002963769290091879,1,0.9246960185086663,-0.07530398149133365,OK
2024-12-31,HistGBM,Unknown,151078,Unknown,0,5,0.003205128205128205,0.003346784332632373,0.0029639815275066864,1,0.9247622365820862,-0.07523776341791376,OK
2024-12-31,HistGBM,Unknown,118866,Unknown,0,5,0.003205128205128205,0.0,0.0030678841174758323,1,0.9571798446524598,-0.0428201553475403,OK
2024-12-31,HistGBM,Unknown,150587,Unknown,0,5,0.003205128205128205,0.003346784332632373,0.0030104971494809597,1,0.9392751106380595,-0.06072488936194049,OK
2024-12-31,HistGBM,Unknown,119242,Unknown,0,5,0.003205128205128205,0.003346784332632373,0.003080119719417283,1,0.9609973524581924,-0.03900264754180763,OK
2024-12-31,HistGBM,Unknown,150159,Unknown,0,5,0.003205128205128205,0.003346784332632373,0.0030152000984911814,1,0.9407424307292487,-0.059257569270751265,OK
2024-12-31,HistGBM,Unknown,152219,Unknown,0,5,0.01282051282051282,0.0,0.012129774986917844,1,0.9461224489795919,-0.05387755102040818,OK
2024-12-31,HistGBM,Unknown,148490,Unknown,0,5,0.01282051282051282,0.0,0.011919006780109022,1,0.9296825288485038,-0.0703174711514962,OK
2024-12-31,HistGBM,Unknown,136567,Unknown,0,5,0.005128205128205128,0.0,0.005126890428548265,1,0.9997436335669116,-0.00025636643308837067,OK
2024-12-31,HistGBM,Unknown,146457,Unknown,0,5,0.005128205128205128,0.0053548549322117965,0.005005113782527991,1,0.9759971875929582,-0.02400281240704181,OK
2024-12-31,HistGBM,Unknown,131373,Unknown,0,5,0.005128205128205128,0.0053548549322117965,0.0050683768737683306,1,0.9883334903848245,-0.011666509615175503,OK
2024-12-31,HistGBM,Unknown,140347,Unknown,0,5,0.005128205128205128,0.0,0.005094548287326635,1,0.9934369160286938,-0.006563083971306251,OK
2024-12-31,HistGBM,Unknown,149679,Unknown,0,5,0.005128205128205128,0.0053548549322117965,0.005092284238195544,1,0.9929954264481311,-0.007004573551868876,OK
2024-12-31,HistGBM,Unknown,120447,Unknown,0,5,0.005128205128205128,0.005655087573573429,0.00515981632890423,1,1.0061641841363247,0.006164184136324691,OK
2024-12-31,HistGBM,Unknown,119099,Unknown,0,5,0.005128205128205128,0.0053548549322117965,0.005156327364588712,1,1.0054838360947989,0.005483836094798881,OK
2024-12-31,HistGBM,Unknown,140298,Unknown,0,5,0.005128205128205128,0.0053548549322117965,0.005164235150501894,1,1.0070258543478692,0.007025854347869244,OK
2024-12-31,HistGBM,Unknown,138472,Unknown,0,5,0.005128205128205128,0.0053548549322117965,0.005159331552273787,1,1.0060696526933885,0.006069652693388467,OK
2024-12-31,HistGBM,Unknown,120520,Unknown,0,5,0.005128205128205128,0.0,0.0051578928987059515,1,1.0057891152476606,0.0057891152476606126,OK
2024-12-31,HistGBM,Unknown,149587,Unknown,0,5,0.005128205128205128,0.0,0.005163042092835413,1,1.0067932081029054,0.006793208102905339,OK
2024-12-31,HistGBM,Unknown,119498,Unknown,0,5,0.005128205128205128,0.0053548549322117965,0.005163023477172265,1,1.0067895780485918,0.006789578048591815,OK
2024-12-31,HistGBM,Unknown,148729,Unknown,0,5,0.005128205128205128,0.0053548549322117965,0.005164566198078041,1,1.007090408625218,0.007090408625217886,OK
2024-12-31,HistGBM,Unknown,120510,Unknown,0,5,0.005128205128205128,0.005661753439713224,0.005164132359753261,1,1.007005810151886,0.0070058101518860084,OK
2024-12-31,HistGBM,Unknown,119739,Unknown,0,5,0.005128205128205128,0.0053548549322117965,0.005164179909883172,1,1.0070150824272186,0.007015082427218527,OK
2024-12-31,HistGBM,Unknown,149166,Unknown,0,5,0.005128205128205128,0.005641829534796391,0.0048406422238197935,1,0.9439252336448597,-0.056074766355140276,OK
2024-12-31,HistGBM,Unknown,152018,Unknown,0,5,0.005128205128205128,0.0053548549322117965,0.004663738243547646,1,0.909428957491791,-0.090571042508209,OK
2024-12-31,HistGBM,Unknown,120751,Unknown,0,5,0.005128205128205128,0.0,0.004980530113567938,1,0.9712033721457479,-0.028796627854252032,OK
2024-12-31,HistGBM,Unknown,119659,Unknown,0,5,0.005128205128205128,0.0,0.00483006774896924,1,0.9418632110490018,-0.05813678895099813,OK
2024-12-31,HistGBM,Unknown,118784,Unknown,0,5,0.005128205128205128,0.0053548549322117965,0.004876481969523391,1,0.9509139840570612,-0.04908601594293881,OK
2024-12-31,HistGBM,Unknown,151190,Unknown,0,5,0.003663003663003663,0.0,0.0036833672944615154,1,1.0055592713879937,0.005559271387993716,OK
2024-12-31,HistGBM,Unknown,146980,Unknown,0,5,0.003663003663003663,0.0038248963801512832,0.0036834372101800733,1,1.00557835837916,0.005578358379159905,OK
2024-12-31,HistGBM,Unknown,147287,Unknown,0,5,0.003663003663003663,0.004041917875368743,0.0036833939887321375,1,1.0055665589238736,0.005566558923873535,OK
2024-12-31,HistGBM,Unknown,146675,Unknown,0,5,0.003663003663003663,0.0038248963801512832,0.003683556871489733,1,1.005611025916697,0.005611025916697131,OK
2024-12-31,HistGBM,Unknown,147951,Unknown,0,5,0.003663003663003663,0.004042131734123693,0.003683587518991246,1,1.0056193926846102,0.005619392684610147,OK
2024-12-31,HistGBM,Unknown,145810,Unknown,0,5,0.003663003663003663,0.0038248963801512832,0.003683431290973227,1,1.005576742435691,0.005576742435690997,OK
2024-12-31,HistGBM,Unknown,147736,Unknown,0,5,0.003663003663003663,0.004041786407609065,0.0036833811877783795,1,1.0055630642634976,0.00556306426349752,OK
2024-12-31,HistGBM,Unknown,148457,Unknown,0,5,0.008547008547008546,0.008924758220352994,0.008487597336640087,1,0.9930488883868903,-0.006951111613109711,OK
2024-12-31,HistGBM,Unknown,120821,Unknown,0,5,0.008547008547008546,0.0,0.008252990266590496,1,0.9655998611910882,-0.03440013880891176,OK
2024-12-31,HistGBM,Unknown,120760,Unknown,0,5,0.008547008547008546,0.008924758220352994,0.008423063769864236,1,0.9854984610741157,-0.014501538925884303,OK
2024-12-31,HistGBM,Unknown,120413,Unknown,0,5,0.005128205128205128,0.0053548549322117965,0.004740344246517086,1,0.9243671280708318,-0.0756328719291682,OK
2024-12-31,HistGBM,Unknown,149383,Unknown,0,5,0.005128205128205128,0.0057007409889211266,0.00477253928866832,1,0.9306451612903225,-0.06935483870967755,OK
2024-12-31,HistGBM,Unknown,152071,Unknown,0,5,0.005128205128205128,0.0,0.004792025081297882,1,0.9344448908530869,-0.06555510914691304,OK
2024-12-31,HistGBM,Unknown,150659,Unknown,0,5,0.005128205128205128,0.0053548549322117965,0.004766468352653498,1,0.929461328767432,-0.07053867123256798,OK
2024-12-31,HistGBM,Unknown,119354,Unknown,0,5,0.005128205128205128,0.0053548549322117965,0.004723616869224499,1,0.9211052894987772,-0.07889471050122272,OK
2024-12-31,HistGBM,Unknown,136007,Unknown,0,5,0.008547008547008546,0.009074695064048066,0.007861318762358302,1,0.9197742951959215,-0.08022570480407856,OK
2024-12-31,HistGBM,Unknown,144315,Unknown,0,5,0.008547008547008546,0.0,0.00795453960010922,1,0.9306811332127788,-0.06931886678722124,OK
2024-12-31,HistGBM,Unknown,132933,Unknown,0,5,0.008547008547008546,0.009163689266611307,0.008233089947040565,1,0.9632715238037463,-0.03672847619625373,OK
2024-12-31,HistGBM,Unknown,120154,Unknown,0,5,0.00641025641025641,0.006693568665264746,0.006399790500299694,1,0.9983673180467523,-0.0016326819532477114,OK
2024-12-31,HistGBM,Unknown,119839,Unknown,0,5,0.00641025641025641,0.0,0.006372661480525488,1,0.9941351909619762,-0.005864809038023774,OK
2024-12-31,HistGBM,Unknown,120779,Unknown,0,5,0.00641025641025641,0.006693568665264746,0.006401195201155092,1,0.9985864513801944,-0.0014135486198055777,OK
2024-12-31,HistGBM,Unknown,150206,Unknown,0,5,0.00641025641025641,0.0,0.006343937138855483,1,0.9896541936614554,-0.010345806338544702,OK
2024-12-31,HistGBM,Unknown,151146,Unknown,0,5,0.008547008547008546,0.008924758220352994,0.008613974184404093,1,1.007834979575279,0.007834979575279018,OK
2024-12-31,HistGBM,Unknown,120475,Unknown,0,5,0.008547008547008546,0.009436966874158719,0.00860687029584721,1,1.0070038246141237,0.007003824614123809,OK
2024-12-31,HistGBM,Unknown,128006,Unknown,0,5,0.008547008547008546,0.0,0.008627597345443456,1,1.0094288894168844,0.009428889416884407,OK
2024-12-31,HistGBM,Unknown,151214,Unknown,0,5,0.01282051282051282,0.0,0.012894790959034756,1,1.005793694804711,0.005793694804711124,OK
2024-12-31,HistGBM,Unknown,151313,Unknown,0,5,0.01282051282051282,0.0,0.012879447589063424,1,1.0045969119469471,0.0045969119469471105,OK
2025-01-31,HistGBM,Unknown,140286,Unknown,0,5,0.005128205128205128,0.00530289311344822,0.005136123216314855,1,1.0015440271813967,0.001544027181396733,OK
2025-01-31,HistGBM,Unknown,120444,Unknown,0,5,0.005128205128205128,0.00529797400034834,0.005138696267878905,1,1.0020457722363865,0.002045772236386566,OK
2025-01-31,HistGBM,Unknown,148419,Unknown,0,5,0.005128205128205128,0.005297571183700278,0.005139019885484183,1,1.0021088776694158,0.0021088776694158846,OK
2025-01-31,HistGBM,Unknown,123693,Unknown,0,5,0.005128205128205128,0.00529434127155066,0.005145391773093693,1,1.0033513957532703,0.0033513957532702553,OK
2025-01-31,HistGBM,Unknown,148628,Unknown,0,5,0.005128205128205128,0.0,0.00513952047303097,1,1.0022064922410392,0.0022064922410391526,OK
2025-01-31,HistGBM,Unknown,147648,Unknown,0,5,0.0017094017094017094,0.0,0.0017866567673350412,1,1.0451942088909991,0.04519420889099917,OK
2025-01-31,HistGBM,Unknown,152183,Unknown,0,5,0.0017094017094017094,0.0,0.0017599739587945149,1,1.0295847658947912,0.02958476589479111,OK
2025-01-31,HistGBM,Unknown,119781,Unknown,0,5,0.0017094017094017094,0.0018879341581362922,0.0017568959259359736,1,1.0277841166725445,0.027784116672544552,OK
2025-01-31,HistGBM,Unknown,119788,Unknown,0,5,0.0017094017094017094,0.001889342810205086,0.001765022708330839,1,1.032538284373541,0.032538284373540914,OK
2025-01-31,HistGBM,Unknown,118663,Unknown,0,5,0.0017094017094017094,0.0,0.001759165488977674,1,1.0291118110519393,0.02911181105193922,OK
2025-01-31,HistGBM,Unknown,151974,Unknown,0,5,0.0017094017094017094,0.0,0.0017691785592608119,1,1.034969457167575,0.034969457167574915,OK
2025-01-31,HistGBM,Unknown,115132,Unknown,0,5,0.0017094017094017094,0.0018913287663058884,0.001758770847521256,1,1.0288809457999348,0.02888094579993476,OK
2025-01-31,HistGBM,Unknown,150581,Unknown,0,5,0.0017094017094017094,0.0,0.001739413698176585,1,1.0175570134333023,0.01755701343330224,OK
2025-01-31,HistGBM,Unknown,120546,Unknown,0,5,0.0017094017094017094,0.0,0.0017690757314393266,1,1.034909302892006,0.03490930289200603,OK
2025-01-31,HistGBM,Unknown,120531,Unknown,0,5,0.0017094017094017094,0.0,0.0017677721734002943,1,1.0341467214391722,0.03414672143917213,OK
2025-01-31,HistGBM,Unknown,150714,Unknown,0,5,0.0017094017094017094,0.0018913275133632538,0.0017643931461595278,1,1.0321699905033237,0.03216999050332366,OK
2025-01-31,HistGBM,Unknown,120473,Unknown,0,5,0.0017094017094017094,0.0018870655144596347,0.0017569041199066832,1,1.0277889101454096,0.027788910145409705,OK
2025-01-31,HistGBM,Unknown,149381,Unknown,0,5,0.0017094017094017094,0.001466122687695321,0.0017094017094017094,1,1.0,0.0,Missing
2025-01-31,HistGBM,Unknown,120685,Unknown,0,5,0.0017094017094017094,0.0018923207958151953,0.0017631525328674626,1,1.0314442317274657,0.031444231727465764,OK
2025-01-31,HistGBM,Unknown,152287,Unknown,0,5,0.0017094017094017094,0.0,0.001758987548517973,1,1.0290077158830142,0.029007715883014245,OK
2025-01-31,HistGBM,Unknown,147704,Unknown,0,5,0.004273504273504273,0.003816197421950014,0.0037256825717719376,1,0.8718097217946335,-0.1281902782053666,OK
2025-01-31,HistGBM,Unknown,152226,Unknown,0,5,0.004273504273504273,0.0,0.003963932017932676,1,0.9275600921962464,-0.07243990780375363,OK
2025-01-31,HistGBM,Unknown,145110,Unknown,0,5,0.004273504273504273,0.0,0.003958843378178906,1,0.9263693504938642,-0.07363064950613582,OK
2025-01-31,HistGBM,Unknown,120665,Unknown,0,5,0.004273504273504273,0.0,0.00393417793101583,1,0.9205976358577043,-0.0794023641422957,OK
2025-01-31,HistGBM,Unknown,118278,Unknown,0,5,0.004273504273504273,0.0,0.003907988508032824,1,0.9144693108796811,-0.08553068912031897,OK
2025-01-31,HistGBM,Unknown,120357,Unknown,0,5,0.004273504273504273,0.0040154373499158465,0.003937979505338269,1,0.9214872042491551,-0.07851279575084497,OK
2025-01-31,HistGBM,Unknown,118632,Unknown,0,5,0.004273504273504273,0.00425557432120781,0.0039995003419826735,1,0.9358830800239456,-0.06411691997605438,OK
2025-01-31,HistGBM,Unknown,118633,Unknown,0,5,0.004273504273504273,0.0,0.0039995003419826735,1,0.9358830800239456,-0.06411691997605438,OK
2025-01-31,HistGBM,Unknown,150797,Unknown,0,5,0.004273504273504273,0.004224659835676159,0.00400395262374612,1,0.936924913956592,-0.063075086043408,OK
2025-01-31,HistGBM,Unknown,120392,Unknown,0,5,0.004273504273504273,0.0041737244965510565,0.003926352154698611,1,0.9187664041994751,-0.0812335958005249,OK
2025-01-31,HistGBM,Unknown,118269,Unknown,0,5,0.004273504273504273,0.0,0.004016551069291503,1,0.9398729502142118,-0.06012704978578816,OK
2025-01-31,HistGBM,Unknown,150187,Unknown,0,5,0.004273504273504273,0.0,0.003975516618454289,1,0.9302708887183037,-0.06972911128169633,OK
2025-01-31,HistGBM,Unknown,152071,Unknown,0,5,0.005128205128205128,0.0049166023355436544,0.00472103556302768,1,0.9206019347903976,-0.07939806520960233,OK
2025-01-31,HistGBM,Unknown,120413,Unknown,0,5,0.005128205128205128,0.00486357796512085,0.004586846543001686,1,0.8944350758853288,-0.10556492411467121,OK
2025-01-31,HistGBM,Unknown,150659,Unknown,0,5,0.005128205128205128,0.004890381214074107,0.004589076087767187,1,0.8948698371146014,-0.10513016288539856,OK
2025-01-31,HistGBM,Unknown,119354,Unknown,0,5,0.005128205128205128,0.004846415729767529,0.004612632709765645,1,0.8994633784043008,-0.10053662159569923,OK
2025-01-31,HistGBM,Unknown,149383,Unknown,0,5,0.005128205128205128,0.004896609974918014,0.0047104830467048844,1,0.9185441941074525,-0.08145580589254757,OK
2025-01-31,HistGBM,Unknown,147736,Unknown,0,5,0.003663003663003663,0.0037791372631179694,0.0036805923876117464,1,1.0048017218180068,0.004801721818006775,OK
2025-01-31,HistGBM,Unknown,147287,Unknown,0,5,0.003663003663003663,0.003779150396855393,0.0036805909307793365,1,1.004801324102759,0.00480132410275888,OK
2025-01-31,HistGBM,Unknown,145810,Unknown,0,5,0.003663003663003663,0.00377918866883489,0.0036806977554866933,1,1.0048304872478673,0.004830487247867248,OK
2025-01-31,HistGBM,Unknown,146141,Unknown,0,5,0.003663003663003663,0.0,0.0036806691619497706,1,1.0048226812122873,0.0048226812122873644,OK
2025-01-31,HistGBM,Unknown,146191,Unknown,0,5,0.003663003663003663,0.0,0.0036806921903374404,1,1.0048289679621212,0.004828967962121284,OK
2025-01-31,HistGBM,Unknown,146980,Unknown,0,5,0.003663003663003663,0.0037791947419220945,0.0036807188446422085,1,1.004836244587323,0.00483624458732292,OK
2025-01-31,HistGBM,Unknown,146675,Unknown,0,5,0.003663003663003663,0.0037793175140413064,0.0036807303283121528,1,1.0048393796292177,0.0048393796292176645,OK
2025-01-31,HistGBM,Unknown,138456,Unknown,0,5,0.002564102564102564,0.0,0.002593273241737406,1,1.0113765642775883,0.011376564277588331,OK
2025-01-31,HistGBM,Unknown,140243,Unknown,0,5,0.002564102564102564,0.0,0.002564102564102564,1,1.0,0.0,Missing
2025-01-31,HistGBM,Unknown,150751,Unknown,0,5,0.002564102564102564,0.002721623669172211,0.002453647740011038,1,0.9569226186043048,-0.04307738139569522,OK
2025-01-31,HistGBM,Unknown,148646,Unknown,0,5,0.002564102564102564,0.0,0.002564102564102564,1,1.0,0.0,Missing
2025-01-31,HistGBM,Unknown,119279,Unknown,0,5,0.002564102564102564,0.0,0.002539765185948473,1,0.9905084225199045,-0.009491577480095569,OK
2025-01-31,HistGBM,Unknown,148662,Unknown,0,5,0.002564102564102564,0.0021991840315429816,0.002450785579320887,1,0.9558063759351458,-0.04419362406485414,OK
2025-01-31,HistGBM,Unknown,148063,Unknown,0,5,0.002564102564102564,0.0,0.0023466657099748263,1,0.9151996268901822,-0.08480037310981782,OK
2025-01-31,HistGBM,Unknown,119277,Unknown,0,5,0.002564102564102564,0.0,0.0025697589697799795,1,1.002205998214192,0.0022059982141919483,OK
2025-01-31,HistGBM,Unknown,149961,Unknown,0,5,0.002564102564102564,0.0021991840315429816,0.002456012299586264,1,0.9578447968386429,-0.042155203161357076,OK
2025-01-31,HistGBM,Unknown,119275,Unknown,0,5,0.002564102564102564,0.0,0.0024410022569781543,1,0.9519908802214802,-0.04800911977851982,OK
2025-01-31,HistGBM,Unknown,133859,Unknown,0,5,0.0008547008547008547,0.0008560773048998803,0.0008270771120847501,1,0.9676802211391575,-0.03231977886084242,OK
2025-01-31,HistGBM,Unknown,152169,Unknown,0,5,0.0008547008547008547,0.0,0.0007746710008677394,1,0.9063650710152551,-0.0936349289847449,OK
2025-01-31,HistGBM,Unknown,152082,Unknown,0,5,0.0008547008547008547,0.0,0.0007849585358879039,1,0.9184014869888476,-0.08159851301115242,OK
2025-01-31,HistGBM,Unknown,152059,Unknown,0,5,0.0008547008547008547,0.0008481068966047102,0.0007697305942919977,1,0.9005847953216374,-0.09941520467836262,OK
2025-01-31,HistGBM,Unknown,147727,Unknown,0,5,0.0008547008547008547,0.0,0.0007777069160997733,1,0.9099170918367347,-0.09008290816326528,OK
2025-01-31,HistGBM,Unknown,135805,Unknown,0,5,0.0008547008547008547,0.0,0.0007877460603778075,1,0.9216628906420349,-0.07833710935796509,OK
2025-01-31,HistGBM,Unknown,135810,Unknown,0,5,0.0008547008547008547,0.0008105716764338788,0.0007751609345940613,1,0.9069382934750517,-0.09306170652494826,OK
2025-01-31,HistGBM,Unknown,119783,Unknown,0,5,0.0008547008547008547,0.0,0.000794474965927208,1,0.9295357101348334,-0.07046428986516667,OK
2025-01-31,HistGBM,Unknown,152202,Unknown,0,5,0.0008547008547008547,0.0008217960034358528,0.0007703510402045482,1,0.9013107170393214,-0.09868928296067857,OK
2025-01-31,HistGBM,Unknown,151580,Unknown,0,5,0.0008547008547008547,0.0,0.0007822519850011259,1,0.9152348224513173,-0.08476517754868272,OK
2025-01-31,HistGBM,Unknown,119597,Unknown,0,5,0.0008547008547008547,0.0,0.0008240542203099627,1,0.9641434377626564,-0.035856562237343535,OK
2025-01-31,HistGBM,Unknown,152214,Unknown,0,5,0.0008547008547008547,0.000807263221927269,0.0007695944174260216,1,0.9004254683884452,-0.0995745316115548,OK
2025-01-31,HistGBM,Unknown,147409,Unknown,0,5,0.0008547008547008547,0.0,0.0007919680883446756,1,0.9266026633632705,-0.07339733663672957,OK
2025-01-31,HistGBM,Unknown,152032,Unknown,0,5,0.0008547008547008547,0.0007984318272871753,0.0007790194337932706,1,0.9114527375381265,-0.08854726246187347,OK
2025-01-31,HistGBM,Unknown,152024,Unknown,0,5,0.0008547008547008547,0.0008242162391531927,0.0007782582364621318,1,0.9105621366606942,-0.08943786333930577,OK
2025-01-31,HistGBM,Unknown,135800,Unknown,0,5,0.0008547008547008547,0.0008351715216904325,0.0007559587792104843,1,0.8844717716762666,-0.11552822832373347,OK
2025-01-31,HistGBM,Unknown,135793,Unknown,0,5,0.0008547008547008547,0.0,0.0008360094857664724,1,0.9781310983467727,-0.02186890165322726,OK
2025-01-31,HistGBM,Unknown,151905,Unknown,0,5,0.0008547008547008547,0.000781615536529357,0.0007619229180567471,1,0.8914498141263941,-0.10855018587360589,OK
2025-01-31,HistGBM,Unknown,118537,Unknown,0,5,0.0008547008547008547,0.0008541642323426707,0.000770875638625497,1,0.9019244971918314,-0.09807550280816853,OK
2025-01-31,HistGBM,Unknown,120578,Unknown,0,5,0.0008547008547008547,0.0008418048629134053,0.0007911536677157875,1,0.9256497912274714,-0.0743502087725286,OK
2025-01-31,HistGBM,Unknown,118539,Unknown,0,5,0.0008547008547008547,0.0008244373562736516,0.0007720047499811585,1,0.9032455574779554,-0.09675444252204457,OK
2025-01-31,HistGBM,Unknown,150624,Unknown,0,5,0.0008547008547008547,0.0008353004914854921,0.0007717837574925253,1,0.9029869962662546,-0.09701300373374543,OK
2025-01-31,HistGBM,Unknown,148634,Unknown,0,5,0.0008547008547008547,0.0,0.0007932547932547933,1,0.9281081081081082,-0.0718918918918918,OK
2025-01-31,HistGBM,Unknown,149321,Unknown,0,5,0.0008547008547008547,0.0,0.0008349406670057418,1,0.9768805803967179,-0.02311941960328214,OK
2025-01-31,HistGBM,Unknown,149268,Unknown,0,5,0.0008547008547008547,0.0,0.0007869859020796407,1,0.9207735054331796,-0.07922649456682045,OK
2025-01-31,HistGBM,Unknown,145454,Unknown,0,5,0.0008547008547008547,0.0,0.0007875318809259584,1,0.9214123006833713,-0.0785876993166287,OK
2025-01-31,HistGBM,Unknown,143783,Unknown,0,5,0.0008547008547008547,0.0008085255976987808,0.0007869996784512072,1,0.9207896237879125,-0.07921037621208746,OK
2025-01-31,HistGBM,Unknown,118559,Unknown,0,5,0.0008547008547008547,0.0,0.0008505745024129047,1,0.9951721678230985,-0.00482783217690155,OK
2025-01-31,HistGBM,Unknown,120733,Unknown,0,5,0.0008547008547008547,0.0,0.0008328236701238766,1,0.9744036940449357,-0.025596305955064305,OK
2025-01-31,HistGBM,Unknown,120782,Unknown,0,5,0.0008547008547008547,0.0008104589777959674,0.0007840727963366899,1,0.9173651717139272,-0.08263482828607283,OK
2025-01-31,HistGBM,Unknown,119775,Unknown,0,5,0.004273504273504273,0.0040101013458720735,0.0037959531705724883,1,0.8882530419139624,-0.1117469580860376,OK
2025-01-31,HistGBM,Unknown,119581,Unknown,0,5,0.004273504273504273,0.0,0.003835946871933081,1,0.8976115680323411,-0.10238843196765889,OK
2025-01-31,HistGBM,Unknown,140228,Unknown,0,5,0.004273504273504273,0.004018795794865648,0.0038445089314873876,1,0.8996150899680488,-0.10038491003195119,OK
2025-01-31,HistGBM,Unknown,120403,Unknown,0,5,0.004273504273504273,0.0039380317092966065,0.0039029999302417004,1,0.913301983676558,-0.08669801632344194,OK
2025-01-31,HistGBM,Unknown,127042,Unknown,0,5,0.004273504273504273,0.0037481388524372855,0.0039445977940895,1,0.923035883816943,-0.07696411618305699,OK
2025-01-31,HistGBM,Unknown,118533,Unknown,0,5,0.004273504273504273,0.0,0.0038834558494382164,1,0.9087286687685427,-0.09127133123145728,OK
2025-01-31,HistGBM,Unknown,118814,Unknown,0,5,0.005128205128205128,0.0,0.005150136651567721,1,1.0042766470557056,0.004276647055705648,OK
2025-01-31,HistGBM,Unknown,141588,Unknown,0,5,0.005128205128205128,0.005298916306256394,0.00515154180508011,1,1.0045506519906215,0.004550651990621562,OK
2025-01-31,HistGBM,Unknown,118807,Unknown,0,5,0.005128205128205128,0.005297086009905492,0.005150131465823258,1,1.0042756358355354,0.004275635835535344,OK
2025-01-31,HistGBM,Unknown,150237,Unknown,0,5,0.005128205128205128,0.005303855241061282,0.0051447058400158,1,1.0032176388030811,0.0032176388030812062,OK
2025-01-31,HistGBM,Unknown,149361,Unknown,0,5,0.005128205128205128,0.005297671508760528,0.0051447097352487975,1,1.0032183983735155,0.0032183983735154004,OK
2025-01-31,HistGBM,Unknown,140347,Unknown,0,5,0.005128205128205128,0.005226990172853194,0.005045432542189999,1,0.9838593457270499,-0.0161406542729501,OK
2025-01-31,HistGBM,Unknown,135120,Unknown,0,5,0.005128205128205128,0.0,0.00498326832491421,1,0.971737323358271,-0.028262676641729,OK
2025-01-31,HistGBM,Unknown,146457,Unknown,0,5,0.005128205128205128,0.0051352306583032185,0.004957300005981963,1,0.9666735011664828,-0.033326498833517224,OK
2025-01-31,HistGBM,Unknown,149679,Unknown,0,5,0.005128205128205128,0.0052246672657196005,0.005026125203385112,1,0.9800944146600968,-0.01990558533990314,OK
2025-01-31,HistGBM,Unknown,131373,Unknown,0,5,0.005128205128205128,0.005200138386637087,0.004967832947400163,1,0.9687274247430318,-0.03127257525696825,OK
2025-01-31,HistGBM,Unknown,119648,Unknown,0,5,0.0007122507122507122,0.0,0.000670945145894068,1,0.9420069848352717,-0.0579930151647283,OK
2025-01-31,HistGBM,Unknown,151420,Unknown,0,5,0.0007122507122507122,0.0,0.0007133112868045735,1,1.0014890466736213,0.001489046673621276,OK
2025-01-31,HistGBM,Unknown,152157,Unknown,0,5,0.0007122507122507122,0.0,0.0006524066664335514,1,0.9159789596727062,-0.0840210403272939,OK
2025-01-31,HistGBM,Unknown,118581,Unknown,0,5,0.0007122507122507122,0.0007274291498197969,0.0006711022361531804,1,0.9422275395590654,-0.05777246044093461,OK
2025-01-31,HistGBM,Unknown,151489,Unknown,0,5,0.0007122507122507122,0.0,0.0007119893314825673,1,0.9996330214015245,-0.0003669785984754044,OK
2025-01-31,HistGBM,Unknown,149039,Unknown,0,5,0.0007122507122507122,0.0007274135310882151,0.0006710036645836977,1,0.9420891450755117,-0.05791085492448838,OK
2025-01-31,HistGBM,Unknown,149107,Unknown,0,5,0.0007122507122507122,0.0007333607355948694,0.0006671862706590429,1,0.9367295240052963,-0.06327047599470367,OK
2025-01-31,HistGBM,Unknown,151762,Unknown,0,5,0.0007122507122507122,0.0007331833019731969,0.0006670967685305876,1,0.9366038630169451,-0.06339613698305485,OK
2025-01-31,HistGBM,Unknown,141877,Unknown,0,5,0.0007122507122507122,0.0007333345220101667,0.0006671963846426551,1,0.9367437240382879,-0.06325627596171213,OK
2025-01-31,HistGBM,Unknown,119827,Unknown,0,5,0.0007122507122507122,0.0007273259430248274,0.0006709140018928316,1,0.9419632586575357,-0.05803674134246424,OK
2025-01-31,HistGBM,Unknown,147666,Unknown,0,5,0.0007122507122507122,0.0007183188151166628,0.0006663527039023714,1,0.9355591962789296,-0.06444080372107039,OK
2025-01-31,HistGBM,Unknown,148978,Unknown,0,5,0.0007122507122507122,0.0,0.0006710388381073204,1,0.942138528702678,-0.05786147129732195,OK
2025-01-31,HistGBM,Unknown,147794,Unknown,0,5,0.0007122507122507122,0.0007273720869069073,0.0006709816025544936,1,0.942058169986509,-0.05794183001349093,OK
2025-01-31,HistGBM,Unknown,151911,Unknown,0,5,0.0007122507122507122,0.0,0.000685758460148704,1,0.9628048780487806,-0.03719512195121948,OK
2025-01-31,HistGBM,Unknown,148381,Unknown,0,5,0.0007122507122507122,0.0007592414145996382,0.000708668170694592,1,0.9949701116552073,-0.005029888344792703,OK
2025-01-31,HistGBM,Unknown,118742,Unknown,0,5,0.0007122507122507122,0.0,0.0006710502948582774,1,0.9421546139810215,-0.05784538601897847,OK
2025-01-31,HistGBM,Unknown,146376,Unknown,0,5,0.0007122507122507122,0.0007273464828538894,0.0006710175926853037,1,0.9421087001301666,-0.0578912998698334,OK
2025-01-31,HistGBM,Unknown,150428,Unknown,0,5,0.0007122507122507122,0.0,0.0006325083163780853,1,0.8880416761948319,-0.11195832380516814,OK
2025-01-31,HistGBM,Unknown,152329,Unknown,0,5,0.0007122507122507122,0.0,0.0006711062081662798,1,0.9422331162654569,-0.05776688373454311,OK
2025-01-31,HistGBM,Unknown,150639,Unknown,0,5,0.0007122507122507122,0.000733158204693912,0.000667133491500736,1,0.9366554220670336,-0.06334457793296643,OK
2025-01-31,HistGBM,Unknown,149865,Unknown,0,5,0.0007122507122507122,0.0,0.0007153971780265691,1,1.004417637949303,0.004417637949303106,OK
2025-01-31,HistGBM,Unknown,149832,Unknown,0,5,0.0007122507122507122,0.0007183013280184915,0.0006663606325946728,1,0.9355703281629207,-0.06442967183707929,OK
2025-01-31,HistGBM,Unknown,150636,Unknown,0,5,0.0007122507122507122,0.0007350313957522364,0.0006613458742533925,1,0.9285296074517632,-0.07147039254823682,OK
2025-01-31,HistGBM,Unknown,150681,Unknown,0,5,0.0007122507122507122,0.0,0.0007120317390377745,1,0.9996925616090354,-0.0003074383909645496,OK
2025-01-31,HistGBM,Unknown,149868,Unknown,0,5,0.0007122507122507122,0.0007181465392744668,0.0006662804054998282,1,0.9354576893217588,-0.06454231067824125,OK
2025-01-31,HistGBM,Unknown,118741,Unknown,0,5,0.0007122507122507122,0.0,0.0006710502948582774,1,0.9421546139810215,-0.05784538601897847,OK
2025-01-31,HistGBM,Unknown,148555,Unknown,0,5,0.0007122507122507122,0.0007034457621225475,0.0006910217797632037,1,0.970194578787538,-0.02980542121246196,OK
2025-01-31,HistGBM,Unknown,151157,Unknown,0,5,0.0007122507122507122,0.0,0.0006709927387735064,1,0.9420738052380031,-0.057926194761996945,OK
2025-01-31,HistGBM,Unknown,150920,Unknown,0,5,0.0007122507122507122,0.0,0.0007120739151452627,1,0.9997517768639489,-0.00024822313605111026,OK
2025-01-31,HistGBM,Unknown,149254,Unknown,0,5,0.0007122507122507122,0.0007298398524318817,0.000643654905357481,1,0.9036914871219033,-0.09630851287809677,OK
2025-01-31,HistGBM,Unknown,120716,Unknown,0,5,0.0007122507122507122,0.0,0.0006709819995447181,1,0.9420587273607843,-0.057941272639215675,OK
2025-01-31,HistGBM,Unknown,150313,Unknown,0,5,0.0007122507122507122,0.0,0.0006324607466250609,1,0.8879748882615855,-0.11202511173841445,OK
2025-01-31,HistGBM,Unknown,148721,Unknown,0,5,0.0007122507122507122,0.000721548380617901,0.000646249721664815,1,0.9073346092174004,-0.09266539078259967,OK
2025-01-31,HistGBM,Unknown,149373,Unknown,0,5,0.0007122507122507122,0.0007273914317291962,0.0006711885715444433,1,0.9423487544483985,-0.057651245551601456,OK
2025-01-31,HistGBM,Unknown,150930,Unknown,0,5,0.0007122507122507122,0.0006691805848266088,0.0006597863842401438,1,0.926340083473162,-0.07365991652683798,OK
2025-01-31,HistGBM,Unknown,120307,Unknown,0,5,0.0007122507122507122,0.0,0.000671013084677382,1,0.9421023708870444,-0.05789762911295565,OK
2025-01-31,HistGBM,Unknown,151620,Unknown,0,5,0.0021367521367521365,0.0,0.002149168243986868,1,1.0058107381858543,0.0058107381858543234,OK
2025-01-31,HistGBM,Unknown,151708,Unknown,0,5,0.0021367521367521365,0.0,0.00215035575092242,1,1.0063664914316925,0.006366491431692516,OK
2025-01-31,HistGBM,Unknown,147248,Unknown,0,5,0.0021367521367521365,0.002207990164923607,0.002152801707729363,1,1.007511199217342,0.00751119921734204,OK
2025-01-31,HistGBM,Unknown,148387,Unknown,0,5,0.0021367521367521365,0.0022075321054838715,0.002151510977297623,1,1.0069071373752878,0.0069071373752878475,OK
2025-01-31,HistGBM,Unknown,149460,Unknown,0,5,0.0021367521367521365,0.0022086837335813844,0.002149495514863358,1,1.0059639009560517,0.0059639009560516505,OK
2025-01-31,HistGBM,Unknown,150627,Unknown,0,5,0.0021367521367521365,0.002209831441663377,0.002149865078842186,1,1.0061368568981433,0.006136856898143169,OK
2025-01-31,HistGBM,Unknown,149878,Unknown,0,5,0.0021367521367521365,0.0022084507468755525,0.002149692929136722,1,1.006056290835986,0.006056290835985948,OK
2025-01-31,HistGBM,Unknown,149307,Unknown,0,5,0.0021367521367521365,0.0022084727258803944,0.002150181345767823,1,1.0062848698193412,0.00628486981934108,OK
2025-01-31,HistGBM,Unknown,146974,Unknown,0,5,0.0021367521367521365,0.0,0.0021523697900258758,1,1.0073090617321099,0.0073090617321098375,OK
2025-01-31,HistGBM,Unknown,147098,Unknown,0,5,0.0021367521367521365,0.0,0.0021543419319207777,1,1.008232024138924,0.008232024138923957,OK
2025-01-31,HistGBM,Unknown,149345,Unknown,0,5,0.0021367521367521365,0.002208360426824541,0.0021502997398291277,1,1.006340278240032,0.006340278240031955,OK
2025-01-31,HistGBM,Unknown,149993,Unknown,0,5,0.0021367521367521365,0.002208794001160698,0.0021496912251635536,1,1.006055493376543,0.006055493376543089,OK
2025-01-31,HistGBM,Unknown,118624,Unknown,0,5,0.004273504273504273,0.004248208507849133,0.004058255604647357,1,0.9496318114874815,-0.05036818851251843,OK
2025-01-31,HistGBM,Unknown,147446,Unknown,0,5,0.004273504273504273,0.0,0.004055720568240791,1,0.9490386129683451,-0.0509613870316549,OK
2025-01-31,HistGBM,Unknown,118272,Unknown,0,5,0.004273504273504273,0.0,0.004034431847427093,1,0.9440570522979398,-0.055942947702060236,OK
2025-01-31,HistGBM,Unknown,120484,Unknown,0,5,0.004273504273504273,0.004105915379181851,0.004018653384646851,1,0.9403648920073633,-0.059635107992636674,OK
2025-01-31,HistGBM,Unknown,133035,Unknown,0,5,0.004273504273504273,0.004198728315532718,0.003943060255350175,1,0.9226760997519411,-0.07732390024805894,OK
2025-01-31,HistGBM,Unknown,143537,Unknown,0,5,0.004273504273504273,0.004182834039418539,0.003963205901190397,1,0.927390180878553,-0.07260981912144705,OK
2025-01-31,HistGBM,Unknown,152064,Unknown,0,5,0.00641025641025641,0.0,0.006025399546824755,1,0.9399623293046617,-0.060037670695338295,OK
2025-01-31,HistGBM,Unknown,120821,Unknown,0,5,0.00641025641025641,0.0084675414947845,0.006054391105721619,1,0.9444850124925727,-0.05551498750742739,OK
2025-01-31,HistGBM,Unknown,150865,Unknown,0,5,0.00641025641025641,0.0,0.006105618098283135,1,0.9524764233321691,-0.04752357666783088,OK
2025-01-31,HistGBM,Unknown,148457,Unknown,0,5,0.00641025641025641,0.008708247594809433,0.006189307366519497,1,0.9655319491770415,-0.034468050822958465,OK
2025-01-31,HistGBM,Unknown,149190,Unknown,0,5,0.004273504273504273,0.004418158861322357,0.004299428701888287,1,1.0060663162418593,0.00606631624185919,OK
2025-01-31,HistGBM,Unknown,149017,Unknown,0,5,0.004273504273504273,0.004416346958722861,0.004298832377845283,1,1.0059267764157962,0.0059267764157960885,OK
2025-01-31,HistGBM,Unknown,151493,Unknown,0,5,0.004273504273504273,0.004417380150896428,0.004299523464431618,1,1.0060884906769987,0.006088490676998749,OK
2025-01-31,HistGBM,Unknown,149924,Unknown,0,5,0.004273504273504273,0.004417033774033894,0.004299177390541596,1,1.0060075093867336,0.006007509386733496,OK
2025-01-31,HistGBM,Unknown,150002,Unknown,0,5,0.004273504273504273,0.004418813876960416,0.004298793609259659,1,1.0059177045667602,0.0059177045667602995,OK
2025-01-31,HistGBM,Unknown,150316,Unknown,0,5,0.004273504273504273,0.0,0.004298451988891286,1,1.005837765400561,0.0058377654005610955,OK
2025-01-31,HistGBM,Unknown,119568,Unknown,0,5,0.003205128205128205,0.003308081965082192,0.003222748469203718,1,1.00549752239156,0.005497522391560177,OK
2025-01-31,HistGBM,Unknown,118859,Unknown,0,5,0.003205128205128205,0.0033081447002016894,0.0032225647822302418,1,1.0054402120558354,0.005440212055835363,OK
2025-01-31,HistGBM,Unknown,151833,Unknown,0,5,0.003205128205128205,0.0,0.003205128205128205,1,1.0,0.0,Missing
2025-01-31,HistGBM,Unknown,140196,Unknown,0,5,0.003205128205128205,0.0,0.003222667265508197,1,1.0054721868385574,0.005472186838557328,OK
2025-01-31,HistGBM,Unknown,149664,Unknown,0,5,0.003205128205128205,0.0033081638956606097,0.0032226508310255874,1,1.0054670592799833,0.005467059279983184,OK
2025-01-31,HistGBM,Unknown,119125,Unknown,0,5,0.003205128205128205,0.003308227283003225,0.0032226834930528213,1,1.0054772498324802,0.005477249832480228,OK
2025-01-31,HistGBM,Unknown,120389,Unknown,0,5,0.003205128205128205,0.003308259086989563,0.0032227852874589205,1,1.0055090096871833,0.005509009687183286,OK
2025-01-31,HistGBM,Unknown,118701,Unknown,0,5,0.003205128205128205,0.003308042589519912,0.0032226460646267575,1,1.0054655721635484,0.005465572163548457,OK
2025-01-31,HistGBM,Unknown,140353,Unknown,0,5,0.003205128205128205,0.0,0.00295514278565126,1,0.9220045491231932,-0.07799545087680682,OK
2025-01-31,HistGBM,Unknown,151796,Unknown,0,5,0.003205128205128205,0.0030812857858219123,0.003023476331599136,1,0.9433246154589304,-0.056675384541069525,OK
2025-01-31,HistGBM,Unknown,151895,Unknown,0,5,0.003205128205128205,0.0,0.0029553474675425894,1,0.9220684098732879,-0.07793159012671208,OK
2025-01-31,HistGBM,Unknown,129046,Unknown,0,5,0.003205128205128205,0.002915997158817968,0.0029900236125594733,1,0.9328873671185557,-0.06711263288144435,OK
2025-01-31,HistGBM,Unknown,149450,Unknown,0,5,0.003205128205128205,0.0,0.0028078728782954133,1,0.876056338028169,-0.12394366197183102,OK
2025-01-31,HistGBM,Unknown,149763,Unknown,0,5,0.003205128205128205,0.0029825487987565394,0.0029389274790612577,1,0.9169453734671125,-0.0830546265328875,OK
2025-01-31,HistGBM,Unknown,120492,Unknown,0,5,0.003205128205128205,0.0,0.002879379721065393,1,0.8983664729724027,-0.10163352702759733,OK
2025-01-31,HistGBM,Unknown,150346,Unknown,0,5,0.003205128205128205,0.0031015287481374345,0.002971356486981487,1,0.9270632239382239,-0.07293677606177604,OK
2025-01-31,HistGBM,Unknown,118309,Unknown,0,5,0.00641025641025641,0.0,0.006303041739496987,1,0.98327451136153,-0.016725488638470006,OK
2025-01-31,HistGBM,Unknown,118994,Unknown,0,5,0.00641025641025641,0.0,0.006367026632401325,1,0.9932561546546068,-0.006743845345393232,OK
2025-01-31,HistGBM,Unknown,120154,Unknown,0,5,0.00641025641025641,0.006566164489323054,0.006256775433242394,1,0.9760569675858135,-0.02394303241418646,OK
2025-01-31,HistGBM,Unknown,120779,Unknown,0,5,0.00641025641025641,0.006567605707887068,0.006316261916399148,1,0.9853368589582671,-0.014663141041732927,OK
2025-01-31,HistGBM,Unknown,119755,Unknown,0,5,0.005128205128205128,0.005301924417029504,0.005118728364046251,1,0.998152030989019,-0.0018479690109810421,OK
2025-01-31,HistGBM,Unknown,118416,Unknown,0,5,0.005128205128205128,0.005284945098804281,0.005093972347115357,1,0.9933246076874945,-0.006675392312505514,OK
2025-01-31,HistGBM,Unknown,119239,Unknown,0,5,0.005128205128205128,0.005286545813880616,0.005100297717997162,1,0.9945580550094466,-0.005441944990553425,OK
2025-01-31,HistGBM,Unknown,119505,Unknown,0,5,0.005128205128205128,0.0,0.0051269899621368235,1,0.9997630426166806,-0.00023695738331942765,OK
2025-01-31,HistGBM,Unknown,120084,Unknown,0,5,0.005128205128205128,0.005291990151648406,0.005138558898130006,1,1.0020189851353511,0.0020189851353511735,OK
2025-01-31,HistGBM,Unknown,134387,Unknown,0,5,0.008547008547008546,0.0,0.008885213276858438,1,1.0395699533924374,0.03956995339243737,OK
2025-01-31,HistGBM,Unknown,133488,Unknown,0,5,0.008547008547008546,0.008843204385477628,0.008588560045739423,1,1.0048615253515125,0.004861525351512592,OK
2025-01-31,HistGBM,Unknown,120711,Unknown,0,5,0.008547008547008546,0.008839832852087845,0.008592611536548046,1,1.0053355497761214,0.005335549776121351,OK
2025-01-31,HistGBM,Unknown,120475,Unknown,0,5,0.008547008547008546,0.00883062126770476,0.008585875580799129,1,1.0045474429534982,0.004547442953498076,OK
2025-01-31,HistGBM,Unknown,151146,Unknown,0,5,0.008547008547008546,0.008837909834537708,0.008586051509588546,1,1.00456802662186,0.004568026621860063,OK
2025-01-31,HistGBM,Unknown,119539,Unknown,0,5,0.008547008547008546,0.0,0.008762421881365392,1,1.025203360119751,0.025203360119750995,OK
2025-01-31,HistGBM,Unknown,148883,Unknown,0,5,0.004273504273504273,0.004180516813567166,0.00397045001361548,1,0.9290853031860224,-0.07091469681397752,OK
2025-01-31,HistGBM,Unknown,118421,Unknown,0,5,0.004273504273504273,0.004042981453052094,0.003939250577744623,1,0.9217846351922419,-0.0782153648077582,OK
2025-01-31,HistGBM,Unknown,148481,Unknown,0,5,0.004273504273504273,0.004015056638849408,0.003965216651783815,1,0.9278606965174129,-0.0721393034825871,OK
2025-01-31,HistGBM,Unknown,150376,Unknown,0,5,0.004273504273504273,0.0,0.0039342751377922655,1,0.9206203822433902,-0.07937961775660982,OK
2025-01-31,HistGBM,Unknown,148567,Unknown,0,5,0.004273504273504273,0.0,0.004010509740947875,1,0.9384592793818028,-0.0615407206181972,OK
2025-01-31,HistGBM,Unknown,119096,Unknown,0,5,0.004273504273504273,0.0,0.004039730292228151,1,0.9452968883813874,-0.05470311161861266,OK
2025-01-31,HistGBM,Unknown,119735,Unknown,0,5,0.008547008547008546,0.008828872808022139,0.008553344411102344,1,1.0007412960989743,0.0007412960989744225,OK
2025-01-31,HistGBM,Unknown,119069,Unknown,0,5,0.008547008547008546,0.008837906763378431,0.00855072963508447,1,1.000435367304883,0.0004353673048829027,OK
2025-01-31,HistGBM,Unknown,118687,Unknown,0,5,0.008547008547008546,0.0,0.008552470306565294,1,1.0006390258681395,0.000639025868139444,OK
2025-01-31,HistGBM,Unknown,140613,Unknown,0,5,0.00641025641025641,0.006616374370292899,0.0064471195125434646,1,1.0057506439567805,0.0057506439567805295,OK
2025-01-31,HistGBM,Unknown,149526,Unknown,0,5,0.00641025641025641,0.0,0.006446292379975691,1,1.0056216112762077,0.005621611276207755,OK
2025-01-31,HistGBM,Unknown,120398,Unknown,0,5,0.00641025641025641,0.006613732372224674,0.006447980283220454,1,1.0058849241823908,0.005884924182390809,OK
2025-01-31,HistGBM,Unknown,133810,Unknown,0,5,0.00641025641025641,0.006615750325944658,0.006446146440410637,1,1.0055988447040594,0.005598844704059264,OK
2025-01-31,HistGBM,Unknown,119771,Unknown,0,5,0.004273504273504273,0.004415985409264756,0.0042949576192508575,1,1.0050200829047007,0.005020082904700673,OK
2025-01-31,HistGBM,Unknown,148401,Unknown,0,5,0.004273504273504273,0.004417578702909817,0.004296291087881581,1,1.0053321145642902,0.005332114564290088,OK
2025-01-31,HistGBM,Unknown,120364,Unknown,0,5,0.004273504273504273,0.0,0.004294461213587076,1,1.004903923979376,0.0049039239793760864,OK
2025-01-31,HistGBM,Unknown,130206,Unknown,0,5,0.004273504273504273,0.004416513286939535,0.004294541318555422,1,1.004922668541969,0.004922668541968932,OK
2025-01-31,HistGBM,Unknown,120401,Unknown,0,5,0.004273504273504273,0.004416128379941153,0.004295310666066754,1,1.0051026958596205,0.005102695859620509,OK
2025-01-31,HistGBM,Unknown,120795,Unknown,0,5,0.004273504273504273,0.004414695333222844,0.00429436964439244,1,1.004882496787831,0.004882496787830971,OK
2025-01-31,HistGBM,Unknown,152237,Unknown,0,5,0.004273504273504273,0.003940522648514908,0.0037651386422793715,1,0.881042442293373,-0.11895755770662696,OK
2025-01-31,HistGBM,Unknown,145206,Unknown,0,5,0.004273504273504273,0.003893593378332138,0.0038653597987043527,1,0.9044941928968186,-0.09550580710318132,OK
2025-01-31,HistGBM,Unknown,145137,Unknown,0,5,0.004273504273504273,0.003973603233020411,0.0037436815396189667,1,0.8760214802708383,-0.1239785197291617,OK
2025-01-31,HistGBM,Unknown,148618,Unknown,0,5,0.004273504273504273,0.0,0.003743444595005128,1,0.8759660352312,-0.12403396476880002,OK
2025-01-31,HistGBM,Unknown,147946,Unknown,0,5,0.004273504273504273,0.004000402216436826,0.003800585530732621,1,0.8893370141914334,-0.11066298580856662,OK
2025-01-31,HistGBM,Unknown,145678,Unknown,0,5,0.004273504273504273,0.003934422275794486,0.0037028843520215743,1,0.8664749383730485,-0.13352506162695152,OK
2025-01-31,HistGBM,Unknown,119739,Unknown,0,5,0.005128205128205128,0.005298431993853939,0.005152998076848652,1,1.0048346249854871,0.004834624985487066,OK
2025-01-31,HistGBM,Unknown,149587,Unknown,0,5,0.005128205128205128,0.005297264597219004,0.005153235584338169,1,1.004880938945943,0.004880938945943009,OK
2025-01-31,HistGBM,Unknown,119498,Unknown,0,5,0.005128205128205128,0.005297245497608431,0.005152418792063788,1,1.0047216644524386,0.0047216644524385705,OK
2025-01-31,HistGBM,Unknown,120510,Unknown,0,5,0.005128205128205128,0.0052983832075734405,0.005154336756132608,1,1.0050956674458584,0.005095667445858521,OK
2025-01-31,HistGBM,Unknown,148729,Unknown,0,5,0.005128205128205128,0.005298828324300643,0.005154751792703082,1,1.005176599577101,0.005176599577100829,OK
2025-01-31,HistGBM,Unknown,118464,Unknown,0,5,0.005128205128205128,0.0,0.0050945376948618925,1,0.9934348504980691,-0.006565149501930929,OK
2025-01-31,HistGBM,Unknown,138472,Unknown,0,5,0.005128205128205128,0.005293457594525588,0.005128140096912884,1,0.9999873188980123,-1.2681101987733183e-05,OK
2025-01-31,HistGBM,Unknown,120447,Unknown,0,5,0.005128205128205128,0.005293954973790724,0.005113306693839224,1,0.9970948052986487,-0.002905194701351308,OK
2025-01-31,HistGBM,Unknown,119099,Unknown,0,5,0.005128205128205128,0.005290375307613841,0.005105984006982592,1,0.9956668813616054,-0.004333118638394547,OK
2025-01-31,HistGBM,Unknown,120520,Unknown,0,5,0.005128205128205128,0.00529198154058771,0.005101399162884909,1,0.9947728367625572,-0.005227163237442745,OK
2025-01-31,HistGBM,Unknown,119723,Unknown,0,5,0.003205128205128205,0.0,0.0029909604216547996,1,0.9331796515562976,-0.06682034844370245,OK
2025-01-31,HistGBM,Unknown,150838,Unknown,0,5,0.003205128205128205,0.0,0.002843951425511709,1,0.8873128447596533,-0.11268715524034671,OK
2025-01-31,HistGBM,Unknown,150587,Unknown,0,5,0.003205128205128205,0.0030887604019544813,0.002962358907071736,1,0.9242559790063816,-0.07574402099361839,OK
2025-01-31,HistGBM,Unknown,120270,Unknown,0,5,0.003205128205128205,0.0,0.0029646584018000726,1,0.9249734213616226,-0.07502657863837735,OK
2025-01-31,HistGBM,Unknown,150159,Unknown,0,5,0.003205128205128205,0.0030935856125273225,0.0029295139405760267,1,0.9140083494597204,-0.08599165054027963,OK
2025-01-31,HistGBM,Unknown,119242,Unknown,0,5,0.003205128205128205,0.0031601929349959756,0.0030053665599363622,1,0.937674366700145,-0.06232563329985497,OK
2025-01-31,HistGBM,Unknown,120079,Unknown,0,5,0.003205128205128205,0.0030408177683685393,0.002870165467656142,1,0.8954916259087164,-0.10450837409128357,OK
2025-01-31,HistGBM,Unknown,151078,Unknown,0,5,0.003205128205128205,0.0030410355232741645,0.0029113570978918407,1,0.9083434145422543,-0.09165658545774573,OK
2025-01-31,HistGBM,Unknown,119501,Unknown,0,5,0.005128205128205128,0.005291984376879109,0.005156956356186547,1,1.0056064894563768,0.005606489456376667,OK
2025-01-31,HistGBM,Unknown,120676,Unknown,0,5,0.005128205128205128,0.0052923106723334595,0.005156923657667693,1,1.0056001132452002,0.005600113245200099,OK
2025-01-31,HistGBM,Unknown,144754,Unknown,0,5,0.005128205128205128,0.005293010275550372,0.0051574573818927525,1,1.0057041894690868,0.005704189469086855,OK
2025-01-31,HistGBM,Unknown,143494,Unknown,0,5,0.005128205128205128,0.0052934954338015846,0.005157645722192977,1,1.0057409158276305,0.005740915827630399,OK
2025-01-31,HistGBM,Unknown,148529,Unknown,0,5,0.005128205128205128,0.005293645492117035,0.005157480852417069,1,1.0057087662213284,0.005708766221328448,OK
2025-01-31,HistGBM,Unknown,149166,Unknown,0,5,0.005128205128205128,0.004966483367553185,0.00473047304730473,1,0.9224422442244224,-0.07755775577557757,OK
2025-01-31,HistGBM,Unknown,152018,Unknown,0,5,0.005128205128205128,0.00478498045222674,0.004429106383372249,1,0.8636757447575887,-0.1363242552424113,OK
2025-01-31,HistGBM,Unknown,118784,Unknown,0,5,0.005128205128205128,0.00500325483148381,0.0047665565898136015,1,0.9294785350136523,-0.07052146498634775,OK
2025-01-31,HistGBM,Unknown,103490,Unknown,0,5,0.005128205128205128,0.0,0.004811558811558811,1,0.9382539682539682,-0.06174603174603176,OK
2025-01-31,HistGBM,Unknown,120751,Unknown,0,5,0.005128205128205128,0.005110007892943132,0.004781416837608717,1,0.9323762833336998,-0.06762371666630018,OK
2025-01-31,HistGBM,Unknown,136007,Unknown,0,5,0.008547008547008546,0.008065687789972017,0.007912157286841442,1,0.9257224025604488,-0.07427759743955124,OK
2025-01-31,HistGBM,Unknown,142138,Unknown,0,5,0.008547008547008546,0.0,0.007841768926104978,1,0.9174869643542826,-0.08251303564571748,OK
2025-01-31,HistGBM,Unknown,132933,Unknown,0,5,0.008547008547008546,0.00844712383087053,0.008547008547008546,1,1.0,0.0,Missing
2025-01-31,HistGBM,Unknown,147567,Unknown,0,5,0.005128205128205128,0.00529316140612854,0.005157048847695299,1,1.0056245253005833,0.005624525300583405,OK
2025-01-31,HistGBM,Unknown,149112,Unknown,0,5,0.005128205128205128,0.0052939346734818555,0.005157216255744002,1,1.0056571698700805,0.005657169870080405,OK
2025-01-31,HistGBM,Unknown,118715,Unknown,0,5,0.005128205128205128,0.005292976910951315,0.005157004001400434,1,1.0056157802730847,0.00561578027308483,OK
2025-01-31,HistGBM,Unknown,118719,Unknown,0,5,0.005128205128205128,0.005292979523161648,0.0051570073083556794,1,1.0056164251293576,0.00561642512935765,OK
2025-01-31,HistGBM,Unknown,119511,Unknown,0,5,0.005128205128205128,0.0,0.005157326410216157,1,1.0056786499921506,0.005678649992150538,OK
2025-01-31,HistGBM,Unknown,147825,Unknown,0,5,0.004273504273504273,0.0,0.00401722889887014,1,0.9400315623356128,-0.05996843766438719,OK
2025-01-31,HistGBM,Unknown,146930,Unknown,0,5,0.004273504273504273,0.004194118759224738,0.0040498130341880345,1,0.9476562500000001,-0.05234374999999995,OK
2025-01-31,HistGBM,Unknown,133630,Unknown,0,5,0.004273504273504273,0.004130976471991616,0.003957000207781294,1,0.925938048620823,-0.07406195137917701,OK
2025-01-31,HistGBM,Unknown,133568,Unknown,0,5,0.004273504273504273,0.0,0.003957000207781294,1,0.925938048620823,-0.07406195137917701,OK
2025-01-31,HistGBM,Unknown,119255,Unknown,0,5,0.004273504273504273,0.004144824249760876,0.003963159578856467,1,0.9273793414524133,-0.07262065854758673,OK
2025-01-31,HistGBM,Unknown,146721,Unknown,0,5,0.004273504273504273,0.00427424541292452,0.003957314361938639,1,0.9260115606936417,-0.07398843930635832,OK
2025-01-31,HistGBM,Unknown,151713,Unknown,0,5,0.004273504273504273,0.0,0.0039144310243103,1,0.9159768596886103,-0.08402314031138973,OK
2025-01-31,HistGBM,Unknown,118968,Unknown,0,5,0.004273504273504273,0.004299043077194994,0.004090451874631418,1,0.9571657386637518,-0.04283426133624823,OK
2025-01-31,HistGBM,Unknown,139872,Unknown,0,5,0.004273504273504273,0.0,0.0038219257247730084,1,0.8943306195968841,-0.10566938040311588,OK
2025-01-31,HistGBM,Unknown,151267,Unknown,0,5,0.004273504273504273,0.004289102232104539,0.004104516574696578,1,0.9604568784789994,-0.03954312152100055,OK
2025-01-31,HistGBM,Unknown,120333,Unknown,0,5,0.004273504273504273,0.004259247285221648,0.004064115211764011,1,0.9510029595527787,-0.04899704044722126,OK
2025-01-31,HistGBM,Unknown,131670,Unknown,0,5,0.004273504273504273,0.0,0.004111799979051075,1,0.9621611950979515,-0.037838804902048516,OK
2025-01-31,HistGBM,Unknown,148490,Unknown,0,5,0.01282051282051282,0.012228862657908512,0.01200023512845896,1,0.9360183400197989,-0.0639816599802011,OK
2025-01-31,HistGBM,Unknown,120285,Unknown,0,5,0.01282051282051282,0.0,0.011188448430323092,1,0.8726989775652012,-0.12730102243479874,OK
2025-01-31,HistGBM,Unknown,149049,Unknown,0,5,0.008547008547008546,0.008824911444514128,0.008541895920695257,1,0.9994018227213453,-0.0005981772786547526,OK
2025-01-31,HistGBM,Unknown,148771,Unknown,0,5,0.008547008547008546,0.008831965545450132,0.008583424322934036,1,1.0042606457832823,0.004260645783282422,OK
2025-01-31,HistGBM,Unknown,147269,Unknown,0,5,0.008547008547008546,0.0,0.008603985641438338,1,1.0066663200482857,0.006666320048285805,OK
2025-01-31,HistGBM,Unknown,151214,Unknown,0,5,0.01282051282051282,0.013230014090069514,0.012742442532355385,1,0.9939105175237201,-0.006089482476279953,OK
2025-01-31,HistGBM,Unknown,143704,Unknown,0,5,0.01282051282051282,0.0,0.01282218113808853,1,1.0001301287709055,0.00013012877090536764,OK
2025-02-28,HistGBM,Unknown,115132,Unknown,0,5,0.0017094017094017094,0.001823719626201886,0.0017897183482659606,1,1.046985233735587,0.04698523373558702,OK
2025-02-28,HistGBM,Unknown,152183,Unknown,0,5,0.0017094017094017094,0.0018249671665762556,0.0017871126698667153,1,1.0454609118720284,0.04546091187202829,OK
2025-02-28,HistGBM,Unknown,151974,Unknown,0,5,0.0017094017094017094,0.001834511679180266,0.0017948587391381737,1,1.0499923623958316,0.04999236239583158,OK
2025-02-28,HistGBM,Unknown,152287,Unknown,0,5,0.0017094017094017094,0.0018239443296425232,0.001788150161631966,1,1.0460678445547,0.0460678445547,OK
2025-02-28,HistGBM,Unknown,149170,Unknown,0,5,0.0017094017094017094,0.0,0.0014982168828322675,1,0.8764568764568765,-0.12354312354312352,OK
2025-02-28,HistGBM,Unknown,149331,Unknown,0,5,0.0017094017094017094,0.0,0.0018292030453154371,1,1.0700837815095308,0.07008378150953065,OK
2025-02-28,HistGBM,Unknown,149158,Unknown,0,5,0.0017094017094017094,0.0,0.0018109533842417412,1,1.0594077297814186,0.059407729781418686,OK
2025-02-28,HistGBM,Unknown,148666,Unknown,0,5,0.0017094017094017094,0.0,0.0018007756204131838,1,1.0534537379417126,0.053453737941712674,OK
2025-02-28,HistGBM,Unknown,150714,Unknown,0,5,0.0017094017094017094,0.0018295495479255918,0.0017859292663324022,1,1.0447686208044553,0.044768620804455254,OK
2025-02-28,HistGBM,Unknown,119781,Unknown,0,5,0.0017094017094017094,0.0018217754665647804,0.0017920429848987684,1,1.0483451461657796,0.04834514616577952,OK
2025-02-28,HistGBM,Unknown,118663,Unknown,0,5,0.0017094017094017094,0.0018241288411774451,0.00178277208036114,1,1.0429216670112669,0.042921667011266984,OK
2025-02-28,HistGBM,Unknown,120473,Unknown,0,5,0.0017094017094017094,0.0018217839631265813,0.0017843001208460811,1,1.0438155706949575,0.043815570694957354,OK
2025-02-28,HistGBM,Unknown,120685,Unknown,0,5,0.0017094017094017094,0.0018282631206389132,0.001778607301109208,1,1.0404852711488868,0.040485271148886816,OK
2025-02-28,HistGBM,Unknown,120531,Unknown,0,5,0.0017094017094017094,0.0018330533575919513,0.0017889059288957012,1,1.0465099684039851,0.04650996840398504,OK
2025-02-28,HistGBM,Unknown,119788,Unknown,0,5,0.0017094017094017094,0.0018302023588869247,0.0017832569675160933,1,1.0432053259969145,0.04320532599691447,OK
2025-02-28,HistGBM,Unknown,150264,Unknown,0,5,0.004273504273504273,0.0,0.004655566535752734,1,1.0894025693661398,0.08940256936613966,OK
2025-02-28,HistGBM,Unknown,148481,Unknown,0,5,0.004273504273504273,0.004111646176187416,0.004553385250436189,1,1.0654921486020683,0.0654921486020682,OK
2025-02-28,HistGBM,Unknown,148883,Unknown,0,5,0.004273504273504273,0.004117072798249565,0.004606780878904772,1,1.0779867256637168,0.07798672566371682,OK
2025-02-28,HistGBM,Unknown,118421,Unknown,0,5,0.004273504273504273,0.004084721213843729,0.0044738984960661496,1,1.0468922480794791,0.04689224807947911,OK
2025-02-28,HistGBM,Unknown,120834,Unknown,0,5,0.004273504273504273,0.0,0.004531148974414813,1,1.0602888600130664,0.0602888600130664,OK
2025-02-28,HistGBM,Unknown,131580,Unknown,0,5,0.004273504273504273,0.0,0.004526480866815641,1,1.05919652283486,0.05919652283486009,OK
2025-02-28,HistGBM,Unknown,149868,Unknown,0,5,0.000693000693000693,0.0006908851450297321,0.0007414733583204668,1,1.0699460560564336,0.06994605605643361,OK
2025-02-28,HistGBM,Unknown,152156,Unknown,0,5,0.000693000693000693,0.0,0.0007441795604160747,1,1.0738511056803959,0.0738511056803958,OK
2025-02-28,HistGBM,Unknown,149865,Unknown,0,5,0.000693000693000693,0.0007418157265542978,0.0007032524154700213,1,1.0147932355232407,0.01479323552324069,OK
2025-02-28,HistGBM,Unknown,149858,Unknown,0,5,0.000693000693000693,0.0,0.0007388893293281475,1,1.0662173022205168,0.0662173022205168,OK
2025-02-28,HistGBM,Unknown,147666,Unknown,0,5,0.000693000693000693,0.0006909601133042216,0.0007415955514826311,1,1.0701223807894367,0.07012238078943658,OK
2025-02-28,HistGBM,Unknown,152062,Unknown,0,5,0.000693000693000693,0.0,0.0007326707364905481,1,1.0572438727558608,0.05724387275586083,OK
2025-02-28,HistGBM,Unknown,152389,Unknown,0,5,0.000693000693000693,0.0,0.0007388735857623823,1,1.0661945842551177,0.06619458425511772,OK
2025-02-28,HistGBM,Unknown,152098,Unknown,0,5,0.000693000693000693,0.0,0.0007041453785948767,1,1.016081781312407,0.016081781312407104,OK
2025-02-28,HistGBM,Unknown,148555,Unknown,0,5,0.000693000693000693,0.0007165401812653601,0.0007123111690698058,1,1.0278650169677297,0.02786501696772972,OK
2025-02-28,HistGBM,Unknown,152092,Unknown,0,5,0.000693000693000693,0.0,0.0007435107597395862,1,1.0728860263042228,0.07288602630422282,OK
2025-02-28,HistGBM,Unknown,151489,Unknown,0,5,0.000693000693000693,0.0007382820333309087,0.0007085312540282754,1,1.0224105995628014,0.022410599562801347,OK
2025-02-28,HistGBM,Unknown,150920,Unknown,0,5,0.000693000693000693,0.0007383697405418457,0.0007084288755079708,1,1.0222628673580019,0.022262867358001814,OK
2025-02-28,HistGBM,Unknown,152422,Unknown,0,5,0.000693000693000693,0.0,0.0007327600518787019,1,1.0573727548609668,0.057372754860966865,OK
2025-02-28,HistGBM,Unknown,147794,Unknown,0,5,0.000693000693000693,0.0006957599502650583,0.0007365982862734366,1,1.062911327092569,0.06291132709256902,OK
2025-02-28,HistGBM,Unknown,149219,Unknown,0,5,0.000693000693000693,0.0,0.0006265409368084153,1,0.9040985718145432,-0.09590142818545681,OK
2025-02-28,HistGBM,Unknown,151420,Unknown,0,5,0.000693000693000693,0.0007396528064871175,0.0007066633636418172,1,1.0197152337351423,0.019715233735142182,OK
2025-02-28,HistGBM,Unknown,151185,Unknown,0,5,0.000693000693000693,0.0,0.0007067679601743646,1,1.019866166531608,0.019866166531607922,OK
2025-02-28,HistGBM,Unknown,151183,Unknown,0,5,0.000693000693000693,0.0,0.0007046492649566654,1,1.0168088893324683,0.01680888933246833,OK
2025-02-28,HistGBM,Unknown,151762,Unknown,0,5,0.000693000693000693,0.0006917316551270537,0.0007346528490885778,1,1.0601040612348178,0.06010406123481778,OK
2025-02-28,HistGBM,Unknown,150681,Unknown,0,5,0.000693000693000693,0.0007383260069337459,0.0007083453718395935,1,1.0221423715645335,0.022142371564533362,OK
2025-02-28,HistGBM,Unknown,150671,Unknown,0,5,0.000693000693000693,0.0,0.0007080386221579466,1,1.021699731773917,0.021699731773916906,OK
2025-02-28,HistGBM,Unknown,149803,Unknown,0,5,0.000693000693000693,0.0,0.000732756010190613,1,1.0573669227050546,0.057366922705054536,OK
2025-02-28,HistGBM,Unknown,149832,Unknown,0,5,0.000693000693000693,0.0006909683347912791,0.0007415538860093584,1,1.0700622575115042,0.07006225751150418,OK
2025-02-28,HistGBM,Unknown,149039,Unknown,0,5,0.000693000693000693,0.0006957828270120263,0.0007365550306620318,1,1.062848909245312,0.06284890924531196,OK
2025-02-28,HistGBM,Unknown,149804,Unknown,0,5,0.000693000693000693,0.0,0.0007390244492138932,1,1.066412280215648,0.06641228021564784,OK
2025-02-28,HistGBM,Unknown,152329,Unknown,0,5,0.000693000693000693,0.000695889157375848,0.0007365167237036777,1,1.062793632304407,0.06279363230440696,OK
2025-02-28,HistGBM,Unknown,150639,Unknown,0,5,0.000693000693000693,0.0006917697342216023,0.0007348707011723017,1,1.0604184217916315,0.06041842179163155,OK
2025-02-28,HistGBM,Unknown,149483,Unknown,0,5,0.000693000693000693,0.0,0.0007502904337338408,1,1.0826690958779321,0.0826690958779321,OK
2025-02-28,HistGBM,Unknown,149107,Unknown,0,5,0.000693000693000693,0.0006918244624353399,0.0007348260239776735,1,1.060353952599783,0.06035395259978304,OK
2025-02-28,HistGBM,Unknown,151728,Unknown,0,5,0.000693000693000693,0.0,0.0007434570560957862,1,1.0728085319462195,0.07280853194621942,OK
2025-02-28,HistGBM,Unknown,148381,Unknown,0,5,0.000693000693000693,0.0007348382270389526,0.0006387626587165342,1,0.9217345165279589,-0.07826548347204106,OK
2025-02-28,HistGBM,Unknown,150792,Unknown,0,5,0.000693000693000693,0.0,0.0007042003168557429,1,1.016161057222837,0.016161057222836974,OK
2025-02-28,HistGBM,Unknown,141877,Unknown,0,5,0.000693000693000693,0.0006918349499132502,0.0007348721861663493,1,1.060420564638042,0.060420564638041935,OK
2025-02-28,HistGBM,Unknown,120307,Unknown,0,5,0.000693000693000693,0.0006957925949756908,0.0007365470554073494,1,1.0628374009528052,0.06283740095280517,OK
2025-02-28,HistGBM,Unknown,146376,Unknown,0,5,0.000693000693000693,0.0006957972694576072,0.0007365582495839288,1,1.0628535541496094,0.06285355414960934,OK
2025-02-28,HistGBM,Unknown,119648,Unknown,0,5,0.000693000693000693,0.0006957221473146526,0.0007365243446365396,1,1.0628046293105267,0.06280462931052669,OK
2025-02-28,HistGBM,Unknown,120716,Unknown,0,5,0.000693000693000693,0.0006957603619155385,0.000736543282037684,1,1.062831955980378,0.06283195598037815,OK
2025-02-28,HistGBM,Unknown,152162,Unknown,0,5,0.005128205128205128,0.0,0.00520144933772521,1,1.014282620856416,0.014282620856415951,OK
2025-02-28,HistGBM,Unknown,120256,Unknown,0,5,0.005128205128205128,0.0,0.005189941457010016,1,1.012038584116953,0.012038584116953131,OK
2025-02-28,HistGBM,Unknown,120338,Unknown,0,5,0.005128205128205128,0.0,0.005205486081941513,1,1.015069785978595,0.015069785978595072,OK
2025-02-28,HistGBM,Unknown,119550,Unknown,0,5,0.005128205128205128,0.0,0.005197477398371675,1,1.0135080926824767,0.013508092682476608,OK
2025-02-28,HistGBM,Unknown,123693,Unknown,0,5,0.005128205128205128,0.005335403400797659,0.005196737687843164,1,1.013363849129417,0.013363849129417092,OK
2025-02-28,HistGBM,Unknown,118533,Unknown,0,5,0.004273504273504273,0.004026866069613652,0.004612976466952753,1,1.0794364932669442,0.0794364932669443,OK
2025-02-28,HistGBM,Unknown,127042,Unknown,0,5,0.004273504273504273,0.004090265894896091,0.004467372730393184,1,1.0453652189120053,0.04536521891200537,OK
2025-02-28,HistGBM,Unknown,140228,Unknown,0,5,0.004273504273504273,0.003986480900194278,0.004637155774829333,1,1.085094451310064,0.08509445131006395,OK
2025-02-28,HistGBM,Unknown,142110,Unknown,0,5,0.004273504273504273,0.0,0.004636450565284701,1,1.0849294322766203,0.08492943227662036,OK
2025-02-28,HistGBM,Unknown,120403,Unknown,0,5,0.004273504273504273,0.004047131884109966,0.00463188478812554,1,1.0838610404213764,0.0838610404213765,OK
2025-02-28,HistGBM,Unknown,118872,Unknown,0,5,0.004273504273504273,0.0,0.00460445041445326,1,1.077441396982063,0.07744139698206318,OK
2025-02-28,HistGBM,Unknown,148457,Unknown,0,5,0.00641025641025641,0.006417869236817162,0.006694091818567852,1,1.044278323696585,0.0442783236965848,OK
2025-02-28,HistGBM,Unknown,152051,Unknown,0,5,0.00641025641025641,0.0,0.006727797949226015,1,1.0495364800792584,0.04953648007925841,OK
2025-02-28,HistGBM,Unknown,152324,Unknown,0,5,0.00641025641025641,0.0,0.0066164552410688336,1,1.0321670176067381,0.03216701760673805,OK
2025-02-28,HistGBM,Unknown,120524,Unknown,0,5,0.00641025641025641,0.0,0.006724773099336874,1,1.0490646034965523,0.04906460349655235,OK
2025-02-28,HistGBM,Unknown,149112,Unknown,0,5,0.005128205128205128,0.005347664543918973,0.0051722016897915255,1,1.0085793295093475,0.008579329509347434,OK
2025-02-28,HistGBM,Unknown,118719,Unknown,0,5,0.005128205128205128,0.005347447880415899,0.005173608480871182,1,1.0088536537698805,0.008853653769880428,OK
2025-02-28,HistGBM,Unknown,119511,Unknown,0,5,0.005128205128205128,0.005347778766231144,0.005172758884204728,1,1.008687982419922,0.008687982419921959,OK
2025-02-28,HistGBM,Unknown,118715,Unknown,0,5,0.005128205128205128,0.005347444451339739,0.005173606016492639,1,1.0088531732160646,0.008853173216064674,OK
2025-02-28,HistGBM,Unknown,147567,Unknown,0,5,0.005128205128205128,0.005347490953741245,0.005173845129534945,1,1.0088998002593144,0.008899800259314368,OK
2025-02-28,HistGBM,Unknown,147946,Unknown,0,5,0.004273504273504273,0.003940935473899038,0.004579028478628332,1,1.0714926639990299,0.07149266399902997,OK
2025-02-28,HistGBM,Unknown,152237,Unknown,0,5,0.004273504273504273,0.0039041795848353262,0.004581004149984238,1,1.0719549710963119,0.07195497109631181,OK
2025-02-28,HistGBM,Unknown,148618,Unknown,0,5,0.004273504273504273,0.003881684408819901,0.0045890324742256915,1,1.073833598968812,0.0738335989688119,OK
2025-02-28,HistGBM,Unknown,118778,Unknown,0,5,0.004273504273504273,0.0,0.004594039306546975,1,1.075005197731992,0.07500519773199216,OK
2025-02-28,HistGBM,Unknown,118777,Unknown,0,5,0.004273504273504273,0.0,0.004594039306546975,1,1.075005197731992,0.07500519773199216,OK
2025-02-28,HistGBM,Unknown,145137,Unknown,0,5,0.004273504273504273,0.0038819301034441834,0.004617480363749019,1,1.0804904051172706,0.08049040511727068,OK
2025-02-28,HistGBM,Unknown,151881,Unknown,0,5,0.0008271298593879239,0.0,0.0008927872400336212,1,1.079379773200648,0.07937977320064814,OK
2025-02-28,HistGBM,Unknown,152024,Unknown,0,5,0.0008271298593879239,0.0008069981499236241,0.0009000506057275328,1,1.0881611823245871,0.08816118232458715,OK
2025-02-28,HistGBM,Unknown,152059,Unknown,0,5,0.0008271298593879239,0.0007981555946738492,0.0008344829773401203,1,1.0088899196042054,0.008889919604205335,OK
2025-02-28,HistGBM,Unknown,148986,Unknown,0,5,0.0008271298593879239,0.0,0.0008800817317553243,1,1.064018813692187,0.06401881369218712,OK
2025-02-28,HistGBM,Unknown,152349,Unknown,0,5,0.0008271298593879239,0.0,0.0009009312417813672,1,1.0892258713136729,0.08922587131367288,OK
2025-02-28,HistGBM,Unknown,152082,Unknown,0,5,0.0008271298593879239,0.0008139458813926962,0.000904692465105337,1,1.0937731903123524,0.09377319031235246,OK
2025-02-28,HistGBM,Unknown,152189,Unknown,0,5,0.0008271298593879239,0.0,0.0008913497739827891,1,1.077641876745192,0.07764187674519211,OK
2025-02-28,HistGBM,Unknown,149321,Unknown,0,5,0.0008271298593879239,0.0008657737779077339,0.0009033235390018056,1,1.092118158653183,0.09211815865318304,OK
2025-02-28,HistGBM,Unknown,149268,Unknown,0,5,0.0008271298593879239,0.0008160481151877238,0.0008886701777874521,1,1.0744022449450297,0.07440224494502964,OK
2025-02-28,HistGBM,Unknown,151384,Unknown,0,5,0.0008271298593879239,0.0,0.0009014539684291898,1,1.0898578478308905,0.08985784783089053,OK
2025-02-28,HistGBM,Unknown,152206,Unknown,0,5,0.0008271298593879239,0.0,0.0008925105297572538,1,1.07904523047652,0.0790452304765199,OK
2025-02-28,HistGBM,Unknown,151753,Unknown,0,5,0.0008271298593879239,0.0,0.0008655872562836429,1,1.0464949928469243,0.0464949928469242,OK
2025-02-28,HistGBM,Unknown,150624,Unknown,0,5,0.0008271298593879239,0.0008002845781226451,0.0008819101858562621,1,1.066229414700221,0.06622941470022102,OK
2025-02-28,HistGBM,Unknown,151816,Unknown,0,5,0.0008271298593879239,0.0,0.0008831354279415973,1,1.067710732381391,0.06771073238139104,OK
2025-02-28,HistGBM,Unknown,118539,Unknown,0,5,0.0008271298593879239,0.0008005137315335807,0.000883365115698786,1,1.0679884248798324,0.0679884248798324,OK
2025-02-28,HistGBM,Unknown,148623,Unknown,0,5,0.0008271298593879239,0.0,0.0009024504369652133,1,1.0910625782909429,0.09106257829094279,OK
2025-02-28,HistGBM,Unknown,118588,Unknown,0,5,0.0008271298593879239,0.0,0.0008804427245911069,1,1.0644552540306482,0.06445525403064817,OK
2025-02-28,HistGBM,Unknown,152321,Unknown,0,5,0.0008271298593879239,0.0,0.000900385755391022,1,1.0885663782677457,0.08856637826774583,OK
2025-02-28,HistGBM,Unknown,118589,Unknown,0,5,0.0008271298593879239,0.0,0.0008804427245911069,1,1.0644552540306482,0.06445525403064817,OK
2025-02-28,HistGBM,Unknown,119333,Unknown,0,5,0.0008271298593879239,0.0,0.000899902002054366,1,1.0879815204837284,0.08798152048372847,OK
2025-02-28,HistGBM,Unknown,143783,Unknown,0,5,0.0008271298593879239,0.0008160624003001017,0.0009028723119699743,1,1.0915726251716988,0.09157262517169883,OK
2025-02-28,HistGBM,Unknown,118868,Unknown,0,5,0.0008271298593879239,0.0,0.0008968336184120713,1,1.0842718446601942,0.08427184466019425,OK
2025-02-28,HistGBM,Unknown,120782,Unknown,0,5,0.0008271298593879239,0.000813027432803712,0.0008947732222920344,1,1.0817808257510695,0.08178082575106943,OK
2025-02-28,HistGBM,Unknown,135810,Unknown,0,5,0.0008271298593879239,0.0008037864693268979,0.0008929679744731967,1,1.0795982811380949,0.07959828113809493,OK
2025-02-28,HistGBM,Unknown,120621,Unknown,0,5,0.0008271298593879239,0.0,0.0009027654484288225,1,1.0914434271504465,0.09144342715044652,OK
2025-02-28,HistGBM,Unknown,120385,Unknown,0,5,0.0008271298593879239,0.0,0.0008941583095315487,1,1.0810373962236424,0.08103739622364244,OK
2025-02-28,HistGBM,Unknown,125597,Unknown,0,5,0.0008271298593879239,0.0,0.0008892750633674404,1,1.0751335516112355,0.07513355161123556,OK
2025-02-28,HistGBM,Unknown,134017,Unknown,0,5,0.0008271298593879239,0.0,0.0008849228724395065,1,1.0698717527793633,0.06987175277936336,OK
2025-02-28,HistGBM,Unknown,133859,Unknown,0,5,0.0008271298593879239,0.0008576198336566448,0.0008916411841648703,1,1.0779941916553282,0.07799419165532813,OK
2025-02-28,HistGBM,Unknown,119597,Unknown,0,5,0.0008271298593879239,0.0008544853110067308,0.0008809120469280884,1,1.065022664736059,0.06502266473605896,OK
2025-02-28,HistGBM,Unknown,120733,Unknown,0,5,0.0008271298593879239,0.0008635786034951566,0.0009001655289234912,1,1.0883001244685009,0.08830012446850094,OK
2025-02-28,HistGBM,Unknown,149993,Unknown,0,5,0.0021367521367521365,0.00222907610910771,0.0021517775749787106,1,1.0070319050900367,0.007031905090036594,OK
2025-02-28,HistGBM,Unknown,149878,Unknown,0,5,0.0021367521367521365,0.0022290778760060605,0.002151500873431216,1,1.0069024087658092,0.006902408765809233,OK
2025-02-28,HistGBM,Unknown,149345,Unknown,0,5,0.0021367521367521365,0.002229707095310377,0.0021520694196929873,1,1.0071684884163181,0.007168488416318063,OK
2025-02-28,HistGBM,Unknown,151485,Unknown,0,5,0.0021367521367521365,0.0,0.0021535888267438853,1,1.0078795709161383,0.007879570916138303,OK
2025-02-28,HistGBM,Unknown,149431,Unknown,0,5,0.0021367521367521365,0.0,0.0021521943365981127,1,1.007226949527917,0.007226949527917024,OK
2025-02-28,HistGBM,Unknown,151286,Unknown,0,5,0.0021367521367521365,0.0,0.0021765881417630155,1,1.0186432503450913,0.018643250345091365,OK
2025-02-28,HistGBM,Unknown,149307,Unknown,0,5,0.0021367521367521365,0.002229584329133344,0.002151983800843171,1,1.0071284187946041,0.007128418794604131,OK
2025-02-28,HistGBM,Unknown,150627,Unknown,0,5,0.0021367521367521365,0.002229256382942847,0.002152116196084955,1,1.007190379767759,0.007190379767758976,OK
2025-02-28,HistGBM,Unknown,151620,Unknown,0,5,0.0021367521367521365,0.0022285338150178345,0.0021569629575398895,1,1.0094586641286685,0.00945866412866857,OK
2025-02-28,HistGBM,Unknown,148387,Unknown,0,5,0.0021367521367521365,0.0022309630619682277,0.0021607071116454255,1,1.0112109282500592,0.01121092825005923,OK
2025-02-28,HistGBM,Unknown,147248,Unknown,0,5,0.0021367521367521365,0.0022323014571456424,0.0021550299092062916,1,1.0085539975085445,0.008553997508544452,OK
2025-02-28,HistGBM,Unknown,146974,Unknown,0,5,0.0021367521367521365,0.002231853589366924,0.0021553147836643172,1,1.0086873187549006,0.00868731875490049,OK
2025-02-28,HistGBM,Unknown,148529,Unknown,0,5,0.005128205128205128,0.0053479389117517,0.005168997398552459,1,1.0079544927177295,0.00795449271772945,OK
2025-02-28,HistGBM,Unknown,119501,Unknown,0,5,0.005128205128205128,0.005347395046659315,0.005169602544985515,1,1.0080724962721754,0.008072496272175513,OK
2025-02-28,HistGBM,Unknown,120676,Unknown,0,5,0.005128205128205128,0.005347361140633032,0.005169000610171527,1,1.0079551189834477,0.007955118983447721,OK
2025-02-28,HistGBM,Unknown,143494,Unknown,0,5,0.005128205128205128,0.005348109869922013,0.005169836342221749,1,1.008118086733241,0.008118086733241115,OK
2025-02-28,HistGBM,Unknown,144754,Unknown,0,5,0.005128205128205128,0.005347914574496001,0.005169168952323204,1,1.0079879457030247,0.007987945703024727,OK
2025-02-28,HistGBM,Unknown,149664,Unknown,0,5,0.003205128205128205,0.003341658509532551,0.0032278456479510366,1,1.0070878421607234,0.007087842160723398,OK
2025-02-28,HistGBM,Unknown,119135,Unknown,0,5,0.003205128205128205,0.0,0.003227256333477664,1,1.0069039760450311,0.006903976045031177,OK
2025-02-28,HistGBM,Unknown,120389,Unknown,0,5,0.003205128205128205,0.003341797931241004,0.0032272585966600345,1,1.0069046821579308,0.0069046821579308686,OK
2025-02-28,HistGBM,Unknown,119125,Unknown,0,5,0.003205128205128205,0.0033416923777196328,0.0032268008458537977,1,1.006761863906385,0.00676186390638486,OK
2025-02-28,HistGBM,Unknown,119568,Unknown,0,5,0.003205128205128205,0.0033417597533426666,0.0032270843633206126,1,1.0068503213560311,0.006850321356031218,OK
2025-02-28,HistGBM,Unknown,118859,Unknown,0,5,0.003205128205128205,0.0033415692830838046,0.003226723516159826,1,1.0067377370418658,0.006737737041865738,OK
2025-02-28,HistGBM,Unknown,118701,Unknown,0,5,0.003205128205128205,0.0033416535671177364,0.003226944173240726,1,1.0068065820511065,0.006806582051106403,OK
2025-02-28,HistGBM,Unknown,120038,Unknown,0,5,0.003205128205128205,0.0,0.0032270439602268774,1,1.0068377155907857,0.00683771559078561,OK
2025-02-28,HistGBM,Unknown,147736,Unknown,0,5,0.003663003663003663,0.0038165111633485147,0.003682660558043522,1,1.0053663323458815,0.005366332345881385,OK
2025-02-28,HistGBM,Unknown,146141,Unknown,0,5,0.003663003663003663,0.0038165907728480923,0.0036827586459472804,1,1.0053931103436076,0.005393110343607488,OK
2025-02-28,HistGBM,Unknown,146191,Unknown,0,5,0.003663003663003663,0.0038166146516397,0.0036826167350919254,1,1.0053543686800956,0.005354368680095652,OK
2025-02-28,HistGBM,Unknown,147287,Unknown,0,5,0.003663003663003663,0.0038165096527174613,0.0036826569675328102,1,1.0053653521364572,0.005365352136457203,OK
2025-02-28,HistGBM,Unknown,145810,Unknown,0,5,0.003663003663003663,0.0038166204223015966,0.003682879284154086,1,1.0054260445740655,0.00542604457406549,OK
2025-02-28,HistGBM,Unknown,146675,Unknown,0,5,0.003663003663003663,0.003816654197992816,0.0036829275292968896,1,1.005439215498051,0.005439215498050983,OK
2025-02-28,HistGBM,Unknown,146980,Unknown,0,5,0.003663003663003663,0.0038166422902481045,0.003682995917942055,1,1.005457885598181,0.005457885598181092,OK
2025-02-28,HistGBM,Unknown,141588,Unknown,0,5,0.005128205128205128,0.005341780544273289,0.005196600850524391,1,1.0133371658522563,0.013337165852256357,OK
2025-02-28,HistGBM,Unknown,119533,Unknown,0,5,0.005128205128205128,0.0,0.005196022467098403,1,1.0132243810841886,0.01322438108418848,OK
2025-02-28,HistGBM,Unknown,133791,Unknown,0,5,0.005128205128205128,0.0,0.005191894131316976,1,1.0124193556068104,0.012419355606810428,OK
2025-02-28,HistGBM,Unknown,118807,Unknown,0,5,0.005128205128205128,0.005340318123295621,0.005198407127765625,1,1.013689389914297,0.013689389914296872,OK
2025-02-28,HistGBM,Unknown,118814,Unknown,0,5,0.005128205128205128,0.005340323500541877,0.005198422072512909,1,1.0136923041400172,0.013692304140017169,OK
2025-02-28,HistGBM,Unknown,150387,Unknown,0,5,0.003205128205128205,0.0,0.003463883511892034,1,1.0807316557103146,0.08073165571031457,OK
2025-02-28,HistGBM,Unknown,151917,Unknown,0,5,0.003205128205128205,0.0,0.0033551218896046486,1,1.0467980295566504,0.04679802955665027,OK
2025-02-28,HistGBM,Unknown,150346,Unknown,0,5,0.003205128205128205,0.0030810842409559184,0.0034322632747829595,1,1.0708661417322833,0.07086614173228337,OK
2025-02-28,HistGBM,Unknown,149763,Unknown,0,5,0.003205128205128205,0.0030474576782426863,0.003436988543371522,1,1.0723404255319149,0.07234042553191497,OK
2025-02-28,HistGBM,Unknown,151796,Unknown,0,5,0.003205128205128205,0.0031351287935352167,0.0033558184682910357,1,1.0470153621068032,0.04701536210680319,OK
2025-02-28,HistGBM,Unknown,140353,Unknown,0,5,0.003205128205128205,0.0030642717918691123,0.0034342602681771864,1,1.0714892036712822,0.07148920367128231,OK
2025-02-28,HistGBM,Unknown,119076,Unknown,0,5,0.003205128205128205,0.0,0.0034663236824435764,1,1.0814929889223959,0.08149298892239595,OK
2025-02-28,HistGBM,Unknown,120843,Unknown,0,5,0.003205128205128205,0.0,0.0034860999040069755,1,1.0876631700501764,0.08766317005017639,OK
2025-02-28,HistGBM,Unknown,149910,Unknown,0,5,0.002564102564102564,0.0,0.002312623092624811,1,0.9019230061236762,-0.09807699387632382,OK
2025-02-28,HistGBM,Unknown,148485,Unknown,0,5,0.002564102564102564,0.0,0.002383072252277818,1,0.929398178388349,-0.07060182161165092,OK
2025-02-28,HistGBM,Unknown,149961,Unknown,0,5,0.002564102564102564,0.0025467091629710237,0.002312749676317799,1,0.9019723737639416,-0.09802762623605843,OK
2025-02-28,HistGBM,Unknown,148662,Unknown,0,5,0.002564102564102564,0.002541289427738279,0.0023163885898289023,1,0.9033915500332719,-0.09660844996672814,OK
2025-02-28,HistGBM,Unknown,149830,Unknown,0,5,0.002564102564102564,0.0,0.0023413928654891767,1,0.9131432175407789,-0.08685678245922115,OK
2025-02-28,HistGBM,Unknown,150597,Unknown,0,5,0.002564102564102564,0.0,0.0023375169429175097,1,0.9116316077378288,-0.0883683922621712,OK
2025-02-28,HistGBM,Unknown,148614,Unknown,0,5,0.002564102564102564,0.0,0.0022137387348369476,1,0.8633581065864095,-0.13664189341359045,OK
2025-02-28,HistGBM,Unknown,149098,Unknown,0,5,0.002564102564102564,0.0,0.0023098459352690263,1,0.9008399147549203,-0.09916008524507965,OK
2025-02-28,HistGBM,Unknown,150751,Unknown,0,5,0.002564102564102564,0.002544257283744835,0.0023213410726447164,1,0.9053230183314395,-0.09467698166856052,OK
2025-02-28,HistGBM,Unknown,129188,Unknown,0,5,0.002564102564102564,0.0,0.0024169621535566972,1,0.9426152398871119,-0.057384760112888115,OK
2025-02-28,HistGBM,Unknown,120261,Unknown,0,5,0.004273504273504273,0.0,0.004569100286261284,1,1.0691694669851406,0.0691694669851406,OK
2025-02-28,HistGBM,Unknown,120484,Unknown,0,5,0.004273504273504273,0.004167056247726738,0.00446060994794033,1,1.0437827278180374,0.04378272781803744,OK
2025-02-28,HistGBM,Unknown,147446,Unknown,0,5,0.004273504273504273,0.004205492267008937,0.004527577520223192,1,1.059453139732227,0.059453139732227024,OK
2025-02-28,HistGBM,Unknown,133035,Unknown,0,5,0.004273504273504273,0.00408867157714918,0.004543194406543701,1,1.0631074911312262,0.06310749113122613,OK
2025-02-28,HistGBM,Unknown,143537,Unknown,0,5,0.004273504273504273,0.004109561171579919,0.004522941503320619,1,1.0583683117770248,0.05836831177702478,OK
2025-02-28,HistGBM,Unknown,118624,Unknown,0,5,0.004273504273504273,0.004208120918521046,0.004535296176115034,1,1.061259305210918,0.06125930521091815,OK
2025-02-28,HistGBM,Unknown,120154,Unknown,0,5,0.00641025641025641,0.006487828798404084,0.006619836656978034,1,1.0326945184885734,0.03269451848857333,OK
2025-02-28,HistGBM,Unknown,120073,Unknown,0,5,0.00641025641025641,0.0,0.006637298294234306,1,1.0354185339005517,0.03541853390055162,OK
2025-02-28,HistGBM,Unknown,120705,Unknown,0,5,0.00641025641025641,0.0,0.006572739645938782,1,1.02534738476645,0.025347384766450057,OK
2025-02-28,HistGBM,Unknown,120779,Unknown,0,5,0.00641025641025641,0.006549512028473309,0.006583622815672208,1,1.0270451592448644,0.02704515924486441,OK
2025-02-28,HistGBM,Unknown,147825,Unknown,0,5,0.004273504273504273,0.004165579157819377,0.004546128496883953,1,1.063794068270845,0.06379406827084502,OK
2025-02-28,HistGBM,Unknown,147826,Unknown,0,5,0.004273504273504273,0.0,0.004558253897227985,1,1.0666314119513485,0.06663141195134857,OK
2025-02-28,HistGBM,Unknown,118548,Unknown,0,5,0.004273504273504273,0.0,0.004402301140435299,1,1.03013846686186,0.030138466861860166,OK
2025-02-28,HistGBM,Unknown,133568,Unknown,0,5,0.004273504273504273,0.004103126311188457,0.004573620969276216,1,1.0702273068106347,0.07022730681063476,OK
2025-02-28,HistGBM,Unknown,133630,Unknown,0,5,0.004273504273504273,0.004103126311188457,0.004573620969276216,1,1.0702273068106347,0.07022730681063476,OK
2025-02-28,HistGBM,Unknown,119255,Unknown,0,5,0.004273504273504273,0.004109513138631432,0.0045079316543144175,1,1.0548560071095738,0.054856007109573945,OK
2025-02-28,HistGBM,Unknown,118615,Unknown,0,5,0.003663003663003663,0.0,0.0038506517785105655,1,1.0512279355333844,0.05122793553338453,OK
2025-02-28,HistGBM,Unknown,152188,Unknown,0,5,0.003663003663003663,0.0,0.003745197891539355,1,1.022439024390244,0.022439024390243943,OK
2025-02-28,HistGBM,Unknown,151267,Unknown,0,5,0.003663003663003663,0.004256090237050977,0.003842762686658517,1,1.049074213457775,0.04907421345777518,OK
2025-02-28,HistGBM,Unknown,151713,Unknown,0,5,0.003663003663003663,0.004058985111397219,0.003938387269689816,1,1.0751797246253199,0.07517972462531983,OK
2025-02-28,HistGBM,Unknown,127850,Unknown,0,5,0.003663003663003663,0.0,0.003844886362954605,1,1.0496539770866071,0.04965397708660723,OK
2025-02-28,HistGBM,Unknown,147406,Unknown,0,5,0.003663003663003663,0.0,0.0038001096342853372,1,1.037429930159897,0.03742993015989697,OK
2025-02-28,HistGBM,Unknown,141642,Unknown,0,5,0.003663003663003663,0.0,0.0038204050347908354,1,1.042970574497898,0.042970574497898095,OK
2025-02-28,HistGBM,Unknown,151060,Unknown,0,5,0.005128205128205128,0.0,0.0052659163442899445,1,1.0268536871365392,0.026853687136539132,OK
2025-02-28,HistGBM,Unknown,149679,Unknown,0,5,0.005128205128205128,0.0052117324949295845,0.005268057897695334,1,1.0272712900505903,0.027271290050590317,OK
2025-02-28,HistGBM,Unknown,136567,Unknown,0,5,0.005128205128205128,0.0,0.00523951021345621,1,1.021704491623961,0.02170449162396113,OK
2025-02-28,HistGBM,Unknown,146457,Unknown,0,5,0.005128205128205128,0.005140365685854802,0.005275340104482003,1,1.0286913203739905,0.028691320373990498,OK
2025-02-28,HistGBM,Unknown,131373,Unknown,0,5,0.005128205128205128,0.005151287593056686,0.005293657400815264,1,1.0322631931589765,0.03226319315897656,OK
2025-02-28,HistGBM,Unknown,150587,Unknown,0,5,0.003205128205128205,0.0030717543938681875,0.003436148932051365,1,1.0720784668000258,0.07207846680002587,OK
2025-02-28,HistGBM,Unknown,151611,Unknown,0,5,0.003205128205128205,0.0,0.0034189691870064247,1,1.0667183863460046,0.0667183863460046,OK
2025-02-28,HistGBM,Unknown,119242,Unknown,0,5,0.003205128205128205,0.003116350255072413,0.0034645376070919064,1,1.0809357334126748,0.0809357334126748,OK
2025-02-28,HistGBM,Unknown,145819,Unknown,0,5,0.003205128205128205,0.0,0.0034490919996736816,1,1.0761167038981887,0.07611670389818877,OK
2025-02-28,HistGBM,Unknown,141808,Unknown,0,5,0.003205128205128205,0.0,0.003411481215219533,1,1.0643821391484942,0.06438213914849421,OK
2025-02-28,HistGBM,Unknown,120270,Unknown,0,5,0.003205128205128205,0.003074138805499939,0.003468966743778698,1,1.0823176240589538,0.08231762405895372,OK
2025-02-28,HistGBM,Unknown,118803,Unknown,0,5,0.003205128205128205,0.0,0.0034868985461766235,1,1.0879123464071065,0.08791234640710663,OK
2025-02-28,HistGBM,Unknown,118866,Unknown,0,5,0.003205128205128205,0.0,0.0033672518693778834,1,1.0505825832458997,0.05058258324589981,OK
2025-02-28,HistGBM,Unknown,150180,Unknown,0,5,0.005128205128205128,0.0,0.005216802538417855,1,1.0172764949914817,0.01727649499148155,OK
2025-02-28,HistGBM,Unknown,151087,Unknown,0,5,0.005128205128205128,0.0,0.0052482845704899,1,1.0234154912455304,0.02341549124553039,OK
2025-02-28,HistGBM,Unknown,119755,Unknown,0,5,0.005128205128205128,0.005307755351906127,0.005235550815356419,1,1.0209324089945018,0.02093240899450169,OK
2025-02-28,HistGBM,Unknown,119505,Unknown,0,5,0.005128205128205128,0.00531632203846612,0.005242274955719287,1,1.0222436163652608,0.022243616365260895,OK
2025-02-28,HistGBM,Unknown,120084,Unknown,0,5,0.005128205128205128,0.0053283181979742085,0.005235743211551287,1,1.020969926252501,0.02096992625250087,OK
2025-02-28,HistGBM,Unknown,152071,Unknown,0,5,0.005128205128205128,0.0048953763501510365,0.005480676921480222,1,1.0687319996886433,0.06873199968864334,OK
2025-02-28,HistGBM,Unknown,149383,Unknown,0,5,0.005128205128205128,0.0048844341451725875,0.005482986615062087,1,1.069182389937107,0.06918238993710689,OK
2025-02-28,HistGBM,Unknown,151232,Unknown,0,5,0.005128205128205128,0.0,0.005496829537293684,1,1.0718817597722685,0.07188175977226843,OK
2025-02-28,HistGBM,Unknown,147183,Unknown,0,5,0.005128205128205128,0.0,0.005551801893282107,1,1.0826013691900107,0.08260136919001068,OK
2025-02-28,HistGBM,Unknown,118650,Unknown,0,5,0.005128205128205128,0.0,0.005509307827808923,1,1.07431502642274,0.07431502642273985,OK
2025-02-28,HistGBM,Unknown,148401,Unknown,0,5,0.004273504273504273,0.004454946696375235,0.0043039414156250035,1,1.007122291256251,0.007122291256250903,OK
2025-02-28,HistGBM,Unknown,119771,Unknown,0,5,0.004273504273504273,0.004453563984741026,0.0043056384347764055,1,1.007519393737679,0.007519393737678927,OK
2025-02-28,HistGBM,Unknown,120795,Unknown,0,5,0.004273504273504273,0.004452954296849894,0.004305795980711839,1,1.0075562594865706,0.007556259486570486,OK
2025-02-28,HistGBM,Unknown,120364,Unknown,0,5,0.004273504273504273,0.004453049247558026,0.00430532819081697,1,1.007446796651171,0.007446796651171158,OK
2025-02-28,HistGBM,Unknown,130206,Unknown,0,5,0.004273504273504273,0.004453132310683125,0.004305473894024878,1,1.0074808912018216,0.007480891201821508,OK
2025-02-28,HistGBM,Unknown,120401,Unknown,0,5,0.004273504273504273,0.004453930069048158,0.004305089333161697,1,1.0073909039598372,0.007390903959837294,OK
2025-02-28,HistGBM,Unknown,149924,Unknown,0,5,0.004273504273504273,0.004457939585878519,0.004304092597200334,1,1.0071576677448784,0.0071576677448784605,OK
2025-02-28,HistGBM,Unknown,150316,Unknown,0,5,0.004273504273504273,0.0044571873962294725,0.004304961637673225,1,1.0073610232155348,0.00736102321553476,OK
2025-02-28,HistGBM,Unknown,150002,Unknown,0,5,0.004273504273504273,0.004457541632127452,0.004304689948604443,1,1.0072974479734398,0.007297447973439758,OK
2025-02-28,HistGBM,Unknown,151493,Unknown,0,5,0.004273504273504273,0.0044582984397600455,0.0043037742552923235,1,1.0070831757384038,0.007083175738403862,OK
2025-02-28,HistGBM,Unknown,149190,Unknown,0,5,0.004273504273504273,0.004458200177777625,0.004304187282910686,1,1.0071798242011007,0.007179824201100845,OK
2025-02-28,HistGBM,Unknown,149062,Unknown,0,5,0.004273504273504273,0.0,0.004305321223376154,1,1.0074451662700201,0.007445166270020012,OK
2025-02-28,HistGBM,Unknown,152354,Unknown,0,5,0.003663003663003663,0.0,0.0038634274467689083,1,1.054715692967912,0.05471569296791194,OK
2025-02-28,HistGBM,Unknown,148353,Unknown,0,5,0.003663003663003663,0.0,0.003981994846328104,1,1.0870845930475723,0.08708459304757236,OK
2025-02-28,HistGBM,Unknown,118269,Unknown,0,5,0.003663003663003663,0.0041648762970075085,0.003907702901729938,1,1.066802892172273,0.06680289217227299,OK
2025-02-28,HistGBM,Unknown,150797,Unknown,0,5,0.003663003663003663,0.004151812609698196,0.003924705626482372,1,1.0714446360296874,0.07144463602968734,OK
2025-02-28,HistGBM,Unknown,118825,Unknown,0,5,0.003663003663003663,0.0,0.003908183118547091,1,1.066933991363356,0.06693399136335595,OK
2025-02-28,HistGBM,Unknown,146549,Unknown,0,5,0.003663003663003663,0.0,0.0039057641310238935,1,1.066273607769523,0.06627360776952301,OK
2025-02-28,HistGBM,Unknown,120152,Unknown,0,5,0.003663003663003663,0.0,0.003924971381593722,1,1.0715171871750861,0.07151718717508623,OK
2025-02-28,HistGBM,Unknown,148490,Unknown,0,5,0.01282051282051282,0.012443385875796091,0.013288140563398007,1,1.0364749639450446,0.0364749639450445,OK
2025-02-28,HistGBM,Unknown,135762,Unknown,0,5,0.01282051282051282,0.0,0.013551603939798566,1,1.0570251073042882,0.05702510730428825,OK
2025-02-28,HistGBM,Unknown,118419,Unknown,0,5,0.004273504273504273,0.0,0.004563390883440413,1,1.0678334667250569,0.06783346672505686,OK
2025-02-28,HistGBM,Unknown,147840,Unknown,0,5,0.004273504273504273,0.0,0.004571478153162621,1,1.0697258878400535,0.06972588784005357,OK
2025-02-28,HistGBM,Unknown,119350,Unknown,0,5,0.004273504273504273,0.0,0.00465126144634535,1,1.088395178444812,0.08839517844481197,OK
2025-02-28,HistGBM,Unknown,120357,Unknown,0,5,0.004273504273504273,0.004083403202633195,0.004597756746153307,1,1.075875078599874,0.07587507859987419,OK
2025-02-28,HistGBM,Unknown,120665,Unknown,0,5,0.004273504273504273,0.00407946124185299,0.0045417123977577484,1,1.0627607010753133,0.06276070107531322,OK
2025-02-28,HistGBM,Unknown,119218,Unknown,0,5,0.004273504273504273,0.0,0.00463103232566946,1,1.0836615642066538,0.08366156420665383,OK
2025-02-28,HistGBM,Unknown,149166,Unknown,0,5,0.005128205128205128,0.004905162346616855,0.005470697062825864,1,1.0667859272510436,0.0667859272510436,OK
2025-02-28,HistGBM,Unknown,119231,Unknown,0,5,0.005128205128205128,0.0,0.0054717096875262035,1,1.0669833890676097,0.06698338906760967,OK
2025-02-28,HistGBM,Unknown,119659,Unknown,0,5,0.005128205128205128,0.0,0.005603059614800968,1,1.0925966248861887,0.09259662488618878,OK
2025-02-28,HistGBM,Unknown,118784,Unknown,0,5,0.005128205128205128,0.004942578400418897,0.00544633860229867,1,1.0620360274482408,0.06203602744824072,OK
2025-02-28,HistGBM,Unknown,120751,Unknown,0,5,0.005128205128205128,0.0049579874149544585,0.005430115446012513,1,1.05887251197244,0.05887251197244012,OK
2025-02-28,HistGBM,Unknown,118508,Unknown,0,5,0.008547008547008546,0.0,0.008639389466538647,1,1.0108085675850218,0.010808567585021871,OK
2025-02-28,HistGBM,Unknown,148771,Unknown,0,5,0.008547008547008546,0.008900397354104,0.008650366427507647,1,1.0120928720183948,0.0120928720183948,OK
2025-02-28,HistGBM,Unknown,147269,Unknown,0,5,0.008547008547008546,0.008921717971369024,0.008626007394338999,1,1.009242865137663,0.009242865137662966,OK
2025-02-28,HistGBM,Unknown,119707,Unknown,0,5,0.005128205128205128,0.0,0.005258958194635083,1,1.0254968479538413,0.025496847953841325,OK
2025-02-28,HistGBM,Unknown,140298,Unknown,0,5,0.005128205128205128,0.0,0.0052530835520991975,1,1.0243512926593434,0.02435129265934343,OK
2025-02-28,HistGBM,Unknown,120447,Unknown,0,5,0.005128205128205128,0.005302133467521765,0.0052661283294803745,1,1.026895024248673,0.026895024248673002,OK
2025-02-28,HistGBM,Unknown,138472,Unknown,0,5,0.005128205128205128,0.00531751464600043,0.005244108618592649,1,1.0226011806255666,0.022601180625566618,OK
2025-02-28,HistGBM,Unknown,120520,Unknown,0,5,0.005128205128205128,0.005289786209246706,0.005276674105930912,1,1.0289514506565278,0.02895145065652783,OK
2025-02-28,HistGBM,Unknown,149526,Unknown,0,5,0.00641025641025641,0.006684344322721809,0.006466436096044186,1,1.0087640309828931,0.008764030982893084,OK
2025-02-28,HistGBM,Unknown,118702,Unknown,0,5,0.00641025641025641,0.0,0.006464471905769444,1,1.0084576173000332,0.00845761730003335,OK
2025-02-28,HistGBM,Unknown,140613,Unknown,0,5,0.00641025641025641,0.006685202000059051,0.006465498342562764,1,1.0086177414397912,0.008617741439791108,OK
2025-02-28,HistGBM,Unknown,133810,Unknown,0,5,0.00641025641025641,0.006684192993826744,0.00646686519150097,1,1.0088309698741513,0.00883096987415139,OK
2025-02-28,HistGBM,Unknown,148729,Unknown,0,5,0.005128205128205128,0.0053451090719414205,0.005185260210932002,1,1.0111257411317403,0.011125741131740256,OK
2025-02-28,HistGBM,Unknown,142641,Unknown,0,5,0.005128205128205128,0.0,0.005191008181585814,1,1.0122465954092337,0.012246595409233577,OK
2025-02-28,HistGBM,Unknown,119382,Unknown,0,5,0.005128205128205128,0.0,0.005182131598070229,1,1.0105156616236948,0.010515661623694834,OK
2025-02-28,HistGBM,Unknown,119498,Unknown,0,5,0.005128205128205128,0.005342689917075499,0.005189533368672933,1,1.0119590068912219,0.011959006891221757,OK
2025-02-28,HistGBM,Unknown,120510,Unknown,0,5,0.005128205128205128,0.005344678708690727,0.00519080501114587,1,1.0122069771734448,0.01220697717344487,OK
2025-02-28,HistGBM,Unknown,151179,Unknown,0,5,0.01282051282051282,0.0,0.013212236577760592,1,1.0305544530653261,0.03055445306532608,OK
2025-02-28,HistGBM,Unknown,143704,Unknown,0,5,0.01282051282051282,0.013295685123053005,0.013121568699123839,1,1.0234823585316595,0.023482358531659545,OK
2025-02-28,HistGBM,Unknown,120059,Unknown,0,5,0.008547008547008546,0.0,0.008718817201255901,1,1.0201016125469404,0.0201016125469405,OK
2025-02-28,HistGBM,Unknown,119735,Unknown,0,5,0.008547008547008546,0.008869206636086816,0.008701674417615412,1,1.0180959068610034,0.01809590686100345,OK
2025-02-28,HistGBM,Unknown,119069,Unknown,0,5,0.008547008547008546,0.008866495300298734,0.008712662664077475,1,1.0193815316970647,0.019381531697064653,OK
2025-02-28,HistGBM,Unknown,119082,Unknown,0,5,0.008547008547008546,0.0,0.009291896052598031,1,1.0871518381539698,0.08715183815396968,OK
2025-02-28,HistGBM,Unknown,133488,Unknown,0,5,0.008547008547008546,0.008905722731476565,0.008629818213393588,1,1.00968873096705,0.00968873096704985,OK
2025-02-28,HistGBM,Unknown,130722,Unknown,0,5,0.008547008547008546,0.0,0.008781617573244522,1,1.0274492560696091,0.027449256069609105,OK
2025-02-28,HistGBM,Unknown,151146,Unknown,0,5,0.008547008547008546,0.00890312155883498,0.008673201712547578,1,1.0147646003680668,0.014764600368066736,OK
2025-02-28,HistGBM,Unknown,128006,Unknown,0,5,0.008547008547008546,0.0,0.008634226864260783,1,1.0102045431185116,0.010204543118511546,OK
2025-02-28,HistGBM,Unknown,120475,Unknown,0,5,0.008547008547008546,0.008902939133258318,0.008662591320778146,1,1.0135231845310433,0.01352318453104326,OK
2025-02-28,HistGBM,Unknown,136007,Unknown,0,5,0.008547008547008546,0.008204341429666898,0.009222184979805445,1,1.0789956426372371,0.07899564263723721,OK
2025-02-28,HistGBM,Unknown,142138,Unknown,0,5,0.008547008547008546,0.008131353731973259,0.009293408380498568,1,1.0873287805183325,0.08732878051833241,OK
2025-02-28,HistGBM,Unknown,141141,Unknown,0,5,0.008547008547008546,0.0,0.008952778605265508,1,1.0474750968160644,0.04747509681606436,OK
2025-03-31,HistGBM,Unknown,120510,Unknown,0,5,0.005128205128205128,0.005016748266480184,0.005202908457950583,1,1.0145671493003636,0.014567149300363558,OK
2025-03-31,HistGBM,Unknown,119382,Unknown,0,5,0.005128205128205128,0.005008365688071197,0.005190041108942075,1,1.0120580162437047,0.012058016243704764,OK
2025-03-31,HistGBM,Unknown,119498,Unknown,0,5,0.005128205128205128,0.005015519264397078,0.005201333195032553,1,1.014259973031348,0.01425997303134805,OK
2025-03-31,HistGBM,Unknown,142641,Unknown,0,5,0.005128205128205128,0.005016944624260951,0.005202386573378548,1,1.0144653818088167,0.01446538180881664,OK
2025-03-31,HistGBM,Unknown,148729,Unknown,0,5,0.005128205128205128,0.005011389393087487,0.0052008335274503145,1,1.0141625378528114,0.014162537852811298,OK
2025-03-31,HistGBM,Unknown,120473,Unknown,0,5,0.0016025641025641025,0.0017244694260166288,0.0017059340194615343,1,1.0645028281439974,0.0645028281439975,OK
2025-03-31,HistGBM,Unknown,131865,Unknown,0,5,0.0016025641025641025,0.0,0.00164504609692485,1,1.0265087644811064,0.0265087644811065,OK
2025-03-31,HistGBM,Unknown,120531,Unknown,0,5,0.0016025641025641025,0.001728920793289924,0.001695216674675268,1,1.0578152049973673,0.05781520499736719,OK
2025-03-31,HistGBM,Unknown,119788,Unknown,0,5,0.0016025641025641025,0.0017234612514370304,0.001704211446837079,1,1.0634279428263373,0.06342794282633728,OK
2025-03-31,HistGBM,Unknown,148928,Unknown,0,5,0.0016025641025641025,0.0,0.001630326148515841,1,1.0173235166738848,0.01732351667388471,OK
2025-03-31,HistGBM,Unknown,119781,Unknown,0,5,0.0016025641025641025,0.0017319526583342566,0.0016992387895447604,1,1.0603250046759305,0.06032500467593044,OK
2025-03-31,HistGBM,Unknown,120546,Unknown,0,5,0.0016025641025641025,0.0,0.0017020516372542546,1,1.062080221646655,0.062080221646654936,OK
2025-03-31,HistGBM,Unknown,150714,Unknown,0,5,0.0016025641025641025,0.001726043943413602,0.0017063402045238768,1,1.064756287622899,0.064756287622899,OK
2025-03-31,HistGBM,Unknown,149170,Unknown,0,5,0.0016025641025641025,0.001447979057895863,0.0016544352358068971,1,1.0323675871435039,0.0323675871435038,OK
2025-03-31,HistGBM,Unknown,148666,Unknown,0,5,0.0016025641025641025,0.0017403924733503625,0.0016519272887937464,1,1.0308026282072977,0.030802628207297688,OK
2025-03-31,HistGBM,Unknown,152183,Unknown,0,5,0.0016025641025641025,0.0017271876653635818,0.0017086355811130529,1,1.066188602614545,0.06618860261454505,OK
2025-03-31,HistGBM,Unknown,120685,Unknown,0,5,0.0016025641025641025,0.001718967496453677,0.0017079747513915413,1,1.065776244868322,0.06577624486832183,OK
2025-03-31,HistGBM,Unknown,118663,Unknown,0,5,0.0016025641025641025,0.0017229926233940146,0.0017090505878508623,1,1.0664475668189382,0.06644756681893825,OK
2025-03-31,HistGBM,Unknown,120700,Unknown,0,5,0.0016025641025641025,0.0,0.001673756314342349,1,1.0444239401496258,0.0444239401496259,OK
2025-03-31,HistGBM,Unknown,152287,Unknown,0,5,0.0016025641025641025,0.0017281903682205822,0.001706764876096349,1,1.0650212826841219,0.06502128268412198,OK
2025-03-31,HistGBM,Unknown,115132,Unknown,0,5,0.0016025641025641025,0.0017297059708218585,0.0017039947536985108,1,1.0632927263078709,0.06329272630787094,OK
2025-03-31,HistGBM,Unknown,148387,Unknown,0,5,0.0021367521367521365,0.002088254833969524,0.002177157018687633,1,1.0189094847458122,0.018909484745812322,OK
2025-03-31,HistGBM,Unknown,151485,Unknown,0,5,0.0021367521367521365,0.002081375237574854,0.002166486064591029,1,1.0139154782286017,0.013915478228601718,OK
2025-03-31,HistGBM,Unknown,150627,Unknown,0,5,0.0021367521367521365,0.002079951986790151,0.0021661387250358653,1,1.013752923316785,0.013752923316784982,OK
2025-03-31,HistGBM,Unknown,149460,Unknown,0,5,0.0021367521367521365,0.0,0.0021628983521365277,1,1.012236428799895,0.012236428799895059,OK
2025-03-31,HistGBM,Unknown,149431,Unknown,0,5,0.0021367521367521365,0.002080027507115627,0.0021618334602942864,1,1.011738059417726,0.011738059417726078,OK
2025-03-31,HistGBM,Unknown,149307,Unknown,0,5,0.0021367521367521365,0.0020798240309917184,0.0021608032671447627,1,1.011255929023749,0.011255929023748971,OK
2025-03-31,HistGBM,Unknown,149993,Unknown,0,5,0.0021367521367521365,0.002079624720240146,0.0021661703964792225,1,1.0137677455522762,0.013767745552276198,OK
2025-03-31,HistGBM,Unknown,149878,Unknown,0,5,0.0021367521367521365,0.0020793572969781,0.002164050800888032,1,1.012775774815599,0.012775774815598892,OK
2025-03-31,HistGBM,Unknown,149917,Unknown,0,5,0.0021367521367521365,0.0,0.002176869674561272,1,1.0187750076946753,0.01877500769467527,OK
2025-03-31,HistGBM,Unknown,147248,Unknown,0,5,0.0021367521367521365,0.002082767998029082,0.0021767196365293576,1,1.0187047898957395,0.018704789895739593,OK
2025-03-31,HistGBM,Unknown,146974,Unknown,0,5,0.0021367521367521365,0.0020830433201497155,0.0021766687600483637,1,1.0186809797026344,0.01868097970263442,OK
2025-03-31,HistGBM,Unknown,151286,Unknown,0,5,0.0021367521367521365,0.002103603345451128,0.0021852433281004707,1,1.0226938775510204,0.022693877551020446,OK
2025-03-31,HistGBM,Unknown,148986,Unknown,0,5,0.000777000777000777,0.0008505710564477083,0.0008288071893179946,1,1.0666748526522591,0.06667485265225924,OK
2025-03-31,HistGBM,Unknown,151384,Unknown,0,5,0.000777000777000777,0.0008712266447532205,0.0008045688926948641,1,1.03548016489829,0.0354801648982901,OK
2025-03-31,HistGBM,Unknown,125597,Unknown,0,5,0.000777000777000777,0.0008594561196179159,0.0008184723684002414,1,1.0533739381311107,0.05337393813111073,OK
2025-03-31,HistGBM,Unknown,130860,Unknown,0,5,0.000777000777000777,0.0,0.0008194968009421135,1,1.0546923828125,0.05469238281250004,OK
2025-03-31,HistGBM,Unknown,148623,Unknown,0,5,0.000777000777000777,0.0008721896999614135,0.0008187733441065442,1,1.0537612938651224,0.053761293865122455,OK
2025-03-31,HistGBM,Unknown,151816,Unknown,0,5,0.000777000777000777,0.0008535223568752812,0.0008126999067464988,1,1.045944779982744,0.04594477998274383,OK
2025-03-31,HistGBM,Unknown,152321,Unknown,0,5,0.000777000777000777,0.000870194250761161,0.0008092070308974846,1,1.0414494487650627,0.04144944876506276,OK
2025-03-31,HistGBM,Unknown,152349,Unknown,0,5,0.000777000777000777,0.0008707214460415224,0.0007857264222159231,1,1.011229905391893,0.011229905391892994,OK
2025-03-31,HistGBM,Unknown,130861,Unknown,0,5,0.000777000777000777,0.0,0.0008194968009421135,1,1.0546923828125,0.05469238281250004,OK
2025-03-31,HistGBM,Unknown,135810,Unknown,0,5,0.000777000777000777,0.0008630252009739459,0.0007972463623473331,1,1.0260560683410176,0.026056068341017594,OK
2025-03-31,HistGBM,Unknown,149329,Unknown,0,5,0.000777000777000777,0.0,0.0007975263696960372,1,1.0264164377987999,0.026416437798799767,OK
2025-03-31,HistGBM,Unknown,119597,Unknown,0,5,0.000777000777000777,0.0008513735297046795,0.0008313811897053971,1,1.069987591150846,0.06998759115084599,OK
2025-03-31,HistGBM,Unknown,120539,Unknown,0,5,0.000777000777000777,0.0,0.0007809438314090133,1,1.0050747110234002,0.005074711023400088,OK
2025-03-31,HistGBM,Unknown,120385,Unknown,0,5,0.000777000777000777,0.000864175622021875,0.0008170812167006268,1,1.0515835258937067,0.051583525893706704,OK
2025-03-31,HistGBM,Unknown,150532,Unknown,0,5,0.000777000777000777,0.0,0.0007952553020154422,1,1.0234935736938742,0.023493573693874246,OK
2025-03-31,HistGBM,Unknown,151753,Unknown,0,5,0.000777000777000777,0.000836562606016617,0.0007451347164265824,1,0.9589883800410115,-0.04101161995898848,OK
2025-03-31,HistGBM,Unknown,118539,Unknown,0,5,0.000777000777000777,0.0008537443428014013,0.0008107060022686162,1,1.043378624919709,0.043378624919708945,OK
2025-03-31,HistGBM,Unknown,149321,Unknown,0,5,0.000777000777000777,0.0008730335253640493,0.0008066684925947337,1,1.0381823499694223,0.03818234996942226,OK
2025-03-31,HistGBM,Unknown,119333,Unknown,0,5,0.000777000777000777,0.0008697267185175374,0.0008080645929785998,1,1.0399791311634579,0.03997913116345785,OK
2025-03-31,HistGBM,Unknown,120578,Unknown,0,5,0.000777000777000777,0.0,0.0007800571498092343,1,1.0039335518044845,0.003933551804484468,OK
2025-03-31,HistGBM,Unknown,143783,Unknown,0,5,0.000777000777000777,0.0008725974287615247,0.0007818703320689552,1,1.0062671173727453,0.006267117372745387,OK
2025-03-31,HistGBM,Unknown,152214,Unknown,0,5,0.000777000777000777,0.0,0.0007922629728814031,1,1.0196424460983657,0.019642446098365705,OK
2025-03-31,HistGBM,Unknown,118589,Unknown,0,5,0.000777000777000777,0.000850919944564144,0.0008237492987399747,1,1.0601653474783475,0.0601653474783474,OK
2025-03-31,HistGBM,Unknown,149268,Unknown,0,5,0.000777000777000777,0.0008588715169063308,0.0007894552519679982,1,1.0160289092828136,0.016028909282813576,OK
2025-03-31,HistGBM,Unknown,152087,Unknown,0,5,0.000777000777000777,0.0,0.000790465337262807,1,1.0173288890572327,0.017328889057232667,OK
2025-03-31,HistGBM,Unknown,152024,Unknown,0,5,0.000777000777000777,0.0008698703392503817,0.0007710116597726242,1,0.9922920061273673,-0.007707993872632665,OK
2025-03-31,HistGBM,Unknown,152082,Unknown,0,5,0.000777000777000777,0.0008743565489879543,0.0007827517233549428,1,1.0074014679578114,0.007401467957811474,OK
2025-03-31,HistGBM,Unknown,120782,Unknown,0,5,0.000777000777000777,0.0008647699156851082,0.000783305148520325,1,1.0081137261456583,0.008113726145658362,OK
2025-03-31,HistGBM,Unknown,142388,Unknown,0,5,0.000777000777000777,0.0,0.0007858155318005457,1,1.0113445894273023,0.01134458942730233,OK
2025-03-31,HistGBM,Unknown,152059,Unknown,0,5,0.000777000777000777,0.0008065013077912023,0.0007830734211854433,1,1.0078154930656655,0.00781549306566549,OK
2025-03-31,HistGBM,Unknown,120733,Unknown,0,5,0.000777000777000777,0.0008699814088711563,0.0008087458926795872,1,1.0408559638786288,0.04085596387862885,OK
2025-03-31,HistGBM,Unknown,118588,Unknown,0,5,0.000777000777000777,0.000850919944564144,0.0008237492987399747,1,1.0601653474783475,0.0601653474783474,OK
2025-03-31,HistGBM,Unknown,133859,Unknown,0,5,0.000777000777000777,0.0008617429002585488,0.0008117051633312409,1,1.0446645452073071,0.04466454520730722,OK
2025-03-31,HistGBM,Unknown,149804,Unknown,0,5,0.0006747638326585695,0.0007142436705904776,0.0007207779713517355,1,1.0681929535432722,0.06819295354327212,OK
2025-03-31,HistGBM,Unknown,150729,Unknown,0,5,0.0006747638326585695,0.0,0.0006889816220006634,1,1.0210707638049832,0.021070763804983236,OK
2025-03-31,HistGBM,Unknown,151785,Unknown,0,5,0.0006747638326585695,0.0,0.0006553784586582267,1,0.971270875731492,-0.028729124268508037,OK
2025-03-31,HistGBM,Unknown,148381,Unknown,0,5,0.0006747638326585695,0.0006173438327827016,0.0006624350078091834,1,0.9817286815732098,-0.018271318426790167,OK
2025-03-31,HistGBM,Unknown,150443,Unknown,0,5,0.0006747638326585695,0.0,0.0006857084508917272,1,1.0162199242215397,0.01621992422153981,OK
2025-03-31,HistGBM,Unknown,152392,Unknown,0,5,0.0006747638326585695,0.0,0.0006556009866699926,1,0.971600662244929,-0.028399337755070978,OK
2025-03-31,HistGBM,Unknown,150681,Unknown,0,5,0.0006747638326585695,0.0006845933161841282,0.0006894291273588685,1,1.0217339667458432,0.02173396674584321,OK
2025-03-31,HistGBM,Unknown,149389,Unknown,0,5,0.0006747638326585695,0.0,0.0007013119568582321,1,1.0393443200639,0.03934432006390013,OK
2025-03-31,HistGBM,Unknown,150468,Unknown,0,5,0.0006747638326585695,0.0,0.000656125264226859,1,0.972377641584205,-0.027622358415794992,OK
2025-03-31,HistGBM,Unknown,150847,Unknown,0,5,0.0006747638326585695,0.0,0.000689927249842801,1,1.022472184267031,0.022472184267031108,OK
2025-03-31,HistGBM,Unknown,151487,Unknown,0,5,0.0006747638326585695,0.0,0.0006865425386509578,1,1.0174560422807195,0.017456042280719522,OK
2025-03-31,HistGBM,Unknown,151489,Unknown,0,5,0.0006747638326585695,0.0006847729654188494,0.0006894991681914104,1,1.0218377672596703,0.0218377672596703,OK
2025-03-31,HistGBM,Unknown,150673,Unknown,0,5,0.0006747638326585695,0.0,0.0007011611476763863,1,1.0391208208564044,0.039120820856404365,OK
2025-03-31,HistGBM,Unknown,152515,Unknown,0,5,0.0006747638326585695,0.0,0.0006900277440371429,1,1.022621116663046,0.02262111666304586,OK
2025-03-31,HistGBM,Unknown,151183,Unknown,0,5,0.0006747638326585695,0.0006810211462109083,0.0006891306091209657,1,1.0212915627172712,0.0212915627172712,OK
2025-03-31,HistGBM,Unknown,151691,Unknown,0,5,0.0006747638326585695,0.0,0.0006873627270666997,1,1.018671561512849,0.018671561512848982,OK
2025-03-31,HistGBM,Unknown,148555,Unknown,0,5,0.0006747638326585695,0.0006884261333169543,0.0006812499507055029,1,1.0096124269455553,0.009612426945555214,OK
2025-03-31,HistGBM,Unknown,151728,Unknown,0,5,0.0006747638326585695,0.0007185276444332584,0.0006959170406906401,1,1.0313490543035286,0.031349054303528585,OK
2025-03-31,HistGBM,Unknown,151185,Unknown,0,5,0.0006747638326585695,0.0006830687978830033,0.0006877142308426881,1,1.0191924901088638,0.019192490108863872,OK
2025-03-31,HistGBM,Unknown,151420,Unknown,0,5,0.0006747638326585695,0.0006829677086546062,0.0006875929723529149,1,1.0190127850270199,0.019012785027019783,OK
2025-03-31,HistGBM,Unknown,151724,Unknown,0,5,0.0006747638326585695,0.0,0.0007012926192729066,1,1.0393156617624475,0.03931566176244743,OK
2025-03-31,HistGBM,Unknown,152267,Unknown,0,5,0.0006747638326585695,0.0,0.0006886694629059721,1,1.0206081440266506,0.020608144026650576,OK
2025-03-31,HistGBM,Unknown,150930,Unknown,0,5,0.0006747638326585695,0.0,0.0006949501894302778,1,1.0299161807356718,0.029916180735671916,OK
2025-03-31,HistGBM,Unknown,152041,Unknown,0,5,0.0006747638326585695,0.0,0.0006554598531129032,1,0.9713915023133226,-0.028608497686677385,OK
2025-03-31,HistGBM,Unknown,152389,Unknown,0,5,0.0006747638326585695,0.0007140978658535981,0.0007202759240852935,1,1.067448919494405,0.06744891949440499,OK
2025-03-31,HistGBM,Unknown,149219,Unknown,0,5,0.0006747638326585695,0.0006055319265245579,0.0006805083993067503,1,1.008513447772604,0.008513447772604108,OK
2025-03-31,HistGBM,Unknown,151329,Unknown,0,5,0.0006747638326585695,0.0,0.0006883330830757643,1,1.0201096291182827,0.020109629118282745,OK
2025-03-31,HistGBM,Unknown,150313,Unknown,0,5,0.0006747638326585695,0.0,0.0007022158713733063,1,1.04068392137524,0.040683921375239865,OK
2025-03-31,HistGBM,Unknown,152098,Unknown,0,5,0.0006747638326585695,0.0006805341560375963,0.0006884814658359015,1,1.0203295323688062,0.020329532368806108,OK
2025-03-31,HistGBM,Unknown,149892,Unknown,0,5,0.0006747638326585695,0.0,0.0007012239141905869,1,1.0392138408304499,0.039213840830449896,OK
2025-03-31,HistGBM,Unknown,152535,Unknown,0,5,0.0006747638326585695,0.0,0.0006555772190513476,1,0.9715654386340972,-0.028434561365902875,OK
2025-03-31,HistGBM,Unknown,150807,Unknown,0,5,0.0006747638326585695,0.0,0.0006866930638742561,1,1.0176791206616476,0.017679120661647646,OK
2025-03-31,HistGBM,Unknown,149865,Unknown,0,5,0.0006747638326585695,0.000679671135523624,0.0006886416670322278,1,1.0205669505417616,0.020566950541761705,OK
2025-03-31,HistGBM,Unknown,148726,Unknown,0,5,0.0006747638326585695,0.0,0.0007010927514048091,1,1.0390194575819272,0.03901945758192718,OK
2025-03-31,HistGBM,Unknown,150428,Unknown,0,5,0.0006747638326585695,0.0,0.0007023902070214154,1,1.0409422868057376,0.040942286805737596,OK
2025-03-31,HistGBM,Unknown,149858,Unknown,0,5,0.0006747638326585695,0.0007141130815101468,0.0007207570242916355,1,1.0681619100002038,0.06816191000020372,OK
2025-03-31,HistGBM,Unknown,150920,Unknown,0,5,0.0006747638326585695,0.0006846740198288763,0.0006896118163466335,1,1.022004711825711,0.022004711825710937,OK
2025-03-31,HistGBM,Unknown,151911,Unknown,0,5,0.0006747638326585695,0.0,0.00069447856924762,1,1.0292172396249728,0.02921723962497269,OK
2025-03-31,HistGBM,Unknown,148401,Unknown,0,5,0.004273504273504273,0.004159622753986403,0.004300189562001177,1,1.0062443575082756,0.006244357508275669,OK
2025-03-31,HistGBM,Unknown,119771,Unknown,0,5,0.004273504273504273,0.004161262869126096,0.004304214923816629,1,1.0071862921730912,0.00718629217309109,OK
2025-03-31,HistGBM,Unknown,130206,Unknown,0,5,0.004273504273504273,0.004161103845712923,0.004303313342861365,1,1.0069753222295594,0.006975322229559423,OK
2025-03-31,HistGBM,Unknown,120401,Unknown,0,5,0.004273504273504273,0.00416073217984615,0.0043024128504698675,1,1.0067646070099492,0.0067646070099492885,OK
2025-03-31,HistGBM,Unknown,118474,Unknown,0,5,0.004273504273504273,0.0,0.004304611232727928,1,1.0072790284583353,0.0072790284583353045,OK
2025-03-31,HistGBM,Unknown,120364,Unknown,0,5,0.004273504273504273,0.004160963028187679,0.004304419095945138,1,1.0072340684511625,0.007234068451162376,OK
2025-03-31,HistGBM,Unknown,140256,Unknown,0,5,0.002564102564102564,0.0,0.002598560193434516,1,1.0134384754394612,0.013438475439461228,OK
2025-03-31,HistGBM,Unknown,149830,Unknown,0,5,0.002564102564102564,0.0022628818793751855,0.002529707103817167,1,0.9865857704886952,-0.013414229511304816,OK
2025-03-31,HistGBM,Unknown,129188,Unknown,0,5,0.002564102564102564,0.0023359171974227395,0.002575409911257248,1,1.0044098653903266,0.0044098653903266415,OK
2025-03-31,HistGBM,Unknown,149455,Unknown,0,5,0.002564102564102564,0.0,0.002451993447099856,1,0.9562774443689437,-0.04372255563105626,OK
2025-03-31,HistGBM,Unknown,148954,Unknown,0,5,0.002564102564102564,0.0,0.002610722610722611,1,1.0181818181818183,0.018181818181818216,OK
2025-03-31,HistGBM,Unknown,138456,Unknown,0,5,0.002564102564102564,0.0,0.002506265664160401,1,0.9774436090225563,-0.022556390977443642,OK
2025-03-31,HistGBM,Unknown,119275,Unknown,0,5,0.002564102564102564,0.0,0.0026107598774017292,1,1.0181963521866744,0.0181963521866744,OK
2025-03-31,HistGBM,Unknown,119277,Unknown,0,5,0.002564102564102564,0.0,0.0027433633601365837,1,1.0699117104532676,0.0699117104532675,OK
2025-03-31,HistGBM,Unknown,138528,Unknown,0,5,0.002564102564102564,0.0,0.0026953031392283736,1,1.0511682242990656,0.051168224299065534,OK
2025-03-31,HistGBM,Unknown,119279,Unknown,0,5,0.002564102564102564,0.0,0.002567968257822443,1,1.0015076205507527,0.0015076205507526758,OK
2025-03-31,HistGBM,Unknown,119723,Unknown,0,5,0.003205128205128205,0.0,0.0032794501218415583,1,1.0231884380145662,0.023188438014566184,OK
2025-03-31,HistGBM,Unknown,120270,Unknown,0,5,0.003205128205128205,0.0033526462390633107,0.003218329703056625,1,1.004118867353667,0.004118867353666937,OK
2025-03-31,HistGBM,Unknown,150587,Unknown,0,5,0.003205128205128205,0.0033209288657966877,0.003295027672059091,1,1.0280486336824364,0.02804863368243635,OK
2025-03-31,HistGBM,Unknown,145819,Unknown,0,5,0.003205128205128205,0.0033334379297892225,0.0032463451434407054,1,1.0128596847535,0.012859684753500123,OK
2025-03-31,HistGBM,Unknown,151611,Unknown,0,5,0.003205128205128205,0.0033043251875641763,0.003282051282051282,1,1.024,0.024000000000000004,OK
2025-03-31,HistGBM,Unknown,120079,Unknown,0,5,0.003205128205128205,0.0,0.003343379008205546,1,1.0431342505601304,0.043134250560130497,OK
2025-03-31,HistGBM,Unknown,119242,Unknown,0,5,0.003205128205128205,0.0033483656190539377,0.0032934163961338284,1,1.0275459155937545,0.027545915593754616,OK
2025-03-31,HistGBM,Unknown,141808,Unknown,0,5,0.003205128205128205,0.0032970883005301456,0.0032426516572858035,1,1.0117073170731707,0.011707317073170655,OK
2025-03-31,HistGBM,Unknown,146575,Unknown,0,5,0.004273504273504273,0.0,0.004383973445646557,1,1.0258497862812945,0.025849786281294477,OK
2025-03-31,HistGBM,Unknown,146930,Unknown,0,5,0.004273504273504273,0.0,0.004380386046363722,1,1.025010334849111,0.02501033484911111,OK
2025-03-31,HistGBM,Unknown,147825,Unknown,0,5,0.004273504273504273,0.00439368888004216,0.004394897872015178,1,1.0284061020515518,0.02840610205155177,OK
2025-03-31,HistGBM,Unknown,147826,Unknown,0,5,0.004273504273504273,0.004405407694566243,0.004385797643110483,1,1.0262766484878532,0.026276648487853126,OK
2025-03-31,HistGBM,Unknown,133630,Unknown,0,5,0.004273504273504273,0.004420259481888886,0.004392614321550363,1,1.027871751242785,0.02787175124278517,OK
2025-03-31,HistGBM,Unknown,119255,Unknown,0,5,0.004273504273504273,0.004356772844218378,0.004406905702078794,1,1.031215934286438,0.03121593428643804,OK
2025-03-31,HistGBM,Unknown,151824,Unknown,0,5,0.005128205128205128,0.0,0.005289300577258692,1,1.031413612565445,0.031413612565445025,OK
2025-03-31,HistGBM,Unknown,149383,Unknown,0,5,0.005128205128205128,0.005299132511659238,0.005203619909502262,1,1.0147058823529411,0.014705882352941176,OK
2025-03-31,HistGBM,Unknown,151232,Unknown,0,5,0.005128205128205128,0.005312511256566679,0.005256741118282351,1,1.0250645180650584,0.025064518065058307,OK
2025-03-31,HistGBM,Unknown,152071,Unknown,0,5,0.005128205128205128,0.005296900266131225,0.005288811698134349,1,1.031318281136198,0.031318281136198084,OK
2025-03-31,HistGBM,Unknown,147183,Unknown,0,5,0.005128205128205128,0.005365640293588312,0.005321233550580027,1,1.0376405423631052,0.037640542363105184,OK
2025-03-31,HistGBM,Unknown,119099,Unknown,0,5,0.005128205128205128,0.0,0.005247538066621145,1,1.0232699229911233,0.02326992299112326,OK
2025-03-31,HistGBM,Unknown,119757,Unknown,0,5,0.005128205128205128,0.0,0.00524182947445955,1,1.0221567475196123,0.022156747519612316,OK
2025-03-31,HistGBM,Unknown,120520,Unknown,0,5,0.005128205128205128,0.005099738020763399,0.005247985718267111,1,1.0233572150620867,0.023357215062086566,OK
2025-03-31,HistGBM,Unknown,119759,Unknown,0,5,0.005128205128205128,0.0,0.005241827859833643,1,1.0221564326675603,0.022156432667560358,OK
2025-03-31,HistGBM,Unknown,120447,Unknown,0,5,0.005128205128205128,0.005089545862588835,0.005244838026443974,1,1.0227434151565749,0.022743415156574773,OK
2025-03-31,HistGBM,Unknown,120030,Unknown,0,5,0.003663003663003663,0.0,0.0037857603524137982,1,1.033512576208967,0.033512576208967075,OK
2025-03-31,HistGBM,Unknown,119528,Unknown,0,5,0.003663003663003663,0.0,0.003808993432160315,1,1.039855206979766,0.03985520697976594,OK
2025-03-31,HistGBM,Unknown,118269,Unknown,0,5,0.003663003663003663,0.003776670808492896,0.0037914543587152984,1,1.0350670399292765,0.03506703992927649,OK
2025-03-31,HistGBM,Unknown,118825,Unknown,0,5,0.003663003663003663,0.0037771349228026834,0.0037782764939542656,1,1.0314694828495146,0.03146948284951455,OK
2025-03-31,HistGBM,Unknown,150797,Unknown,0,5,0.003663003663003663,0.003793103402232028,0.0037924338931895614,1,1.0353344528407502,0.035334452840750125,OK
2025-03-31,HistGBM,Unknown,120152,Unknown,0,5,0.003663003663003663,0.0037933602461110243,0.003793778534297677,1,1.0357015398632659,0.03570153986326575,OK
2025-03-31,HistGBM,Unknown,152354,Unknown,0,5,0.003663003663003663,0.0037338799867520627,0.0038024184269791817,1,1.0380602305653166,0.038060230565316565,OK
2025-03-31,HistGBM,Unknown,118419,Unknown,0,5,0.004273504273504273,0.004410372428672186,0.004396851072851243,1,1.0288631510471908,0.028863151047190914,OK
2025-03-31,HistGBM,Unknown,118678,Unknown,0,5,0.004273504273504273,0.0,0.004411972975368343,1,1.0324016762361923,0.03240167623619237,OK
2025-03-31,HistGBM,Unknown,133710,Unknown,0,5,0.004273504273504273,0.0,0.0043039440024790175,1,1.0071228965800902,0.007122896580090321,OK
2025-03-31,HistGBM,Unknown,119218,Unknown,0,5,0.004273504273504273,0.004475745735378208,0.0043795627581427075,1,1.0248176854053936,0.024817685405393676,OK
2025-03-31,HistGBM,Unknown,118675,Unknown,0,5,0.004273504273504273,0.0,0.0044119436882349245,1,1.0323948230469724,0.03239482304697246,OK
2025-03-31,HistGBM,Unknown,120357,Unknown,0,5,0.004273504273504273,0.00444358594407506,0.004445426859219963,1,1.0402298850574714,0.04022988505747136,OK
2025-03-31,HistGBM,Unknown,119505,Unknown,0,5,0.005128205128205128,0.005066492334049679,0.00522772390158837,1,1.0194061608097322,0.019406160809732186,OK
2025-03-31,HistGBM,Unknown,119755,Unknown,0,5,0.005128205128205128,0.005059993665839921,0.005231535940542565,1,1.0201495084058,0.020149508405800022,OK
2025-03-31,HistGBM,Unknown,151087,Unknown,0,5,0.005128205128205128,0.005072300435956407,0.0052325742893191115,1,1.0203519864172268,0.020351986417226752,OK
2025-03-31,HistGBM,Unknown,119239,Unknown,0,5,0.005128205128205128,0.0,0.005241801333807562,1,1.0221512600924747,0.022151260092474773,OK
2025-03-31,HistGBM,Unknown,120084,Unknown,0,5,0.005128205128205128,0.0050601796106548415,0.005232855831863837,1,1.0204068872134482,0.020406887213448167,OK
2025-03-31,HistGBM,Unknown,118777,Unknown,0,5,0.004273504273504273,0.004439993156701855,0.004406658913606499,1,1.031158185783921,0.031158185783920996,OK
2025-03-31,HistGBM,Unknown,151130,Unknown,0,5,0.004273504273504273,0.0,0.0043281962728542855,1,1.012797927847903,0.01279792784790285,OK
2025-03-31,HistGBM,Unknown,118778,Unknown,0,5,0.004273504273504273,0.004439993156701855,0.004406658913606499,1,1.031158185783921,0.031158185783920996,OK
2025-03-31,HistGBM,Unknown,148618,Unknown,0,5,0.004273504273504273,0.004435154212200102,0.004349323867720577,1,1.0177417850466153,0.01774178504661527,OK
2025-03-31,HistGBM,Unknown,152128,Unknown,0,5,0.004273504273504273,0.0,0.004359760318642158,1,1.020183914562265,0.020183914562265055,OK
2025-03-31,HistGBM,Unknown,152004,Unknown,0,5,0.004273504273504273,0.0,0.004270597268993848,1,0.9993197609445605,-0.0006802390554395088,OK
2025-03-31,HistGBM,Unknown,120264,Unknown,0,5,0.003205128205128205,0.0,0.0032339951268327365,1,1.0090064795718139,0.009006479571813823,OK
2025-03-31,HistGBM,Unknown,151796,Unknown,0,5,0.003205128205128205,0.003243292022580684,0.0032815799416440806,1,1.0238529417929532,0.023852941792953122,OK
2025-03-31,HistGBM,Unknown,129046,Unknown,0,5,0.003205128205128205,0.0,0.0032125736591728303,1,1.002322981661923,0.0023229816619229717,OK
2025-03-31,HistGBM,Unknown,149450,Unknown,0,5,0.003205128205128205,0.0,0.0032465875749457833,1,1.0129353233830845,0.012935323383084478,OK
2025-03-31,HistGBM,Unknown,140353,Unknown,0,5,0.003205128205128205,0.003319103532115996,0.003304075915667033,1,1.0308716856881144,0.030871685688114273,OK
2025-03-31,HistGBM,Unknown,149763,Unknown,0,5,0.003205128205128205,0.003321740323485018,0.0033268649340077905,1,1.0379818594104306,0.03798185941043073,OK
2025-03-31,HistGBM,Unknown,119076,Unknown,0,5,0.003205128205128205,0.0033500918041841927,0.00326284356285389,1,1.0180071916104136,0.018007191610413677,OK
2025-03-31,HistGBM,Unknown,150346,Unknown,0,5,0.003205128205128205,0.003317173501392987,0.0033064083866222904,1,1.0315994166261546,0.03159941662615457,OK
2025-03-31,HistGBM,Unknown,120403,Unknown,0,5,0.004273504273504273,0.00447656961328146,0.004406278322408059,1,1.031069127443486,0.031069127443486003,OK
2025-03-31,HistGBM,Unknown,140228,Unknown,0,5,0.004273504273504273,0.004481663854608599,0.004427778567145186,1,1.0361001847119737,0.03610018471197379,OK
2025-03-31,HistGBM,Unknown,119775,Unknown,0,5,0.004273504273504273,0.0,0.0043722648858037704,1,1.0231099832780823,0.02310998327808242,OK
2025-03-31,HistGBM,Unknown,118533,Unknown,0,5,0.004273504273504273,0.004458295321093265,0.0043914885839101735,1,1.0276083286349806,0.027608328634980677,OK
2025-03-31,HistGBM,Unknown,118668,Unknown,0,5,0.004273504273504273,0.0,0.0044204512493206324,1,1.0343855923410281,0.03438559234102807,OK
2025-03-31,HistGBM,Unknown,151036,Unknown,0,5,0.004273504273504273,0.0,0.0044176498798135415,1,1.033730071876369,0.03373007187636884,OK
2025-03-31,HistGBM,Unknown,146457,Unknown,0,5,0.005128205128205128,0.005098448750709539,0.005219510773208779,1,1.017804600775712,0.017804600775712068,OK
2025-03-31,HistGBM,Unknown,145693,Unknown,0,5,0.005128205128205128,0.0,0.00522063439863673,1,1.0180237077341623,0.01802370773416239,OK
2025-03-31,HistGBM,Unknown,135120,Unknown,0,5,0.005128205128205128,0.0,0.0052196662731710435,1,1.0178349232683535,0.01783492326835337,OK
2025-03-31,HistGBM,Unknown,149679,Unknown,0,5,0.005128205128205128,0.0050914107290164256,0.005219392657513056,1,1.017781568215046,0.017781568215046017,OK
2025-03-31,HistGBM,Unknown,151060,Unknown,0,5,0.005128205128205128,0.005089340985631537,0.00520775251073284,1,1.0155117395929039,0.01551173959290388,OK
2025-03-31,HistGBM,Unknown,152491,Unknown,0,5,0.01282051282051282,0.0,0.013103414086458163,1,1.0220662987437368,0.022066298743736848,OK
2025-03-31,HistGBM,Unknown,151179,Unknown,0,5,0.01282051282051282,0.012769207243478149,0.013106526332899113,1,1.0223090539661308,0.022309053966130848,OK
2025-03-31,HistGBM,Unknown,144754,Unknown,0,5,0.005128205128205128,0.004995837702442619,0.005168442623156611,1,1.0078463115155392,0.007846311515539257,OK
2025-03-31,HistGBM,Unknown,148529,Unknown,0,5,0.005128205128205128,0.004995671901168994,0.005167109692151305,1,1.0075863899695043,0.007586389969504236,OK
2025-03-31,HistGBM,Unknown,120541,Unknown,0,5,0.005128205128205128,0.0,0.005167142397032294,1,1.0075927674212972,0.007592767421297268,OK
2025-03-31,HistGBM,Unknown,119501,Unknown,0,5,0.005128205128205128,0.004996256755986787,0.005172388391258057,1,1.0086157362953212,0.008615736295321152,OK
2025-03-31,HistGBM,Unknown,119205,Unknown,0,5,0.005128205128205128,0.0,0.005166812589114099,1,1.0075284548772494,0.007528454877249492,OK
2025-03-31,HistGBM,Unknown,149112,Unknown,0,5,0.005128205128205128,0.004998768746934605,0.005174405860432017,1,1.0090091427842434,0.009009142784243454,OK
2025-03-31,HistGBM,Unknown,118506,Unknown,0,5,0.005128205128205128,0.0,0.005174403992776471,1,1.0090087785914117,0.009008778591411757,OK
2025-03-31,HistGBM,Unknown,119424,Unknown,0,5,0.005128205128205128,0.0,0.005173497071959594,1,1.0088319290321208,0.008831929032120713,OK
2025-03-31,HistGBM,Unknown,119511,Unknown,0,5,0.005128205128205128,0.004999307257647399,0.0051714894483538025,1,1.0084404424289914,0.008440442428991382,OK
2025-03-31,HistGBM,Unknown,147567,Unknown,0,5,0.005128205128205128,0.005000357079277307,0.005173681196773088,1,1.0088678333707521,0.00886783337075209,OK
2025-03-31,HistGBM,Unknown,151493,Unknown,0,5,0.004273504273504273,0.004159461198831201,0.004317896833004893,1,1.0103878589231452,0.010387858923145258,OK
2025-03-31,HistGBM,Unknown,149190,Unknown,0,5,0.004273504273504273,0.0041598603769132094,0.004319374976123532,1,1.0107337444129065,0.010733744412906497,OK
2025-03-31,HistGBM,Unknown,149924,Unknown,0,5,0.004273504273504273,0.004159768866179856,0.004328228270649194,1,1.0128054153319115,0.012805415331911423,OK
2025-03-31,HistGBM,Unknown,149017,Unknown,0,5,0.004273504273504273,0.0,0.004313960013900947,1,1.0094666432528216,0.009466643252821691,OK
2025-03-31,HistGBM,Unknown,150316,Unknown,0,5,0.004273504273504273,0.004160608766210105,0.004327163288444864,1,1.0125562094960983,0.012556209496098357,OK
2025-03-31,HistGBM,Unknown,150002,Unknown,0,5,0.004273504273504273,0.004160346187349617,0.004326951318426337,1,1.012506608511763,0.012506608511763056,OK
2025-03-31,HistGBM,Unknown,120486,Unknown,0,5,0.005128205128205128,0.0,0.005329540920632454,1,1.0392604795233285,0.03926047952332846,OK
2025-03-31,HistGBM,Unknown,149166,Unknown,0,5,0.005128205128205128,0.005287255049542187,0.005231399865273538,1,1.02012297372834,0.02012297372833982,OK
2025-03-31,HistGBM,Unknown,148972,Unknown,0,5,0.005128205128205128,0.0,0.005214828733607358,1,1.016891603053435,0.01689160305343502,OK
2025-03-31,HistGBM,Unknown,119659,Unknown,0,5,0.005128205128205128,0.005415179254312384,0.00515656467725239,1,1.0055301120642162,0.005530112064216186,OK
2025-03-31,HistGBM,Unknown,120751,Unknown,0,5,0.005128205128205128,0.005248034205113972,0.005265823897079251,1,1.026835659930454,0.02683565993045404,OK
2025-03-31,HistGBM,Unknown,143537,Unknown,0,5,0.004273504273504273,0.004371279386810577,0.0043790961538280075,1,1.0247084999957539,0.024708499995753867,OK
2025-03-31,HistGBM,Unknown,140382,Unknown,0,5,0.004273504273504273,0.0,0.004345064453240647,1,1.0167450820583115,0.01674508205831148,OK
2025-03-31,HistGBM,Unknown,133035,Unknown,0,5,0.004273504273504273,0.004390853174868002,0.004376396300440113,1,1.0240767343029866,0.02407673430298669,OK
2025-03-31,HistGBM,Unknown,144394,Unknown,0,5,0.004273504273504273,0.0,0.00438064510912193,1,1.0250709555345316,0.025070955534531748,OK
2025-03-31,HistGBM,Unknown,147446,Unknown,0,5,0.004273504273504273,0.004375759949981303,0.004415531498553348,1,1.0332343706614835,0.03323437066148353,OK
2025-03-31,HistGBM,Unknown,118624,Unknown,0,5,0.004273504273504273,0.0043832197858799365,0.004370302923569034,1,1.022650884115154,0.02265088411515413,OK
2025-03-31,HistGBM,Unknown,119082,Unknown,0,5,0.008547008547008546,0.008980322573106044,0.008642705605487706,1,1.0111965558420617,0.01119655584206161,OK
2025-03-31,HistGBM,Unknown,130722,Unknown,0,5,0.008547008547008546,0.008487154621078935,0.008667486650375587,1,1.0140959380939438,0.01409593809394383,OK
2025-03-31,HistGBM,Unknown,134387,Unknown,0,5,0.008547008547008546,0.0,0.008661438856790826,1,1.0133883462445268,0.013388346244526835,OK
2025-03-31,HistGBM,Unknown,150865,Unknown,0,5,0.005128205128205128,0.0,0.005286833966408868,1,1.0309326234497294,0.03093262344972936,OK
2025-03-31,HistGBM,Unknown,148457,Unknown,0,5,0.005128205128205128,0.006469627245552438,0.005259763698343286,1,1.0256539211769407,0.025653921176940604,OK
2025-03-31,HistGBM,Unknown,120524,Unknown,0,5,0.005128205128205128,0.006499279729469842,0.005236644877916565,1,1.0211457511937303,0.021145751193730352,OK
2025-03-31,HistGBM,Unknown,151307,Unknown,0,5,0.005128205128205128,0.0,0.005258284957427767,1,1.0253655666984145,0.025365566698414575,OK
2025-03-31,HistGBM,Unknown,120821,Unknown,0,5,0.005128205128205128,0.0,0.005258161682064136,1,1.0253415280025064,0.02534152800250644,OK
2025-03-31,HistGBM,Unknown,146675,Unknown,0,5,0.003663003663003663,0.0035594325463004953,0.0036810863058034985,1,1.004936561484355,0.004936561484355093,OK
2025-03-31,HistGBM,Unknown,145810,Unknown,0,5,0.003663003663003663,0.0035593859189014684,0.0036811453576196776,1,1.004952682630172,0.004952682630172051,OK
2025-03-31,HistGBM,Unknown,145486,Unknown,0,5,0.003663003663003663,0.0,0.0036808110132359544,1,1.0048614066134156,0.004861406613415715,OK
2025-03-31,HistGBM,Unknown,146980,Unknown,0,5,0.003663003663003663,0.0035594986417551203,0.0036808727890746953,1,1.0048782714173918,0.00487827141739187,OK
2025-03-31,HistGBM,Unknown,147883,Unknown,0,5,0.003663003663003663,0.0,0.003663003663003663,1,1.0,0.0,Missing
2025-03-31,HistGBM,Unknown,147736,Unknown,0,5,0.003663003663003663,0.0035591745270588445,0.0036808876975166506,1,1.0048823414220456,0.004882341422045621,OK
2025-03-31,HistGBM,Unknown,147196,Unknown,0,5,0.003663003663003663,0.0,0.0036808220577220162,1,1.0048644217581104,0.0048644217581104805,OK
2025-03-31,HistGBM,Unknown,131670,Unknown,0,5,0.003663003663003663,0.0,0.003773788448861194,1,1.030244246539106,0.03024424653910596,OK
2025-03-31,HistGBM,Unknown,141642,Unknown,0,5,0.003663003663003663,0.0036923001912776902,0.003749944636644144,1,1.0237348858038513,0.023734885803851375,OK
2025-03-31,HistGBM,Unknown,145396,Unknown,0,5,0.003663003663003663,0.0,0.003743505170367367,1,1.0219769115102912,0.02197691151029124,OK
2025-03-31,HistGBM,Unknown,152188,Unknown,0,5,0.003663003663003663,0.0036196148746989224,0.003582613315437743,1,0.9780534351145038,-0.021946564885496223,OK
2025-03-31,HistGBM,Unknown,149261,Unknown,0,5,0.003663003663003663,0.0,0.0037223913428557367,1,1.0162128365996161,0.01621283659961624,OK
2025-03-31,HistGBM,Unknown,118968,Unknown,0,5,0.003663003663003663,0.0,0.003752556493377889,1,1.0244479226921637,0.024447922692163723,OK
2025-03-31,HistGBM,Unknown,151267,Unknown,0,5,0.003663003663003663,0.003713908152087029,0.0037686520682646382,1,1.0288420146362462,0.028842014636246176,OK
2025-03-31,HistGBM,Unknown,128629,Unknown,0,5,0.005128205128205128,0.0,0.005204975583885736,1,1.0149702388577186,0.014970238857718685,OK
2025-03-31,HistGBM,Unknown,140286,Unknown,0,5,0.005128205128205128,0.0,0.005200185120721917,1,1.014036098540774,0.014036098540773888,OK
2025-03-31,HistGBM,Unknown,152162,Unknown,0,5,0.005128205128205128,0.005027035670225863,0.0052085379002126475,1,1.0156648905414662,0.015664890541466144,OK
2025-03-31,HistGBM,Unknown,120338,Unknown,0,5,0.005128205128205128,0.005030937055368606,0.005207764428407675,1,1.0155140635394966,0.015514063539496666,OK
2025-03-31,HistGBM,Unknown,119550,Unknown,0,5,0.005128205128205128,0.005023196916925821,0.005205264146645365,1,1.0150265085958463,0.015026508595846397,OK
2025-03-31,HistGBM,Unknown,151833,Unknown,0,5,0.003205128205128205,0.0,0.003224168041456722,1,1.0059404289344973,0.005940428934497281,OK
2025-03-31,HistGBM,Unknown,119303,Unknown,0,5,0.003205128205128205,0.0,0.003205128205128205,1,1.0,0.0,Missing
2025-03-31,HistGBM,Unknown,119568,Unknown,0,5,0.003205128205128205,0.003118874596659173,0.0032245475556179994,1,1.0060588373528159,0.006058837352815949,OK
2025-03-31,HistGBM,Unknown,119125,Unknown,0,5,0.003205128205128205,0.0031186005860274683,0.0032240005265293747,1,1.0058881642771649,0.005888164277164939,OK
2025-03-31,HistGBM,Unknown,119135,Unknown,0,5,0.003205128205128205,0.0031190408003569465,0.003224907975988252,1,1.0061712885083347,0.006171288508334633,OK
2025-03-31,HistGBM,Unknown,149664,Unknown,0,5,0.003205128205128205,0.003119610354088276,0.0032241317358837744,1,1.0059291015957377,0.0059291015957377135,OK
2025-03-31,HistGBM,Unknown,120389,Unknown,0,5,0.003205128205128205,0.0031190429876508654,0.0032242703969145017,1,1.0059723638373246,0.005972363837324656,OK
2025-03-31,HistGBM,Unknown,118577,Unknown,0,5,0.003205128205128205,0.0,0.003224785268706367,1,1.0061330038363865,0.0061330038363864685,OK
2025-03-31,HistGBM,Unknown,149361,Unknown,0,5,0.005128205128205128,0.0,0.005208638614503124,1,1.0156845298281092,0.015684529828109143,OK
2025-03-31,HistGBM,Unknown,141588,Unknown,0,5,0.005128205128205128,0.005022349761256535,0.005211905395714325,1,1.0163215521642934,0.016321552164293467,OK
2025-03-31,HistGBM,Unknown,119533,Unknown,0,5,0.005128205128205128,0.0050217907720355075,0.005205183772947292,1,1.0150108357247218,0.015010835724721925,OK
2025-03-31,HistGBM,Unknown,118814,Unknown,0,5,0.005128205128205128,0.00502410991449561,0.005212408656443096,1,1.0164196880064038,0.016419688006403872,OK
2025-03-31,HistGBM,Unknown,118807,Unknown,0,5,0.005128205128205128,0.005024095470871765,0.005212406064243736,1,1.0164191825275286,0.01641918252752865,OK
2025-03-31,HistGBM,Unknown,118994,Unknown,0,5,0.00641025641025641,0.0,0.006501082556750342,1,1.0141688788530534,0.014168878853053358,OK
2025-03-31,HistGBM,Unknown,120779,Unknown,0,5,0.00641025641025641,0.00636286246097923,0.006542546406182142,1,1.0206372393644143,0.020637239364414403,OK
2025-03-31,HistGBM,Unknown,120073,Unknown,0,5,0.00641025641025641,0.006414738107136368,0.0065410343081019826,1,1.0204013520639093,0.020401352063909143,OK
2025-03-31,HistGBM,Unknown,120154,Unknown,0,5,0.00641025641025641,0.006397861989029984,0.006543870400604757,1,1.0208437824943422,0.020843782494342204,OK
2025-03-31,HistGBM,Unknown,148490,Unknown,0,5,0.01282051282051282,0.012842566036102374,0.012965634994166947,1,1.011319529545022,0.01131952954502187,OK
2025-03-31,HistGBM,Unknown,120285,Unknown,0,5,0.01282051282051282,0.0,0.012730107084088034,1,0.9929483525588667,-0.007051647441133285,OK
2025-03-31,HistGBM,Unknown,119096,Unknown,0,5,0.004273504273504273,0.0,0.004326399902594452,1,1.012377577207102,0.012377577207101887,OK
2025-03-31,HistGBM,Unknown,148481,Unknown,0,5,0.004273504273504273,0.004400702301992182,0.004391786023705505,1,1.0276779295470884,0.02767792954708841,OK
2025-03-31,HistGBM,Unknown,148883,Unknown,0,5,0.004273504273504273,0.004452307481917493,0.004356825547179575,1,1.0194971780400206,0.019497178040020657,OK
2025-03-31,HistGBM,Unknown,148411,Unknown,0,5,0.004273504273504273,0.0,0.004368426406786536,1,1.0222117791880494,0.022211779188049417,OK
2025-03-31,HistGBM,Unknown,118421,Unknown,0,5,0.004273504273504273,0.004323880877119202,0.004437379949801808,1,1.0383469082536232,0.03834690825362319,OK
2025-03-31,HistGBM,Unknown,152358,Unknown,0,5,0.004273504273504273,0.0,0.004360180286106212,1,1.0202821869488536,0.020282186948853653,OK
2025-03-31,HistGBM,Unknown,148711,Unknown,0,5,0.008547008547008546,0.0,0.008672126264308551,1,1.0146387729241007,0.014638772924100716,OK
2025-03-31,HistGBM,Unknown,118508,Unknown,0,5,0.008547008547008546,0.008349695670833386,0.008690544590257428,1,1.0167937170601191,0.016793717060119194,OK
2025-03-31,HistGBM,Unknown,149049,Unknown,0,5,0.008547008547008546,0.0,0.00871816626435434,1,1.020025452929458,0.02002545292945791,OK
2025-03-31,HistGBM,Unknown,140613,Unknown,0,5,0.00641025641025641,0.006248698907459452,0.006470409957234303,1,1.0093839533285514,0.009383953328551384,OK
2025-03-31,HistGBM,Unknown,151117,Unknown,0,5,0.00641025641025641,0.0,0.006549882029705537,1,1.0217815966340638,0.021781596634063663,OK
2025-03-31,HistGBM,Unknown,133810,Unknown,0,5,0.00641025641025641,0.006250019923569008,0.006474205485793692,1,1.009976055783816,0.00997605578381599,OK
2025-03-31,HistGBM,Unknown,118942,Unknown,0,5,0.00641025641025641,0.0,0.00647289435340338,1,1.0097715191309273,0.009771519130927272,OK
2025-03-31,HistGBM,Unknown,120475,Unknown,0,5,0.008547008547008546,0.008372119526436746,0.008678499672311246,1,1.015384461660416,0.015384461660416068,OK
2025-03-31,HistGBM,Unknown,151146,Unknown,0,5,0.008547008547008546,0.008382374133265875,0.008677251891334276,1,1.0152384712861104,0.015238471286110493,OK
2025-03-31,HistGBM,Unknown,128006,Unknown,0,5,0.008547008547008546,0.008344706179613354,0.008683715045357164,1,1.0159946603067882,0.015994660306788196,OK
2025-03-31,HistGBM,Unknown,118687,Unknown,0,5,0.008547008547008546,0.0,0.008683063071196569,1,1.0159183793299986,0.015918379329998632,OK
2025-03-31,HistGBM,Unknown,118679,Unknown,0,5,0.008547008547008546,0.0,0.008683055046630217,1,1.0159174404557356,0.01591744045573552,OK
2025-03-31,HistGBM,Unknown,120059,Unknown,0,5,0.008547008547008546,0.008426460055085468,0.008702846164950971,1,1.0182330012992638,0.018233001299263724,OK
2025-03-31,HistGBM,Unknown,141564,Unknown,0,5,0.008547008547008546,0.0,0.008915225730386363,1,1.0430814104552046,0.04308141045520465,OK
2025-03-31,HistGBM,Unknown,139711,Unknown,0,5,0.008547008547008546,0.0,0.008912809762792026,1,1.0427987422466671,0.04279874224666703,OK
2025-03-31,HistGBM,Unknown,139990,Unknown,0,5,0.008547008547008546,0.0,0.008916505501109732,1,1.0432311436298387,0.043231143629838806,OK
2025-04-30,HistGBM,Unknown,118407,Unknown,0,5,0.005128205128205128,0.0,0.005185630870779385,1,1.01119801980198,0.01119801980198013,OK
2025-04-30,HistGBM,Unknown,120510,Unknown,0,5,0.005128205128205128,0.005105171368523108,0.0051829711593477205,1,1.0106793760728054,0.010679376072805393,OK
2025-04-30,HistGBM,Unknown,119498,Unknown,0,5,0.005128205128205128,0.0051036256970564626,0.005128205128205128,1,1.0,0.0,Missing
2025-04-30,HistGBM,Unknown,119739,Unknown,0,5,0.005128205128205128,0.0,0.005128205128205128,1,1.0,0.0,Missing
2025-04-30,HistGBM,Unknown,142641,Unknown,0,5,0.005128205128205128,0.005104659287598302,0.005128205128205128,1,1.0,0.0,Missing
2025-04-30,HistGBM,Unknown,120488,Unknown,0,5,0.004273504273504273,0.0,0.004273504273504273,1,1.0,0.0,Missing
2025-04-30,HistGBM,Unknown,119096,Unknown,0,5,0.004273504273504273,0.004245128102870062,0.004273504273504273,1,1.0,0.0,Missing
2025-04-30,HistGBM,Unknown,148883,Unknown,0,5,0.004273504273504273,0.004274982199066484,0.004273504273504273,1,1.0,0.0,Missing
2025-04-30,HistGBM,Unknown,150376,Unknown,0,5,0.004273504273504273,0.0,0.004273504273504273,1,1.0,0.0,Missing
2025-04-30,HistGBM,Unknown,147206,Unknown,0,5,0.004273504273504273,0.0,0.004273504273504273,1,1.0,0.0,Missing
2025-04-30,HistGBM,Unknown,118421,Unknown,0,5,0.004273504273504273,0.004354023380205676,0.0044183973462249195,1,1.0339049790166313,0.03390497901663132,OK
2025-04-30,HistGBM,Unknown,120186,Unknown,0,5,0.000777000777000777,0.0,0.000777000777000777,1,1.0,0.0,Missing
2025-04-30,HistGBM,Unknown,152415,Unknown,0,5,0.000777000777000777,0.0,0.000777000777000777,1,1.0,0.0,Missing
2025-04-30,HistGBM,Unknown,152067,Unknown,0,5,0.000777000777000777,0.0,0.000777000777000777,1,1.0,0.0,Missing
2025-04-30,HistGBM,Unknown,152087,Unknown,0,5,0.000777000777000777,0.0007756163769203824,0.000777000777000777,1,1.0,0.0,Missing
2025-04-30,HistGBM,Unknown,152470,Unknown,0,5,0.000777000777000777,0.0,0.000777000777000777,1,1.0,0.0,Missing
2025-04-30,HistGBM,Unknown,120395,Unknown,0,5,0.000777000777000777,0.0,0.000777000777000777,1,1.0,0.0,Missing
2025-04-30,HistGBM,Unknown,148516,Unknown,0,5,0.000777000777000777,0.0,0.000777000777000777,1,1.0,0.0,Missing
2025-04-30,HistGBM,Unknown,133801,Unknown,0,5,0.000777000777000777,0.0,0.000777000777000777,1,1.0,0.0,Missing
2025-04-30,HistGBM,Unknown,152082,Unknown,0,5,0.000777000777000777,0.0007680476639229253,0.000777000777000777,1,1.0,0.0,Missing
2025-04-30,HistGBM,Unknown,120782,Unknown,0,5,0.000777000777000777,0.0007685906929482798,0.000777000777000777,1,1.0,0.0,Missing
2025-04-30,HistGBM,Unknown,119364,Unknown,0,5,0.000777000777000777,0.0,0.000777000777000777,1,1.0,0.0,Missing
2025-04-30,HistGBM,Unknown,150685,Unknown,0,5,0.000777000777000777,0.0,0.000777000777000777,1,1.0,0.0,Missing
2025-04-30,HistGBM,Unknown,152450,Unknown,0,5,0.000777000777000777,0.0,0.000777000777000777,1,1.0,0.0,Missing
2025-04-30,HistGBM,Unknown,120405,Unknown,0,5,0.000777000777000777,0.0,0.000777000777000777,1,1.0,0.0,Missing
2025-04-30,HistGBM,Unknown,151580,Unknown,0,5,0.000777000777000777,0.0,0.000777000777000777,1,1.0,0.0,Missing
2025-04-30,HistGBM,Unknown,119783,Unknown,0,5,0.000777000777000777,0.0,0.0007739393708546011,1,0.9960599702898717,-0.003940029710128309,OK
2025-04-30,HistGBM,Unknown,118769,Unknown,0,5,0.000777000777000777,0.0,0.000777000777000777,1,1.0,0.0,Missing
2025-04-30,HistGBM,Unknown,151040,Unknown,0,5,0.000777000777000777,0.0,0.000777000777000777,1,1.0,0.0,Missing
2025-04-30,HistGBM,Unknown,118469,Unknown,0,5,0.000777000777000777,0.0,0.0008401501073139026,1,1.0812731881129927,0.08127318811299278,OK
2025-04-30,HistGBM,Unknown,152206,Unknown,0,5,0.000777000777000777,0.0,0.000777000777000777,1,1.0,0.0,Missing
2025-04-30,HistGBM,Unknown,151753,Unknown,0,5,0.000777000777000777,0.0007311372957524567,0.000777000777000777,1,1.0,0.0,Missing
2025-04-30,HistGBM,Unknown,120351,Unknown,0,5,0.000777000777000777,0.0,0.000777000777000777,1,1.0,0.0,Missing
2025-04-30,HistGBM,Unknown,152349,Unknown,0,5,0.000777000777000777,0.0007709664828062074,0.000777000777000777,1,1.0,0.0,Missing
2025-04-30,HistGBM,Unknown,135810,Unknown,0,5,0.000777000777000777,0.0007822700198569325,0.000777000777000777,1,1.0,0.0,Missing
2025-04-30,HistGBM,Unknown,147844,Unknown,0,5,0.000777000777000777,0.0,0.000777000777000777,1,1.0,0.0,Missing
2025-04-30,HistGBM,Unknown,149268,Unknown,0,5,0.000777000777000777,0.0007746252661659841,0.000777000777000777,1,1.0,0.0,Missing
2025-04-30,HistGBM,Unknown,151853,Unknown,0,5,0.000777000777000777,0.0,0.000777000777000777,1,1.0,0.0,Missing
2025-04-30,HistGBM,Unknown,143783,Unknown,0,5,0.000777000777000777,0.0007671828296491617,0.000777000777000777,1,1.0,0.0,Missing
2025-04-30,HistGBM,Unknown,152214,Unknown,0,5,0.000777000777000777,0.0007773802437970079,0.000777000777000777,1,1.0,0.0,Missing
2025-04-30,HistGBM,Unknown,133516,Unknown,0,5,0.000777000777000777,0.0,0.000777000777000777,1,1.0,0.0,Missing
2025-04-30,HistGBM,Unknown,142388,Unknown,0,5,0.000777000777000777,0.0007710539184595065,0.000777000777000777,1,1.0,0.0,Missing
2025-04-30,HistGBM,Unknown,120578,Unknown,0,5,0.000777000777000777,0.0007654037081764216,0.0008322082006577971,1,1.0710519542465848,0.07105195424658492,OK
2025-04-30,HistGBM,Unknown,120833,Unknown,0,5,0.000777000777000777,0.0,0.000777000777000777,1,1.0,0.0,Missing
2025-04-30,HistGBM,Unknown,120401,Unknown,0,5,0.004273504273504273,0.004221591649612929,0.004273504273504273,1,1.0,0.0,Missing
2025-04-30,HistGBM,Unknown,147617,Unknown,0,5,0.004273504273504273,0.0,0.004273504273504273,1,1.0,0.0,Missing
2025-04-30,HistGBM,Unknown,130206,Unknown,0,5,0.004273504273504273,0.004222475226176268,0.004273504273504273,1,1.0,0.0,Missing
2025-04-30,HistGBM,Unknown,120364,Unknown,0,5,0.004273504273504273,0.004223560207591867,0.004273504273504273,1,1.0,0.0,Missing
2025-04-30,HistGBM,Unknown,118474,Unknown,0,5,0.004273504273504273,0.004223748735068424,0.004292080290388753,1,1.0043467879509684,0.00434678795096845,OK
2025-04-30,HistGBM,Unknown,119771,Unknown,0,5,0.004273504273504273,0.004223359870854608,0.004273504273504273,1,1.0,0.0,Missing
2025-04-30,HistGBM,Unknown,138528,Unknown,0,5,0.002564102564102564,0.0026446716345455714,0.002564102564102564,1,1.0,0.0,Missing
2025-04-30,HistGBM,Unknown,150595,Unknown,0,5,0.002564102564102564,0.0,0.002564102564102564,1,1.0,0.0,Missing
2025-04-30,HistGBM,Unknown,148954,Unknown,0,5,0.002564102564102564,0.002561679958648922,0.00281692944736423,1,1.0986024844720497,0.09860248447204965,OK
2025-04-30,HistGBM,Unknown,150597,Unknown,0,5,0.002564102564102564,0.0,0.002564102564102564,1,1.0,0.0,Missing
2025-04-30,HistGBM,Unknown,148760,Unknown,0,5,0.002564102564102564,0.0,0.002803206454037252,1,1.0932505170745284,0.09325051707452839,OK
2025-04-30,HistGBM,Unknown,148614,Unknown,0,5,0.002564102564102564,0.0,0.002564102564102564,1,1.0,0.0,Missing
2025-04-30,HistGBM,Unknown,148063,Unknown,0,5,0.002564102564102564,0.0,0.002564102564102564,1,1.0,0.0,Missing
2025-04-30,HistGBM,Unknown,149098,Unknown,0,5,0.002564102564102564,0.0,0.002806693664708508,1,1.0946105292363182,0.09461052923631828,OK
2025-04-30,HistGBM,Unknown,149816,Unknown,0,5,0.002564102564102564,0.0,0.002564102564102564,1,1.0,0.0,Missing
2025-04-30,HistGBM,Unknown,119275,Unknown,0,5,0.002564102564102564,0.0025617165252702205,0.002564102564102564,1,1.0,0.0,Missing
2025-04-30,HistGBM,Unknown,152183,Unknown,0,5,0.0017094017094017094,0.001676538712613469,0.0017094017094017094,1,1.0,0.0,Missing
2025-04-30,HistGBM,Unknown,118663,Unknown,0,5,0.0017094017094017094,0.0016769459234134922,0.0017094017094017094,1,1.0,0.0,Missing
2025-04-30,HistGBM,Unknown,120546,Unknown,0,5,0.0017094017094017094,0.0016700784487146227,0.0017094017094017094,1,1.0,0.0,Missing
2025-04-30,HistGBM,Unknown,119781,Unknown,0,5,0.0017094017094017094,0.0016673184405948216,0.0017094017094017094,1,1.0,0.0,Missing
2025-04-30,HistGBM,Unknown,152287,Unknown,0,5,0.0017094017094017094,0.0016747031489537558,0.0017094017094017094,1,1.0,0.0,Missing
2025-04-30,HistGBM,Unknown,120531,Unknown,0,5,0.0017094017094017094,0.0016633718815041525,0.0017094017094017094,1,1.0,0.0,Missing
2025-04-30,HistGBM,Unknown,119788,Unknown,0,5,0.0017094017094017094,0.0016721976860859526,0.001719747880154806,1,1.0060525098905615,0.006052509890561588,OK
2025-04-30,HistGBM,Unknown,148928,Unknown,0,5,0.0017094017094017094,0.0015997003295414652,0.0017094017094017094,1,1.0,0.0,Missing
2025-04-30,HistGBM,Unknown,151974,Unknown,0,5,0.0017094017094017094,0.0,0.0017094017094017094,1,1.0,0.0,Missing
2025-04-30,HistGBM,Unknown,120685,Unknown,0,5,0.0017094017094017094,0.0016758902966359452,0.0017094017094017094,1,1.0,0.0,Missing
2025-04-30,HistGBM,Unknown,115132,Unknown,0,5,0.0017094017094017094,0.0016719850635469027,0.0017094017094017094,1,1.0,0.0,Missing
2025-04-30,HistGBM,Unknown,150714,Unknown,0,5,0.0017094017094017094,0.0016742864548738325,0.0017094017094017094,1,1.0,0.0,Missing
2025-04-30,HistGBM,Unknown,120700,Unknown,0,5,0.0017094017094017094,0.0016423146559128798,0.0017094017094017094,1,1.0,0.0,Missing
2025-04-30,HistGBM,Unknown,150581,Unknown,0,5,0.0017094017094017094,0.0,0.0017094017094017094,1,1.0,0.0,Missing
2025-04-30,HistGBM,Unknown,120473,Unknown,0,5,0.0017094017094017094,0.0016738879000333328,0.0017190958910761065,1,1.0056710962795223,0.005671096279522432,OK
2025-04-30,HistGBM,Unknown,150792,Unknown,0,5,0.0006574621959237343,0.0,0.0006574621959237343,1,1.0,0.0,Missing
2025-04-30,HistGBM,Unknown,151273,Unknown,0,5,0.0006574621959237343,0.0,0.0006574621959237343,1,1.0,0.0,Missing
2025-04-30,HistGBM,Unknown,151597,Unknown,0,5,0.0006574621959237343,0.0,0.0006574621959237343,1,1.0,0.0,Missing
2025-04-30,HistGBM,Unknown,152515,Unknown,0,5,0.0006574621959237343,0.0006770655126484012,0.0006622809431971482,1,1.0073293146028626,0.007329314602862582,OK
2025-04-30,HistGBM,Unknown,150871,Unknown,0,5,0.0006574621959237343,0.0,0.0006670565306950798,1,1.0145929831872165,0.014592983187216527,OK
2025-04-30,HistGBM,Unknown,151649,Unknown,0,5,0.0006574621959237343,0.0,0.0006574621959237343,1,1.0,0.0,Missing
2025-04-30,HistGBM,Unknown,152365,Unknown,0,5,0.0006574621959237343,0.0,0.0006574621959237343,1,1.0,0.0,Missing
2025-04-30,HistGBM,Unknown,150847,Unknown,0,5,0.0006574621959237343,0.0006769669062462699,0.0006574621959237343,1,1.0,0.0,Missing
2025-04-30,HistGBM,Unknown,150681,Unknown,0,5,0.0006574621959237343,0.000676478141036668,0.0006661845430074759,1,1.013266689914371,0.01326668991437087,OK
2025-04-30,HistGBM,Unknown,150807,Unknown,0,5,0.0006574621959237343,0.0006737934747433834,0.0006574621959237343,1,1.0,0.0,Missing
2025-04-30,HistGBM,Unknown,151489,Unknown,0,5,0.0006574621959237343,0.0006765468661460583,0.0006574621959237343,1,1.0,0.0,Missing
2025-04-30,HistGBM,Unknown,150671,Unknown,0,5,0.0006574621959237343,0.0,0.0006574621959237343,1,1.0,0.0,Missing
2025-04-30,HistGBM,Unknown,151487,Unknown,0,5,0.0006574621959237343,0.0006736457771495407,0.0006574621959237343,1,1.0,0.0,Missing
2025-04-30,HistGBM,Unknown,151574,Unknown,0,5,0.0006574621959237343,0.0,0.0006574621959237343,1,1.0,0.0,Missing
2025-04-30,HistGBM,Unknown,152098,Unknown,0,5,0.0006574621959237343,0.0006755482814181099,0.0006574621959237343,1,1.0,0.0,Missing
2025-04-30,HistGBM,Unknown,148555,Unknown,0,5,0.0006574621959237343,0.0006684526109305122,0.0006574621959237343,1,1.0,0.0,Missing
2025-04-30,HistGBM,Unknown,150636,Unknown,0,5,0.0006574621959237343,0.0,0.0006640730542182205,1,1.0100551154659134,0.010055115465913433,OK
2025-04-30,HistGBM,Unknown,151185,Unknown,0,5,0.0006574621959237343,0.0006747954590011988,0.0006574621959237343,1,1.0,0.0,Missing
2025-04-30,HistGBM,Unknown,151183,Unknown,0,5,0.0006574621959237343,0.0006761852304899151,0.0006574621959237343,1,1.0,0.0,Missing
2025-04-30,HistGBM,Unknown,150902,Unknown,0,5,0.0006574621959237343,0.0,0.0006574621959237343,1,1.0,0.0,Missing
2025-04-30,HistGBM,Unknown,151764,Unknown,0,5,0.0006574621959237343,0.0,0.0006574621959237343,1,1.0,0.0,Missing
2025-04-30,HistGBM,Unknown,152267,Unknown,0,5,0.0006574621959237343,0.0006757327469468132,0.0006574621959237343,1,1.0,0.0,Missing
2025-04-30,HistGBM,Unknown,151329,Unknown,0,5,0.0006574621959237343,0.0006754026860410709,0.0006574621959237343,1,1.0,0.0,Missing
2025-04-30,HistGBM,Unknown,150733,Unknown,0,5,0.0006574621959237343,0.0,0.0006574621959237343,1,1.0,0.0,Missing
2025-04-30,HistGBM,Unknown,152389,Unknown,0,5,0.0006574621959237343,0.0007067454779946639,0.0006574621959237343,1,1.0,0.0,Missing
2025-04-30,HistGBM,Unknown,150729,Unknown,0,5,0.0006574621959237343,0.0006760390421056693,0.0006574621959237343,1,1.0,0.0,Missing
2025-04-30,HistGBM,Unknown,149804,Unknown,0,5,0.0006574621959237343,0.0007072380942593934,0.0006574621959237343,1,1.0,0.0,Missing
2025-04-30,HistGBM,Unknown,149858,Unknown,0,5,0.0006574621959237343,0.0007072175406916453,0.0006574621959237343,1,1.0,0.0,Missing
2025-04-30,HistGBM,Unknown,148721,Unknown,0,5,0.0006574621959237343,0.0,0.0006574621959237343,1,1.0,0.0,Missing
2025-04-30,HistGBM,Unknown,151420,Unknown,0,5,0.0006574621959237343,0.0006746764783627378,0.0006574621959237343,1,1.0,0.0,Missing
2025-04-30,HistGBM,Unknown,150778,Unknown,0,5,0.0006574621959237343,0.0,0.0006574621959237343,1,1.0,0.0,Missing
2025-04-30,HistGBM,Unknown,152039,Unknown,0,5,0.0006574621959237343,0.0,0.0006574621959237343,1,1.0,0.0,Missing
2025-04-30,HistGBM,Unknown,150920,Unknown,0,5,0.0006574621959237343,0.000676657398195855,0.0006574621959237343,1,1.0,0.0,Missing
2025-04-30,HistGBM,Unknown,150738,Unknown,0,5,0.0006574621959237343,0.0,0.0006574621959237343,1,1.0,0.0,Missing
2025-04-30,HistGBM,Unknown,151408,Unknown,0,5,0.0006574621959237343,0.0,0.0006661471148095454,1,1.0132097616253186,0.013209761625318693,OK
2025-04-30,HistGBM,Unknown,151739,Unknown,0,5,0.0006574621959237343,0.0,0.0006574621959237343,1,1.0,0.0,Missing
2025-04-30,HistGBM,Unknown,151427,Unknown,0,5,0.0006574621959237343,0.0,0.0006574621959237343,1,1.0,0.0,Missing
2025-04-30,HistGBM,Unknown,149865,Unknown,0,5,0.0006574621959237343,0.0006757054732209829,0.0006574621959237343,1,1.0,0.0,Missing
2025-04-30,HistGBM,Unknown,151691,Unknown,0,5,0.0006574621959237343,0.0006744505582543171,0.0006574621959237343,1,1.0,0.0,Missing
2025-04-30,HistGBM,Unknown,147446,Unknown,0,5,0.004273504273504273,0.004332585354020578,0.004273504273504273,1,1.0,0.0,Missing
2025-04-30,HistGBM,Unknown,118624,Unknown,0,5,0.004273504273504273,0.004288206401764329,0.004273504273504273,1,1.0,0.0,Missing
2025-04-30,HistGBM,Unknown,144394,Unknown,0,5,0.004273504273504273,0.004298354308459078,0.004383940932164282,1,1.025842178126442,0.025842178126442024,OK
2025-04-30,HistGBM,Unknown,143537,Unknown,0,5,0.004273504273504273,0.004296834450425525,0.004273504273504273,1,1.0,0.0,Missing
2025-04-30,HistGBM,Unknown,151122,Unknown,0,5,0.004273504273504273,0.0,0.004273504273504273,1,1.0,0.0,Missing
2025-04-30,HistGBM,Unknown,120484,Unknown,0,5,0.004273504273504273,0.0,0.004273504273504273,1,1.0,0.0,Missing
2025-04-30,HistGBM,Unknown,151681,Unknown,0,5,0.002331002331002331,0.0,0.002331002331002331,1,1.0,0.0,Missing
2025-04-30,HistGBM,Unknown,151620,Unknown,0,5,0.002331002331002331,0.0,0.002331002331002331,1,1.0,0.0,Missing
2025-04-30,HistGBM,Unknown,149993,Unknown,0,5,0.002331002331002331,0.0021254786965450604,0.0023562140373018002,1,1.0108158220024723,0.010815822002472261,OK
2025-04-30,HistGBM,Unknown,151286,Unknown,0,5,0.002331002331002331,0.002144193341481356,0.002331002331002331,1,1.0,0.0,Missing
2025-04-30,HistGBM,Unknown,149460,Unknown,0,5,0.002331002331002331,0.0021222681178408864,0.002353646990384065,1,1.009714558874764,0.009714558874763978,OK
2025-04-30,HistGBM,Unknown,149431,Unknown,0,5,0.002331002331002331,0.002121223230084832,0.002353704054767832,1,1.0097390394954,0.009739039495400045,OK
2025-04-30,HistGBM,Unknown,149345,Unknown,0,5,0.002331002331002331,0.0,0.0023535395418107456,1,1.0096684634368098,0.009668463436809938,OK
2025-04-30,HistGBM,Unknown,148387,Unknown,0,5,0.002331002331002331,0.002136258934096511,0.0023684530597303964,1,1.01606636262434,0.01606636262434008,OK
2025-04-30,HistGBM,Unknown,149279,Unknown,0,5,0.002331002331002331,0.0,0.002352892066803401,1,1.009390696658659,0.00939069665865905,OK
2025-04-30,HistGBM,Unknown,149878,Unknown,0,5,0.002331002331002331,0.0021233989177420224,0.0023548306001337995,1,1.0102223274574,0.010222327457400126,OK
2025-04-30,HistGBM,Unknown,149307,Unknown,0,5,0.002331002331002331,0.0021202123892035247,0.0023535866718550225,1,1.0096886822258047,0.009688682225804634,OK
2025-04-30,HistGBM,Unknown,120779,Unknown,0,5,0.00641025641025641,0.006419644100990268,0.00641025641025641,1,1.0,0.0,Missing
2025-04-30,HistGBM,Unknown,120480,Unknown,0,5,0.00641025641025641,0.0,0.006475043545512031,1,1.0101067930998768,0.010106793099876922,OK
2025-04-30,HistGBM,Unknown,120154,Unknown,0,5,0.00641025641025641,0.006420943224062112,0.00641025641025641,1,1.0,0.0,Missing
2025-04-30,HistGBM,Unknown,118994,Unknown,0,5,0.00641025641025641,0.006378959153588491,0.00641025641025641,1,1.0,0.0,Missing
2025-04-30,HistGBM,Unknown,118531,Unknown,0,5,0.003663003663003663,0.0,0.003663003663003663,1,1.0,0.0,Missing
2025-04-30,HistGBM,Unknown,119598,Unknown,0,5,0.003663003663003663,0.0,0.003752201863467027,1,1.0243511087264985,0.024351108726498507,OK
2025-04-30,HistGBM,Unknown,150797,Unknown,0,5,0.003663003663003663,0.0037211926915497275,0.003663003663003663,1,1.0,0.0,Missing
2025-04-30,HistGBM,Unknown,152354,Unknown,0,5,0.003663003663003663,0.0037309896650007846,0.003663003663003663,1,1.0,0.0,Missing
2025-04-30,HistGBM,Unknown,118269,Unknown,0,5,0.003663003663003663,0.0037202315577160453,0.003663003663003663,1,1.0,0.0,Missing
2025-04-30,HistGBM,Unknown,120152,Unknown,0,5,0.003663003663003663,0.003722512073457284,0.003663003663003663,1,1.0,0.0,Missing
2025-04-30,HistGBM,Unknown,119528,Unknown,0,5,0.003663003663003663,0.003737441158135806,0.003663003663003663,1,1.0,0.0,Missing
2025-04-30,HistGBM,Unknown,152071,Unknown,0,5,0.005128205128205128,0.0051894609088434605,0.005128205128205128,1,1.0,0.0,Missing
2025-04-30,HistGBM,Unknown,149383,Unknown,0,5,0.005128205128205128,0.005105869455395302,0.005404682274247492,1,1.0539130434782609,0.053913043478260855,OK
2025-04-30,HistGBM,Unknown,152094,Unknown,0,5,0.005128205128205128,0.0,0.005128205128205128,1,1.0,0.0,Missing
2025-04-30,HistGBM,Unknown,151824,Unknown,0,5,0.005128205128205128,0.005189940604330789,0.005128205128205128,1,1.0,0.0,Missing
2025-04-30,HistGBM,Unknown,120823,Unknown,0,5,0.005128205128205128,0.0,0.005128205128205128,1,1.0,0.0,Missing
2025-04-30,HistGBM,Unknown,134387,Unknown,0,5,0.008547008547008546,0.008498732972003797,0.008547008547008546,1,1.0,0.0,Missing
2025-04-30,HistGBM,Unknown,119082,Unknown,0,5,0.008547008547008546,0.00848035162646121,0.008547008547008546,1,1.0,0.0,Missing
2025-04-30,HistGBM,Unknown,130722,Unknown,0,5,0.008547008547008546,0.008504667157258292,0.008547008547008546,1,1.0,0.0,Missing
2025-04-30,HistGBM,Unknown,148529,Unknown,0,5,0.005128205128205128,0.005070045085663439,0.005128205128205128,1,1.0,0.0,Missing
2025-04-30,HistGBM,Unknown,144754,Unknown,0,5,0.005128205128205128,0.0050713529774434885,0.005163213568926189,1,1.0068266459406068,0.006826645940606852,OK
2025-04-30,HistGBM,Unknown,143494,Unknown,0,5,0.005128205128205128,0.0,0.005128205128205128,1,1.0,0.0,Missing
2025-04-30,HistGBM,Unknown,146075,Unknown,0,5,0.005128205128205128,0.0,0.005128205128205128,1,1.0,0.0,Missing
2025-04-30,HistGBM,Unknown,119205,Unknown,0,5,0.005128205128205128,0.005069753563732715,0.005128205128205128,1,1.0,0.0,Missing
2025-04-30,HistGBM,Unknown,120444,Unknown,0,5,0.005128205128205128,0.0,0.005128205128205128,1,1.0,0.0,Missing
2025-04-30,HistGBM,Unknown,152162,Unknown,0,5,0.005128205128205128,0.005110695061221013,0.005128205128205128,1,1.0,0.0,Missing
2025-04-30,HistGBM,Unknown,134547,Unknown,0,5,0.005128205128205128,0.0,0.005128205128205128,1,1.0,0.0,Missing
2025-04-30,HistGBM,Unknown,148628,Unknown,0,5,0.005128205128205128,0.0,0.005128205128205128,1,1.0,0.0,Missing
2025-04-30,HistGBM,Unknown,120338,Unknown,0,5,0.005128205128205128,0.005109936119151395,0.005128205128205128,1,1.0,0.0,Missing
2025-04-30,HistGBM,Unknown,119099,Unknown,0,5,0.005128205128205128,0.005148962606100079,0.005128205128205128,1,1.0,0.0,Missing
2025-04-30,HistGBM,Unknown,120520,Unknown,0,5,0.005128205128205128,0.00514940184857081,0.005128205128205128,1,1.0,0.0,Missing
2025-04-30,HistGBM,Unknown,119759,Unknown,0,5,0.005128205128205128,0.005143359666045395,0.005128205128205128,1,1.0,0.0,Missing
2025-04-30,HistGBM,Unknown,119605,Unknown,0,5,0.005128205128205128,0.0,0.005128205128205128,1,1.0,0.0,Missing
2025-04-30,HistGBM,Unknown,120447,Unknown,0,5,0.005128205128205128,0.005146313286413262,0.005141220072736386,1,1.0025379141835953,0.0025379141835952116,OK
2025-04-30,HistGBM,Unknown,135601,Unknown,0,5,0.003205128205128205,0.0,0.003205128205128205,1,1.0,0.0,Missing
2025-04-30,HistGBM,Unknown,150587,Unknown,0,5,0.003205128205128205,0.003233130289690596,0.003205128205128205,1,1.0,0.0,Missing
2025-04-30,HistGBM,Unknown,119242,Unknown,0,5,0.003205128205128205,0.0032315492817242015,0.003205128205128205,1,1.0,0.0,Missing
2025-04-30,HistGBM,Unknown,120494,Unknown,0,5,0.003205128205128205,0.0,0.003205128205128205,1,1.0,0.0,Missing
2025-04-30,HistGBM,Unknown,120079,Unknown,0,5,0.003205128205128205,0.0032805733417680394,0.003205128205128205,1,1.0,0.0,Missing
2025-04-30,HistGBM,Unknown,120270,Unknown,0,5,0.003205128205128205,0.003157873098729082,0.003205128205128205,1,1.0,0.0,Missing
2025-04-30,HistGBM,Unknown,133386,Unknown,0,5,0.003205128205128205,0.0,0.003205128205128205,1,1.0,0.0,Missing
2025-04-30,HistGBM,Unknown,118540,Unknown,0,5,0.003205128205128205,0.0,0.003205128205128205,1,1.0,0.0,Missing
2025-04-30,HistGBM,Unknown,145693,Unknown,0,5,0.005128205128205128,0.005122564325866567,0.005128205128205128,1,1.0,0.0,Missing
2025-04-30,HistGBM,Unknown,135120,Unknown,0,5,0.005128205128205128,0.005121614386722239,0.005180448456732076,1,1.0101874490627547,0.010187449062754686,OK
2025-04-30,HistGBM,Unknown,146457,Unknown,0,5,0.005128205128205128,0.005121461807840336,0.005128205128205128,1,1.0,0.0,Missing
2025-04-30,HistGBM,Unknown,149679,Unknown,0,5,0.005128205128205128,0.005121345910958265,0.005128205128205128,1,1.0,0.0,Missing
2025-04-30,HistGBM,Unknown,151060,Unknown,0,5,0.005128205128205128,0.0051099244253511224,0.005128205128205128,1,1.0,0.0,Missing
2025-04-30,HistGBM,Unknown,145810,Unknown,0,5,0.003663003663003663,0.0036119947208323976,0.003663003663003663,1,1.0,0.0,Missing
2025-04-30,HistGBM,Unknown,147736,Unknown,0,5,0.003663003663003663,0.0036117419008968913,0.003663003663003663,1,1.0,0.0,Missing
2025-04-30,HistGBM,Unknown,147196,Unknown,0,5,0.003663003663003663,0.003611677494151527,0.003663003663003663,1,1.0,0.0,Missing
2025-04-30,HistGBM,Unknown,146980,Unknown,0,5,0.003663003663003663,0.003611727272511319,0.003663003663003663,1,1.0,0.0,Missing
2025-04-30,HistGBM,Unknown,146675,Unknown,0,5,0.003663003663003663,0.0036119367783097388,0.003680908723127721,1,1.0048880814138679,0.004888081413867954,OK
2025-04-30,HistGBM,Unknown,146141,Unknown,0,5,0.003663003663003663,0.0,0.003663003663003663,1,1.0,0.0,Missing
2025-04-30,HistGBM,Unknown,147951,Unknown,0,5,0.003663003663003663,0.0,0.003681235067027826,1,1.0049771732985966,0.004977173298596579,OK
2025-04-30,HistGBM,Unknown,149190,Unknown,0,5,0.005128205128205128,0.0042382351402559465,0.005128205128205128,1,1.0,0.0,Missing
2025-04-30,HistGBM,Unknown,151493,Unknown,0,5,0.005128205128205128,0.004236784764184785,0.005128205128205128,1,1.0,0.0,Missing
2025-04-30,HistGBM,Unknown,150316,Unknown,0,5,0.005128205128205128,0.004245877148450656,0.005128205128205128,1,1.0,0.0,Missing
2025-04-30,HistGBM,Unknown,150002,Unknown,0,5,0.005128205128205128,0.004245669160307425,0.005128205128205128,1,1.0,0.0,Missing
2025-04-30,HistGBM,Unknown,149924,Unknown,0,5,0.005128205128205128,0.004246922124871339,0.005128205128205128,1,1.0,0.0,Missing
2025-04-30,HistGBM,Unknown,149526,Unknown,0,5,0.00641025641025641,0.0,0.00641025641025641,1,1.0,0.0,Missing
2025-04-30,HistGBM,Unknown,133810,Unknown,0,5,0.00641025641025641,0.006352586970755257,0.00641025641025641,1,1.0,0.0,Missing
2025-04-30,HistGBM,Unknown,118709,Unknown,0,5,0.00641025641025641,0.0,0.00641025641025641,1,1.0,0.0,Missing
2025-04-30,HistGBM,Unknown,118702,Unknown,0,5,0.00641025641025641,0.0,0.00641025641025641,1,1.0,0.0,Missing
2025-04-30,HistGBM,Unknown,151267,Unknown,0,5,0.003663003663003663,0.0036978576102813998,0.003663003663003663,1,1.0,0.0,Missing
2025-04-30,HistGBM,Unknown,131670,Unknown,0,5,0.003663003663003663,0.00370289750352021,0.003663003663003663,1,1.0,0.0,Missing
2025-04-30,HistGBM,Unknown,144335,Unknown,0,5,0.003663003663003663,0.0,0.003663003663003663,1,1.0,0.0,Missing
2025-04-30,HistGBM,Unknown,120333,Unknown,0,5,0.003663003663003663,0.0,0.003663003663003663,1,1.0,0.0,Missing
2025-04-30,HistGBM,Unknown,141642,Unknown,0,5,0.003663003663003663,0.0036795015993964474,0.0037142793048304855,1,1.0139982502187226,0.013998250218722672,OK
2025-04-30,HistGBM,Unknown,149261,Unknown,0,5,0.003663003663003663,0.003652465896636363,0.003663003663003663,1,1.0,0.0,Missing
2025-04-30,HistGBM,Unknown,152188,Unknown,0,5,0.003663003663003663,0.0035153136116614966,0.003663003663003663,1,1.0,0.0,Missing
2025-04-30,HistGBM,Unknown,151307,Unknown,0,5,0.005128205128205128,0.005159507615625044,0.005128205128205128,1,1.0,0.0,Missing
2025-04-30,HistGBM,Unknown,152314,Unknown,0,5,0.005128205128205128,0.0,0.005128205128205128,1,1.0,0.0,Missing
2025-04-30,HistGBM,Unknown,152056,Unknown,0,5,0.005128205128205128,0.0,0.005128205128205128,1,1.0,0.0,Missing
2025-04-30,HistGBM,Unknown,148457,Unknown,0,5,0.005128205128205128,0.005160958578263419,0.005128205128205128,1,1.0,0.0,Missing
2025-04-30,HistGBM,Unknown,152344,Unknown,0,5,0.005128205128205128,0.0,0.005128205128205128,1,1.0,0.0,Missing
2025-04-30,HistGBM,Unknown,119861,Unknown,0,5,0.003205128205128205,0.0,0.003205128205128205,1,1.0,0.0,Missing
2025-04-30,HistGBM,Unknown,119125,Unknown,0,5,0.003205128205128205,0.003163437395288018,0.003205128205128205,1,1.0,0.0,Missing
2025-04-30,HistGBM,Unknown,119568,Unknown,0,5,0.003205128205128205,0.003163974148387475,0.003205128205128205,1,1.0,0.0,Missing
2025-04-30,HistGBM,Unknown,118577,Unknown,0,5,0.003205128205128205,0.0031642073960147328,0.003205128205128205,1,1.0,0.0,Missing
2025-04-30,HistGBM,Unknown,119303,Unknown,0,5,0.003205128205128205,0.0029369588206805824,0.003205128205128205,1,1.0,0.0,Missing
2025-04-30,HistGBM,Unknown,149664,Unknown,0,5,0.003205128205128205,0.0031635661398632447,0.003205128205128205,1,1.0,0.0,Missing
2025-04-30,HistGBM,Unknown,120389,Unknown,0,5,0.003205128205128205,0.003163702196134409,0.003223231836364742,1,1.0056483329457995,0.0056483329457993935,OK
2025-04-30,HistGBM,Unknown,119135,Unknown,0,5,0.003205128205128205,0.0031643277982296193,0.003205128205128205,1,1.0,0.0,Missing
2025-04-30,HistGBM,Unknown,118535,Unknown,0,5,0.003205128205128205,0.0,0.003205128205128205,1,1.0,0.0,Missing
2025-04-30,HistGBM,Unknown,150346,Unknown,0,5,0.003205128205128205,0.0032442972165375593,0.003205128205128205,1,1.0,0.0,Missing
2025-04-30,HistGBM,Unknown,144546,Unknown,0,5,0.003205128205128205,0.0,0.003205128205128205,1,1.0,0.0,Missing
2025-04-30,HistGBM,Unknown,120492,Unknown,0,5,0.003205128205128205,0.0,0.003205128205128205,1,1.0,0.0,Missing
2025-04-30,HistGBM,Unknown,119076,Unknown,0,5,0.003205128205128205,0.0032015507617854416,0.003205128205128205,1,1.0,0.0,Missing
2025-04-30,HistGBM,Unknown,148404,Unknown,0,5,0.003205128205128205,0.0,0.003205128205128205,1,1.0,0.0,Missing
2025-04-30,HistGBM,Unknown,151379,Unknown,0,5,0.003205128205128205,0.0,0.003205128205128205,1,1.0,0.0,Missing
2025-04-30,HistGBM,Unknown,149763,Unknown,0,5,0.003205128205128205,0.0032643694858952308,0.003205128205128205,1,1.0,0.0,Missing
2025-04-30,HistGBM,Unknown,119251,Unknown,0,5,0.004273504273504273,0.0,0.004273504273504273,1,1.0,0.0,Missing
2025-04-30,HistGBM,Unknown,152537,Unknown,0,5,0.004273504273504273,0.0,0.004273504273504273,1,1.0,0.0,Missing
2025-04-30,HistGBM,Unknown,147830,Unknown,0,5,0.004273504273504273,0.0,0.004312685156194292,1,1.0091683265494644,0.009168326549464473,OK
2025-04-30,HistGBM,Unknown,147826,Unknown,0,5,0.004273504273504273,0.004303410051647007,0.0044097609315000615,1,1.0318840579710145,0.0318840579710145,OK
2025-04-30,HistGBM,Unknown,146930,Unknown,0,5,0.004273504273504273,0.00429810011221739,0.004273504273504273,1,1.0,0.0,Missing
2025-04-30,HistGBM,Unknown,147825,Unknown,0,5,0.004273504273504273,0.004312339331957573,0.004398102607821278,1,1.029156010230179,0.029156010230179042,OK
2025-04-30,HistGBM,Unknown,148490,Unknown,0,5,0.01282051282051282,0.012722074409322822,0.01328551144618905,1,1.036269892802746,0.03626989280274597,OK
2025-04-30,HistGBM,Unknown,120285,Unknown,0,5,0.01282051282051282,0.012490970911588675,0.01282051282051282,1,1.0,0.0,Missing
2025-04-30,HistGBM,Unknown,150817,Unknown,0,5,0.004273504273504273,0.0,0.004273504273504273,1,1.0,0.0,Missing
2025-04-30,HistGBM,Unknown,151036,Unknown,0,5,0.004273504273504273,0.004334663941303933,0.004273504273504273,1,1.0,0.0,Missing
2025-04-30,HistGBM,Unknown,150815,Unknown,0,5,0.004273504273504273,0.0,0.004273504273504273,1,1.0,0.0,Missing
2025-04-30,HistGBM,Unknown,150404,Unknown,0,5,0.004273504273504273,0.0,0.004565471502331569,1,1.0683203315455874,0.06832033154558743,OK
2025-04-30,HistGBM,Unknown,140228,Unknown,0,5,0.004273504273504273,0.0043446023603601475,0.004273504273504273,1,1.0,0.0,Missing
2025-04-30,HistGBM,Unknown,127042,Unknown,0,5,0.004273504273504273,0.0,0.004273504273504273,1,1.0,0.0,Missing
2025-04-30,HistGBM,Unknown,147567,Unknown,0,5,0.005128205128205128,0.005076493143997422,0.005164233531572297,1,1.007025538656598,0.0070255386565980914,OK
2025-04-30,HistGBM,Unknown,118506,Unknown,0,5,0.005128205128205128,0.005077202362214805,0.005128205128205128,1,1.0,0.0,Missing
2025-04-30,HistGBM,Unknown,149112,Unknown,0,5,0.005128205128205128,0.005077204194786279,0.005128205128205128,1,1.0,0.0,Missing
2025-04-30,HistGBM,Unknown,120299,Unknown,0,5,0.005128205128205128,0.0,0.005128205128205128,1,1.0,0.0,Missing
2025-04-30,HistGBM,Unknown,119424,Unknown,0,5,0.005128205128205128,0.005076312477984618,0.005128205128205128,1,1.0,0.0,Missing
2025-04-30,HistGBM,Unknown,144315,Unknown,0,5,0.008547008547008546,0.0,0.008547008547008546,1,1.0,0.0,Missing
2025-04-30,HistGBM,Unknown,141950,Unknown,0,5,0.008547008547008546,0.0,0.008547008547008546,1,1.0,0.0,Missing
2025-04-30,HistGBM,Unknown,139711,Unknown,0,5,0.008547008547008546,0.00874538185359925,0.008547008547008546,1,1.0,0.0,Missing
2025-04-30,HistGBM,Unknown,118784,Unknown,0,5,0.005128205128205128,0.0,0.005128205128205128,1,1.0,0.0,Missing
2025-04-30,HistGBM,Unknown,120751,Unknown,0,5,0.005128205128205128,0.005166904935637271,0.005128205128205128,1,1.0,0.0,Missing
2025-04-30,HistGBM,Unknown,149166,Unknown,0,5,0.005128205128205128,0.005133127562273128,0.005333333333333333,1,1.04,0.04000000000000002,OK
2025-04-30,HistGBM,Unknown,152018,Unknown,0,5,0.005128205128205128,0.0,0.005128205128205128,1,1.0,0.0,Missing
2025-04-30,HistGBM,Unknown,118935,Unknown,0,5,0.005128205128205128,0.0,0.005128205128205128,1,1.0,0.0,Missing
2025-04-30,HistGBM,Unknown,120475,Unknown,0,5,0.008547008547008546,0.00851547329861581,0.008634509288914467,1,1.0102375868029927,0.010237586802992792,OK
2025-04-30,HistGBM,Unknown,128006,Unknown,0,5,0.008547008547008546,0.008520590700423929,0.008547008547008546,1,1.0,0.0,Missing
2025-04-30,HistGBM,Unknown,151146,Unknown,0,5,0.008547008547008546,0.008514248957313383,0.008547008547008546,1,1.0,0.0,Missing
2025-04-30,HistGBM,Unknown,152226,Unknown,0,5,0.004273504273504273,0.0,0.004273504273504273,1,1.0,0.0,Missing
2025-04-30,HistGBM,Unknown,120357,Unknown,0,5,0.004273504273504273,0.004361919127728177,0.004273504273504273,1,1.0,0.0,Missing
2025-04-30,HistGBM,Unknown,119218,Unknown,0,5,0.004273504273504273,0.004297292289537454,0.004273504273504273,1,1.0,0.0,Missing
2025-04-30,HistGBM,Unknown,133710,Unknown,0,5,0.004273504273504273,0.004223094038797967,0.004273504273504273,1,1.0,0.0,Missing
2025-04-30,HistGBM,Unknown,146772,Unknown,0,5,0.004273504273504273,0.0,0.004273504273504273,1,1.0,0.0,Missing
2025-04-30,HistGBM,Unknown,120665,Unknown,0,5,0.004273504273504273,0.0,0.004273504273504273,1,1.0,0.0,Missing
2025-04-30,HistGBM,Unknown,118508,Unknown,0,5,0.008547008547008546,0.008527291951727243,0.008547008547008546,1,1.0,0.0,Missing
2025-04-30,HistGBM,Unknown,148771,Unknown,0,5,0.008547008547008546,0.0,0.008547008547008546,1,1.0,0.0,Missing
2025-04-30,HistGBM,Unknown,148711,Unknown,0,5,0.008547008547008546,0.008509219615638637,0.008628671201268777,1,1.009554530548447,0.009554530548446964,OK
2025-04-30,HistGBM,Unknown,119533,Unknown,0,5,0.005128205128205128,0.005107403941529042,0.005128205128205128,1,1.0,0.0,Missing
2025-04-30,HistGBM,Unknown,149361,Unknown,0,5,0.005128205128205128,0.005110793883584754,0.005128205128205128,1,1.0,0.0,Missing
2025-04-30,HistGBM,Unknown,118814,Unknown,0,5,0.005128205128205128,0.00511449310495788,0.005128205128205128,1,1.0,0.0,Missing
2025-04-30,HistGBM,Unknown,141588,Unknown,0,5,0.005128205128205128,0.005113999298025819,0.0051892637088035275,1,1.011906423216688,0.011906423216687986,OK
2025-04-30,HistGBM,Unknown,118807,Unknown,0,5,0.005128205128205128,0.005114490561453212,0.005128205128205128,1,1.0,0.0,Missing
2025-04-30,HistGBM,Unknown,120084,Unknown,0,5,0.005128205128205128,0.005134556178403969,0.005128205128205128,1,1.0,0.0,Missing
2025-04-30,HistGBM,Unknown,150180,Unknown,0,5,0.005128205128205128,0.0,0.005128205128205128,1,1.0,0.0,Missing
2025-04-30,HistGBM,Unknown,119505,Unknown,0,5,0.005128205128205128,0.005129520651886577,0.005128205128205128,1,1.0,0.0,Missing
2025-04-30,HistGBM,Unknown,119239,Unknown,0,5,0.005128205128205128,0.00514333363831303,0.005128205128205128,1,1.0,0.0,Missing
2025-04-30,HistGBM,Unknown,134494,Unknown,0,5,0.005128205128205128,0.0,0.005128205128205128,1,1.0,0.0,Missing
2025-04-30,HistGBM,Unknown,129649,Unknown,0,5,0.004273504273504273,0.0,0.004273504273504273,1,1.0,0.0,Missing
2025-04-30,HistGBM,Unknown,152237,Unknown,0,5,0.004273504273504273,0.0,0.004273504273504273,1,1.0,0.0,Missing
2025-04-30,HistGBM,Unknown,148618,Unknown,0,5,0.004273504273504273,0.004267621439310776,0.004273504273504273,1,1.0,0.0,Missing
2025-04-30,HistGBM,Unknown,145206,Unknown,0,5,0.004273504273504273,0.0,0.004273504273504273,1,1.0,0.0,Missing
2025-04-30,HistGBM,Unknown,152128,Unknown,0,5,0.004273504273504273,0.004277861840591032,0.004273504273504273,1,1.0,0.0,Missing
2025-04-30,HistGBM,Unknown,146196,Unknown,0,5,0.004273504273504273,0.0,0.004273504273504273,1,1.0,0.0,Missing
2025-04-30,HistGBM,Unknown,151313,Unknown,0,5,0.01282051282051282,0.0,0.01282051282051282,1,1.0,0.0,Missing
2025-04-30,HistGBM,Unknown,152491,Unknown,0,5,0.01282051282051282,0.012857265309341708,0.01282051282051282,1,1.0,0.0,Missing
2025-04-30,HistGBM,Unknown,119069,Unknown,0,5,0.008547008547008546,0.0,0.008547008547008546,1,1.0,0.0,Missing
2025-04-30,HistGBM,Unknown,120059,Unknown,0,5,0.008547008547008546,0.00853936244026664,0.008547008547008546,1,1.0,0.0,Missing
2025-04-30,HistGBM,Unknown,118687,Unknown,0,5,0.008547008547008546,0.008519950973654836,0.008547008547008546,1,1.0,0.0,Missing
2025-05-31,HistGBM,Unknown,133859,Unknown,0,5,0.000777000777000777,0.0,0.0008153202438024559,1,1.0493171537737607,0.049317153773760766,OK
2025-05-31,HistGBM,Unknown,149318,Unknown,0,5,0.000777000777000777,0.0,0.000777000777000777,1,1.0,0.0,Missing
2025-05-31,HistGBM,Unknown,120186,Unknown,0,5,0.000777000777000777,0.0007733602500304846,0.000777000777000777,1,1.0,0.0,Missing
2025-05-31,HistGBM,Unknown,142388,Unknown,0,5,0.000777000777000777,0.0007733602500304846,0.000777000777000777,1,1.0,0.0,Missing
2025-05-31,HistGBM,Unknown,149329,Unknown,0,5,0.000777000777000777,0.0,0.000777000777000777,1,1.0,0.0,Missing
2025-05-31,HistGBM,Unknown,143783,Unknown,0,5,0.000777000777000777,0.0007733602500304846,0.000777000777000777,1,1.0,0.0,Missing
2025-05-31,HistGBM,Unknown,149268,Unknown,0,5,0.000777000777000777,0.0007733602500304846,0.000777000777000777,1,1.0,0.0,Missing
2025-05-31,HistGBM,Unknown,152321,Unknown,0,5,0.000777000777000777,0.0,0.000777000777000777,1,1.0,0.0,Missing
2025-05-31,HistGBM,Unknown,151853,Unknown,0,5,0.000777000777000777,0.0007733602500304846,0.000777000777000777,1,1.0,0.0,Missing
2025-05-31,HistGBM,Unknown,147844,Unknown,0,5,0.000777000777000777,0.0007733602500304846,0.000777000777000777,1,1.0,0.0,Missing
2025-05-31,HistGBM,Unknown,151816,Unknown,0,5,0.000777000777000777,0.0,0.000807544481340204,1,1.0393097474848425,0.039309747484842415,OK
2025-05-31,HistGBM,Unknown,152349,Unknown,0,5,0.000777000777000777,0.0007733602500304846,0.000777000777000777,1,1.0,0.0,Missing
2025-05-31,HistGBM,Unknown,151040,Unknown,0,5,0.000777000777000777,0.0007733602500304846,0.000777000777000777,1,1.0,0.0,Missing
2025-05-31,HistGBM,Unknown,152082,Unknown,0,5,0.000777000777000777,0.0007733602500304846,0.000777000777000777,1,1.0,0.0,Missing
2025-05-31,HistGBM,Unknown,120782,Unknown,0,5,0.000777000777000777,0.0007733602500304846,0.000777000777000777,1,1.0,0.0,Missing
2025-05-31,HistGBM,Unknown,152087,Unknown,0,5,0.000777000777000777,0.0007733602500304846,0.000777000777000777,1,1.0,0.0,Missing
2025-05-31,HistGBM,Unknown,120733,Unknown,0,5,0.000777000777000777,0.0,0.000777000777000777,1,1.0,0.0,Missing
2025-05-31,HistGBM,Unknown,120833,Unknown,0,5,0.000777000777000777,0.0007733602500304846,0.000777000777000777,1,1.0,0.0,Missing
2025-05-31,HistGBM,Unknown,152067,Unknown,0,5,0.000777000777000777,0.0007733602500304846,0.000777000777000777,1,1.0,0.0,Missing
2025-05-31,HistGBM,Unknown,150624,Unknown,0,5,0.000777000777000777,0.0,0.000777000777000777,1,1.0,0.0,Missing
2025-05-31,HistGBM,Unknown,119783,Unknown,0,5,0.000777000777000777,0.0007750890540620043,0.0008044131062061746,1,1.0352796676873468,0.035279667687346764,OK
2025-05-31,HistGBM,Unknown,145454,Unknown,0,5,0.000777000777000777,0.0,0.000777000777000777,1,1.0,0.0,Missing
2025-05-31,HistGBM,Unknown,148516,Unknown,0,5,0.000777000777000777,0.0007733602500304846,0.000777000777000777,1,1.0,0.0,Missing
2025-05-31,HistGBM,Unknown,144835,Unknown,0,5,0.000777000777000777,0.0,0.000777000777000777,1,1.0,0.0,Missing
2025-05-31,HistGBM,Unknown,130861,Unknown,0,5,0.000777000777000777,0.0,0.000777000777000777,1,1.0,0.0,Missing
2025-05-31,HistGBM,Unknown,130860,Unknown,0,5,0.000777000777000777,0.0,0.000777000777000777,1,1.0,0.0,Missing
2025-05-31,HistGBM,Unknown,119364,Unknown,0,5,0.000777000777000777,0.0007733602500304846,0.000777000777000777,1,1.0,0.0,Missing
2025-05-31,HistGBM,Unknown,134923,Unknown,0,5,0.000777000777000777,0.0,0.000777000777000777,1,1.0,0.0,Missing
2025-05-31,HistGBM,Unknown,120578,Unknown,0,5,0.000777000777000777,0.0008334444419311968,0.0008098177969069584,1,1.0422355046192555,0.04223550461925548,OK
2025-05-31,HistGBM,Unknown,119333,Unknown,0,5,0.000777000777000777,0.0,0.000777000777000777,1,1.0,0.0,Missing
2025-05-31,HistGBM,Unknown,151753,Unknown,0,5,0.000777000777000777,0.0007733602500304846,0.000777000777000777,1,1.0,0.0,Missing
2025-05-31,HistGBM,Unknown,120385,Unknown,0,5,0.000777000777000777,0.0,0.000777000777000777,1,1.0,0.0,Missing
2025-05-31,HistGBM,Unknown,152206,Unknown,0,5,0.000777000777000777,0.0007733602500304846,0.000777000777000777,1,1.0,0.0,Missing
2025-05-31,HistGBM,Unknown,151286,Unknown,0,5,0.002331002331002331,0.0023200807500914538,0.002331002331002331,1,1.0,0.0,Missing
2025-05-31,HistGBM,Unknown,149307,Unknown,0,5,0.002331002331002331,0.002357082913519033,0.0023405964724492628,1,1.0041158866807338,0.004115886680733916,OK
2025-05-31,HistGBM,Unknown,149345,Unknown,0,5,0.002331002331002331,0.002357035713463302,0.0023406730622811023,1,1.004148743718593,0.004148743718593008,OK
2025-05-31,HistGBM,Unknown,147098,Unknown,0,5,0.002331002331002331,0.0,0.002331002331002331,1,1.0,0.0,Missing
2025-05-31,HistGBM,Unknown,146974,Unknown,0,5,0.002331002331002331,0.0,0.0023301113069971696,1,0.9996177507017858,-0.000382249298214137,OK
2025-05-31,HistGBM,Unknown,148387,Unknown,0,5,0.002331002331002331,0.0023719713853419854,0.002323900840921877,1,0.9969534607554853,-0.003046539244514747,OK
2025-05-31,HistGBM,Unknown,149917,Unknown,0,5,0.002331002331002331,0.0,0.002331002331002331,1,1.0,0.0,Missing
2025-05-31,HistGBM,Unknown,149460,Unknown,0,5,0.002331002331002331,0.0023571433216509597,0.0023396438475637975,1,1.0037072106048692,0.0037072106048691793,OK
2025-05-31,HistGBM,Unknown,151620,Unknown,0,5,0.002331002331002331,0.0023200807500914538,0.002331002331002331,1,1.0,0.0,Missing
2025-05-31,HistGBM,Unknown,149431,Unknown,0,5,0.002331002331002331,0.002357200470803594,0.0023409422775046715,1,1.004264237049504,0.004264237049504112,OK
2025-05-31,HistGBM,Unknown,151708,Unknown,0,5,0.002331002331002331,0.0,0.002331002331002331,1,1.0,0.0,Missing
2025-05-31,HistGBM,Unknown,119424,Unknown,0,5,0.005128205128205128,0.005104177650201198,0.005128205128205128,1,1.0,0.0,Missing
2025-05-31,HistGBM,Unknown,118719,Unknown,0,5,0.005128205128205128,0.0,0.005128205128205128,1,1.0,0.0,Missing
2025-05-31,HistGBM,Unknown,149112,Unknown,0,5,0.005128205128205128,0.005104177650201198,0.005128205128205128,1,1.0,0.0,Missing
2025-05-31,HistGBM,Unknown,147567,Unknown,0,5,0.005128205128205128,0.005171904975607766,0.00516043338431031,1,1.0062845099405104,0.006284509940510385,OK
2025-05-31,HistGBM,Unknown,118506,Unknown,0,5,0.005128205128205128,0.005104177650201198,0.005128205128205128,1,1.0,0.0,Missing
2025-05-31,HistGBM,Unknown,148883,Unknown,0,5,0.004273504273504273,0.004253481375167665,0.004273504273504273,1,1.0,0.0,Missing
2025-05-31,HistGBM,Unknown,122389,Unknown,0,5,0.004273504273504273,0.0,0.004273504273504273,1,1.0,0.0,Missing
2025-05-31,HistGBM,Unknown,120722,Unknown,0,5,0.004273504273504273,0.0,0.004273504273504273,1,1.0,0.0,Missing
2025-05-31,HistGBM,Unknown,147206,Unknown,0,5,0.004273504273504273,0.004253481375167665,0.004273504273504273,1,1.0,0.0,Missing
2025-05-31,HistGBM,Unknown,148411,Unknown,0,5,0.004273504273504273,0.0,0.004273504273504273,1,1.0,0.0,Missing
2025-05-31,HistGBM,Unknown,148481,Unknown,0,5,0.004273504273504273,0.0,0.004273504273504273,1,1.0,0.0,Missing
2025-05-31,HistGBM,Unknown,149816,Unknown,0,5,0.002564102564102564,0.002552088825100599,0.002564102564102564,1,1.0,0.0,Missing
2025-05-31,HistGBM,Unknown,140256,Unknown,0,5,0.002564102564102564,0.0,0.002564102564102564,1,1.0,0.0,Missing
2025-05-31,HistGBM,Unknown,138456,Unknown,0,5,0.002564102564102564,0.0,0.002564102564102564,1,1.0,0.0,Missing
2025-05-31,HistGBM,Unknown,149059,Unknown,0,5,0.002564102564102564,0.0,0.002564102564102564,1,1.0,0.0,Missing
2025-05-31,HistGBM,Unknown,148954,Unknown,0,5,0.002564102564102564,0.0028211139824893755,0.0027199420132282322,1,1.0607773851590105,0.06077738515901056,OK
2025-05-31,HistGBM,Unknown,129188,Unknown,0,5,0.002564102564102564,0.0,0.002564102564102564,1,1.0,0.0,Missing
2025-05-31,HistGBM,Unknown,148485,Unknown,0,5,0.002564102564102564,0.0,0.002701120282779185,1,1.053436910283882,0.05343691028388209,OK
2025-05-31,HistGBM,Unknown,150595,Unknown,0,5,0.002564102564102564,0.002552088825100599,0.002564102564102564,1,1.0,0.0,Missing
2025-05-31,HistGBM,Unknown,150597,Unknown,0,5,0.002564102564102564,0.002552088825100599,0.002564102564102564,1,1.0,0.0,Missing
2025-05-31,HistGBM,Unknown,148614,Unknown,0,5,0.002564102564102564,0.002552088825100599,0.002564102564102564,1,1.0,0.0,Missing
2025-05-31,HistGBM,Unknown,119069,Unknown,0,5,0.008547008547008546,0.00850696275033533,0.008547008547008546,1,1.0,0.0,Missing
2025-05-31,HistGBM,Unknown,120430,Unknown,0,5,0.008547008547008546,0.0,0.008547008547008546,1,1.0,0.0,Missing
2025-05-31,HistGBM,Unknown,119735,Unknown,0,5,0.008547008547008546,0.0,0.008547008547008546,1,1.0,0.0,Missing
2025-05-31,HistGBM,Unknown,118807,Unknown,0,5,0.005128205128205128,0.005104177650201198,0.005128205128205128,1,1.0,0.0,Missing
2025-05-31,HistGBM,Unknown,141588,Unknown,0,5,0.005128205128205128,0.005196972335046705,0.005134909588793085,1,1.0013073698146515,0.0013073698146514568,OK
2025-05-31,HistGBM,Unknown,118814,Unknown,0,5,0.005128205128205128,0.005104177650201198,0.005128205128205128,1,1.0,0.0,Missing
2025-05-31,HistGBM,Unknown,118569,Unknown,0,5,0.005128205128205128,0.0,0.005128205128205128,1,1.0,0.0,Missing
2025-05-31,HistGBM,Unknown,150237,Unknown,0,5,0.005128205128205128,0.0,0.005128205128205128,1,1.0,0.0,Missing
2025-05-31,HistGBM,Unknown,133386,Unknown,0,5,0.003205128205128205,0.003190111031375749,0.003205128205128205,1,1.0,0.0,Missing
2025-05-31,HistGBM,Unknown,120592,Unknown,0,5,0.003205128205128205,0.0,0.003205128205128205,1,1.0,0.0,Missing
2025-05-31,HistGBM,Unknown,120270,Unknown,0,5,0.003205128205128205,0.003190111031375749,0.003205128205128205,1,1.0,0.0,Missing
2025-05-31,HistGBM,Unknown,147541,Unknown,0,5,0.003205128205128205,0.0,0.003205128205128205,1,1.0,0.0,Missing
2025-05-31,HistGBM,Unknown,111549,Unknown,0,5,0.003205128205128205,0.0,0.003205128205128205,1,1.0,0.0,Missing
2025-05-31,HistGBM,Unknown,119242,Unknown,0,5,0.003205128205128205,0.003190111031375749,0.003205128205128205,1,1.0,0.0,Missing
2025-05-31,HistGBM,Unknown,135601,Unknown,0,5,0.003205128205128205,0.003190111031375749,0.003205128205128205,1,1.0,0.0,Missing
2025-05-31,HistGBM,Unknown,150587,Unknown,0,5,0.003205128205128205,0.003190111031375749,0.003205128205128205,1,1.0,0.0,Missing
2025-05-31,HistGBM,Unknown,150733,Unknown,0,5,0.000641025641025641,0.0006543817500257946,0.000641025641025641,1,1.0,0.0,Missing
2025-05-31,HistGBM,Unknown,149283,Unknown,0,5,0.000641025641025641,0.0,0.000641025641025641,1,1.0,0.0,Missing
2025-05-31,HistGBM,Unknown,151427,Unknown,0,5,0.000641025641025641,0.0006543817500257946,0.000641025641025641,1,1.0,0.0,Missing
2025-05-31,HistGBM,Unknown,150792,Unknown,0,5,0.000641025641025641,0.0006543817500257946,0.000641025641025641,1,1.0,0.0,Missing
2025-05-31,HistGBM,Unknown,152431,Unknown,0,5,0.000641025641025641,0.0,0.000641025641025641,1,1.0,0.0,Missing
2025-05-31,HistGBM,Unknown,149219,Unknown,0,5,0.000641025641025641,0.0,0.000641025641025641,1,1.0,0.0,Missing
2025-05-31,HistGBM,Unknown,151273,Unknown,0,5,0.000641025641025641,0.0006543817500257946,0.000641025641025641,1,1.0,0.0,Missing
2025-05-31,HistGBM,Unknown,151408,Unknown,0,5,0.000641025641025641,0.00066713667313982,0.000637440973325361,1,0.9944079183875632,-0.005592081612436813,OK
2025-05-31,HistGBM,Unknown,151420,Unknown,0,5,0.000641025641025641,0.0006543817500257946,0.000641025641025641,1,1.0,0.0,Missing
2025-05-31,HistGBM,Unknown,150778,Unknown,0,5,0.000641025641025641,0.0006543817500257946,0.000641025641025641,1,1.0,0.0,Missing
2025-05-31,HistGBM,Unknown,150729,Unknown,0,5,0.000641025641025641,0.0006543817500257946,0.000641025641025641,1,1.0,0.0,Missing
2025-05-31,HistGBM,Unknown,151329,Unknown,0,5,0.000641025641025641,0.0006543817500257946,0.000641025641025641,1,1.0,0.0,Missing
2025-05-31,HistGBM,Unknown,149858,Unknown,0,5,0.000641025641025641,0.0006543817500257946,0.000641025641025641,1,1.0,0.0,Missing
2025-05-31,HistGBM,Unknown,150920,Unknown,0,5,0.000641025641025641,0.0006543817500257946,0.000641025641025641,1,1.0,0.0,Missing
2025-05-31,HistGBM,Unknown,149865,Unknown,0,5,0.000641025641025641,0.0006543817500257946,0.000641025641025641,1,1.0,0.0,Missing
2025-05-31,HistGBM,Unknown,152389,Unknown,0,5,0.000641025641025641,0.0006543817500257946,0.000641025641025641,1,1.0,0.0,Missing
2025-05-31,HistGBM,Unknown,149804,Unknown,0,5,0.000641025641025641,0.0006543817500257946,0.000641025641025641,1,1.0,0.0,Missing
2025-05-31,HistGBM,Unknown,152654,Unknown,0,5,0.000641025641025641,0.0,0.000641025641025641,1,1.0,0.0,Missing
2025-05-31,HistGBM,Unknown,152098,Unknown,0,5,0.000641025641025641,0.0006543817500257946,0.000641025641025641,1,1.0,0.0,Missing
2025-05-31,HistGBM,Unknown,152267,Unknown,0,5,0.000641025641025641,0.0006543817500257946,0.000641025641025641,1,1.0,0.0,Missing
2025-05-31,HistGBM,Unknown,152629,Unknown,0,5,0.000641025641025641,0.0,0.0006608111450633204,1,1.0308653862987798,0.0308653862987798,OK
2025-05-31,HistGBM,Unknown,151597,Unknown,0,5,0.000641025641025641,0.0006543817500257946,0.000641025641025641,1,1.0,0.0,Missing
2025-05-31,HistGBM,Unknown,148555,Unknown,0,5,0.000641025641025641,0.0006543817500257946,0.000641025641025641,1,1.0,0.0,Missing
2025-05-31,HistGBM,Unknown,151574,Unknown,0,5,0.000641025641025641,0.0006543817500257946,0.000641025641025641,1,1.0,0.0,Missing
2025-05-31,HistGBM,Unknown,150871,Unknown,0,5,0.000641025641025641,0.0006680474399582717,0.0006365599747087343,1,0.9930335605456254,-0.0069664394543746,OK
2025-05-31,HistGBM,Unknown,152515,Unknown,0,5,0.000641025641025641,0.0006632647583481156,0.0006405017753975127,1,0.9991827696201198,-0.0008172303798802839,OK
2025-05-31,HistGBM,Unknown,151489,Unknown,0,5,0.000641025641025641,0.0006543817500257946,0.000641025641025641,1,1.0,0.0,Missing
2025-05-31,HistGBM,Unknown,150671,Unknown,0,5,0.000641025641025641,0.0006543817500257946,0.000641025641025641,1,1.0,0.0,Missing
2025-05-31,HistGBM,Unknown,151495,Unknown,0,5,0.000641025641025641,0.0,0.000641025641025641,1,1.0,0.0,Missing
2025-05-31,HistGBM,Unknown,150681,Unknown,0,5,0.000641025641025641,0.0006671741569371582,0.0006346181789943884,1,0.9900043592312459,-0.009995640768754189,OK
2025-05-31,HistGBM,Unknown,152570,Unknown,0,5,0.000641025641025641,0.0,0.000641025641025641,1,1.0,0.0,Missing
2025-05-31,HistGBM,Unknown,150677,Unknown,0,5,0.000641025641025641,0.0,0.0006778043957922922,1,1.0573748574359758,0.05737485743597585,OK
2025-05-31,HistGBM,Unknown,150847,Unknown,0,5,0.000641025641025641,0.0006543817500257946,0.000641025641025641,1,1.0,0.0,Missing
2025-05-31,HistGBM,Unknown,151185,Unknown,0,5,0.000641025641025641,0.0006543817500257946,0.000641025641025641,1,1.0,0.0,Missing
2025-05-31,HistGBM,Unknown,151183,Unknown,0,5,0.000641025641025641,0.0006543817500257946,0.000641025641025641,1,1.0,0.0,Missing
2025-05-31,HistGBM,Unknown,152577,Unknown,0,5,0.000641025641025641,0.0,0.000641025641025641,1,1.0,0.0,Missing
2025-05-31,HistGBM,Unknown,152264,Unknown,0,5,0.000641025641025641,0.0,0.0006778056281644897,1,1.0573767799366038,0.05737677993660377,OK
2025-05-31,HistGBM,Unknown,151739,Unknown,0,5,0.000641025641025641,0.0006543817500257946,0.000641025641025641,1,1.0,0.0,Missing
2025-05-31,HistGBM,Unknown,150892,Unknown,0,5,0.000641025641025641,0.0,0.000641025641025641,1,1.0,0.0,Missing
2025-05-31,HistGBM,Unknown,151727,Unknown,0,5,0.000641025641025641,0.0,0.000641025641025641,1,1.0,0.0,Missing
2025-05-31,HistGBM,Unknown,143178,Unknown,0,5,0.008547008547008546,0.0,0.008812797641456609,1,1.0310973240504233,0.031097324050423328,OK
2025-05-31,HistGBM,Unknown,144315,Unknown,0,5,0.008547008547008546,0.00850696275033533,0.008547008547008546,1,1.0,0.0,Missing
2025-05-31,HistGBM,Unknown,136007,Unknown,0,5,0.008547008547008546,0.0,0.008752923824153639,1,1.0240920874259758,0.024092087425975694,OK
2025-05-31,HistGBM,Unknown,148771,Unknown,0,5,0.008547008547008546,0.00850696275033533,0.008547008547008546,1,1.0,0.0,Missing
2025-05-31,HistGBM,Unknown,148711,Unknown,0,5,0.008547008547008546,0.008641489050774673,0.008567312078973344,1,1.0023755132398813,0.0023755132398812916,OK
2025-05-31,HistGBM,Unknown,118508,Unknown,0,5,0.008547008547008546,0.00850696275033533,0.008547008547008546,1,1.0,0.0,Missing
2025-05-31,HistGBM,Unknown,146772,Unknown,0,5,0.004273504273504273,0.004253481375167665,0.004273504273504273,1,1.0,0.0,Missing
2025-05-31,HistGBM,Unknown,120357,Unknown,0,5,0.004273504273504273,0.004253481375167665,0.004273504273504273,1,1.0,0.0,Missing
2025-05-31,HistGBM,Unknown,147704,Unknown,0,5,0.004273504273504273,0.0,0.004273504273504273,1,1.0,0.0,Missing
2025-05-31,HistGBM,Unknown,152382,Unknown,0,5,0.004273504273504273,0.0,0.004273504273504273,1,1.0,0.0,Missing
2025-05-31,HistGBM,Unknown,118510,Unknown,0,5,0.004273504273504273,0.0,0.004273504273504273,1,1.0,0.0,Missing
2025-05-31,HistGBM,Unknown,152226,Unknown,0,5,0.004273504273504273,0.004253481375167665,0.004273504273504273,1,1.0,0.0,Missing
2025-05-31,HistGBM,Unknown,120473,Unknown,0,5,0.0016025641025641025,0.0017216495997415587,0.0016124241362990288,1,1.006152661050594,0.0061526610505940795,OK
2025-05-31,HistGBM,Unknown,150714,Unknown,0,5,0.0016025641025641025,0.001701392550067066,0.0016025641025641025,1,1.0,0.0,Missing
2025-05-31,HistGBM,Unknown,148666,Unknown,0,5,0.0016025641025641025,0.0,0.0016025641025641025,1,1.0,0.0,Missing
2025-05-31,HistGBM,Unknown,115132,Unknown,0,5,0.0016025641025641025,0.001701392550067066,0.0016025641025641025,1,1.0,0.0,Missing
2025-05-31,HistGBM,Unknown,151974,Unknown,0,5,0.0016025641025641025,0.001701392550067066,0.0016025641025641025,1,1.0,0.0,Missing
2025-05-31,HistGBM,Unknown,152287,Unknown,0,5,0.0016025641025641025,0.001701392550067066,0.0016025641025641025,1,1.0,0.0,Missing
2025-05-31,HistGBM,Unknown,120685,Unknown,0,5,0.0016025641025641025,0.001701392550067066,0.0016025641025641025,1,1.0,0.0,Missing
2025-05-31,HistGBM,Unknown,152183,Unknown,0,5,0.0016025641025641025,0.001701392550067066,0.0016025641025641025,1,1.0,0.0,Missing
2025-05-31,HistGBM,Unknown,118663,Unknown,0,5,0.0016025641025641025,0.001701392550067066,0.0016025641025641025,1,1.0,0.0,Missing
2025-05-31,HistGBM,Unknown,120700,Unknown,0,5,0.0016025641025641025,0.001701392550067066,0.0016025641025641025,1,1.0,0.0,Missing
2025-05-31,HistGBM,Unknown,119781,Unknown,0,5,0.0016025641025641025,0.001701392550067066,0.0016025641025641025,1,1.0,0.0,Missing
2025-05-31,HistGBM,Unknown,119788,Unknown,0,5,0.0016025641025641025,0.001722302557346894,0.0016101973867999769,1,1.0047631693631855,0.004763169363185612,OK
2025-05-31,HistGBM,Unknown,120531,Unknown,0,5,0.0016025641025641025,0.001701392550067066,0.0016025641025641025,1,1.0,0.0,Missing
2025-05-31,HistGBM,Unknown,148928,Unknown,0,5,0.0016025641025641025,0.001701392550067066,0.0016025641025641025,1,1.0,0.0,Missing
2025-05-31,HistGBM,Unknown,120546,Unknown,0,5,0.0016025641025641025,0.001701392550067066,0.0016025641025641025,1,1.0,0.0,Missing
2025-05-31,HistGBM,Unknown,149381,Unknown,0,5,0.0016025641025641025,0.0,0.0016025641025641025,1,1.0,0.0,Missing
2025-05-31,HistGBM,Unknown,120084,Unknown,0,5,0.005128205128205128,0.005104177650201198,0.005128205128205128,1,1.0,0.0,Missing
2025-05-31,HistGBM,Unknown,120435,Unknown,0,5,0.005128205128205128,0.0,0.005128205128205128,1,1.0,0.0,Missing
2025-05-31,HistGBM,Unknown,151087,Unknown,0,5,0.005128205128205128,0.0,0.005128205128205128,1,1.0,0.0,Missing
2025-05-31,HistGBM,Unknown,119505,Unknown,0,5,0.005128205128205128,0.005104177650201198,0.005128205128205128,1,1.0,0.0,Missing
2025-05-31,HistGBM,Unknown,119671,Unknown,0,5,0.005128205128205128,0.0,0.005075286951863683,1,0.9896809556134183,-0.010319044386581763,OK
2025-05-31,HistGBM,Unknown,120475,Unknown,0,5,0.008547008547008546,0.00864733581087144,0.00856515836157239,1,1.0021235283039698,0.0021235283039697755,OK
2025-05-31,HistGBM,Unknown,118924,Unknown,0,5,0.008547008547008546,0.0,0.008547008547008546,1,1.0,0.0,Missing
2025-05-31,HistGBM,Unknown,151146,Unknown,0,5,0.008547008547008546,0.00850696275033533,0.008547008547008546,1,1.0,0.0,Missing
2025-05-31,HistGBM,Unknown,146457,Unknown,0,5,0.005128205128205128,0.005104177650201198,0.005128205128205128,1,1.0,0.0,Missing
2025-05-31,HistGBM,Unknown,135120,Unknown,0,5,0.005128205128205128,0.005188143987960764,0.0051819902566171226,1,1.010488100040339,0.01048810004033891,OK
2025-05-31,HistGBM,Unknown,145693,Unknown,0,5,0.005128205128205128,0.005104177650201198,0.005128205128205128,1,1.0,0.0,Missing
2025-05-31,HistGBM,Unknown,134643,Unknown,0,5,0.005128205128205128,0.0,0.005224975205859874,1,1.0188701651426755,0.018870165142675435,OK
2025-05-31,HistGBM,Unknown,149679,Unknown,0,5,0.005128205128205128,0.005104177650201198,0.005128205128205128,1,1.0,0.0,Missing
2025-05-31,HistGBM,Unknown,119861,Unknown,0,5,0.003205128205128205,0.003190111031375749,0.003205128205128205,1,1.0,0.0,Missing
2025-05-31,HistGBM,Unknown,119568,Unknown,0,5,0.003205128205128205,0.003190111031375749,0.003205128205128205,1,1.0,0.0,Missing
2025-05-31,HistGBM,Unknown,119369,Unknown,0,5,0.003205128205128205,0.0,0.0032215492928647227,1,1.0051233793737935,0.0051233793737935785,OK
2025-05-31,HistGBM,Unknown,118305,Unknown,0,5,0.003205128205128205,0.0,0.0032216072342578497,1,1.0051414570884492,0.005141457088449104,OK
2025-05-31,HistGBM,Unknown,118577,Unknown,0,5,0.003205128205128205,0.003190111031375749,0.003205128205128205,1,1.0,0.0,Missing
2025-05-31,HistGBM,Unknown,149664,Unknown,0,5,0.003205128205128205,0.003190111031375749,0.003205128205128205,1,1.0,0.0,Missing
2025-05-31,HistGBM,Unknown,120389,Unknown,0,5,0.003205128205128205,0.0032280199317316232,0.0032217752407389046,1,1.0051938751105383,0.005193875110538207,OK
2025-05-31,HistGBM,Unknown,119135,Unknown,0,5,0.003205128205128205,0.003190111031375749,0.003205128205128205,1,1.0,0.0,Missing
2025-05-31,HistGBM,Unknown,151443,Unknown,0,5,0.005128205128205128,0.0,0.005128205128205128,1,1.0,0.0,Missing
2025-05-31,HistGBM,Unknown,149185,Unknown,0,5,0.005128205128205128,0.0,0.005128205128205128,1,1.0,0.0,Missing
2025-05-31,HistGBM,Unknown,149882,Unknown,0,5,0.005128205128205128,0.0,0.005327004646859955,1,1.0387659061376913,0.03876590613769137,OK
2025-05-31,HistGBM,Unknown,152071,Unknown,0,5,0.005128205128205128,0.005104177650201198,0.005128205128205128,1,1.0,0.0,Missing
2025-05-31,HistGBM,Unknown,149383,Unknown,0,5,0.005128205128205128,0.005412710903731984,0.005331302361005331,1,1.0396039603960396,0.03960396039603954,OK
2025-05-31,HistGBM,Unknown,151470,Unknown,0,5,0.005128205128205128,0.0,0.005128205128205128,1,1.0,0.0,Missing
2025-05-31,HistGBM,Unknown,149190,Unknown,0,5,0.005128205128205128,0.005104177650201198,0.005128205128205128,1,1.0,0.0,Missing
2025-05-31,HistGBM,Unknown,146701,Unknown,0,5,0.005128205128205128,0.0,0.005128235115078375,1,1.000005847440283,5.847440283002482e-06,OK
2025-05-31,HistGBM,Unknown,151493,Unknown,0,5,0.005128205128205128,0.005104177650201198,0.005128205128205128,1,1.0,0.0,Missing
2025-05-31,HistGBM,Unknown,151565,Unknown,0,5,0.005128205128205128,0.0,0.005128205128205128,1,1.0,0.0,Missing
2025-05-31,HistGBM,Unknown,143494,Unknown,0,5,0.005128205128205128,0.005104177650201198,0.005128205128205128,1,1.0,0.0,Missing
2025-05-31,HistGBM,Unknown,119205,Unknown,0,5,0.005128205128205128,0.005104177650201198,0.005128205128205128,1,1.0,0.0,Missing
2025-05-31,HistGBM,Unknown,148529,Unknown,0,5,0.005128205128205128,0.005104177650201198,0.005128205128205128,1,1.0,0.0,Missing
2025-05-31,HistGBM,Unknown,144754,Unknown,0,5,0.005128205128205128,0.00517088349781206,0.005159017443432267,1,1.006008401469292,0.006008401469292117,OK
2025-05-31,HistGBM,Unknown,146075,Unknown,0,5,0.005128205128205128,0.005104177650201198,0.005128205128205128,1,1.0,0.0,Missing
2025-05-31,HistGBM,Unknown,119076,Unknown,0,5,0.003205128205128205,0.003190111031375749,0.003205128205128205,1,1.0,0.0,Missing
2025-05-31,HistGBM,Unknown,144546,Unknown,0,5,0.003205128205128205,0.003190111031375749,0.003205128205128205,1,1.0,0.0,Missing
2025-05-31,HistGBM,Unknown,120662,Unknown,0,5,0.003205128205128205,0.0,0.003205128205128205,1,1.0,0.0,Missing
2025-05-31,HistGBM,Unknown,150346,Unknown,0,5,0.003205128205128205,0.003190111031375749,0.003205128205128205,1,1.0,0.0,Missing
2025-05-31,HistGBM,Unknown,120564,Unknown,0,5,0.003205128205128205,0.0,0.003205128205128205,1,1.0,0.0,Missing
2025-05-31,HistGBM,Unknown,149450,Unknown,0,5,0.003205128205128205,0.0,0.003205128205128205,1,1.0,0.0,Missing
2025-05-31,HistGBM,Unknown,129046,Unknown,0,5,0.003205128205128205,0.0,0.003205128205128205,1,1.0,0.0,Missing
2025-05-31,HistGBM,Unknown,148404,Unknown,0,5,0.003205128205128205,0.003190111031375749,0.003205128205128205,1,1.0,0.0,Missing
2025-05-31,HistGBM,Unknown,119082,Unknown,0,5,0.008547008547008546,0.00850696275033533,0.008547008547008546,1,1.0,0.0,Missing
2025-05-31,HistGBM,Unknown,134387,Unknown,0,5,0.008547008547008546,0.00850696275033533,0.008547008547008546,1,1.0,0.0,Missing
2025-05-31,HistGBM,Unknown,130722,Unknown,0,5,0.008547008547008546,0.00850696275033533,0.008547008547008546,1,1.0,0.0,Missing
2025-05-31,HistGBM,Unknown,146930,Unknown,0,5,0.004273504273504273,0.004253481375167665,0.004273504273504273,1,1.0,0.0,Missing
2025-05-31,HistGBM,Unknown,152628,Unknown,0,5,0.004273504273504273,0.0,0.004273504273504273,1,1.0,0.0,Missing
2025-05-31,HistGBM,Unknown,136464,Unknown,0,5,0.004273504273504273,0.0,0.004273504273504273,1,1.0,0.0,Missing
2025-05-31,HistGBM,Unknown,119255,Unknown,0,5,0.004273504273504273,0.0,0.004273504273504273,1,1.0,0.0,Missing
2025-05-31,HistGBM,Unknown,147825,Unknown,0,5,0.004273504273504273,0.004404635968059904,0.004354216580856739,1,1.018886679920477,0.018886679920477087,OK
2025-05-31,HistGBM,Unknown,147826,Unknown,0,5,0.004273504273504273,0.004416311610122355,0.00436753737315535,1,1.022003745318352,0.022003745318352006,OK
2025-05-31,HistGBM,Unknown,152314,Unknown,0,5,0.005128205128205128,0.005104177650201198,0.005128205128205128,1,1.0,0.0,Missing
2025-05-31,HistGBM,Unknown,152056,Unknown,0,5,0.005128205128205128,0.005104177650201198,0.005128205128205128,1,1.0,0.0,Missing
2025-05-31,HistGBM,Unknown,120524,Unknown,0,5,0.005128205128205128,0.0,0.005239237582406635,1,1.0216513285692939,0.02165132856929397,OK
2025-05-31,HistGBM,Unknown,152344,Unknown,0,5,0.005128205128205128,0.005104177650201198,0.005128205128205128,1,1.0,0.0,Missing
2025-05-31,HistGBM,Unknown,148457,Unknown,0,5,0.005128205128205128,0.005104177650201198,0.005128205128205128,1,1.0,0.0,Missing
2025-05-31,HistGBM,Unknown,133810,Unknown,0,5,0.00641025641025641,0.006380222062751498,0.00641025641025641,1,1.0,0.0,Missing
2025-05-31,HistGBM,Unknown,118709,Unknown,0,5,0.00641025641025641,0.006380222062751498,0.00641025641025641,1,1.0,0.0,Missing
2025-05-31,HistGBM,Unknown,118942,Unknown,0,5,0.00641025641025641,0.0,0.00641025641025641,1,1.0,0.0,Missing
2025-05-31,HistGBM,Unknown,149526,Unknown,0,5,0.00641025641025641,0.006380222062751498,0.00641025641025641,1,1.0,0.0,Missing
2025-05-31,HistGBM,Unknown,141642,Unknown,0,5,0.003663003663003663,0.003719796848846438,0.0037135714443738603,1,1.0138050043140638,0.013805004314063861,OK
2025-05-31,HistGBM,Unknown,131670,Unknown,0,5,0.003663003663003663,0.0036458411787151416,0.003663003663003663,1,1.0,0.0,Missing
2025-05-31,HistGBM,Unknown,149261,Unknown,0,5,0.003663003663003663,0.0036458411787151416,0.003663003663003663,1,1.0,0.0,Missing
2025-05-31,HistGBM,Unknown,148658,Unknown,0,5,0.003663003663003663,0.0,0.003663003663003663,1,1.0,0.0,Missing
2025-05-31,HistGBM,Unknown,151267,Unknown,0,5,0.003663003663003663,0.0036458411787151416,0.003663003663003663,1,1.0,0.0,Missing
2025-05-31,HistGBM,Unknown,144335,Unknown,0,5,0.003663003663003663,0.0036458411787151416,0.003663003663003663,1,1.0,0.0,Missing
2025-05-31,HistGBM,Unknown,149717,Unknown,0,5,0.003663003663003663,0.0,0.003663003663003663,1,1.0,0.0,Missing
2025-05-31,HistGBM,Unknown,118825,Unknown,0,5,0.003663003663003663,0.0,0.003663003663003663,1,1.0,0.0,Missing
2025-05-31,HistGBM,Unknown,150797,Unknown,0,5,0.003663003663003663,0.0036458411787151416,0.003663003663003663,1,1.0,0.0,Missing
2025-05-31,HistGBM,Unknown,152354,Unknown,0,5,0.003663003663003663,0.0036458411787151416,0.003663003663003663,1,1.0,0.0,Missing
2025-05-31,HistGBM,Unknown,148353,Unknown,0,5,0.003663003663003663,0.0,0.003663003663003663,1,1.0,0.0,Missing
2025-05-31,HistGBM,Unknown,118531,Unknown,0,5,0.003663003663003663,0.0036458411787151416,0.003663003663003663,1,1.0,0.0,Missing
2025-05-31,HistGBM,Unknown,120392,Unknown,0,5,0.003663003663003663,0.0,0.003663003663003663,1,1.0,0.0,Missing
2025-05-31,HistGBM,Unknown,118269,Unknown,0,5,0.003663003663003663,0.0036458411787151416,0.003663003663003663,1,1.0,0.0,Missing
2025-05-31,HistGBM,Unknown,150817,Unknown,0,5,0.004273504273504273,0.004253481375167665,0.004273504273504273,1,1.0,0.0,Missing
2025-05-31,HistGBM,Unknown,150404,Unknown,0,5,0.004273504273504273,0.004572253488256788,0.004477317929311767,1,1.0476923954589537,0.04769239545895365,OK
2025-05-31,HistGBM,Unknown,152002,Unknown,0,5,0.004273504273504273,0.0,0.004273504273504273,1,1.0,0.0,Missing
2025-05-31,HistGBM,Unknown,151036,Unknown,0,5,0.004273504273504273,0.004253481375167665,0.004273504273504273,1,1.0,0.0,Missing
2025-05-31,HistGBM,Unknown,120403,Unknown,0,5,0.004273504273504273,0.0,0.004273504273504273,1,1.0,0.0,Missing
2025-05-31,HistGBM,Unknown,127042,Unknown,0,5,0.004273504273504273,0.004253481375167665,0.004273504273504273,1,1.0,0.0,Missing
2025-05-31,HistGBM,Unknown,152237,Unknown,0,5,0.004273504273504273,0.004253481375167665,0.004273504273504273,1,1.0,0.0,Missing
2025-05-31,HistGBM,Unknown,119556,Unknown,0,5,0.004273504273504273,0.0,0.004273504273504273,1,1.0,0.0,Missing
2025-05-31,HistGBM,Unknown,147919,Unknown,0,5,0.004273504273504273,0.0,0.004273504273504273,1,1.0,0.0,Missing
2025-05-31,HistGBM,Unknown,147946,Unknown,0,5,0.004273504273504273,0.0,0.004429657673505547,1,1.0365398956002982,0.036539895600298335,OK
2025-05-31,HistGBM,Unknown,119212,Unknown,0,5,0.004273504273504273,0.0,0.004273504273504273,1,1.0,0.0,Missing
2025-05-31,HistGBM,Unknown,152004,Unknown,0,5,0.004273504273504273,0.0,0.004273504273504273,1,1.0,0.0,Missing
2025-05-31,HistGBM,Unknown,144394,Unknown,0,5,0.004273504273504273,0.004390453255301935,0.0043580900530968,1,1.0197930724246513,0.01979307242465143,OK
2025-05-31,HistGBM,Unknown,143537,Unknown,0,5,0.004273504273504273,0.004253481375167665,0.004273504273504273,1,1.0,0.0,Missing
2025-05-31,HistGBM,Unknown,147446,Unknown,0,5,0.004273504273504273,0.004253481375167665,0.004273504273504273,1,1.0,0.0,Missing
2025-05-31,HistGBM,Unknown,118624,Unknown,0,5,0.004273504273504273,0.004253481375167665,0.004273504273504273,1,1.0,0.0,Missing
2025-05-31,HistGBM,Unknown,139527,Unknown,0,5,0.004273504273504273,0.0,0.004273504273504273,1,1.0,0.0,Missing
2025-05-31,HistGBM,Unknown,118272,Unknown,0,5,0.004273504273504273,0.0,0.004273504273504273,1,1.0,0.0,Missing
2025-05-31,HistGBM,Unknown,120751,Unknown,0,5,0.005128205128205128,0.005104177650201198,0.005128205128205128,1,1.0,0.0,Missing
2025-05-31,HistGBM,Unknown,118935,Unknown,0,5,0.005128205128205128,0.005104177650201198,0.005128205128205128,1,1.0,0.0,Missing
2025-05-31,HistGBM,Unknown,152018,Unknown,0,5,0.005128205128205128,0.005104177650201198,0.005128205128205128,1,1.0,0.0,Missing
2025-05-31,HistGBM,Unknown,149166,Unknown,0,5,0.005128205128205128,0.005341255974309778,0.005306530490935128,1,1.0347734457323499,0.03477344573234985,OK
2025-05-31,HistGBM,Unknown,148595,Unknown,0,5,0.005128205128205128,0.0,0.005128205128205128,1,1.0,0.0,Missing
2025-05-31,HistGBM,Unknown,142641,Unknown,0,5,0.005128205128205128,0.005104177650201198,0.005128205128205128,1,1.0,0.0,Missing
2025-05-31,HistGBM,Unknown,119400,Unknown,0,5,0.005128205128205128,0.0,0.005128205128205128,1,1.0,0.0,Missing
2025-05-31,HistGBM,Unknown,118796,Unknown,0,5,0.005128205128205128,0.0,0.005128205128205128,1,1.0,0.0,Missing
2025-05-31,HistGBM,Unknown,119739,Unknown,0,5,0.005128205128205128,0.005104177650201198,0.005128205128205128,1,1.0,0.0,Missing
2025-05-31,HistGBM,Unknown,120510,Unknown,0,5,0.005128205128205128,0.005190670438038993,0.005145517718653534,1,1.003375955137439,0.003375955137439046,OK
2025-05-31,HistGBM,Unknown,134547,Unknown,0,5,0.005128205128205128,0.005104177650201198,0.005128205128205128,1,1.0,0.0,Missing
2025-05-31,HistGBM,Unknown,148628,Unknown,0,5,0.005128205128205128,0.005104177650201198,0.005128205128205128,1,1.0,0.0,Missing
2025-05-31,HistGBM,Unknown,152162,Unknown,0,5,0.005128205128205128,0.005104177650201198,0.005128205128205128,1,1.0,0.0,Missing
2025-05-31,HistGBM,Unknown,120338,Unknown,0,5,0.005128205128205128,0.005104177650201198,0.005128205128205128,1,1.0,0.0,Missing
2025-05-31,HistGBM,Unknown,140286,Unknown,0,5,0.005128205128205128,0.0,0.005128205128205128,1,1.0,0.0,Missing
2025-05-31,HistGBM,Unknown,120073,Unknown,0,5,0.00641025641025641,0.0,0.00641025641025641,1,1.0,0.0,Missing
2025-05-31,HistGBM,Unknown,120480,Unknown,0,5,0.00641025641025641,0.006484662191509146,0.006428331419573255,1,1.002819701453428,0.002819701453427835,OK
2025-05-31,HistGBM,Unknown,120779,Unknown,0,5,0.00641025641025641,0.006380222062751498,0.00641025641025641,1,1.0,0.0,Missing
2025-05-31,HistGBM,Unknown,118994,Unknown,0,5,0.00641025641025641,0.006380222062751498,0.00641025641025641,1,1.0,0.0,Missing
2025-05-31,HistGBM,Unknown,118474,Unknown,0,5,0.004273504273504273,0.004298456154985533,0.004297667314245951,1,1.0056541515335526,0.0056541515335526,OK
2025-05-31,HistGBM,Unknown,120364,Unknown,0,5,0.004273504273504273,0.004253481375167665,0.004273504273504273,1,1.0,0.0,Missing
2025-05-31,HistGBM,Unknown,147617,Unknown,0,5,0.004273504273504273,0.004253481375167665,0.004273504273504273,1,1.0,0.0,Missing
2025-05-31,HistGBM,Unknown,138875,Unknown,0,5,0.004273504273504273,0.0,0.004273504273504273,1,1.0,0.0,Missing
2025-05-31,HistGBM,Unknown,120401,Unknown,0,5,0.004273504273504273,0.004253481375167665,0.004273504273504273,1,1.0,0.0,Missing
2025-05-31,HistGBM,Unknown,119771,Unknown,0,5,0.004273504273504273,0.004253481375167665,0.004273504273504273,1,1.0,0.0,Missing
2025-05-31,HistGBM,Unknown,151313,Unknown,0,5,0.01282051282051282,0.012760444125502996,0.01282051282051282,1,1.0,0.0,Missing
2025-05-31,HistGBM,Unknown,152491,Unknown,0,5,0.01282051282051282,0.012760444125502996,0.01282051282051282,1,1.0,0.0,Missing
2025-05-31,HistGBM,Unknown,120447,Unknown,0,5,0.005128205128205128,0.005148857330389608,0.005069432762041756,1,0.9885393885981423,-0.011460611401857725,OK
2025-05-31,HistGBM,Unknown,138472,Unknown,0,5,0.005128205128205128,0.0,0.005128205128205128,1,1.0,0.0,Missing
2025-05-31,HistGBM,Unknown,119707,Unknown,0,5,0.005128205128205128,0.0,0.005051487938708357,1,0.9850401480481297,-0.01495985195187035,OK
2025-05-31,HistGBM,Unknown,119099,Unknown,0,5,0.005128205128205128,0.005104177650201198,0.005128205128205128,1,1.0,0.0,Missing
2025-05-31,HistGBM,Unknown,119757,Unknown,0,5,0.005128205128205128,0.0,0.005128205128205128,1,1.0,0.0,Missing
2025-05-31,HistGBM,Unknown,147951,Unknown,0,5,0.003663003663003663,0.0036867035239876943,0.0036792649328017133,1,1.0044393266548677,0.004439326654867627,OK
2025-05-31,HistGBM,Unknown,146980,Unknown,0,5,0.003663003663003663,0.0036458411787151416,0.003663003663003663,1,1.0,0.0,Missing
2025-05-31,HistGBM,Unknown,146675,Unknown,0,5,0.003663003663003663,0.003686376695305297,0.0036790760999782946,1,1.0043877752940744,0.004387775294074446,OK
2025-05-31,HistGBM,Unknown,147196,Unknown,0,5,0.003663003663003663,0.0036458411787151416,0.003663003663003663,1,1.0,0.0,Missing
2025-05-31,HistGBM,Unknown,120785,Unknown,0,5,0.003663003663003663,0.0,0.003678993004905998,1,1.0043650903393375,0.004365090339337433,OK
2025-05-31,HistGBM,Unknown,145810,Unknown,0,5,0.003663003663003663,0.0036458411787151416,0.003663003663003663,1,1.0,0.0,Missing
2025-05-31,HistGBM,Unknown,146141,Unknown,0,5,0.003663003663003663,0.0036458411787151416,0.003663003663003663,1,1.0,0.0,Missing
2025-05-31,HistGBM,Unknown,120285,Unknown,0,5,0.01282051282051282,0.012760444125502996,0.01282051282051282,1,1.0,0.0,Missing
2025-05-31,HistGBM,Unknown,135762,Unknown,0,5,0.01282051282051282,0.0,0.01305996654913257,1,1.0186773908323405,0.018677390832340473,OK
2025-06-30,HistGBM,Unknown,135793,Unknown,0,5,0.0007541478129713423,0.0,0.0007231598701236394,1,0.958909987783946,-0.041090012216054024,OK
2025-06-30,HistGBM,Unknown,135805,Unknown,0,5,0.0007541478129713423,0.0,0.0007602840389922078,1,1.0081366357036676,0.00813663570366762,OK
2025-06-30,HistGBM,Unknown,151040,Unknown,0,5,0.0007541478129713423,0.0007708686110944229,0.000724174018505061,1,0.960254748537711,-0.03974525146228897,OK
2025-06-30,HistGBM,Unknown,152470,Unknown,0,5,0.0007541478129713423,0.0,0.000748338450138413,1,0.9922967848835357,-0.007703215116464346,OK
2025-06-30,HistGBM,Unknown,152255,Unknown,0,5,0.0007541478129713423,0.0,0.0007323751738775807,1,0.971129480561672,-0.02887051943832802,OK
2025-06-30,HistGBM,Unknown,120385,Unknown,0,5,0.0007541478129713423,0.0007708686110944229,0.0007321992342087336,1,0.9708961845607808,-0.02910381543921926,OK
2025-06-30,HistGBM,Unknown,120351,Unknown,0,5,0.0007541478129713423,0.0,0.000739085512095155,1,0.9800273890381757,-0.019972610961824393,OK
2025-06-30,HistGBM,Unknown,118469,Unknown,0,5,0.0007541478129713423,0.0,0.0007264039484879755,1,0.9632116356950555,-0.03678836430494451,OK
2025-06-30,HistGBM,Unknown,135810,Unknown,0,5,0.0007541478129713423,0.0,0.0007806731526967153,1,1.0351726004758446,0.0351726004758445,OK
2025-06-30,HistGBM,Unknown,120405,Unknown,0,5,0.0007541478129713423,0.0,0.0007398879114316558,1,0.9810913705583757,-0.018908629441624303,OK
2025-06-30,HistGBM,Unknown,152024,Unknown,0,5,0.0007541478129713423,0.0,0.0007824159498229408,1,1.0374835494652197,0.037483549465219645,OK
2025-06-30,HistGBM,Unknown,120833,Unknown,0,5,0.0007541478129713423,0.0007708686110944229,0.0007335311734263286,1,0.9726623359633119,-0.02733766403668817,OK
2025-06-30,HistGBM,Unknown,120578,Unknown,0,5,0.0007541478129713423,0.0008231646044022036,0.0007267173159710398,1,0.9636271609775989,-0.03637283902240107,OK
2025-06-30,HistGBM,Unknown,145454,Unknown,0,5,0.0007541478129713423,0.0007708686110944229,0.000780370505612778,1,1.0347712904425437,0.03477129044254375,OK
2025-06-30,HistGBM,Unknown,118758,Unknown,0,5,0.0007541478129713423,0.0,0.000772018022772994,1,1.0236958981969901,0.023695898196990223,OK
2025-06-30,HistGBM,Unknown,119783,Unknown,0,5,0.0007541478129713423,0.0008176708376566227,0.0007704943275982175,1,1.0216754783952364,0.021675478395236366,OK
2025-06-30,HistGBM,Unknown,152586,Unknown,0,5,0.0007541478129713423,0.0,0.0007694518272142783,1,1.0202931228861332,0.020293122886133202,OK
2025-06-30,HistGBM,Unknown,118759,Unknown,0,5,0.0007541478129713423,0.0,0.000772018022772994,1,1.0236958981969901,0.023695898196990223,OK
2025-06-30,HistGBM,Unknown,151816,Unknown,0,5,0.0007541478129713423,0.0008208538217590756,0.0007294430541772941,1,0.9672414898390922,-0.03275851016090781,OK
2025-06-30,HistGBM,Unknown,152349,Unknown,0,5,0.0007541478129713423,0.0007708686110944229,0.0007892080219497564,1,1.046489837105377,0.04648983710537693,OK
2025-06-30,HistGBM,Unknown,152679,Unknown,0,5,0.0007541478129713423,0.0,0.0007390017481083196,1,0.9799163179916319,-0.020083682008368072,OK
2025-06-30,HistGBM,Unknown,152206,Unknown,0,5,0.0007541478129713423,0.0007708686110944229,0.0007277236108764404,1,0.96496150802216,-0.035038491977840015,OK
2025-06-30,HistGBM,Unknown,151753,Unknown,0,5,0.0007541478129713423,0.0007708686110944229,0.0007409616373578555,1,0.9825151311365165,-0.01748486886348351,OK
2025-06-30,HistGBM,Unknown,152694,Unknown,0,5,0.0007541478129713423,0.0,0.0007363315049133735,1,0.9763755755151333,-0.023624424484866693,OK
2025-06-30,HistGBM,Unknown,152321,Unknown,0,5,0.0007541478129713423,0.0007708686110944229,0.0007339939626477339,1,0.9732759944708953,-0.02672400552910465,OK
2025-06-30,HistGBM,Unknown,149329,Unknown,0,5,0.0007541478129713423,0.0007708686110944229,0.0007844205640148903,1,1.0401416678837447,0.040141667883744674,OK
2025-06-30,HistGBM,Unknown,152644,Unknown,0,5,0.0007541478129713423,0.0,0.0007433613645455878,1,0.9856971693874496,-0.01430283061255047,OK
2025-06-30,HistGBM,Unknown,142388,Unknown,0,5,0.0007541478129713423,0.0007708686110944229,0.000756183744418458,1,1.0026996450988754,0.002699645098875477,OK
2025-06-30,HistGBM,Unknown,119364,Unknown,0,5,0.0007541478129713423,0.0007708686110944229,0.0007461381652943094,1,0.9893792071802544,-0.010620792819745607,OK
2025-06-30,HistGBM,Unknown,152082,Unknown,0,5,0.0007541478129713423,0.0007708686110944229,0.0007939344617827085,1,1.0527570963238715,0.05275709632387157,OK
2025-06-30,HistGBM,Unknown,152087,Unknown,0,5,0.0007541478129713423,0.0007708686110944229,0.0007559416612549063,1,1.0023786428240058,0.0023786428240057363,OK
2025-06-30,HistGBM,Unknown,144835,Unknown,0,5,0.0007541478129713423,0.0007708686110944229,0.0007309075583302202,1,0.9691834223458721,-0.030816577654127937,OK
2025-06-30,HistGBM,Unknown,152067,Unknown,0,5,0.0007541478129713423,0.0007708686110944229,0.0007028892846322464,1,0.9320311914223589,-0.06796880857764111,OK
2025-06-30,HistGBM,Unknown,147409,Unknown,0,5,0.0007541478129713423,0.0,0.0007795986272634479,1,1.0337477797513321,0.03374777975133216,OK
2025-06-30,HistGBM,Unknown,118419,Unknown,0,5,0.004273504273504273,0.0,0.004224402054865038,1,0.988510080838419,-0.011489919161580993,OK
2025-06-30,HistGBM,Unknown,152382,Unknown,0,5,0.004273504273504273,0.004239777361019326,0.004204523804831261,1,0.983858570330515,-0.016141429669484942,OK
2025-06-30,HistGBM,Unknown,118510,Unknown,0,5,0.004273504273504273,0.004239777361019326,0.004158408357554901,1,0.973067555667847,-0.026932444332153048,OK
2025-06-30,HistGBM,Unknown,120665,Unknown,0,5,0.004273504273504273,0.0,0.004149665614689987,1,0.9710217538374569,-0.028978246162543075,OK
2025-06-30,HistGBM,Unknown,146772,Unknown,0,5,0.004273504273504273,0.004239777361019326,0.004189528543275129,1,0.9803496791263804,-0.01965032087361966,OK
2025-06-30,HistGBM,Unknown,152226,Unknown,0,5,0.004273504273504273,0.004239777361019326,0.004192806948133914,1,0.9811168258633358,-0.018883174136664193,OK
2025-06-30,HistGBM,Unknown,152491,Unknown,0,5,0.01282051282051282,0.012719332083057977,0.012893835211175446,1,1.0057191464716848,0.005719146471684809,OK
2025-06-30,HistGBM,Unknown,151313,Unknown,0,5,0.01282051282051282,0.012719332083057977,0.012902289732679201,1,1.0063785991489778,0.006378599148977736,OK
2025-06-30,HistGBM,Unknown,149190,Unknown,0,5,0.005128205128205128,0.005087732833223191,0.005160295451441646,1,1.006257613031121,0.006257613031120859,OK
2025-06-30,HistGBM,Unknown,149924,Unknown,0,5,0.005128205128205128,0.0,0.005159295128821993,1,1.0060625501202887,0.006062550120288666,OK
2025-06-30,HistGBM,Unknown,151565,Unknown,0,5,0.005128205128205128,0.005087732833223191,0.005151336001783274,1,1.0045105203477385,0.0045105203477383725,OK
2025-06-30,HistGBM,Unknown,146701,Unknown,0,5,0.005128205128205128,0.005212754826960147,0.005162030123437244,1,1.0065958740702625,0.006595874070262432,OK
2025-06-30,HistGBM,Unknown,150002,Unknown,0,5,0.005128205128205128,0.0,0.005160225978069844,1,1.0062440657236196,0.006244065723619654,OK
2025-06-30,HistGBM,Unknown,145678,Unknown,0,5,0.004273504273504273,0.0,0.004268634183164097,1,0.9988603988603989,-0.0011396011396010478,OK
2025-06-30,HistGBM,Unknown,145206,Unknown,0,5,0.004273504273504273,0.0,0.0043125062559629555,1,1.0091264638953317,0.00912646389533175,OK
2025-06-30,HistGBM,Unknown,129649,Unknown,0,5,0.004273504273504273,0.0,0.004282227329174814,1,1.0020411950269066,0.002041195026906651,OK
2025-06-30,HistGBM,Unknown,147919,Unknown,0,5,0.004273504273504273,0.004239777361019326,0.0042378776689278655,1,0.9916633745291206,-0.00833662547087938,OK
2025-06-30,HistGBM,Unknown,152004,Unknown,0,5,0.004273504273504273,0.004239777361019326,0.004265982522148683,1,0.998239910182792,-0.0017600898172080005,OK
2025-06-30,HistGBM,Unknown,125354,Unknown,0,5,0.004273504273504273,0.0,0.004198584284646919,1,0.9824687226073792,-0.017531277392620837,OK
2025-06-30,HistGBM,Unknown,119528,Unknown,0,5,0.003663003663003663,0.0,0.0035840526952612486,1,0.9784463858063209,-0.0215536141936791,OK
2025-06-30,HistGBM,Unknown,120392,Unknown,0,5,0.003663003663003663,0.0036340948808737073,0.0035397108481726586,1,0.9663410615511357,-0.0336589384488643,OK
2025-06-30,HistGBM,Unknown,118269,Unknown,0,5,0.003663003663003663,0.0036340948808737073,0.003585403936233784,1,0.978815274591823,-0.02118472540817694,OK
2025-06-30,HistGBM,Unknown,118531,Unknown,0,5,0.003663003663003663,0.0036340948808737073,0.0035955517282650123,1,0.9815856218163483,-0.01841437818365169,OK
2025-06-30,HistGBM,Unknown,152354,Unknown,0,5,0.003663003663003663,0.0036340948808737073,0.0036205385150045446,1,0.9884070145962407,-0.011592985403759287,OK
2025-06-30,HistGBM,Unknown,150797,Unknown,0,5,0.003663003663003663,0.0036340948808737073,0.0035755567184138615,1,0.9761269841269842,-0.023873015873015838,OK
2025-06-30,HistGBM,Unknown,118825,Unknown,0,5,0.003663003663003663,0.0036340948808737073,0.00360735631688461,1,0.9848082745094986,-0.015191725490501375,OK
2025-06-30,HistGBM,Unknown,118989,Unknown,0,5,0.004273504273504273,0.0,0.004215642169853762,1,0.9864602677457802,-0.01353973225421983,OK
2025-06-30,HistGBM,Unknown,118872,Unknown,0,5,0.004273504273504273,0.0,0.0041517473898571,1,0.9715088892265613,-0.028491110773438685,OK
2025-06-30,HistGBM,Unknown,140228,Unknown,0,5,0.004273504273504273,0.0,0.0041055363854610154,1,0.9606955141978778,-0.039304485802122244,OK
2025-06-30,HistGBM,Unknown,118668,Unknown,0,5,0.004273504273504273,0.0,0.004159229877207911,1,0.9732597912666513,-0.026740208733348703,OK
2025-06-30,HistGBM,Unknown,127042,Unknown,0,5,0.004273504273504273,0.004239777361019326,0.004166061836987346,1,0.9748584698550391,-0.025141530144960903,OK
2025-06-30,HistGBM,Unknown,150404,Unknown,0,5,0.004273504273504273,0.0045511097139894745,0.004220914457778057,1,0.9876939831200654,-0.012306016879934609,OK
2025-06-30,HistGBM,Unknown,118569,Unknown,0,5,0.005128205128205128,0.005087732833223191,0.005162599948104649,1,1.0067069898804066,0.006706989880406537,OK
2025-06-30,HistGBM,Unknown,143241,Unknown,0,5,0.005128205128205128,0.0,0.005161727506843335,1,1.0065368638344503,0.0065368638344503495,OK
2025-06-30,HistGBM,Unknown,118807,Unknown,0,5,0.005128205128205128,0.005087732833223191,0.005162200902074964,1,1.006629175904618,0.006629175904617883,OK
2025-06-30,HistGBM,Unknown,150237,Unknown,0,5,0.005128205128205128,0.005087732833223191,0.005160869078007968,1,1.0063694702115538,0.006369470211553812,OK
2025-06-30,HistGBM,Unknown,118814,Unknown,0,5,0.005128205128205128,0.005087732833223191,0.005162199672453808,1,1.0066289361284926,0.006628936128492509,OK
2025-06-30,HistGBM,Unknown,149112,Unknown,0,5,0.005128205128205128,0.005087732833223191,0.005157914098840521,1,1.0057932492739017,0.005793249273901786,OK
2025-06-30,HistGBM,Unknown,119424,Unknown,0,5,0.005128205128205128,0.005087732833223191,0.005158214363789211,1,1.0058518009388961,0.00585180093889605,OK
2025-06-30,HistGBM,Unknown,151889,Unknown,0,5,0.005128205128205128,0.0,0.005157884267825284,1,1.0057874322259304,0.005787432225930272,OK
2025-06-30,HistGBM,Unknown,147567,Unknown,0,5,0.005128205128205128,0.005245483763834557,0.005158208238672472,1,1.005850606541132,0.005850606541131869,OK
2025-06-30,HistGBM,Unknown,118506,Unknown,0,5,0.005128205128205128,0.005087732833223191,0.005157950101573558,1,1.0058002698068438,0.005800269806843722,OK
2025-06-30,HistGBM,Unknown,134643,Unknown,0,5,0.005128205128205128,0.005311089315115555,0.005083434823295636,1,0.9912697905426491,-0.00873020945735089,OK
2025-06-30,HistGBM,Unknown,140347,Unknown,0,5,0.005128205128205128,0.0,0.005153104090714418,1,1.0048552976893115,0.004855297689311585,OK
2025-06-30,HistGBM,Unknown,145693,Unknown,0,5,0.005128205128205128,0.005087732833223191,0.005104912216308803,1,0.9954578821802166,-0.0045421178197834556,OK
2025-06-30,HistGBM,Unknown,149679,Unknown,0,5,0.005128205128205128,0.005087732833223191,0.005107870790360499,1,0.9960348041202973,-0.003965195879702651,OK
2025-06-30,HistGBM,Unknown,146457,Unknown,0,5,0.005128205128205128,0.005087732833223191,0.005093191845142022,1,0.9931724098026943,-0.006827590197305757,OK
2025-06-30,HistGBM,Unknown,142138,Unknown,0,5,0.008547008547008546,0.0,0.008489334027517222,1,0.993252081219515,-0.006747918780484948,OK
2025-06-30,HistGBM,Unknown,141950,Unknown,0,5,0.008547008547008546,0.0,0.008273409108482177,1,0.9679888656924148,-0.03201113430758518,OK
2025-06-30,HistGBM,Unknown,144315,Unknown,0,5,0.008547008547008546,0.008479554722038651,0.008241229822303105,1,0.9642238892094634,-0.0357761107905365,OK
2025-06-30,HistGBM,Unknown,150838,Unknown,0,5,0.003205128205128205,0.0,0.003072593613599816,1,0.9586492074431426,-0.041350792556857315,OK
2025-06-30,HistGBM,Unknown,118866,Unknown,0,5,0.003205128205128205,0.0,0.0031205435113525293,1,0.9736095755419891,-0.026390424458010906,OK
2025-06-30,HistGBM,Unknown,135601,Unknown,0,5,0.003205128205128205,0.0031798330207644943,0.003147612384338048,1,0.9820550639134711,-0.01794493608652893,OK
2025-06-30,HistGBM,Unknown,150587,Unknown,0,5,0.003205128205128205,0.0031798330207644943,0.003147647179045283,1,0.9820659198621283,-0.017934080137871712,OK
2025-06-30,HistGBM,Unknown,120592,Unknown,0,5,0.003205128205128205,0.0031798330207644943,0.0031589478121616353,1,0.9855917173944302,-0.01440828260556986,OK
2025-06-30,HistGBM,Unknown,119060,Unknown,0,5,0.003205128205128205,0.0,0.003151858345669643,1,0.9833798038489286,-0.01662019615107135,OK
2025-06-30,HistGBM,Unknown,120503,Unknown,0,5,0.003205128205128205,0.0,0.003139858370830187,1,0.9796358116990184,-0.02036418830098166,OK
2025-06-30,HistGBM,Unknown,119242,Unknown,0,5,0.003205128205128205,0.0031798330207644943,0.003130035654016469,1,0.9765711240531384,-0.023428875946861633,OK
2025-06-30,HistGBM,Unknown,151185,Unknown,0,5,0.000641025641025641,0.0006359666041528989,0.0006418644522051528,1,1.0013085454400383,0.0013085454400383674,OK
2025-06-30,HistGBM,Unknown,151273,Unknown,0,5,0.000641025641025641,0.0006359666041528989,0.0006443509417604444,1,1.0051874691462932,0.00518746914629309,OK
2025-06-30,HistGBM,Unknown,150847,Unknown,0,5,0.000641025641025641,0.0006359666041528989,0.000644876496969579,1,1.0060073352725434,0.006007335272543357,OK
2025-06-30,HistGBM,Unknown,150871,Unknown,0,5,0.000641025641025641,0.0006470512771647504,0.0006468839704075337,1,1.0091389938357527,0.00913899383575267,OK
2025-06-30,HistGBM,Unknown,149210,Unknown,0,5,0.000641025641025641,0.0,0.000645127688915437,1,1.0063991947080817,0.006399194708081667,OK
2025-06-30,HistGBM,Unknown,150920,Unknown,0,5,0.000641025641025641,0.0006359666041528989,0.0006423662860853589,1,1.0020914062931598,0.0020914062931599504,OK
2025-06-30,HistGBM,Unknown,151183,Unknown,0,5,0.000641025641025641,0.0006359666041528989,0.0006450832492755946,1,1.0063298688699276,0.006329868869927494,OK
2025-06-30,HistGBM,Unknown,148792,Unknown,0,5,0.000641025641025641,0.0,0.000644492360034882,1,1.005408081654416,0.0054080816544159445,OK
2025-06-30,HistGBM,Unknown,150888,Unknown,0,5,0.000641025641025641,0.0,0.0006454037686505631,1,1.0068298790948784,0.006829879094878374,OK
2025-06-30,HistGBM,Unknown,152515,Unknown,0,5,0.000641025641025641,0.0006510580436460549,0.0006389961154881212,1,0.9968339401614691,-0.003166059838530912,OK
2025-06-30,HistGBM,Unknown,152267,Unknown,0,5,0.000641025641025641,0.0006359666041528989,0.0006436286056863338,1,1.0040606248706807,0.0040606248706807685,OK
2025-06-30,HistGBM,Unknown,148555,Unknown,0,5,0.000641025641025641,0.0006359666041528989,0.0006553447670639942,1,1.022337836619831,0.022337836619831037,OK
2025-06-30,HistGBM,Unknown,151574,Unknown,0,5,0.000641025641025641,0.0006359666041528989,0.0006436806623922912,1,1.0041418333319743,0.00414183333197437,OK
2025-06-30,HistGBM,Unknown,151562,Unknown,0,5,0.000641025641025641,0.0,0.0006451523928608567,1,1.0064377328629364,0.006437732862936395,OK
2025-06-30,HistGBM,Unknown,151597,Unknown,0,5,0.000641025641025641,0.0006359666041528989,0.0006453126766335677,1,1.0066877755483656,0.006687775548365581,OK
2025-06-30,HistGBM,Unknown,151814,Unknown,0,5,0.000641025641025641,0.0,0.000634194983796023,1,0.9893441747217958,-0.010655825278204136,OK
2025-06-30,HistGBM,Unknown,149865,Unknown,0,5,0.000641025641025641,0.0006359666041528989,0.0006471988425097625,1,1.0096301943152295,0.009630194315229478,OK
2025-06-30,HistGBM,Unknown,150733,Unknown,0,5,0.000641025641025641,0.0006359666041528989,0.0006447111741937254,1,1.0057494317422115,0.005749431742211539,OK
2025-06-30,HistGBM,Unknown,150729,Unknown,0,5,0.000641025641025641,0.0006359666041528989,0.0006436865858545786,1,1.0041510739331425,0.004151073933142514,OK
2025-06-30,HistGBM,Unknown,151390,Unknown,0,5,0.000641025641025641,0.0,0.0006449263313327916,1,1.006085076879155,0.00608507687915496,OK
2025-06-30,HistGBM,Unknown,151373,Unknown,0,5,0.000641025641025641,0.0,0.0006450821309981454,1,1.006328124357107,0.006328124357106871,OK
2025-06-30,HistGBM,Unknown,151365,Unknown,0,5,0.000641025641025641,0.0,0.0006445770150010459,1,1.0055401434016316,0.0055401434016315405,OK
2025-06-30,HistGBM,Unknown,152177,Unknown,0,5,0.000641025641025641,0.0,0.0006208053751696575,1,0.9684563852646657,-0.03154361473533426,OK
2025-06-30,HistGBM,Unknown,151420,Unknown,0,5,0.000641025641025641,0.0006359666041528989,0.0006414473345881289,1,1.000657841957481,0.000657841957480981,OK
2025-06-30,HistGBM,Unknown,150711,Unknown,0,5,0.000641025641025641,0.0,0.0006453314647916818,1,1.0067170850750236,0.006717085075023498,OK
2025-06-30,HistGBM,Unknown,151427,Unknown,0,5,0.000641025641025641,0.0006359666041528989,0.0006466714225286377,1,1.0088074191446748,0.008807419144674835,OK
2025-06-30,HistGBM,Unknown,152098,Unknown,0,5,0.000641025641025641,0.0006359666041528989,0.0006438125916155995,1,1.0043476429203353,0.0043476429203353865,OK
2025-06-30,HistGBM,Unknown,151407,Unknown,0,5,0.000641025641025641,0.0,0.0006442744030096108,1,1.0050680686949929,0.005068068694992958,OK
2025-06-30,HistGBM,Unknown,151408,Unknown,0,5,0.000641025641025641,0.0006479467957375755,0.0006449960995780707,1,1.0061939153417903,0.00619391534179017,OK
2025-06-30,HistGBM,Unknown,150792,Unknown,0,5,0.000641025641025641,0.0006359666041528989,0.0006445271759067227,1,1.0054623944144874,0.005462394414487428,OK
2025-06-30,HistGBM,Unknown,151329,Unknown,0,5,0.000641025641025641,0.0006359666041528989,0.0006435118260388152,1,1.0038784486205516,0.003878448620551689,OK
2025-06-30,HistGBM,Unknown,150778,Unknown,0,5,0.000641025641025641,0.0006359666041528989,0.0006441344713168702,1,1.0048497752543175,0.004849775254317527,OK
2025-06-30,HistGBM,Unknown,151489,Unknown,0,5,0.000641025641025641,0.0006359666041528989,0.0006424494280050633,1,1.0022211076878986,0.0022211076878986017,OK
2025-06-30,HistGBM,Unknown,152570,Unknown,0,5,0.000641025641025641,0.0006359666041528989,0.0005939038886058753,1,0.9264900662251655,-0.07350993377483447,OK
2025-06-30,HistGBM,Unknown,149999,Unknown,0,5,0.000641025641025641,0.0,0.0006453525692659629,1,1.0067500080549021,0.006750008054902222,OK
2025-06-30,HistGBM,Unknown,150681,Unknown,0,5,0.000641025641025641,0.000645077478234751,0.0006424121777540085,1,1.0021629972962534,0.0021629972962534157,OK
2025-06-30,HistGBM,Unknown,150671,Unknown,0,5,0.000641025641025641,0.0006359666041528989,0.0006413514984008302,1,1.0005083375052952,0.000508337505295229,OK
2025-06-30,HistGBM,Unknown,151495,Unknown,0,5,0.000641025641025641,0.0006359666041528989,0.0006441602789942538,1,1.004890035231036,0.004890035231035879,OK
2025-06-30,HistGBM,Unknown,150706,Unknown,0,5,0.000641025641025641,0.0,0.0006441303727585561,1,1.0048433815033475,0.00484338150334759,OK
2025-06-30,HistGBM,Unknown,151435,Unknown,0,5,0.000641025641025641,0.0,0.0006449746271036412,1,1.0061604182816803,0.006160418281680383,OK
2025-06-30,HistGBM,Unknown,120401,Unknown,0,5,0.004273504273504273,0.004239777361019326,0.004299025720018235,1,1.005972018484267,0.005972018484267009,OK
2025-06-30,HistGBM,Unknown,120364,Unknown,0,5,0.004273504273504273,0.004239777361019326,0.004296759448309193,1,1.0054417109043514,0.005441710904351337,OK
2025-06-30,HistGBM,Unknown,119771,Unknown,0,5,0.004273504273504273,0.004239777361019326,0.004296615485681591,1,1.0054080236494922,0.005408023649492147,OK
2025-06-30,HistGBM,Unknown,149550,Unknown,0,5,0.004273504273504273,0.0,0.0042972322519209,1,1.0055523469494907,0.005552346949490707,OK
2025-06-30,HistGBM,Unknown,130206,Unknown,0,5,0.004273504273504273,0.0,0.0042968829125034505,1,1.0054706015258075,0.00547060152580755,OK
2025-06-30,HistGBM,Unknown,147617,Unknown,0,5,0.004273504273504273,0.004239777361019326,0.00429958899199616,1,1.0061038241271014,0.006103824127101374,OK
2025-06-30,HistGBM,Unknown,149230,Unknown,0,5,0.002564102564102564,0.0,0.0026593786179278404,1,1.0371576609918578,0.037157660991857876,OK
2025-06-30,HistGBM,Unknown,138456,Unknown,0,5,0.002564102564102564,0.0025438664166115956,0.0025912359245692583,1,1.0105820105820107,0.010582010582010732,OK
2025-06-30,HistGBM,Unknown,149098,Unknown,0,5,0.002564102564102564,0.0,0.00272761939626901,1,1.063771564544914,0.06377156454491391,OK
2025-06-30,HistGBM,Unknown,150595,Unknown,0,5,0.002564102564102564,0.0025438664166115956,0.0026996657311261795,1,1.05286963513921,0.052869635139209954,OK
2025-06-30,HistGBM,Unknown,148063,Unknown,0,5,0.002564102564102564,0.0,0.0026794751904262505,1,1.0449953242662378,0.044995324266237854,OK
2025-06-30,HistGBM,Unknown,118551,Unknown,0,5,0.002564102564102564,0.0,0.002649902092690364,1,1.033461816149242,0.033461816149242,OK
2025-06-30,HistGBM,Unknown,149816,Unknown,0,5,0.002564102564102564,0.0025438664166115956,0.0026918462753448918,1,1.0498200473845078,0.049820047384507765,OK
2025-06-30,HistGBM,Unknown,148662,Unknown,0,5,0.002564102564102564,0.0,0.0027172646929074537,1,1.0597332302339069,0.059733230233906955,OK
2025-06-30,HistGBM,Unknown,119252,Unknown,0,5,0.002564102564102564,0.0,0.002711875439488325,1,1.0576314214004467,0.05763142140044665,OK
2025-06-30,HistGBM,Unknown,148614,Unknown,0,5,0.002564102564102564,0.0025438664166115956,0.0026841242886539675,1,1.0468084725750473,0.04680847257504731,OK
2025-06-30,HistGBM,Unknown,148457,Unknown,0,5,0.005128205128205128,0.005087732833223191,0.005123718026081778,1,0.9991250150859469,-0.0008749849140531576,OK
2025-06-30,HistGBM,Unknown,152056,Unknown,0,5,0.005128205128205128,0.005087732833223191,0.005133126805184531,1,1.0009597270109836,0.0009597270109835789,OK
2025-06-30,HistGBM,Unknown,152344,Unknown,0,5,0.005128205128205128,0.005087732833223191,0.005107624804229669,1,0.9959868368247854,-0.004013163175214619,OK
2025-06-30,HistGBM,Unknown,152314,Unknown,0,5,0.005128205128205128,0.005087732833223191,0.005096529383335293,1,0.9938232297503821,-0.006176770249617958,OK
2025-06-30,HistGBM,Unknown,151307,Unknown,0,5,0.005128205128205128,0.0,0.005105181428745139,1,0.995510378605302,-0.00448962139469798,OK
2025-06-30,HistGBM,Unknown,119501,Unknown,0,5,0.005128205128205128,0.0,0.00516037059039693,1,1.0062722651274014,0.006272265127401441,OK
2025-06-30,HistGBM,Unknown,120676,Unknown,0,5,0.005128205128205128,0.0,0.005158492463695173,1,1.0059060304205587,0.005906030420558701,OK
2025-06-30,HistGBM,Unknown,119205,Unknown,0,5,0.005128205128205128,0.005087732833223191,0.005156926844282507,1,1.0056007346350888,0.005600734635088727,OK
2025-06-30,HistGBM,Unknown,143494,Unknown,0,5,0.005128205128205128,0.005087732833223191,0.005158937731508494,1,1.0059928576441564,0.005992857644156354,OK
2025-06-30,HistGBM,Unknown,144754,Unknown,0,5,0.005128205128205128,0.0052440444864845365,0.005159095757178669,1,1.0060236726498406,0.0060236726498405025,OK
2025-06-30,HistGBM,Unknown,151681,Unknown,0,5,0.002331002331002331,0.0,0.0023457245327662608,1,1.0063158245567259,0.0063158245567258514,OK
2025-06-30,HistGBM,Unknown,151708,Unknown,0,5,0.002331002331002331,0.0023126058332832685,0.002347239726771622,1,1.0069658427850259,0.00696584278502582,OK
2025-06-30,HistGBM,Unknown,149460,Unknown,0,5,0.002331002331002331,0.0023782040967459434,0.002343488113050967,1,1.0053564004988649,0.005356400498864777,OK
2025-06-30,HistGBM,Unknown,149878,Unknown,0,5,0.002331002331002331,0.0,0.0023444640694185613,1,1.0057750857805627,0.005775085780562839,OK
2025-06-30,HistGBM,Unknown,147098,Unknown,0,5,0.002331002331002331,0.0023126058332832685,0.0023465978528858303,1,1.006690478888021,0.006690478888021026,OK
2025-06-30,HistGBM,Unknown,149307,Unknown,0,5,0.002331002331002331,0.002379172422077867,0.00234526936457389,1,1.0061205574021987,0.006120557402198855,OK
2025-06-30,HistGBM,Unknown,151286,Unknown,0,5,0.002331002331002331,0.0023126058332832685,0.002331408146171377,1,1.0001740947075208,0.00017409470752090736,OK
2025-06-30,HistGBM,Unknown,149279,Unknown,0,5,0.002331002331002331,0.0,0.002345009551138352,1,1.0060090974383529,0.006009097438352772,OK
2025-06-30,HistGBM,Unknown,149431,Unknown,0,5,0.002331002331002331,0.0023795239264319612,0.0023435482331810673,1,1.005382192034678,0.005382192034677984,OK
2025-06-30,HistGBM,Unknown,149993,Unknown,0,5,0.002331002331002331,0.0,0.0023452722089563473,1,1.006121777642273,0.006121777642273146,OK
2025-06-30,HistGBM,Unknown,149345,Unknown,0,5,0.002331002331002331,0.0023792502742056767,0.002344944558554827,1,1.0059812156200207,0.005981215620020657,OK
2025-06-30,HistGBM,Unknown,118464,Unknown,0,5,0.005128205128205128,0.0,0.005163621377139509,1,1.0069061685422043,0.006906168542204166,OK
2025-06-30,HistGBM,Unknown,140298,Unknown,0,5,0.005128205128205128,0.0,0.0051420409739531365,1,1.0026979899208617,0.0026979899208616287,OK
2025-06-30,HistGBM,Unknown,119341,Unknown,0,5,0.005128205128205128,0.0,0.005138736286123929,1,1.0020535757941662,0.0020535757941661254,OK
2025-06-30,HistGBM,Unknown,119953,Unknown,0,5,0.005128205128205128,0.0,0.00515685849699759,1,1.00558740691453,0.005587406914530086,OK
2025-06-30,HistGBM,Unknown,120447,Unknown,0,5,0.005128205128205128,0.005152983337792851,0.005141996138705205,1,1.0026892470475148,0.0026892470475149122,OK
2025-06-30,HistGBM,Unknown,120564,Unknown,0,5,0.003205128205128205,0.0031798330207644943,0.0031266686469417124,1,0.9755206178458143,-0.02447938215418565,OK
2025-06-30,HistGBM,Unknown,150571,Unknown,0,5,0.003205128205128205,0.0,0.003186553839959645,1,0.9942047980674094,-0.005795201932590697,OK
2025-06-30,HistGBM,Unknown,150346,Unknown,0,5,0.003205128205128205,0.0031798330207644943,0.0031482065293540703,1,0.98224043715847,-0.017759562841530015,OK
2025-06-30,HistGBM,Unknown,149450,Unknown,0,5,0.003205128205128205,0.0031798330207644943,0.0030235501265544183,1,0.9433476394849786,-0.05665236051502147,OK
2025-06-30,HistGBM,Unknown,151895,Unknown,0,5,0.003205128205128205,0.0,0.0031605219437557124,1,0.9860828464517823,-0.013917153548217667,OK
2025-06-30,HistGBM,Unknown,120662,Unknown,0,5,0.003205128205128205,0.0031798330207644943,0.00314390951351201,1,0.9808997682157472,-0.01910023178425277,OK
2025-06-30,HistGBM,Unknown,148404,Unknown,0,5,0.003205128205128205,0.0031798330207644943,0.0031363923341683466,1,0.9785544082605242,-0.02144559173947583,OK
2025-06-30,HistGBM,Unknown,118275,Unknown,0,5,0.003205128205128205,0.0,0.003150815207507065,1,0.9830543447422042,-0.016945655257795757,OK
2025-06-30,HistGBM,Unknown,152459,Unknown,0,5,0.0016025641025641025,0.0,0.001513747655364811,1,0.944578536947642,-0.05542146305235792,OK
2025-06-30,HistGBM,Unknown,152287,Unknown,0,5,0.0016025641025641025,0.0015899165103822471,0.0016453378301001088,1,1.026690805982468,0.02669080598246792,OK
2025-06-30,HistGBM,Unknown,152293,Unknown,0,5,0.0016025641025641025,0.0,0.0016725341812975597,1,1.0436613291296772,0.043661329129677316,OK
2025-06-30,HistGBM,Unknown,120685,Unknown,0,5,0.0016025641025641025,0.0015899165103822471,0.0016460095107381201,1,1.027109934700587,0.027109934700586914,OK
2025-06-30,HistGBM,Unknown,119788,Unknown,0,5,0.0016025641025641025,0.0016367354483652443,0.001646946576989849,1,1.0276946640416658,0.02769466404166566,OK
2025-06-30,HistGBM,Unknown,120531,Unknown,0,5,0.0016025641025641025,0.0015899165103822471,0.0016447372893731455,1,1.0263160685688428,0.026316068568842905,OK
2025-06-30,HistGBM,Unknown,118663,Unknown,0,5,0.0016025641025641025,0.0015899165103822471,0.0016466599499553214,1,1.0275158087721206,0.02751580877212053,OK
2025-06-30,HistGBM,Unknown,150615,Unknown,0,5,0.0016025641025641025,0.0,0.0016563499710953323,1,1.0335623819634874,0.03356238196348743,OK
2025-06-30,HistGBM,Unknown,119781,Unknown,0,5,0.0016025641025641025,0.0015899165103822471,0.0016472232216713319,1,1.0278672903229111,0.027867290322911107,OK
2025-06-30,HistGBM,Unknown,115132,Unknown,0,5,0.0016025641025641025,0.0015899165103822471,0.0016495616584306066,1,1.0293264748606985,0.029326474860698483,OK
2025-06-30,HistGBM,Unknown,151974,Unknown,0,5,0.0016025641025641025,0.0015899165103822471,0.0016387103044812645,1,1.022555229996309,0.022555229996309094,OK
2025-06-30,HistGBM,Unknown,120473,Unknown,0,5,0.0016025641025641025,0.0016389988974737854,0.0016450034228302779,1,1.0264821358460934,0.026482135846093446,OK
2025-06-30,HistGBM,Unknown,150714,Unknown,0,5,0.0016025641025641025,0.0015899165103822471,0.0016495966828784332,1,1.0293483301161424,0.02934833011614238,OK
2025-06-30,HistGBM,Unknown,152183,Unknown,0,5,0.0016025641025641025,0.0015899165103822471,0.0016478579383256233,1,1.028263353515189,0.028263353515188962,OK
2025-06-30,HistGBM,Unknown,149381,Unknown,0,5,0.0016025641025641025,0.0015899165103822471,0.0017176839842864867,1,1.0718348061947678,0.07183480619476768,OK
2025-06-30,HistGBM,Unknown,150344,Unknown,0,5,0.0016025641025641025,0.0,0.0015528454506269207,1,0.9689755611911985,-0.031024438808801458,OK
2025-06-30,HistGBM,Unknown,120333,Unknown,0,5,0.003663003663003663,0.0,0.003627186616477319,1,0.9902219462983081,-0.009778053701691908,OK
2025-06-30,HistGBM,Unknown,141642,Unknown,0,5,0.003663003663003663,0.0037747757342489465,0.0036209180890031953,1,0.9885106382978723,-0.01148936170212764,OK
2025-06-30,HistGBM,Unknown,151267,Unknown,0,5,0.003663003663003663,0.0036340948808737073,0.003634193796161403,1,0.9921349063520629,-0.007865093647937102,OK
2025-06-30,HistGBM,Unknown,145396,Unknown,0,5,0.003663003663003663,0.0,0.0036270764557522843,1,0.9901918724203737,-0.009808127579626319,OK
2025-06-30,HistGBM,Unknown,149261,Unknown,0,5,0.003663003663003663,0.0036340948808737073,0.0035948303488475544,1,0.9813886852353824,-0.018611314764617647,OK
2025-06-30,HistGBM,Unknown,131670,Unknown,0,5,0.003663003663003663,0.0036340948808737073,0.0036167581666843836,1,0.9873749795048368,-0.012625020495163192,OK
2025-06-30,HistGBM,Unknown,144335,Unknown,0,5,0.003663003663003663,0.0036340948808737073,0.0036245981867733166,1,0.9895153049891154,-0.010484695010884565,OK
2025-06-30,HistGBM,Unknown,134813,Unknown,0,5,0.004273504273504273,0.0,0.004228296918301403,1,0.9894214788825284,-0.01057852111747161,OK
2025-06-30,HistGBM,Unknown,118272,Unknown,0,5,0.004273504273504273,0.004239777361019326,0.0042026086684729,1,0.9834104284226587,-0.016589571577341363,OK
2025-06-30,HistGBM,Unknown,143537,Unknown,0,5,0.004273504273504273,0.004239777361019326,0.004200338739577497,1,0.9828792650611343,-0.0171207349388657,OK
2025-06-30,HistGBM,Unknown,118624,Unknown,0,5,0.004273504273504273,0.004239777361019326,0.004193523514918425,1,0.9812845024909115,-0.01871549750908847,OK
2025-06-30,HistGBM,Unknown,147446,Unknown,0,5,0.004273504273504273,0.004239777361019326,0.00420912619126259,1,0.984935528755446,-0.015064471244554048,OK
2025-06-30,HistGBM,Unknown,144394,Unknown,0,5,0.004273504273504273,0.004429916813644405,0.0042414577041837735,1,0.992501102779003,-0.007498897220996987,OK
2025-06-30,HistGBM,Unknown,149049,Unknown,0,5,0.008547008547008546,0.0,0.008587410100086559,1,1.0047269817101274,0.004726981710127443,OK
2025-06-30,HistGBM,Unknown,147269,Unknown,0,5,0.008547008547008546,0.0,0.008609698341760537,1,1.007334705985983,0.0073347059859829485,OK
2025-06-30,HistGBM,Unknown,148711,Unknown,0,5,0.008547008547008546,0.008708512069275462,0.008598779575656173,1,1.0060572103517724,0.006057210351772497,OK
2025-06-30,HistGBM,Unknown,134387,Unknown,0,5,0.008547008547008546,0.008479554722038651,0.008637963491236628,1,1.0106417284746856,0.010641728474685582,OK
2025-06-30,HistGBM,Unknown,130722,Unknown,0,5,0.008547008547008546,0.008479554722038651,0.008598274916476656,1,1.005998165227769,0.0059981652277690456,OK
2025-06-30,HistGBM,Unknown,119082,Unknown,0,5,0.008547008547008546,0.008479554722038651,0.008587843375438753,1,1.0047776749263342,0.004777674926334127,OK
2025-06-30,HistGBM,Unknown,118942,Unknown,0,5,0.00641025641025641,0.0063596660415289885,0.0064484779355163035,1,1.0059625579405433,0.005962557940543353,OK
2025-06-30,HistGBM,Unknown,118702,Unknown,0,5,0.00641025641025641,0.0,0.006450066102984169,1,1.0062103120655304,0.006210312065530298,OK
2025-06-30,HistGBM,Unknown,118709,Unknown,0,5,0.00641025641025641,0.0063596660415289885,0.0064500660475802765,1,1.0062103034225232,0.006210303422523109,OK
2025-06-30,HistGBM,Unknown,133810,Unknown,0,5,0.00641025641025641,0.0063596660415289885,0.006450446750855985,1,1.0062696931335338,0.006269693133533657,OK
2025-06-30,HistGBM,Unknown,134547,Unknown,0,5,0.005128205128205128,0.005087732833223191,0.005159199930943485,1,1.0060439865339796,0.0060439865339795475,OK
2025-06-30,HistGBM,Unknown,120338,Unknown,0,5,0.005128205128205128,0.005087732833223191,0.005159096946418618,1,1.0060239045516306,0.006023904551630537,OK
2025-06-30,HistGBM,Unknown,125503,Unknown,0,5,0.005128205128205128,0.0,0.005155648152940226,1,1.0053513898233442,0.0053513898233441435,OK
2025-06-30,HistGBM,Unknown,152162,Unknown,0,5,0.005128205128205128,0.005087732833223191,0.005163192363192363,1,1.0068225108225108,0.006822510822510763,OK
2025-06-30,HistGBM,Unknown,148628,Unknown,0,5,0.005128205128205128,0.005087732833223191,0.005159614815957624,1,1.0061248891117367,0.006124889111736776,OK
2025-06-30,HistGBM,Unknown,149166,Unknown,0,5,0.005128205128205128,0.005393988733024486,0.005047260953574598,1,0.9842158859470467,-0.015784114052953272,OK
2025-06-30,HistGBM,Unknown,135341,Unknown,0,5,0.005128205128205128,0.0,0.005015969215114208,1,0.9781139969472705,-0.0218860030527295,OK
2025-06-30,HistGBM,Unknown,152018,Unknown,0,5,0.005128205128205128,0.005087732833223191,0.005091864945447332,1,0.9929136643622298,-0.007086335637770221,OK
2025-06-30,HistGBM,Unknown,149780,Unknown,0,5,0.005128205128205128,0.0,0.005343861224799323,1,1.0420529388358681,0.04205293883586812,OK
2025-06-30,HistGBM,Unknown,148595,Unknown,0,5,0.005128205128205128,0.005087732833223191,0.005088184151693301,1,0.9921959095801938,-0.007804090419806221,OK
2025-06-30,HistGBM,Unknown,120389,Unknown,0,5,0.003205128205128205,0.0032748741156899443,0.003220919956562709,1,1.0049270264475652,0.004927026447565068,OK
2025-06-30,HistGBM,Unknown,119125,Unknown,0,5,0.003205128205128205,0.0,0.003220897295394525,1,1.004919956163092,0.0049199561630919215,OK
2025-06-30,HistGBM,Unknown,149664,Unknown,0,5,0.003205128205128205,0.0031798330207644943,0.0032208339998048376,1,1.0049002079391094,0.00490020793910941,OK
2025-06-30,HistGBM,Unknown,119135,Unknown,0,5,0.003205128205128205,0.0031798330207644943,0.003220867598368329,1,1.0049106906909187,0.0049106906909185954,OK
2025-06-30,HistGBM,Unknown,118577,Unknown,0,5,0.003205128205128205,0.0031798330207644943,0.0032211088055638564,1,1.0049859473359233,0.004985947335923358,OK
2025-06-30,HistGBM,Unknown,120038,Unknown,0,5,0.003205128205128205,0.0,0.0032208362676937165,1,1.0049009155204396,0.0049009155204396485,OK
2025-06-30,HistGBM,Unknown,119861,Unknown,0,5,0.003205128205128205,0.0031798330207644943,0.00322105299059102,1,1.0049685330643983,0.004968533064398337,OK
2025-06-30,HistGBM,Unknown,119568,Unknown,0,5,0.003205128205128205,0.0031798330207644943,0.003220897110312824,1,1.004919898417601,0.004919898417601042,OK
2025-06-30,HistGBM,Unknown,151146,Unknown,0,5,0.008547008547008546,0.008479554722038651,0.008600546530717637,1,1.0062639440939636,0.006263944093963647,OK
2025-06-30,HistGBM,Unknown,128006,Unknown,0,5,0.008547008547008546,0.0,0.008606250784807833,1,1.0069313418225165,0.006931341822516571,OK
2025-06-30,HistGBM,Unknown,120475,Unknown,0,5,0.008547008547008546,0.008706322855925099,0.00860145338358874,1,1.0063700458798828,0.0063700458798828415,OK
2025-06-30,HistGBM,Unknown,120430,Unknown,0,5,0.008547008547008546,0.008479554722038651,0.008569528803260312,1,1.0026348699814567,0.002634869981456764,OK
2025-06-30,HistGBM,Unknown,119069,Unknown,0,5,0.008547008547008546,0.008479554722038651,0.008581848859702009,1,1.0040763165851352,0.004076316585135196,OK
2025-06-30,HistGBM,Unknown,120059,Unknown,0,5,0.008547008547008546,0.0,0.008582081361078147,1,1.0041035192461432,0.004103519246143071,OK
2025-06-30,HistGBM,Unknown,118421,Unknown,0,5,0.004273504273504273,0.0,0.004271531317794662,1,0.9995383283639511,-0.00046167163604887777,OK
2025-06-30,HistGBM,Unknown,148883,Unknown,0,5,0.004273504273504273,0.004239777361019326,0.004214177513575939,1,0.98611753817677,-0.01388246182323002,OK
2025-06-30,HistGBM,Unknown,119727,Unknown,0,5,0.004273504273504273,0.0,0.0041600916555117025,1,0.9734614473897384,-0.026538552610261598,OK
2025-06-30,HistGBM,Unknown,122389,Unknown,0,5,0.004273504273504273,0.004239777361019326,0.004213008036136597,1,0.9858438804559638,-0.01415611954403616,OK
2025-06-30,HistGBM,Unknown,147206,Unknown,0,5,0.004273504273504273,0.004239777361019326,0.004279559968946393,1,1.0014170327334562,0.0014170327334561126,OK
2025-06-30,HistGBM,Unknown,120722,Unknown,0,5,0.004273504273504273,0.004239777361019326,0.004218710591860398,1,0.9871782784953332,-0.012821721504666725,OK
2025-06-30,HistGBM,Unknown,151087,Unknown,0,5,0.005128205128205128,0.005087732833223191,0.005152345790138564,1,1.00470742907702,0.004707429077019882,OK
2025-06-30,HistGBM,Unknown,134494,Unknown,0,5,0.005128205128205128,0.0,0.005150118226213397,1,1.0042730541116125,0.004273054111612487,OK
2025-06-30,HistGBM,Unknown,119505,Unknown,0,5,0.005128205128205128,0.005087732833223191,0.005155533275981264,1,1.0053289888163466,0.005328988816346495,OK
2025-06-30,HistGBM,Unknown,120084,Unknown,0,5,0.005128205128205128,0.005087732833223191,0.005149462451824825,1,1.004145178105841,0.004145178105840998,OK
2025-06-30,HistGBM,Unknown,120435,Unknown,0,5,0.005128205128205128,0.005087732833223191,0.005149741955200867,1,1.0041996812641691,0.0041996812641691755,OK
2025-06-30,HistGBM,Unknown,145810,Unknown,0,5,0.003663003663003663,0.0036340948808737073,0.0036794678317188575,1,1.004494718059248,0.004494718059248081,OK
2025-06-30,HistGBM,Unknown,147287,Unknown,0,5,0.003663003663003663,0.0,0.00367951109982196,1,1.0045065302513951,0.004506530251395157,OK
2025-06-30,HistGBM,Unknown,146675,Unknown,0,5,0.003663003663003663,0.0037397118635467373,0.003679572534877,1,1.004523302021421,0.004523302021421121,OK
2025-06-30,HistGBM,Unknown,146980,Unknown,0,5,0.003663003663003663,0.0036340948808737073,0.0036795390930184795,1,1.004514172394045,0.004514172394044973,OK
2025-06-30,HistGBM,Unknown,147951,Unknown,0,5,0.003663003663003663,0.003739903808570644,0.0036797256766564514,1,1.0045651097272112,0.004565109727211183,OK
2025-06-30,HistGBM,Unknown,146141,Unknown,0,5,0.003663003663003663,0.0036340948808737073,0.003679528832071637,1,1.0045113711555569,0.004511371155556777,OK
2025-06-30,HistGBM,Unknown,147196,Unknown,0,5,0.003663003663003663,0.0036340948808737073,0.0036794344820105006,1,1.0044856135888667,0.004485613588866586,OK
2025-06-30,HistGBM,Unknown,151824,Unknown,0,5,0.005128205128205128,0.0,0.005026923920933138,1,0.9802501645819619,-0.019749835418038115,OK
2025-06-30,HistGBM,Unknown,151810,Unknown,0,5,0.005128205128205128,0.0,0.005017850911797416,1,0.9784809278004961,-0.021519072199503903,OK
2025-06-30,HistGBM,Unknown,149882,Unknown,0,5,0.005128205128205128,0.005414800328579315,0.005129563256334692,1,1.000264834985265,0.00026483498526501555,OK
2025-06-30,HistGBM,Unknown,149383,Unknown,0,5,0.005128205128205128,0.005419168874414963,0.005052231718898386,1,0.9851851851851853,-0.014814814814814689,OK
2025-06-30,HistGBM,Unknown,152071,Unknown,0,5,0.005128205128205128,0.005087732833223191,0.0050669787238244775,1,0.9880608511457731,-0.01193914885422684,OK
2025-06-30,HistGBM,Unknown,145954,Unknown,0,5,0.005128205128205128,0.0,0.005162676373769418,1,1.0067218928850366,0.006721892885036454,OK
2025-06-30,HistGBM,Unknown,119739,Unknown,0,5,0.005128205128205128,0.005087732833223191,0.00515824960605013,1,1.0058586731797754,0.005858673179775314,OK
2025-06-30,HistGBM,Unknown,118796,Unknown,0,5,0.005128205128205128,0.005087732833223191,0.005162838735762005,1,1.006753553473591,0.006753553473590976,OK
2025-06-30,HistGBM,Unknown,142641,Unknown,0,5,0.005128205128205128,0.005087732833223191,0.005162689412819304,1,1.0067244354997642,0.006724435499764135,OK
2025-06-30,HistGBM,Unknown,120510,Unknown,0,5,0.005128205128205128,0.0052303222694013015,0.005162274497774091,1,1.0066435270659477,0.006643527065947806,OK
2025-06-30,HistGBM,Unknown,118994,Unknown,0,5,0.00641025641025641,0.0063596660415289885,0.006419977061586522,1,1.0015164216074974,0.0015164216074974267,OK
2025-06-30,HistGBM,Unknown,118574,Unknown,0,5,0.00641025641025641,0.0,0.0064111832448353325,1,1.000144586194312,0.00014458619431200297,OK
2025-06-30,HistGBM,Unknown,120073,Unknown,0,5,0.00641025641025641,0.0063596660415289885,0.00645384149281933,1,1.0067992728798154,0.006799272879815516,OK
2025-06-30,HistGBM,Unknown,120705,Unknown,0,5,0.00641025641025641,0.0,0.0064297119582579975,1,1.0030350654882476,0.0030350654882476285,OK
2025-06-30,HistGBM,Unknown,147825,Unknown,0,5,0.004273504273504273,0.004425979501749889,0.0041859495518032095,1,0.9795121951219511,-0.020487804878048865,OK
2025-06-30,HistGBM,Unknown,152628,Unknown,0,5,0.004273504273504273,0.004239777361019326,0.004213455033127164,1,0.9859484777517564,-0.014051522248243598,OK
2025-06-30,HistGBM,Unknown,146721,Unknown,0,5,0.004273504273504273,0.0,0.004177949482387046,1,0.977640178878569,-0.02235982112143098,OK
2025-06-30,HistGBM,Unknown,146930,Unknown,0,5,0.004273504273504273,0.004239777361019326,0.0042274910437804635,1,0.9892329042446285,-0.010767095755371483,OK
2025-06-30,HistGBM,Unknown,146727,Unknown,0,5,0.004273504273504273,0.0,0.00429547796569073,1,1.005141843971631,0.005141843971631168,OK
2025-06-30,HistGBM,Unknown,119255,Unknown,0,5,0.004273504273504273,0.004239777361019326,0.004126972934581447,1,0.9657116666920589,-0.03428833330794112,OK
2025-06-30,HistGBM,Unknown,135764,Unknown,0,5,0.01282051282051282,0.0,0.01269867288058792,1,0.9904964846858578,-0.0095035153141422,OK
2025-06-30,HistGBM,Unknown,148490,Unknown,0,5,0.01282051282051282,0.0,0.013020230844618915,1,1.0155780058802755,0.01557800588027549,OK
2025-07-31,HistGBM,Unknown,120676,Unknown,0,5,0.005128205128205128,0.005163835572475925,0.005128205128205128,1,1.0,0.0,Missing
2025-07-31,HistGBM,Unknown,119205,Unknown,0,5,0.005128205128205128,0.005162268331412186,0.005128205128205128,1,1.0,0.0,Missing
2025-07-31,HistGBM,Unknown,148529,Unknown,0,5,0.005128205128205128,0.0,0.005128205128205128,1,1.0,0.0,Missing
2025-07-31,HistGBM,Unknown,146075,Unknown,0,5,0.005128205128205128,0.0,0.005128205128205128,1,1.0,0.0,Missing
2025-07-31,HistGBM,Unknown,143494,Unknown,0,5,0.005128205128205128,0.005164281301492665,0.005128205128205128,1,1.0,0.0,Missing
2025-07-31,HistGBM,Unknown,150002,Unknown,0,5,0.005128205128205128,0.00516557088240539,0.005128205128205128,1,1.0,0.0,Missing
2025-07-31,HistGBM,Unknown,150316,Unknown,0,5,0.005128205128205128,0.0,0.005128205128205128,1,1.0,0.0,Missing
2025-07-31,HistGBM,Unknown,149924,Unknown,0,5,0.005128205128205128,0.005164639068994303,0.005128205128205128,1,1.0,0.0,Missing
2025-07-31,HistGBM,Unknown,149190,Unknown,0,5,0.005128205128205128,0.005165640427736933,0.005128205128205128,1,1.0,0.0,Missing
2025-07-31,HistGBM,Unknown,151493,Unknown,0,5,0.005128205128205128,0.0,0.005128205128205128,1,1.0,0.0,Missing
2025-07-31,HistGBM,Unknown,152382,Unknown,0,5,0.004273504273504273,0.004208878803548149,0.004273504273504273,1,1.0,0.0,Missing
2025-07-31,HistGBM,Unknown,120357,Unknown,0,5,0.004273504273504273,0.0,0.004273504273504273,1,1.0,0.0,Missing
2025-07-31,HistGBM,Unknown,152226,Unknown,0,5,0.004273504273504273,0.004197149810661723,0.004273504273504273,1,1.0,0.0,Missing
2025-07-31,HistGBM,Unknown,119721,Unknown,0,5,0.004273504273504273,0.0,0.004201857342117208,1,0.9832346180554268,-0.016765381944573266,OK
2025-07-31,HistGBM,Unknown,145110,Unknown,0,5,0.004273504273504273,0.0,0.004222160131632051,1,0.9879854708019,-0.01201452919810002,OK
2025-07-31,HistGBM,Unknown,118510,Unknown,0,5,0.004273504273504273,0.00416271559040744,0.004273504273504273,1,1.0,0.0,Missing
2025-07-31,HistGBM,Unknown,120722,Unknown,0,5,0.004273504273504273,0.00422308028509257,0.004273504273504273,1,1.0,0.0,Missing
2025-07-31,HistGBM,Unknown,119096,Unknown,0,5,0.004273504273504273,0.0,0.004273504273504273,1,1.0,0.0,Missing
2025-07-31,HistGBM,Unknown,120468,Unknown,0,5,0.004273504273504273,0.0,0.004197384162705726,1,0.98218789407314,-0.017812105926859955,OK
2025-07-31,HistGBM,Unknown,118421,Unknown,0,5,0.004273504273504273,0.004275955722143799,0.004105602212836484,1,0.9607109178037374,-0.039289082196262565,OK
2025-07-31,HistGBM,Unknown,148481,Unknown,0,5,0.004273504273504273,0.0,0.004273504273504273,1,1.0,0.0,Missing
2025-07-31,HistGBM,Unknown,148883,Unknown,0,5,0.004273504273504273,0.00421854251149634,0.004273504273504273,1,1.0,0.0,Missing
2025-07-31,HistGBM,Unknown,149816,Unknown,0,5,0.002564102564102564,0.0026946344596005542,0.002564102564102564,1,1.0,0.0,Missing
2025-07-31,HistGBM,Unknown,149830,Unknown,0,5,0.002564102564102564,0.0,0.002564102564102564,1,1.0,0.0,Missing
2025-07-31,HistGBM,Unknown,150595,Unknown,0,5,0.002564102564102564,0.002702462014686656,0.002564102564102564,1,1.0,0.0,Missing
2025-07-31,HistGBM,Unknown,140274,Unknown,0,5,0.002564102564102564,0.0,0.002564102564102564,1,1.0,0.0,Missing
2025-07-31,HistGBM,Unknown,148760,Unknown,0,5,0.002564102564102564,0.0,0.0025746506169372265,1,1.0041137406055183,0.004113740605518197,OK
2025-07-31,HistGBM,Unknown,148485,Unknown,0,5,0.002564102564102564,0.0,0.0025770713168056306,1,1.0050578135541959,0.0050578135541959595,OK
2025-07-31,HistGBM,Unknown,120035,Unknown,0,5,0.002564102564102564,0.0,0.002564102564102564,1,1.0,0.0,Missing
2025-07-31,HistGBM,Unknown,138456,Unknown,0,5,0.002564102564102564,0.0025939198977492145,0.002564102564102564,1,1.0,0.0,Missing
2025-07-31,HistGBM,Unknown,138528,Unknown,0,5,0.002564102564102564,0.0,0.002564102564102564,1,1.0,0.0,Missing
2025-07-31,HistGBM,Unknown,149059,Unknown,0,5,0.002564102564102564,0.0,0.002564102564102564,1,1.0,0.0,Missing
2025-07-31,HistGBM,Unknown,150159,Unknown,0,5,0.003205128205128205,0.0,0.003205128205128205,1,1.0,0.0,Missing
2025-07-31,HistGBM,Unknown,119060,Unknown,0,5,0.003205128205128205,0.003155123005281139,0.003205128205128205,1,1.0,0.0,Missing
2025-07-31,HistGBM,Unknown,119307,Unknown,0,5,0.003205128205128205,0.0,0.003205128205128205,1,1.0,0.0,Missing
2025-07-31,HistGBM,Unknown,120592,Unknown,0,5,0.003205128205128205,0.0031622198149632067,0.003205128205128205,1,1.0,0.0,Missing
2025-07-31,HistGBM,Unknown,135601,Unknown,0,5,0.003205128205128205,0.0031508726460303003,0.003205128205128205,1,1.0,0.0,Missing
2025-07-31,HistGBM,Unknown,149570,Unknown,0,5,0.003205128205128205,0.0,0.003205128205128205,1,1.0,0.0,Missing
2025-07-31,HistGBM,Unknown,150587,Unknown,0,5,0.003205128205128205,0.003150907476777504,0.003205128205128205,1,1.0,0.0,Missing
2025-07-31,HistGBM,Unknown,147481,Unknown,0,5,0.003205128205128205,0.0,0.003205128205128205,1,1.0,0.0,Missing
2025-07-31,HistGBM,Unknown,150346,Unknown,0,5,0.003205128205128205,0.003151467406455083,0.003205128205128205,1,1.0,0.0,Missing
2025-07-31,HistGBM,Unknown,133839,Unknown,0,5,0.003205128205128205,0.0,0.003205128205128205,1,1.0,0.0,Missing
2025-07-31,HistGBM,Unknown,149763,Unknown,0,5,0.003205128205128205,0.0,0.003205128205128205,1,1.0,0.0,Missing
2025-07-31,HistGBM,Unknown,150571,Unknown,0,5,0.003205128205128205,0.0031898544367759537,0.003205128205128205,1,1.0,0.0,Missing
2025-07-31,HistGBM,Unknown,129046,Unknown,0,5,0.003205128205128205,0.0,0.003205128205128205,1,1.0,0.0,Missing
2025-07-31,HistGBM,Unknown,141925,Unknown,0,5,0.003205128205128205,0.0,0.003135687377393538,1,0.978334461746784,-0.021665538253216,OK
2025-07-31,HistGBM,Unknown,151895,Unknown,0,5,0.003205128205128205,0.0031637955770251777,0.003205128205128205,1,1.0,0.0,Missing
2025-07-31,HistGBM,Unknown,151412,Unknown,0,5,0.003205128205128205,0.0,0.003205128205128205,1,1.0,0.0,Missing
2025-07-31,HistGBM,Unknown,131670,Unknown,0,5,0.003663003663003663,0.0036205043643291936,0.003663003663003663,1,1.0,0.0,Missing
2025-07-31,HistGBM,Unknown,131355,Unknown,0,5,0.003663003663003663,0.0,0.0036279284528534204,1,0.9904244676289838,-0.009575532371016174,OK
2025-07-31,HistGBM,Unknown,150470,Unknown,0,5,0.003663003663003663,0.0,0.003663003663003663,1,1.0,0.0,Missing
2025-07-31,HistGBM,Unknown,151267,Unknown,0,5,0.003663003663003663,0.0036379580534361554,0.003663003663003663,1,1.0,0.0,Missing
2025-07-31,HistGBM,Unknown,151885,Unknown,0,5,0.003663003663003663,0.0,0.003663003663003663,1,1.0,0.0,Missing
2025-07-31,HistGBM,Unknown,145396,Unknown,0,5,0.003663003663003663,0.00363083334096547,0.003663003663003663,1,1.0,0.0,Missing
2025-07-31,HistGBM,Unknown,144335,Unknown,0,5,0.003663003663003663,0.0036283525050232208,0.003663003663003663,1,1.0,0.0,Missing
2025-07-31,HistGBM,Unknown,146675,Unknown,0,5,0.003663003663003663,0.003683383794941618,0.0036796937639557016,1,1.0045563975599066,0.004556397559906575,OK
2025-07-31,HistGBM,Unknown,146980,Unknown,0,5,0.003663003663003663,0.0036833503184443943,0.0036797086531466863,1,1.0045604623090454,0.00456046230904534,OK
2025-07-31,HistGBM,Unknown,147951,Unknown,0,5,0.003663003663003663,0.003683537095343611,0.0036801180094531536,1,1.004672216580711,0.004672216580710917,OK
2025-07-31,HistGBM,Unknown,151849,Unknown,0,5,0.003663003663003663,0.0,0.0036797242501201265,1,1.0045647202827945,0.004564720282794576,OK
2025-07-31,HistGBM,Unknown,145810,Unknown,0,5,0.003663003663003663,0.0036832789833331154,0.0036796720549721147,1,1.0045504710073874,0.004550471007387459,OK
2025-07-31,HistGBM,Unknown,146141,Unknown,0,5,0.003663003663003663,0.0036833400468693775,0.0036796818876768606,1,1.004553155335783,0.004553155335783036,OK
2025-07-31,HistGBM,Unknown,147196,Unknown,0,5,0.003663003663003663,0.0036832455990815035,0.003679630041690962,1,1.0045390013816327,0.004539001381632556,OK
2025-07-31,HistGBM,Unknown,150237,Unknown,0,5,0.005128205128205128,0.005166214648459235,0.005128205128205128,1,1.0,0.0,Missing
2025-07-31,HistGBM,Unknown,146215,Unknown,0,5,0.005128205128205128,0.0,0.005121597844500755,1,0.9987115796776473,-0.001288420322352712,OK
2025-07-31,HistGBM,Unknown,118814,Unknown,0,5,0.005128205128205128,0.005167546621119915,0.005128205128205128,1,1.0,0.0,Missing
2025-07-31,HistGBM,Unknown,143241,Unknown,0,5,0.005128205128205128,0.005167073966445585,0.005128205128205128,1,1.0,0.0,Missing
2025-07-31,HistGBM,Unknown,118807,Unknown,0,5,0.005128205128205128,0.005167547852014699,0.005128205128205128,1,1.0,0.0,Missing
2025-07-31,HistGBM,Unknown,149917,Unknown,0,5,0.002331002331002331,0.0,0.002331002331002331,1,1.0,0.0,Missing
2025-07-31,HistGBM,Unknown,149993,Unknown,0,5,0.002331002331002331,0.0023477014156715104,0.0023343854444332914,1,1.001451355661882,0.001451355661881995,OK
2025-07-31,HistGBM,Unknown,149878,Unknown,0,5,0.002331002331002331,0.0023468924390718324,0.0023365651814210727,1,1.0023864628296402,0.002386462829640175,OK
2025-07-31,HistGBM,Unknown,149345,Unknown,0,5,0.002331002331002331,0.00234737342589337,0.0023364013478469297,1,1.0023161782263328,0.002316178226332772,OK
2025-07-31,HistGBM,Unknown,149431,Unknown,0,5,0.002331002331002331,0.0023459756542214103,0.002337690038541931,1,1.0028690265344884,0.002869026534488428,OK
2025-07-31,HistGBM,Unknown,149307,Unknown,0,5,0.002331002331002331,0.0023476985683428733,0.0023361116612280073,1,1.0021919026668151,0.002191902666815023,OK
2025-07-31,HistGBM,Unknown,149279,Unknown,0,5,0.002331002331002331,0.0023474384857954857,0.0023366235260288233,1,1.0024114926663652,0.0024114926663652463,OK
2025-07-31,HistGBM,Unknown,149460,Unknown,0,5,0.002331002331002331,0.002345915471819552,0.0023373046418039022,1,1.002703691333874,0.002703691333874127,OK
2025-07-31,HistGBM,Unknown,146974,Unknown,0,5,0.002331002331002331,0.0,0.002314637910475599,1,0.992979663594032,-0.007020336405967977,OK
2025-07-31,HistGBM,Unknown,151681,Unknown,0,5,0.002331002331002331,0.0023481542079933655,0.002331002331002331,1,1.0,0.0,Missing
2025-07-31,HistGBM,Unknown,147248,Unknown,0,5,0.002331002331002331,0.0,0.0023142244490168434,1,0.9928022886282258,-0.007197711371774119,OK
2025-07-31,HistGBM,Unknown,149966,Unknown,0,5,0.0006253908692933083,0.0,0.0006253908692933083,1,1.0,0.0,Missing
2025-07-31,HistGBM,Unknown,149970,Unknown,0,5,0.0006253908692933083,0.0,0.0006253908692933083,1,1.0,0.0,Missing
2025-07-31,HistGBM,Unknown,149999,Unknown,0,5,0.0006253908692933083,0.0006460210182370127,0.0006253908692933083,1,1.0,0.0,Missing
2025-07-31,HistGBM,Unknown,150326,Unknown,0,5,0.0006253908692933083,0.0,0.0006253908692933083,1,1.0,0.0,Missing
2025-07-31,HistGBM,Unknown,150711,Unknown,0,5,0.0006253908692933083,0.0006459998919029533,0.0006253908692933083,1,1.0,0.0,OK
2025-07-31,HistGBM,Unknown,150706,Unknown,0,5,0.0006253908692933083,0.0006447975557921375,0.0006230611072930268,1,0.9962747105615499,-0.00372528943845002,OK
2025-07-31,HistGBM,Unknown,150702,Unknown,0,5,0.0006253908692933083,0.0,0.0006253908692933083,1,1.0,0.0,Missing
2025-07-31,HistGBM,Unknown,150847,Unknown,0,5,0.0006253908692933083,0.0006455444528302705,0.0006253908692933083,1,1.0,0.0,Missing
2025-07-31,HistGBM,Unknown,150778,Unknown,0,5,0.0006253908692933083,0.0006448016585956924,0.0006253908692933083,1,1.0,0.0,Missing
2025-07-31,HistGBM,Unknown,150807,Unknown,0,5,0.0006253908692933083,0.0,0.0006253908692933083,1,1.0,0.0,Missing
2025-07-31,HistGBM,Unknown,150792,Unknown,0,5,0.0006253908692933083,0.0006451947699445654,0.0006253908692933083,1,1.0,0.0,Missing
2025-07-31,HistGBM,Unknown,150725,Unknown,0,5,0.0006253908692933083,0.0,0.0006253908692933083,1,1.0,0.0,Missing
2025-07-31,HistGBM,Unknown,149210,Unknown,0,5,0.0006253908692933083,0.0006457959049579356,0.0006253908692933083,1,1.0,0.0,Missing
2025-07-31,HistGBM,Unknown,150729,Unknown,0,5,0.0006253908692933083,0.0006443533092186499,0.0006253908692933083,1,1.0,0.0,Missing
2025-07-31,HistGBM,Unknown,150824,Unknown,0,5,0.0006253908692933083,0.0,0.0006253908692933083,1,1.0,0.0,Missing
2025-07-31,HistGBM,Unknown,150733,Unknown,0,5,0.0006253908692933083,0.0006453789588149353,0.0006253908692933083,1,1.0,0.0,Missing
2025-07-31,HistGBM,Unknown,149804,Unknown,0,5,0.0006253908692933083,0.0,0.0006253908692933083,1,1.0,0.0,Missing
2025-07-31,HistGBM,Unknown,149865,Unknown,0,5,0.0006253908692933083,0.0006478692038299821,0.0006253908692933083,1,1.0,0.0,Missing
2025-07-31,HistGBM,Unknown,150468,Unknown,0,5,0.0006253908692933083,0.0,0.0006253908692933083,1,1.0,0.0,Missing
2025-07-31,HistGBM,Unknown,152392,Unknown,0,5,0.0006253908692933083,0.0,0.0006253908692933083,1,1.0,0.0,Missing
2025-07-31,HistGBM,Unknown,150871,Unknown,0,5,0.0006253908692933083,0.0006475540055867527,0.0006158478839460201,1,0.9847407664296861,-0.015259233570313854,OK
2025-07-31,HistGBM,Unknown,150888,Unknown,0,5,0.0006253908692933083,0.0006460722706533627,0.0006255322815985052,1,1.0002261182760097,0.0002261182760097053,OK
2025-07-31,HistGBM,Unknown,151487,Unknown,0,5,0.0006253908692933083,0.0,0.0006253908692933083,1,1.0,0.0,Missing
2025-07-31,HistGBM,Unknown,151273,Unknown,0,5,0.0006253908692933083,0.0006450183532569302,0.0006253908692933083,1,1.0,0.0,Missing
2025-07-31,HistGBM,Unknown,151785,Unknown,0,5,0.0006253908692933083,0.0,0.0006231203922064147,1,0.996369507138057,-0.0036304928619429106,OK
2025-07-31,HistGBM,Unknown,151495,Unknown,0,5,0.0006253908692933083,0.0006448274930043795,0.0006253908692933083,1,1.0,0.0,Missing
2025-07-31,HistGBM,Unknown,151300,Unknown,0,5,0.0006253908692933083,0.0,0.0006226307865708231,1,0.9955866277267462,-0.0044133722732538246,OK
2025-07-31,HistGBM,Unknown,151574,Unknown,0,5,0.0006253908692933083,0.0006443473796209065,0.0006253908692933083,1,1.0,0.0,Missing
2025-07-31,HistGBM,Unknown,151691,Unknown,0,5,0.0006253908692933083,0.0,0.0006253908692933083,1,1.0,0.0,Missing
2025-07-31,HistGBM,Unknown,151597,Unknown,0,5,0.0006253908692933083,0.0006459810842842752,0.0006253908692933083,1,1.0,0.0,Missing
2025-07-31,HistGBM,Unknown,152577,Unknown,0,5,0.0006253908692933083,0.0,0.0006253908692933083,1,1.0,0.0,Missing
2025-07-31,HistGBM,Unknown,151183,Unknown,0,5,0.0006253908692933083,0.0006457514192880115,0.0006253908692933083,1,1.0,0.0,Missing
2025-07-31,HistGBM,Unknown,151329,Unknown,0,5,0.0006253908692933083,0.0006441783683886245,0.0006253908692933083,1,1.0,0.0,Missing
2025-07-31,HistGBM,Unknown,151408,Unknown,0,5,0.0006253908692933083,0.000645664179321806,0.0006189496149707771,1,0.9897004343382727,-0.010299565661727239,OK
2025-07-31,HistGBM,Unknown,152535,Unknown,0,5,0.0006253908692933083,0.0,0.0006253908692933083,1,1.0,0.0,Missing
2025-07-31,HistGBM,Unknown,152041,Unknown,0,5,0.0006253908692933083,0.0,0.0006230514295204822,1,0.996259235803251,-0.0037407641967489792,OK
2025-07-31,HistGBM,Unknown,151390,Unknown,0,5,0.0006253908692933083,0.0006455943388113589,0.0006253908692933083,1,1.0,0.0,Missing
2025-07-31,HistGBM,Unknown,152098,Unknown,0,5,0.0006253908692933083,0.0006444794454950283,0.0006253908692933083,1,1.0,0.0,Missing
2025-07-31,HistGBM,Unknown,152267,Unknown,0,5,0.0006253908692933083,0.0006442952689951955,0.0006253908692933083,1,1.0,0.0,Missing
2025-07-31,HistGBM,Unknown,151440,Unknown,0,5,0.0006253908692933083,0.0,0.0006253908692933083,1,1.0,0.0,Missing
2025-07-31,HistGBM,Unknown,151427,Unknown,0,5,0.0006253908692933083,0.0006473412375531416,0.0006253908692933083,1,1.0,0.0,Missing
2025-07-31,HistGBM,Unknown,120401,Unknown,0,5,0.004273504273504273,0.0043034786027615875,0.004273504273504273,1,1.0,0.0,Missing
2025-07-31,HistGBM,Unknown,120364,Unknown,0,5,0.004273504273504273,0.004301209983673665,0.004273504273504273,1,1.0,0.0,Missing
2025-07-31,HistGBM,Unknown,130206,Unknown,0,5,0.004273504273504273,0.0043013335757507536,0.004273504273504273,1,1.0,0.0,Missing
2025-07-31,HistGBM,Unknown,119526,Unknown,0,5,0.004273504273504273,0.0,0.004273504273504273,1,1.0,0.0,Missing
2025-07-31,HistGBM,Unknown,119771,Unknown,0,5,0.004273504273504273,0.004301065871931183,0.004273504273504273,1,1.0,0.0,Missing
2025-07-31,HistGBM,Unknown,147617,Unknown,0,5,0.004273504273504273,0.004304042458170326,0.004273504273504273,1,1.0,0.0,Missing
2025-07-31,HistGBM,Unknown,120403,Unknown,0,5,0.004273504273504273,0.0,0.004273504273504273,1,1.0,0.0,Missing
2025-07-31,HistGBM,Unknown,120505,Unknown,0,5,0.004273504273504273,0.0,0.004222063341368537,1,0.9879628218802378,-0.012037178119762184,OK
2025-07-31,HistGBM,Unknown,118989,Unknown,0,5,0.004273504273504273,0.004220008684848748,0.004273504273504273,1,1.0,0.0,Missing
2025-07-31,HistGBM,Unknown,125307,Unknown,0,5,0.004273504273504273,0.0,0.004273504273504273,1,1.0,0.0,Missing
2025-07-31,HistGBM,Unknown,150584,Unknown,0,5,0.004273504273504273,0.0,0.004273504273504273,1,1.0,0.0,Missing
2025-07-31,HistGBM,Unknown,119775,Unknown,0,5,0.004273504273504273,0.0,0.004273504273504273,1,1.0,0.0,Missing
2025-07-31,HistGBM,Unknown,120764,Unknown,0,5,0.008547008547008546,0.0,0.008547008547008546,1,1.0,0.0,Missing
2025-07-31,HistGBM,Unknown,134387,Unknown,0,5,0.008547008547008546,0.008646910597179432,0.008547008547008546,1,1.0,0.0,Missing
2025-07-31,HistGBM,Unknown,133488,Unknown,0,5,0.008547008547008546,0.0,0.008547008547008546,1,1.0,0.0,Missing
2025-07-31,HistGBM,Unknown,120792,Unknown,0,5,0.005128205128205128,0.0,0.005128205128205128,1,1.0,0.0,Missing
2025-07-31,HistGBM,Unknown,119099,Unknown,0,5,0.005128205128205128,0.0,0.005128205128205128,1,1.0,0.0,Missing
2025-07-31,HistGBM,Unknown,120447,Unknown,0,5,0.005128205128205128,0.005147322160777092,0.005043917175640557,1,0.9835638492499086,-0.01643615075009139,OK
2025-07-31,HistGBM,Unknown,119953,Unknown,0,5,0.005128205128205128,0.0051621999133339164,0.005128205128205128,1,1.0,0.0,Missing
2025-07-31,HistGBM,Unknown,119707,Unknown,0,5,0.005128205128205128,0.0,0.005045068534650233,1,0.9837883642567954,-0.01621163574320462,OK
2025-07-31,HistGBM,Unknown,120733,Unknown,0,5,0.0007326007326007326,0.0,0.0007326007326007326,1,1.0,0.0,Missing
2025-07-31,HistGBM,Unknown,120351,Unknown,0,5,0.0007326007326007326,0.0007398510485997044,0.0007326007326007326,1,1.0,0.0,Missing
2025-07-31,HistGBM,Unknown,120782,Unknown,0,5,0.0007326007326007326,0.0,0.0007326007326007326,1,1.0,0.0,Missing
2025-07-31,HistGBM,Unknown,149329,Unknown,0,5,0.0007326007326007326,0.0007852330580590103,0.0007326007326007326,1,1.0,0.0,Missing
2025-07-31,HistGBM,Unknown,149321,Unknown,0,5,0.0007326007326007326,0.0,0.0007326007326007326,1,1.0,0.0,Missing
2025-07-31,HistGBM,Unknown,133859,Unknown,0,5,0.0007326007326007326,0.0,0.0007181314938335005,1,0.9802494890827281,-0.019750510917271848,OK
2025-07-31,HistGBM,Unknown,152321,Unknown,0,5,0.0007326007326007326,0.0007347542253823299,0.0007326007326007326,1,1.0,0.0,Missing
2025-07-31,HistGBM,Unknown,120385,Unknown,0,5,0.0007326007326007326,0.0007329576379836918,0.0007326007326007326,1,1.0,0.0,Missing
2025-07-31,HistGBM,Unknown,125597,Unknown,0,5,0.0007326007326007326,0.0,0.0007326007326007326,1,1.0,0.0,Missing
2025-07-31,HistGBM,Unknown,135793,Unknown,0,5,0.0007326007326007326,0.0007239089110264106,0.0007326007326007326,1,1.0,0.0,Missing
2025-07-31,HistGBM,Unknown,152349,Unknown,0,5,0.0007326007326007326,0.0007900254747892432,0.0007326007326007326,1,1.0,0.0,Missing
2025-07-31,HistGBM,Unknown,150624,Unknown,0,5,0.0007326007326007326,0.0,0.0007326007326007326,1,1.0,0.0,Missing
2025-07-31,HistGBM,Unknown,120578,Unknown,0,5,0.0007326007326007326,0.0007274700416364191,0.000741627319911844,1,1.0123212916796671,0.012321291679667125,OK
2025-07-31,HistGBM,Unknown,119333,Unknown,0,5,0.0007326007326007326,0.0,0.0007326007326007326,1,1.0,0.0,Missing
2025-07-31,HistGBM,Unknown,144835,Unknown,0,5,0.0007326007326007326,0.0007316646242017548,0.0007326007326007326,1,1.0,0.0,Missing
2025-07-31,HistGBM,Unknown,148623,Unknown,0,5,0.0007326007326007326,0.0,0.0007326007326007326,1,1.0,0.0,Missing
2025-07-31,HistGBM,Unknown,118559,Unknown,0,5,0.0007326007326007326,0.0,0.0007326007326007326,1,1.0,0.0,Missing
2025-07-31,HistGBM,Unknown,151816,Unknown,0,5,0.0007326007326007326,0.0007301986031318119,0.0007124017728471601,1,0.9724284199363734,-0.02757158006362663,OK
2025-07-31,HistGBM,Unknown,148986,Unknown,0,5,0.0007326007326007326,0.0,0.0007326007326007326,1,1.0,0.0,Missing
2025-07-31,HistGBM,Unknown,152679,Unknown,0,5,0.0007326007326007326,0.0007397671978510687,0.0007326007326007326,1,1.0,0.0,Missing
2025-07-31,HistGBM,Unknown,152677,Unknown,0,5,0.0007326007326007326,0.0,0.0007326007326007326,1,1.0,0.0,Missing
2025-07-31,HistGBM,Unknown,148539,Unknown,0,5,0.0007326007326007326,0.0,0.0007326007326007326,1,1.0,0.0,Missing
2025-07-31,HistGBM,Unknown,119783,Unknown,0,5,0.0007326007326007326,0.0007712923970024635,0.0007099847321207065,1,0.9691291593447644,-0.030870840655235553,OK
2025-07-31,HistGBM,Unknown,145454,Unknown,0,5,0.0007326007326007326,0.000781178804651717,0.0007326007326007326,1,1.0,0.0,Missing
2025-07-31,HistGBM,Unknown,118868,Unknown,0,5,0.0007326007326007326,0.0,0.0007326007326007326,1,1.0,0.0,Missing
2025-07-31,HistGBM,Unknown,119597,Unknown,0,5,0.0007326007326007326,0.0,0.0007326007326007326,1,1.0,0.0,Missing
2025-07-31,HistGBM,Unknown,120244,Unknown,0,5,0.0007326007326007326,0.0,0.0007326007326007326,1,1.0,0.0,Missing
2025-07-31,HistGBM,Unknown,152206,Unknown,0,5,0.0007326007326007326,0.0007284773788508242,0.0007326007326007326,1,1.0,0.0,Missing
2025-07-31,HistGBM,Unknown,118588,Unknown,0,5,0.0007326007326007326,0.0,0.0007326007326007326,1,1.0,0.0,Missing
2025-07-31,HistGBM,Unknown,152082,Unknown,0,5,0.0007326007326007326,0.000794756810215695,0.0007326007326007326,1,1.0,0.0,Missing
2025-07-31,HistGBM,Unknown,151384,Unknown,0,5,0.0007326007326007326,0.0,0.0007326007326007326,1,1.0,0.0,Missing
2025-07-31,HistGBM,Unknown,118589,Unknown,0,5,0.0007326007326007326,0.0,0.0007326007326007326,1,1.0,0.0,Missing
2025-07-31,HistGBM,Unknown,119517,Unknown,0,5,0.0007326007326007326,0.0,0.0007326007326007326,1,1.0,0.0,Missing
2025-07-31,HistGBM,Unknown,152644,Unknown,0,5,0.0007326007326007326,0.0007441313299302672,0.0007326007326007326,1,1.0,0.0,Missing
2025-07-31,HistGBM,Unknown,152024,Unknown,0,5,0.0007326007326007326,0.0007832263675101083,0.0007326007326007326,1,1.0,0.0,Missing
2025-07-31,HistGBM,Unknown,120702,Unknown,0,5,0.0016025641025641025,0.0,0.0016025641025641025,1,1.0,0.0,Missing
2025-07-31,HistGBM,Unknown,120679,Unknown,0,5,0.0016025641025641025,0.0,0.0016025641025641025,1,1.0,0.0,Missing
2025-07-31,HistGBM,Unknown,120700,Unknown,0,5,0.0016025641025641025,0.0,0.0016025641025641025,1,1.0,0.0,Missing
2025-07-31,HistGBM,Unknown,149170,Unknown,0,5,0.0016025641025641025,0.0,0.0016025641025641025,1,1.0,0.0,Missing
2025-07-31,HistGBM,Unknown,149441,Unknown,0,5,0.0016025641025641025,0.0,0.0016025641025641025,1,1.0,0.0,Missing
2025-07-31,HistGBM,Unknown,150822,Unknown,0,5,0.0016025641025641025,0.0,0.0016025641025641025,1,1.0,0.0,Missing
2025-07-31,HistGBM,Unknown,149240,Unknown,0,5,0.0016025641025641025,0.0,0.0016025641025641025,1,1.0,0.0,Missing
2025-07-31,HistGBM,Unknown,132989,Unknown,0,5,0.0016025641025641025,0.0,0.0016025641025641025,1,1.0,0.0,Missing
2025-07-31,HistGBM,Unknown,130493,Unknown,0,5,0.0016025641025641025,0.0,0.0016025641025641025,1,1.0,0.0,Missing
2025-07-31,HistGBM,Unknown,147889,Unknown,0,5,0.0016025641025641025,0.0,0.0016040927495385004,1,1.0009538757120242,0.000953875712024186,OK
2025-07-31,HistGBM,Unknown,148903,Unknown,0,5,0.0016025641025641025,0.0,0.0016025641025641025,1,1.0,0.0,Missing
2025-07-31,HistGBM,Unknown,145552,Unknown,0,5,0.0016025641025641025,0.0,0.0016025641025641025,1,1.0,0.0,Missing
2025-07-31,HistGBM,Unknown,148666,Unknown,0,5,0.0016025641025641025,0.0,0.0016025641025641025,1,1.0,0.0,Missing
2025-07-31,HistGBM,Unknown,118410,Unknown,0,5,0.0016025641025641025,0.0,0.0016039792664443704,1,1.0008830622612872,0.0008830622612871249,OK
2025-07-31,HistGBM,Unknown,148750,Unknown,0,5,0.0016025641025641025,0.0,0.0016025641025641025,1,1.0,0.0,Missing
2025-07-31,HistGBM,Unknown,147648,Unknown,0,5,0.0016025641025641025,0.0,0.0016025641025641025,1,1.0,0.0,Missing
2025-07-31,HistGBM,Unknown,152491,Unknown,0,5,0.01282051282051282,0.012907190501431126,0.01282051282051282,1,1.0,0.0,Missing
2025-07-31,HistGBM,Unknown,151313,Unknown,0,5,0.01282051282051282,0.012915653780033667,0.01282051282051282,1,1.0,0.0,Missing
2025-07-31,HistGBM,Unknown,134813,Unknown,0,5,0.004273504273504273,0.004232676540943251,0.004273504273504273,1,1.0,0.0,Missing
2025-07-31,HistGBM,Unknown,119019,Unknown,0,5,0.004273504273504273,0.0,0.004273504273504273,1,1.0,0.0,Missing
2025-07-31,HistGBM,Unknown,148592,Unknown,0,5,0.004273504273504273,0.0,0.004273504273504273,1,1.0,0.0,Missing
2025-07-31,HistGBM,Unknown,140382,Unknown,0,5,0.004273504273504273,0.0,0.0042331826825194796,1,0.9905647477095584,-0.009435252290441672,OK
2025-07-31,HistGBM,Unknown,119609,Unknown,0,5,0.004273504273504273,0.0,0.004208056589296312,1,0.9846852418953372,-0.015314758104662811,OK
2025-07-31,HistGBM,Unknown,147446,Unknown,0,5,0.004273504273504273,0.004213485957079852,0.004273504273504273,1,1.0,0.0,Missing
2025-07-31,HistGBM,Unknown,146716,Unknown,0,5,0.004273504273504273,0.0,0.004273504273504273,1,1.0,0.0,Missing
2025-07-31,HistGBM,Unknown,146727,Unknown,0,5,0.004273504273504273,0.004299927173709843,0.004273504273504273,1,1.0,0.0,Missing
2025-07-31,HistGBM,Unknown,146940,Unknown,0,5,0.004273504273504273,0.0,0.004273504273504273,1,1.0,0.0,Missing
2025-07-31,HistGBM,Unknown,152628,Unknown,0,5,0.004273504273504273,0.004217819282710399,0.004273504273504273,1,1.0,0.0,Missing
2025-07-31,HistGBM,Unknown,146930,Unknown,0,5,0.004273504273504273,0.004231869831706498,0.004273504273504273,1,1.0,0.0,Missing
2025-07-31,HistGBM,Unknown,152537,Unknown,0,5,0.004273504273504273,0.0,0.004273504273504273,1,1.0,0.0,Missing
2025-07-31,HistGBM,Unknown,152324,Unknown,0,5,0.005128205128205128,0.0,0.005112830021110426,1,0.9970018541165332,-0.0029981458834668234,OK
2025-07-31,HistGBM,Unknown,152314,Unknown,0,5,0.005128205128205128,0.005101808311450649,0.005128205128205128,1,1.0,0.0,Missing
2025-07-31,HistGBM,Unknown,152344,Unknown,0,5,0.005128205128205128,0.005112915224857852,0.005128205128205128,1,1.0,0.0,Missing
2025-07-31,HistGBM,Unknown,148457,Unknown,0,5,0.005128205128205128,0.005129025115889105,0.005128205128205128,1,1.0,0.0,Missing
2025-07-31,HistGBM,Unknown,152056,Unknown,0,5,0.005128205128205128,0.005138443640499988,0.005128205128205128,1,1.0,0.0,Missing
2025-07-31,HistGBM,Unknown,120510,Unknown,0,5,0.005128205128205128,0.0051676215239434276,0.005134706165888123,1,1.001267702348184,0.0012677023481840136,OK
2025-07-31,HistGBM,Unknown,119400,Unknown,0,5,0.005128205128205128,0.0,0.005128205128205128,1,1.0,0.0,Missing
2025-07-31,HistGBM,Unknown,142641,Unknown,0,5,0.005128205128205128,0.005168036868753003,0.005128205128205128,1,1.0,0.0,Missing
2025-07-31,HistGBM,Unknown,118407,Unknown,0,5,0.005128205128205128,0.0,0.005112498527506185,1,0.996937212863706,-0.0030627871362940134,OK
2025-07-31,HistGBM,Unknown,118796,Unknown,0,5,0.005128205128205128,0.005168186346362736,0.005128205128205128,1,1.0,0.0,Missing
2025-07-31,HistGBM,Unknown,141564,Unknown,0,5,0.008547008547008546,0.0,0.008547008547008546,1,1.0,0.0,Missing
2025-07-31,HistGBM,Unknown,143079,Unknown,0,5,0.008547008547008546,0.0,0.008547008547008546,1,1.0,0.0,Missing
2025-07-31,HistGBM,Unknown,142138,Unknown,0,5,0.008547008547008546,0.008498127184724369,0.008390455575720988,1,0.9816833023593556,-0.018316697640644367,OK
2025-07-31,HistGBM,Unknown,135341,Unknown,0,5,0.005128205128205128,0.005021164699908627,0.005128205128205128,1,1.0,0.0,Missing
2025-07-31,HistGBM,Unknown,119549,Unknown,0,5,0.005128205128205128,0.0,0.005128205128205128,1,1.0,0.0,Missing
2025-07-31,HistGBM,Unknown,118784,Unknown,0,5,0.005128205128205128,0.0,0.005128205128205128,1,1.0,0.0,Missing
2025-07-31,HistGBM,Unknown,148595,Unknown,0,5,0.005128205128205128,0.005093454435911089,0.005128205128205128,1,1.0,0.0,Missing
2025-07-31,HistGBM,Unknown,118935,Unknown,0,5,0.005128205128205128,0.0,0.005128205128205128,1,1.0,0.0,Missing
2025-07-31,HistGBM,Unknown,120513,Unknown,0,5,0.00641025641025641,0.0,0.006437711296657894,1,1.0042829622786316,0.004282962278631464,OK
2025-07-31,HistGBM,Unknown,133810,Unknown,0,5,0.00641025641025641,0.00645712805143301,0.00641025641025641,1,1.0,0.0,Missing
2025-07-31,HistGBM,Unknown,118702,Unknown,0,5,0.00641025641025641,0.006456747009290387,0.00641025641025641,1,1.0,0.0,Missing
2025-07-31,HistGBM,Unknown,118709,Unknown,0,5,0.00641025641025641,0.006456746953829108,0.00641025641025641,1,1.0,0.0,Missing
2025-07-31,HistGBM,Unknown,120762,Unknown,0,5,0.005128205128205128,0.0,0.005128205128205128,1,1.0,0.0,Missing
2025-07-31,HistGBM,Unknown,120451,Unknown,0,5,0.005128205128205128,0.0,0.005085259297979768,1,0.9916255631060548,-0.008374436893945191,OK
2025-07-31,HistGBM,Unknown,120435,Unknown,0,5,0.005128205128205128,0.005155076000302821,0.005128205128205128,1,1.0,0.0,Missing
2025-07-31,HistGBM,Unknown,119505,Unknown,0,5,0.005128205128205128,0.005160873319668489,0.005128205128205128,1,1.0,0.0,Missing
2025-07-31,HistGBM,Unknown,144403,Unknown,0,5,0.005128205128205128,0.0,0.005128205128205128,1,1.0,0.0,Missing
2025-07-31,HistGBM,Unknown,120705,Unknown,0,5,0.00641025641025641,0.006436371781968831,0.00641025641025641,1,1.0,0.0,Missing
2025-07-31,HistGBM,Unknown,118309,Unknown,0,5,0.00641025641025641,0.0,0.00641025641025641,1,1.0,0.0,Missing
2025-07-31,HistGBM,Unknown,118574,Unknown,0,5,0.00641025641025641,0.006417823876712101,0.00641025641025641,1,1.0,0.0,Missing
2025-07-31,HistGBM,Unknown,120073,Unknown,0,5,0.00641025641025641,0.0064605263096321,0.00641025641025641,1,1.0,0.0,Missing
2025-07-31,HistGBM,Unknown,125354,Unknown,0,5,0.004273504273504273,0.004202933131275252,0.004146293950819865,1,0.9702327844918485,-0.029767215508151524,OK
2025-07-31,HistGBM,Unknown,147946,Unknown,0,5,0.004273504273504273,0.0,0.0041209897339801555,1,0.9643115977513566,-0.03568840224864348,OK
2025-07-31,HistGBM,Unknown,145678,Unknown,0,5,0.004273504273504273,0.004273055586693597,0.004273504273504273,1,1.0,0.0,Missing
2025-07-31,HistGBM,Unknown,145137,Unknown,0,5,0.004273504273504273,0.0,0.004273504273504273,1,1.0,0.0,Missing
2025-07-31,HistGBM,Unknown,149019,Unknown,0,5,0.004273504273504273,0.0,0.004273504273504273,1,1.0,0.0,Missing
2025-07-31,HistGBM,Unknown,152107,Unknown,0,5,0.004273504273504273,0.0,0.004273504273504273,1,1.0,0.0,Missing
2025-07-31,HistGBM,Unknown,120338,Unknown,0,5,0.005128205128205128,0.005164440681315811,0.005128205128205128,1,1.0,0.0,Missing
2025-07-31,HistGBM,Unknown,134552,Unknown,0,5,0.005128205128205128,0.0,0.005128205128205128,1,1.0,0.0,Missing
2025-07-31,HistGBM,Unknown,123693,Unknown,0,5,0.005128205128205128,0.0,0.005128205128205128,1,1.0,0.0,Missing
2025-07-31,HistGBM,Unknown,119625,Unknown,0,5,0.005128205128205128,0.0,0.005128205128205128,1,1.0,0.0,Missing
2025-07-31,HistGBM,Unknown,152162,Unknown,0,5,0.005128205128205128,0.005168540340076431,0.005128205128205128,1,1.0,0.0,Missing
2025-07-31,HistGBM,Unknown,119135,Unknown,0,5,0.003205128205128205,0.0032242037369916957,0.0032205820613350057,1,1.0048216031365218,0.004821603136521908,OK
2025-07-31,HistGBM,Unknown,119125,Unknown,0,5,0.003205128205128205,0.0032242334647777393,0.00322048173706292,1,1.004790301963631,0.004790301963631068,OK
2025-07-31,HistGBM,Unknown,120389,Unknown,0,5,0.003205128205128205,0.0032242561494181072,0.00322049437097679,1,1.0047942437447586,0.004794243744758519,OK
2025-07-31,HistGBM,Unknown,149664,Unknown,0,5,0.003205128205128205,0.003224170103627188,0.0032206192993058137,1,1.004833221383414,0.004833221383413905,OK
2025-07-31,HistGBM,Unknown,120038,Unknown,0,5,0.003205128205128205,0.0032241723738651207,0.0032203449677663514,1,1.0047476299431017,0.004747629943101788,OK
2025-07-31,HistGBM,Unknown,119568,Unknown,0,5,0.003205128205128205,0.0032242332795043324,0.0032205629992103904,1,1.0048156557536418,0.004815655753641822,OK
2025-07-31,HistGBM,Unknown,119861,Unknown,0,5,0.003205128205128205,0.0032243893212415766,0.003220407540312037,1,1.0047671525773556,0.004767152577355599,OK
2025-07-31,HistGBM,Unknown,118577,Unknown,0,5,0.003205128205128205,0.0032244451940269376,0.0032205528925116048,1,1.0048125024636207,0.00481250246362067,OK
2025-07-31,HistGBM,Unknown,120689,Unknown,0,5,0.008547008547008546,0.0,0.008547008547008546,1,1.0,0.0,Missing
2025-07-31,HistGBM,Unknown,120430,Unknown,0,5,0.008547008547008546,0.008578405025318956,0.008547008547008546,1,1.0,0.0,Missing
2025-07-31,HistGBM,Unknown,119735,Unknown,0,5,0.008547008547008546,0.0,0.008547008547008546,1,1.0,0.0,Missing
2025-07-31,HistGBM,Unknown,149882,Unknown,0,5,0.004273504273504273,0.005134876400566119,0.004182216005375607,1,0.9786385452578922,-0.021361454742107804,OK
2025-07-31,HistGBM,Unknown,149383,Unknown,0,5,0.004273504273504273,0.00505746476398852,0.004209241051346313,1,0.9849624060150375,-0.015037593984962466,OK
2025-07-31,HistGBM,Unknown,150659,Unknown,0,5,0.004273504273504273,0.0,0.004273504273504273,1,1.0,0.0,Missing
2025-07-31,HistGBM,Unknown,152739,Unknown,0,5,0.004273504273504273,0.0,0.004273504273504273,1,1.0,0.0,Missing
2025-07-31,HistGBM,Unknown,151824,Unknown,0,5,0.004273504273504273,0.005032130752489284,0.004273504273504273,1,1.0,0.0,Missing
2025-07-31,HistGBM,Unknown,152071,Unknown,0,5,0.004273504273504273,0.005072227043697325,0.004273504273504273,1,1.0,0.0,Missing
2025-07-31,HistGBM,Unknown,148490,Unknown,0,5,0.01282051282051282,0.013033717054057604,0.012779790422205508,1,0.9968236529320297,-0.0031763470679702778,OK
2025-07-31,HistGBM,Unknown,152219,Unknown,0,5,0.01282051282051282,0.0,0.01282051282051282,1,1.0,0.0,Missing
2025-07-31,HistGBM,Unknown,138312,Unknown,0,5,0.003663003663003663,0.0,0.003663003663003663,1,1.0,0.0,Missing
2025-07-31,HistGBM,Unknown,152354,Unknown,0,5,0.003663003663003663,0.0036242886282918502,0.003663003663003663,1,1.0,0.0,Missing
2025-07-31,HistGBM,Unknown,150797,Unknown,0,5,0.003663003663003663,0.0035792602400595143,0.003663003663003663,1,1.0,0.0,Missing
2025-07-31,HistGBM,Unknown,118269,Unknown,0,5,0.003663003663003663,0.003589117657517484,0.003663003663003663,1,1.0,0.0,Missing
2025-07-31,HistGBM,Unknown,118531,Unknown,0,5,0.003663003663003663,0.003599275960518165,0.003663003663003663,1,1.0,0.0,Missing
2025-07-31,HistGBM,Unknown,119598,Unknown,0,5,0.003663003663003663,0.0,0.003605601971985408,1,0.9843293383520163,-0.015670661647983676,OK
2025-07-31,HistGBM,Unknown,118479,Unknown,0,5,0.003663003663003663,0.0,0.003605354840950884,1,0.9842618715795913,-0.01573812842040869,OK
2025-07-31,HistGBM,Unknown,119424,Unknown,0,5,0.005128205128205128,0.005163557184517191,0.005128205128205128,1,1.0,0.0,Missing
2025-07-31,HistGBM,Unknown,149112,Unknown,0,5,0.005128205128205128,0.005163256608557426,0.005128205128205128,1,1.0,0.0,Missing
2025-07-31,HistGBM,Unknown,118506,Unknown,0,5,0.005128205128205128,0.005163292648581692,0.005128205128205128,1,1.0,0.0,Missing
2025-07-31,HistGBM,Unknown,118719,Unknown,0,5,0.005128205128205128,0.0,0.005128205128205128,1,1.0,0.0,Missing
2025-07-31,HistGBM,Unknown,147567,Unknown,0,5,0.005128205128205128,0.005163551053056124,0.005152376035513768,1,1.004713326925185,0.004713326925184877,OK
2025-07-31,HistGBM,Unknown,149679,Unknown,0,5,0.005128205128205128,0.005113161465778364,0.005128205128205128,1,1.0,0.0,Missing
2025-07-31,HistGBM,Unknown,140347,Unknown,0,5,0.005128205128205128,0.0051584416182787205,0.005128205128205128,1,1.0,0.0,Missing
2025-07-31,HistGBM,Unknown,145693,Unknown,0,5,0.005128205128205128,0.005110199827268767,0.005128205128205128,1,1.0,0.0,Missing
2025-07-31,HistGBM,Unknown,147496,Unknown,0,5,0.005128205128205128,0.0,0.005128205128205128,1,1.0,0.0,Missing
2025-07-31,HistGBM,Unknown,151952,Unknown,0,5,0.005128205128205128,0.0,0.005128205128205128,1,1.0,0.0,Missing
2025-07-31,HistGBM,Unknown,148711,Unknown,0,5,0.008547008547008546,0.008607686095337607,0.008543792338966714,1,0.9996237036591057,-0.0003762963408943063,OK
2025-07-31,HistGBM,Unknown,149049,Unknown,0,5,0.008547008547008546,0.0085963048433924,0.00847660857951401,1,0.9917632038031393,-0.008236796196860689,OK
2025-07-31,HistGBM,Unknown,147269,Unknown,0,5,0.008547008547008546,0.008618616170977743,0.008547008547008546,1,1.0,0.0,Missing
2025-07-31,HistGBM,Unknown,119081,Unknown,0,5,0.008547008547008546,0.0,0.008547008547008546,1,1.0,0.0,Missing
2025-07-31,HistGBM,Unknown,128006,Unknown,0,5,0.008547008547008546,0.008615165043084119,0.008547008547008546,1,1.0,0.0,Missing
2025-07-31,HistGBM,Unknown,119824,Unknown,0,5,0.008547008547008546,0.0,0.008530744079150632,1,0.9980970572606241,-0.0019029427393758643,OK
2025-08-31,HistGBM,Unknown,120520,Unknown,0,5,0.005128205128205128,0.0,0.005128205128205128,1,1.0,0.0,Missing
2025-08-31,HistGBM,Unknown,119953,Unknown,0,5,0.005128205128205128,0.005058222072461254,0.005128205128205128,1,1.0,0.0,Missing
2025-08-31,HistGBM,Unknown,119099,Unknown,0,5,0.005128205128205128,0.005058222072461254,0.005128205128205128,1,1.0,0.0,Missing
2025-08-31,HistGBM,Unknown,140298,Unknown,0,5,0.005128205128205128,0.0,0.005128205128205128,1,1.0,0.0,Missing
2025-08-31,HistGBM,Unknown,120447,Unknown,0,5,0.005128205128205128,0.005288570021914986,0.0052027602963587005,1,1.0145382577899467,0.01453825778994668,OK
2025-08-31,HistGBM,Unknown,118508,Unknown,0,5,0.008547008547008546,0.0,0.008547008547008546,1,1.0,0.0,Missing
2025-08-31,HistGBM,Unknown,147269,Unknown,0,5,0.008547008547008546,0.008430370120768756,0.008547008547008546,1,1.0,0.0,Missing
2025-08-31,HistGBM,Unknown,118656,Unknown,0,5,0.008547008547008546,0.0,0.008547008547008546,1,1.0,0.0,Missing
2025-08-31,HistGBM,Unknown,152731,Unknown,0,5,0.0006253908692933083,0.0,0.0006330141698752355,1,1.0121896576305016,0.01218965763050163,OK
2025-08-31,HistGBM,Unknown,148703,Unknown,0,5,0.0006253908692933083,0.0,0.0006253908692933083,1,1.0,0.0,Missing
2025-08-31,HistGBM,Unknown,118482,Unknown,0,5,0.0006253908692933083,0.0,0.0006301054648451263,1,1.007538638287357,0.007538638287357095,OK
2025-08-31,HistGBM,Unknown,119827,Unknown,0,5,0.0006253908692933083,0.0,0.0006300810690755916,1,1.007499629451871,0.007499629451871056,OK
2025-08-31,HistGBM,Unknown,149373,Unknown,0,5,0.0006253908692933083,0.0,0.0006301053510408417,1,1.007538456314306,0.007538456314306012,OK
2025-08-31,HistGBM,Unknown,152570,Unknown,0,5,0.0006253908692933083,0.0,0.0006253908692933083,1,1.0,0.0,Missing
2025-08-31,HistGBM,Unknown,151440,Unknown,0,5,0.0006253908692933083,0.0006168563503001529,0.0006253908692933083,1,1.0,0.0,Missing
2025-08-31,HistGBM,Unknown,152577,Unknown,0,5,0.0006253908692933083,0.0006168563503001529,0.0006253908692933083,1,1.0,0.0,Missing
2025-08-31,HistGBM,Unknown,152629,Unknown,0,5,0.0006253908692933083,0.0,0.00063672315949046,1,1.0181203320252454,0.018120332025245503,OK
2025-08-31,HistGBM,Unknown,118581,Unknown,0,5,0.0006253908692933083,0.0,0.0006253908692933083,1,1.0,0.0,Missing
2025-08-31,HistGBM,Unknown,152041,Unknown,0,5,0.0006253908692933083,0.0006532722480429789,0.0005980443969951257,1,0.956272990795206,-0.04372700920479397,OK
2025-08-31,HistGBM,Unknown,147794,Unknown,0,5,0.0006253908692933083,0.0,0.0006253908692933083,1,1.0,0.0,Missing
2025-08-31,HistGBM,Unknown,149868,Unknown,0,5,0.0006253908692933083,0.0,0.0006253908692933083,1,1.0,0.0,Missing
2025-08-31,HistGBM,Unknown,152389,Unknown,0,5,0.0006253908692933083,0.0,0.0006253908692933083,1,1.0,0.0,Missing
2025-08-31,HistGBM,Unknown,149858,Unknown,0,5,0.0006253908692933083,0.0,0.0006253908692933083,1,1.0,0.0,Missing
2025-08-31,HistGBM,Unknown,147666,Unknown,0,5,0.0006253908692933083,0.0,0.000632609273703592,1,1.0115422286520437,0.01154222865204373,OK
2025-08-31,HistGBM,Unknown,152092,Unknown,0,5,0.0006253908692933083,0.0,0.0006253908692933083,1,1.0,0.0,Missing
2025-08-31,HistGBM,Unknown,120716,Unknown,0,5,0.0006253908692933083,0.0,0.0006253908692933083,1,1.0,0.0,Missing
2025-08-31,HistGBM,Unknown,152654,Unknown,0,5,0.0006253908692933083,0.0,0.0006253908692933083,1,1.0,0.0,Missing
2025-08-31,HistGBM,Unknown,150326,Unknown,0,5,0.0006253908692933083,0.0006168563503001529,0.0006253908692933083,1,1.0,0.0,Missing
2025-08-31,HistGBM,Unknown,151739,Unknown,0,5,0.0006253908692933083,0.0,0.0006253908692933083,1,1.0,0.0,Missing
2025-08-31,HistGBM,Unknown,151728,Unknown,0,5,0.0006253908692933083,0.0,0.0006253908692933083,1,1.0,0.0,Missing
2025-08-31,HistGBM,Unknown,150591,Unknown,0,5,0.0006253908692933083,0.0,0.0006295563237653421,1,1.006660561700782,0.006660561700781931,OK
2025-08-31,HistGBM,Unknown,118741,Unknown,0,5,0.0006253908692933083,0.0,0.0006253908692933083,1,1.0,0.0,Missing
2025-08-31,HistGBM,Unknown,152716,Unknown,0,5,0.0006253908692933083,0.0,0.0006323900901102955,1,1.0111917540863624,0.011191754086362447,OK
2025-08-31,HistGBM,Unknown,118742,Unknown,0,5,0.0006253908692933083,0.0,0.0006253908692933083,1,1.0,0.0,Missing
2025-08-31,HistGBM,Unknown,152392,Unknown,0,5,0.0006253908692933083,0.0006168563503001529,0.0006253908692933083,1,1.0,0.0,Missing
2025-08-31,HistGBM,Unknown,150468,Unknown,0,5,0.0006253908692933083,0.0006168563503001529,0.0006253908692933083,1,1.0,0.0,Missing
2025-08-31,HistGBM,Unknown,149832,Unknown,0,5,0.0006253908692933083,0.0,0.0006326618798564745,1,1.0116263458905028,0.011626345890502885,OK
2025-08-31,HistGBM,Unknown,151785,Unknown,0,5,0.0006253908692933083,0.0006533445557317758,0.0005980664440415292,1,0.9563082440224052,-0.04369175597759482,OK
2025-08-31,HistGBM,Unknown,149804,Unknown,0,5,0.0006253908692933083,0.0006168563503001529,0.0006253908692933083,1,1.0,0.0,Missing
2025-08-31,HistGBM,Unknown,151781,Unknown,0,5,0.0006253908692933083,0.0,0.0006253908692933083,1,1.0,0.0,Missing
2025-08-31,HistGBM,Unknown,148978,Unknown,0,5,0.0006253908692933083,0.0,0.0006253908692933083,1,1.0,0.0,Missing
2025-08-31,HistGBM,Unknown,151157,Unknown,0,5,0.0006253908692933083,0.0,0.0006253908692933083,1,1.0,0.0,Missing
2025-08-31,HistGBM,Unknown,149250,Unknown,0,5,0.0006253908692933083,0.0,0.0006253908692933083,1,1.0,0.0,Missing
2025-08-31,HistGBM,Unknown,152535,Unknown,0,5,0.0006253908692933083,0.0006168563503001529,0.0006253908692933083,1,1.0,0.0,Missing
2025-08-31,HistGBM,Unknown,149210,Unknown,0,5,0.0006253908692933083,0.0006168563503001529,0.0006253908692933083,1,1.0,0.0,Missing
2025-08-31,HistGBM,Unknown,152793,Unknown,0,5,0.0006253908692933083,0.0,0.0006366460033339919,1,1.017996959331053,0.017996959331052918,OK
2025-08-31,HistGBM,Unknown,148792,Unknown,0,5,0.0006253908692933083,0.0,0.0006294354763993934,1,1.00646732676263,0.006467326762630174,OK
2025-08-31,HistGBM,Unknown,149039,Unknown,0,5,0.0006253908692933083,0.0,0.0006253908692933083,1,1.0,0.0,Missing
2025-08-31,HistGBM,Unknown,120307,Unknown,0,5,0.0006253908692933083,0.0,0.0006253908692933083,1,1.0,0.0,Missing
2025-08-31,HistGBM,Unknown,148564,Unknown,0,5,0.0007122507122507122,0.0,0.0007122507122507122,1,1.0,0.0,Missing
2025-08-31,HistGBM,Unknown,151368,Unknown,0,5,0.0007122507122507122,0.0,0.0007152272823914615,1,1.004179104477612,0.004179104477611957,OK
2025-08-31,HistGBM,Unknown,152415,Unknown,0,5,0.0007122507122507122,0.0,0.0007122507122507122,1,1.0,0.0,Missing
2025-08-31,HistGBM,Unknown,150624,Unknown,0,5,0.0007122507122507122,0.0007226031532087506,0.0007122507122507122,1,1.0,0.0,Missing
2025-08-31,HistGBM,Unknown,149329,Unknown,0,5,0.0007122507122507122,0.0007226031532087506,0.0007122507122507122,1,1.0,0.0,Missing
2025-08-31,HistGBM,Unknown,148623,Unknown,0,5,0.0007122507122507122,0.0007226031532087506,0.0007122507122507122,1,1.0,0.0,Missing
2025-08-31,HistGBM,Unknown,152321,Unknown,0,5,0.0007122507122507122,0.0007226031532087506,0.0007122507122507122,1,1.0,0.0,Missing
2025-08-31,HistGBM,Unknown,151384,Unknown,0,5,0.0007122507122507122,0.0007226031532087506,0.0007122507122507122,1,1.0,0.0,Missing
2025-08-31,HistGBM,Unknown,144835,Unknown,0,5,0.0007122507122507122,0.0007226031532087506,0.0007122507122507122,1,1.0,0.0,Missing
2025-08-31,HistGBM,Unknown,129212,Unknown,0,5,0.0007122507122507122,0.0,0.0007122507122507122,1,1.0,0.0,Missing
2025-08-31,HistGBM,Unknown,152679,Unknown,0,5,0.0007122507122507122,0.0007226031532087506,0.0007122507122507122,1,1.0,0.0,Missing
2025-08-31,HistGBM,Unknown,147844,Unknown,0,5,0.0007122507122507122,0.0,0.0007122507122507122,1,1.0,0.0,Missing
2025-08-31,HistGBM,Unknown,151916,Unknown,0,5,0.0007122507122507122,0.0,0.0007122507122507122,1,1.0,0.0,Missing
2025-08-31,HistGBM,Unknown,152189,Unknown,0,5,0.0007122507122507122,0.0,0.0007122507122507122,1,1.0,0.0,Missing
2025-08-31,HistGBM,Unknown,152677,Unknown,0,5,0.0007122507122507122,0.0007226031532087506,0.0007122507122507122,1,1.0,0.0,Missing
2025-08-31,HistGBM,Unknown,152169,Unknown,0,5,0.0007122507122507122,0.0,0.0007122507122507122,1,1.0,0.0,Missing
2025-08-31,HistGBM,Unknown,120733,Unknown,0,5,0.0007122507122507122,0.0007226031532087506,0.0007122507122507122,1,1.0,0.0,Missing
2025-08-31,HistGBM,Unknown,152644,Unknown,0,5,0.0007122507122507122,0.0007226031532087506,0.0007122507122507122,1,1.0,0.0,Missing
2025-08-31,HistGBM,Unknown,152067,Unknown,0,5,0.0007122507122507122,0.0,0.0007122507122507122,1,1.0,0.0,Missing
2025-08-31,HistGBM,Unknown,147727,Unknown,0,5,0.0007122507122507122,0.0,0.0007122507122507122,1,1.0,0.0,Missing
2025-08-31,HistGBM,Unknown,120782,Unknown,0,5,0.0007122507122507122,0.0007226031532087506,0.0007122507122507122,1,1.0,0.0,Missing
2025-08-31,HistGBM,Unknown,152082,Unknown,0,5,0.0007122507122507122,0.0007226031532087506,0.0007122507122507122,1,1.0,0.0,Missing
2025-08-31,HistGBM,Unknown,152214,Unknown,0,5,0.0007122507122507122,0.0,0.0007122507122507122,1,1.0,0.0,Missing
2025-08-31,HistGBM,Unknown,150539,Unknown,0,5,0.0007122507122507122,0.0,0.0007122507122507122,1,1.0,0.0,Missing
2025-08-31,HistGBM,Unknown,152336,Unknown,0,5,0.0007122507122507122,0.0,0.0007122507122507122,1,1.0,0.0,Missing
2025-08-31,HistGBM,Unknown,152349,Unknown,0,5,0.0007122507122507122,0.0007226031532087506,0.0007122507122507122,1,1.0,0.0,Missing
2025-08-31,HistGBM,Unknown,119732,Unknown,0,5,0.0007122507122507122,0.0,0.0007596940151481063,1,1.0666103972679413,0.06661039726794123,OK
2025-08-31,HistGBM,Unknown,118557,Unknown,0,5,0.0007122507122507122,0.0,0.0007122507122507122,1,1.0,0.0,Missing
2025-08-31,HistGBM,Unknown,151757,Unknown,0,5,0.0007122507122507122,0.0,0.0007122507122507122,1,1.0,0.0,Missing
2025-08-31,HistGBM,Unknown,120385,Unknown,0,5,0.0007122507122507122,0.0007226031532087506,0.0007122507122507122,1,1.0,0.0,Missing
2025-08-31,HistGBM,Unknown,133859,Unknown,0,5,0.0007122507122507122,0.0007529641264576397,0.0007328406504870719,1,1.028908273283849,0.028908273283848946,OK
2025-08-31,HistGBM,Unknown,118979,Unknown,0,5,0.0007122507122507122,0.0,0.0007122507122507122,1,1.0,0.0,Missing
2025-08-31,HistGBM,Unknown,152254,Unknown,0,5,0.0007122507122507122,0.0,0.0007122507122507122,1,1.0,0.0,Missing
2025-08-31,HistGBM,Unknown,134017,Unknown,0,5,0.0007122507122507122,0.0,0.0007122507122507122,1,1.0,0.0,Missing
2025-08-31,HistGBM,Unknown,152255,Unknown,0,5,0.0007122507122507122,0.0,0.0007122507122507122,1,1.0,0.0,Missing
2025-08-31,HistGBM,Unknown,119517,Unknown,0,5,0.0007122507122507122,0.0007226031532087506,0.0007122507122507122,1,1.0,0.0,Missing
2025-08-31,HistGBM,Unknown,118510,Unknown,0,5,0.004273504273504273,0.004215185060384378,0.004273504273504273,1,1.0,0.0,Missing
2025-08-31,HistGBM,Unknown,152226,Unknown,0,5,0.004273504273504273,0.004215185060384378,0.004273504273504273,1,1.0,0.0,Missing
2025-08-31,HistGBM,Unknown,152382,Unknown,0,5,0.004273504273504273,0.004215185060384378,0.004273504273504273,1,1.0,0.0,Missing
2025-08-31,HistGBM,Unknown,120826,Unknown,0,5,0.004273504273504273,0.0,0.004273504273504273,1,1.0,0.0,Missing
2025-08-31,HistGBM,Unknown,120357,Unknown,0,5,0.004273504273504273,0.004215185060384378,0.004273504273504273,1,1.0,0.0,Missing
2025-08-31,HistGBM,Unknown,119436,Unknown,0,5,0.004273504273504273,0.0,0.004273504273504273,1,1.0,0.0,Missing
2025-08-31,HistGBM,Unknown,142138,Unknown,0,5,0.008547008547008546,0.00879743070371337,0.008675407492524505,1,1.0150226766253672,0.015022676625367057,OK
2025-08-31,HistGBM,Unknown,142153,Unknown,0,5,0.008547008547008546,0.0,0.008547008547008546,1,1.0,0.0,Missing
2025-08-31,HistGBM,Unknown,143079,Unknown,0,5,0.008547008547008546,0.008430370120768756,0.008547008547008546,1,1.0,0.0,Missing
2025-08-31,HistGBM,Unknown,130050,Unknown,0,5,0.008547008547008546,0.0,0.008547008547008546,1,1.0,0.0,Missing
2025-08-31,HistGBM,Unknown,128006,Unknown,0,5,0.008547008547008546,0.008430370120768756,0.008547008547008546,1,1.0,0.0,Missing
2025-08-31,HistGBM,Unknown,118924,Unknown,0,5,0.008547008547008546,0.0,0.008547008547008546,1,1.0,0.0,Missing
2025-08-31,HistGBM,Unknown,119798,Unknown,0,5,0.008547008547008546,0.0,0.008609850539850118,1,1.0073525131624639,0.007352513162463895,OK
2025-08-31,HistGBM,Unknown,119082,Unknown,0,5,0.008547008547008546,0.0,0.008547008547008546,1,1.0,0.0,Missing
2025-08-31,HistGBM,Unknown,130722,Unknown,0,5,0.008547008547008546,0.0,0.008547008547008546,1,1.0,0.0,Missing
2025-08-31,HistGBM,Unknown,143494,Unknown,0,5,0.005128205128205128,0.005058222072461254,0.005128205128205128,1,1.0,0.0,Missing
2025-08-31,HistGBM,Unknown,144754,Unknown,0,5,0.005128205128205128,0.0,0.00515460740879131,1,1.0051484447143055,0.005148444714305503,OK
2025-08-31,HistGBM,Unknown,146075,Unknown,0,5,0.005128205128205128,0.005058222072461254,0.005128205128205128,1,1.0,0.0,Missing
2025-08-31,HistGBM,Unknown,152825,Unknown,0,5,0.005128205128205128,0.0,0.005128205128205128,1,1.0,0.0,Missing
2025-08-31,HistGBM,Unknown,119501,Unknown,0,5,0.005128205128205128,0.0,0.005128205128205128,1,1.0,0.0,Missing
2025-08-31,HistGBM,Unknown,120035,Unknown,0,5,0.002564102564102564,0.002529111036230627,0.002564102564102564,1,1.0,0.0,Missing
2025-08-31,HistGBM,Unknown,149455,Unknown,0,5,0.002564102564102564,0.0,0.002564102564102564,1,1.0,0.0,Missing
2025-08-31,HistGBM,Unknown,151548,Unknown,0,5,0.002564102564102564,0.0,0.002600615560084199,1,1.0142400684328376,0.014240068432837732,OK
2025-08-31,HistGBM,Unknown,119279,Unknown,0,5,0.002564102564102564,0.0,0.002564102564102564,1,1.0,0.0,Missing
2025-08-31,HistGBM,Unknown,152140,Unknown,0,5,0.002564102564102564,0.0,0.002564102564102564,1,1.0,0.0,Missing
2025-08-31,HistGBM,Unknown,152150,Unknown,0,5,0.002564102564102564,0.0,0.002564102564102564,1,1.0,0.0,Missing
2025-08-31,HistGBM,Unknown,150595,Unknown,0,5,0.002564102564102564,0.002529111036230627,0.002564102564102564,1,1.0,0.0,Missing
2025-08-31,HistGBM,Unknown,148760,Unknown,0,5,0.002564102564102564,0.002699532842331007,0.0026743189676743133,1,1.0429843973929822,0.042984397392982154,OK
2025-08-31,HistGBM,Unknown,152528,Unknown,0,5,0.002564102564102564,0.0,0.002564102564102564,1,1.0,0.0,Missing
2025-08-31,HistGBM,Unknown,148954,Unknown,0,5,0.002564102564102564,0.0,0.002656488054718143,1,1.0360303413400758,0.03603034134007587,OK
2025-08-31,HistGBM,Unknown,149450,Unknown,0,5,0.003205128205128205,0.0,0.003205128205128205,1,1.0,0.0,Missing
2025-08-31,HistGBM,Unknown,151412,Unknown,0,5,0.003205128205128205,0.0031613887952882842,0.003205128205128205,1,1.0,0.0,Missing
2025-08-31,HistGBM,Unknown,152135,Unknown,0,5,0.003205128205128205,0.0,0.003205128205128205,1,1.0,0.0,Missing
2025-08-31,HistGBM,Unknown,150346,Unknown,0,5,0.003205128205128205,0.0031613887952882842,0.003205128205128205,1,1.0,0.0,Missing
2025-08-31,HistGBM,Unknown,150571,Unknown,0,5,0.003205128205128205,0.0031613887952882842,0.003205128205128205,1,1.0,0.0,Missing
2025-08-31,HistGBM,Unknown,149763,Unknown,0,5,0.003205128205128205,0.0031613887952882842,0.003205128205128205,1,1.0,0.0,Missing
2025-08-31,HistGBM,Unknown,129046,Unknown,0,5,0.003205128205128205,0.0031613887952882842,0.003205128205128205,1,1.0,0.0,Missing
2025-08-31,HistGBM,Unknown,133839,Unknown,0,5,0.003205128205128205,0.0031613887952882842,0.003205128205128205,1,1.0,0.0,Missing
2025-08-31,HistGBM,Unknown,118285,Unknown,0,5,0.003205128205128205,0.0,0.003205128205128205,1,1.0,0.0,Missing
2025-08-31,HistGBM,Unknown,118620,Unknown,0,5,0.003205128205128205,0.0,0.003205128205128205,1,1.0,0.0,Missing
2025-08-31,HistGBM,Unknown,150159,Unknown,0,5,0.003205128205128205,0.0031613887952882842,0.003205128205128205,1,1.0,0.0,Missing
2025-08-31,HistGBM,Unknown,150587,Unknown,0,5,0.003205128205128205,0.0031613887952882842,0.003205128205128205,1,1.0,0.0,Missing
2025-08-31,HistGBM,Unknown,149570,Unknown,0,5,0.003205128205128205,0.0031613887952882842,0.003205128205128205,1,1.0,0.0,Missing
2025-08-31,HistGBM,Unknown,120079,Unknown,0,5,0.003205128205128205,0.0,0.003205128205128205,1,1.0,0.0,Missing
2025-08-31,HistGBM,Unknown,135781,Unknown,0,5,0.003205128205128205,0.0,0.003205128205128205,1,1.0,0.0,Missing
2025-08-31,HistGBM,Unknown,135601,Unknown,0,5,0.003205128205128205,0.0031613887952882842,0.003205128205128205,1,1.0,0.0,Missing
2025-08-31,HistGBM,Unknown,151952,Unknown,0,5,0.005128205128205128,0.005058222072461254,0.005128205128205128,1,1.0,0.0,Missing
2025-08-31,HistGBM,Unknown,147496,Unknown,0,5,0.005128205128205128,0.005058222072461254,0.005128205128205128,1,1.0,0.0,Missing
2025-08-31,HistGBM,Unknown,134643,Unknown,0,5,0.005128205128205128,0.0,0.005156387463603533,1,1.005495555402689,0.005495555402689015,OK
2025-08-31,HistGBM,Unknown,140347,Unknown,0,5,0.005128205128205128,0.005058222072461254,0.005128205128205128,1,1.0,0.0,Missing
2025-08-31,HistGBM,Unknown,151060,Unknown,0,5,0.005128205128205128,0.0,0.005128205128205128,1,1.0,0.0,Missing
2025-08-31,HistGBM,Unknown,148683,Unknown,0,5,0.004273504273504273,0.0,0.004313577485949534,1,1.0093771317121911,0.009377131712191223,OK
2025-08-31,HistGBM,Unknown,147825,Unknown,0,5,0.004273504273504273,0.0,0.004325779555137352,1,1.0122324159021405,0.012232415902140593,OK
2025-08-31,HistGBM,Unknown,152628,Unknown,0,5,0.004273504273504273,0.004215185060384378,0.004273504273504273,1,1.0,0.0,Missing
2025-08-31,HistGBM,Unknown,146930,Unknown,0,5,0.004273504273504273,0.004215185060384378,0.004273504273504273,1,1.0,0.0,Missing
2025-08-31,HistGBM,Unknown,119255,Unknown,0,5,0.004273504273504273,0.0,0.004273504273504273,1,1.0,0.0,Missing
2025-08-31,HistGBM,Unknown,136094,Unknown,0,5,0.004273504273504273,0.0,0.004273504273504273,1,1.0,0.0,Missing
2025-08-31,HistGBM,Unknown,132186,Unknown,0,5,0.0016025641025641025,0.0,0.0016025641025641025,1,1.0,0.0,Missing
2025-08-31,HistGBM,Unknown,149331,Unknown,0,5,0.0016025641025641025,0.0,0.0016025641025641025,1,1.0,0.0,Missing
2025-08-31,HistGBM,Unknown,148666,Unknown,0,5,0.0016025641025641025,0.0015806943976441421,0.0016025641025641025,1,1.0,0.0,Missing
2025-08-31,HistGBM,Unknown,149381,Unknown,0,5,0.0016025641025641025,0.0,0.0016025641025641025,1,1.0,0.0,Missing
2025-08-31,HistGBM,Unknown,148642,Unknown,0,5,0.0016025641025641025,0.0,0.0016025641025641025,1,1.0,0.0,Missing
2025-08-31,HistGBM,Unknown,132989,Unknown,0,5,0.0016025641025641025,0.0015806943976441421,0.0016025641025641025,1,1.0,0.0,Missing
2025-08-31,HistGBM,Unknown,112039,Unknown,0,5,0.0016025641025641025,0.0,0.0016025641025641025,1,1.0,0.0,Missing
2025-08-31,HistGBM,Unknown,152645,Unknown,0,5,0.0016025641025641025,0.0,0.0016025641025641025,1,1.0,0.0,Missing
2025-08-31,HistGBM,Unknown,148500,Unknown,0,5,0.0016025641025641025,0.0,0.0016025641025641025,1,1.0,0.0,Missing
2025-08-31,HistGBM,Unknown,129200,Unknown,0,5,0.0016025641025641025,0.0,0.0016025641025641025,1,1.0,0.0,Missing
2025-08-31,HistGBM,Unknown,152718,Unknown,0,5,0.0016025641025641025,0.0,0.0016025641025641025,1,1.0,0.0,Missing
2025-08-31,HistGBM,Unknown,148035,Unknown,0,5,0.0016025641025641025,0.0,0.0016025641025641025,1,1.0,0.0,Missing
2025-08-31,HistGBM,Unknown,146513,Unknown,0,5,0.0016025641025641025,0.0,0.0016025641025641025,1,1.0,0.0,Missing
2025-08-31,HistGBM,Unknown,149243,Unknown,0,5,0.0016025641025641025,0.0,0.0016023835973351238,1,0.9998873647371174,-0.0001126352628826815,OK
2025-08-31,HistGBM,Unknown,152459,Unknown,0,5,0.0016025641025641025,0.0,0.0016025641025641025,1,1.0,0.0,Missing
2025-08-31,HistGBM,Unknown,120242,Unknown,0,5,0.0016025641025641025,0.0,0.0016025641025641025,1,1.0,0.0,Missing
2025-08-31,HistGBM,Unknown,119861,Unknown,0,5,0.003205128205128205,0.003376611903600559,0.003220529208675319,1,1.0048051131066995,0.004805113106699591,OK
2025-08-31,HistGBM,Unknown,119568,Unknown,0,5,0.003205128205128205,0.003376774902960152,0.0032207312875196657,1,1.0048681617061357,0.004868161706135711,OK
2025-08-31,HistGBM,Unknown,118577,Unknown,0,5,0.003205128205128205,0.0033767643060406633,0.003220723037576051,1,1.004865587723728,0.004865587723727973,OK
2025-08-31,HistGBM,Unknown,149664,Unknown,0,5,0.003205128205128205,0.0033768339338654026,0.00322028677969368,1,1.0047294752644282,0.0047294752644282765,OK
2025-08-31,HistGBM,Unknown,119135,Unknown,0,5,0.003205128205128205,0.0033767948896842167,0.003220378639242982,1,1.0047581354438104,0.004758135443810391,OK
2025-08-31,HistGBM,Unknown,119125,Unknown,0,5,0.003205128205128205,0.0033766896992301816,0.00322047959217492,1,1.004789632758575,0.004789632758574971,OK
2025-08-31,HistGBM,Unknown,119303,Unknown,0,5,0.003205128205128205,0.0,0.0032205570081293533,1,1.0048137865363582,0.00481378653635829,OK
2025-08-31,HistGBM,Unknown,120389,Unknown,0,5,0.003205128205128205,0.0033767029459461414,0.003220508950110375,1,1.004798792434437,0.0047987924344370814,OK
2025-08-31,HistGBM,Unknown,151565,Unknown,0,5,0.005128205128205128,0.0,0.005128205128205128,1,1.0,0.0,Missing
2025-08-31,HistGBM,Unknown,149924,Unknown,0,5,0.005128205128205128,0.005058222072461254,0.005128205128205128,1,1.0,0.0,Missing
2025-08-31,HistGBM,Unknown,150316,Unknown,0,5,0.005128205128205128,0.005058222072461254,0.005128205128205128,1,1.0,0.0,Missing
2025-08-31,HistGBM,Unknown,150002,Unknown,0,5,0.005128205128205128,0.005058222072461254,0.005128205128205128,1,1.0,0.0,Missing
2025-08-31,HistGBM,Unknown,149190,Unknown,0,5,0.005128205128205128,0.005058222072461254,0.005128205128205128,1,1.0,0.0,Missing
2025-08-31,HistGBM,Unknown,119393,Unknown,0,5,0.008547008547008546,0.0,0.008547008547008546,1,1.0,0.0,Missing
2025-08-31,HistGBM,Unknown,120430,Unknown,0,5,0.008547008547008546,0.008430370120768756,0.008547008547008546,1,1.0,0.0,Missing
2025-08-31,HistGBM,Unknown,120059,Unknown,0,5,0.008547008547008546,0.0,0.008547008547008546,1,1.0,0.0,Missing
2025-08-31,HistGBM,Unknown,118531,Unknown,0,5,0.003663003663003663,0.003613015766043753,0.003663003663003663,1,1.0,0.0,Missing
2025-08-31,HistGBM,Unknown,152354,Unknown,0,5,0.003663003663003663,0.003613015766043753,0.003663003663003663,1,1.0,0.0,Missing
2025-08-31,HistGBM,Unknown,119133,Unknown,0,5,0.003663003663003663,0.0,0.003663003663003663,1,1.0,0.0,Missing
2025-08-31,HistGBM,Unknown,150797,Unknown,0,5,0.003663003663003663,0.003613015766043753,0.003663003663003663,1,1.0,0.0,Missing
2025-08-31,HistGBM,Unknown,120152,Unknown,0,5,0.003663003663003663,0.0,0.003663003663003663,1,1.0,0.0,Missing
2025-08-31,HistGBM,Unknown,120267,Unknown,0,5,0.003663003663003663,0.0,0.003663003663003663,1,1.0,0.0,Missing
2025-08-31,HistGBM,Unknown,118825,Unknown,0,5,0.003663003663003663,0.0,0.003663003663003663,1,1.0,0.0,Missing
2025-08-31,HistGBM,Unknown,147206,Unknown,0,5,0.004273504273504273,0.0,0.004273504273504273,1,1.0,0.0,Missing
2025-08-31,HistGBM,Unknown,152010,Unknown,0,5,0.004273504273504273,0.0,0.004273504273504273,1,1.0,0.0,Missing
2025-08-31,HistGBM,Unknown,120722,Unknown,0,5,0.004273504273504273,0.004215185060384378,0.004273504273504273,1,1.0,0.0,Missing
2025-08-31,HistGBM,Unknown,148481,Unknown,0,5,0.004273504273504273,0.004215185060384378,0.004273504273504273,1,1.0,0.0,Missing
2025-08-31,HistGBM,Unknown,118421,Unknown,0,5,0.004273504273504273,0.0043047425301858625,0.004348625218225274,1,1.0175783010647141,0.017578301064714145,OK
2025-08-31,HistGBM,Unknown,148883,Unknown,0,5,0.004273504273504273,0.004215185060384378,0.004273504273504273,1,1.0,0.0,Missing
2025-08-31,HistGBM,Unknown,145486,Unknown,0,5,0.003663003663003663,0.0,0.0036790988865916113,1,1.0043939960395099,0.004393996039509782,OK
2025-08-31,HistGBM,Unknown,147196,Unknown,0,5,0.003663003663003663,0.0038581087778772403,0.00367926691215466,1,1.0044398670182222,0.004439867018222216,OK
2025-08-31,HistGBM,Unknown,147287,Unknown,0,5,0.003663003663003663,0.0,0.003679166414173071,1,1.0044124310692484,0.004412431069248294,OK
2025-08-31,HistGBM,Unknown,145810,Unknown,0,5,0.003663003663003663,0.003858152828992968,0.0036792651093551084,1,1.0044393748539446,0.004439374853944655,OK
2025-08-31,HistGBM,Unknown,146675,Unknown,0,5,0.003663003663003663,0.0038581755909606625,0.0036792469697095403,1,1.0044344227307045,0.004434422730704531,OK
2025-08-31,HistGBM,Unknown,151849,Unknown,0,5,0.003663003663003663,0.0038582075558422505,0.0036791998345622693,1,1.0044215548354996,0.0044215548354996585,OK
2025-08-31,HistGBM,Unknown,147951,Unknown,0,5,0.003663003663003663,0.0038586204142877765,0.0036795471437019466,1,1.0045163702306315,0.004516370230631435,OK
2025-08-31,HistGBM,Unknown,118569,Unknown,0,5,0.005128205128205128,0.0,0.005128205128205128,1,1.0,0.0,Missing
2025-08-31,HistGBM,Unknown,118807,Unknown,0,5,0.005128205128205128,0.005058222072461254,0.005128205128205128,1,1.0,0.0,Missing
2025-08-31,HistGBM,Unknown,141588,Unknown,0,5,0.005128205128205128,0.0,0.00516031377218047,1,1.0062611855751917,0.006261185575191685,OK
2025-08-31,HistGBM,Unknown,118814,Unknown,0,5,0.005128205128205128,0.005058222072461254,0.005128205128205128,1,1.0,0.0,Missing
2025-08-31,HistGBM,Unknown,150996,Unknown,0,5,0.005128205128205128,0.0,0.005128205128205128,1,1.0,0.0,Missing
2025-08-31,HistGBM,Unknown,148618,Unknown,0,5,0.004273504273504273,0.0,0.004273504273504273,1,1.0,0.0,Missing
2025-08-31,HistGBM,Unknown,145137,Unknown,0,5,0.004273504273504273,0.004215185060384378,0.004273504273504273,1,1.0,0.0,Missing
2025-08-31,HistGBM,Unknown,152107,Unknown,0,5,0.004273504273504273,0.004215185060384378,0.004273504273504273,1,1.0,0.0,Missing
2025-08-31,HistGBM,Unknown,145678,Unknown,0,5,0.004273504273504273,0.004215185060384378,0.004273504273504273,1,1.0,0.0,Missing
2025-08-31,HistGBM,Unknown,147946,Unknown,0,5,0.004273504273504273,0.004320876415854131,0.004368121885539773,1,1.0221405212163068,0.022140521216306722,OK
2025-08-31,HistGBM,Unknown,149019,Unknown,0,5,0.004273504273504273,0.004215185060384378,0.004273504273504273,1,1.0,0.0,Missing
2025-08-31,HistGBM,Unknown,130206,Unknown,0,5,0.004273504273504273,0.004215185060384378,0.004273504273504273,1,1.0,0.0,Missing
2025-08-31,HistGBM,Unknown,147617,Unknown,0,5,0.004273504273504273,0.004215185060384378,0.004273504273504273,1,1.0,0.0,Missing
2025-08-31,HistGBM,Unknown,119771,Unknown,0,5,0.004273504273504273,0.004215185060384378,0.004273504273504273,1,1.0,0.0,Missing
2025-08-31,HistGBM,Unknown,119526,Unknown,0,5,0.004273504273504273,0.004215185060384378,0.004273504273504273,1,1.0,0.0,Missing
2025-08-31,HistGBM,Unknown,120364,Unknown,0,5,0.004273504273504273,0.004215185060384378,0.004273504273504273,1,1.0,0.0,Missing
2025-08-31,HistGBM,Unknown,120401,Unknown,0,5,0.004273504273504273,0.004215185060384378,0.004273504273504273,1,1.0,0.0,Missing
2025-08-31,HistGBM,Unknown,149460,Unknown,0,5,0.002564102564102564,0.00245067451155303,0.0025773608862415627,1,1.0051707456342094,0.005170745634209322,OK
2025-08-31,HistGBM,Unknown,150627,Unknown,0,5,0.002564102564102564,0.0,0.002564102564102564,1,1.0,0.0,Missing
2025-08-31,HistGBM,Unknown,149345,Unknown,0,5,0.002564102564102564,0.0024497274037446597,0.0025749145173582753,1,1.0042166617697275,0.004216661769727433,OK
2025-08-31,HistGBM,Unknown,149431,Unknown,0,5,0.002564102564102564,0.0024510786017797937,0.0025752901235364736,1,1.0043631481792248,0.004363148179224754,OK
2025-08-31,HistGBM,Unknown,149307,Unknown,0,5,0.002564102564102564,0.0024494236660116174,0.0025752169126656028,1,1.004334595939585,0.004334595939584975,OK
2025-08-31,HistGBM,Unknown,149878,Unknown,0,5,0.002564102564102564,0.0024498991839897797,0.00257766371660387,1,1.0052888494755092,0.005288849475509132,OK
2025-08-31,HistGBM,Unknown,149993,Unknown,0,5,0.002564102564102564,0.0024476137198776978,0.002578946272309971,1,1.0057890462008887,0.00578904620088875,OK
2025-08-31,HistGBM,Unknown,151681,Unknown,0,5,0.002564102564102564,0.0022991918511187518,0.002564102564102564,1,1.0,0.0,Missing
2025-08-31,HistGBM,Unknown,148387,Unknown,0,5,0.002564102564102564,0.0,0.0025806145064057964,1,1.0064396574982606,0.0064396574982605115,OK
2025-08-31,HistGBM,Unknown,151286,Unknown,0,5,0.002564102564102564,0.0,0.002564102564102564,1,1.0,0.0,Missing
2025-08-31,HistGBM,Unknown,152018,Unknown,0,5,0.005128205128205128,0.0,0.005128205128205128,1,1.0,0.0,Missing
2025-08-31,HistGBM,Unknown,119659,Unknown,0,5,0.005128205128205128,0.0,0.005128205128205128,1,1.0,0.0,Missing
2025-08-31,HistGBM,Unknown,149166,Unknown,0,5,0.005128205128205128,0.0,0.00524132730015083,1,1.022058823529412,0.022058823529411856,OK
2025-08-31,HistGBM,Unknown,135341,Unknown,0,5,0.005128205128205128,0.005058222072461254,0.005128205128205128,1,1.0,0.0,Missing
2025-08-31,HistGBM,Unknown,149085,Unknown,0,5,0.005128205128205128,0.0,0.005128205128205128,1,1.0,0.0,Missing
2025-08-31,HistGBM,Unknown,152219,Unknown,0,5,0.01282051282051282,0.012645555181153137,0.01282051282051282,1,1.0,0.0,Missing
2025-08-31,HistGBM,Unknown,148490,Unknown,0,5,0.01282051282051282,0.013399668186393059,0.013113457555803367,1,1.0228496893526626,0.022849689352662534,OK
2025-08-31,HistGBM,Unknown,120841,Unknown,0,5,0.004273504273504273,0.0,0.004273504273504273,1,1.0,0.0,Missing
2025-08-31,HistGBM,Unknown,119775,Unknown,0,5,0.004273504273504273,0.004215185060384378,0.004273504273504273,1,1.0,0.0,Missing
2025-08-31,HistGBM,Unknown,150584,Unknown,0,5,0.004273504273504273,0.004215185060384378,0.004273504273504273,1,1.0,0.0,Missing
2025-08-31,HistGBM,Unknown,125307,Unknown,0,5,0.004273504273504273,0.004215185060384378,0.004273504273504273,1,1.0,0.0,Missing
2025-08-31,HistGBM,Unknown,118989,Unknown,0,5,0.004273504273504273,0.004215185060384378,0.004273504273504273,1,1.0,0.0,Missing
2025-08-31,HistGBM,Unknown,140228,Unknown,0,5,0.004273504273504273,0.0,0.004273504273504273,1,1.0,0.0,Missing
2025-08-31,HistGBM,Unknown,120821,Unknown,0,5,0.005128205128205128,0.0,0.005128205128205128,1,1.0,0.0,Missing
2025-08-31,HistGBM,Unknown,148457,Unknown,0,5,0.005128205128205128,0.005058222072461254,0.005128205128205128,1,1.0,0.0,Missing
2025-08-31,HistGBM,Unknown,152344,Unknown,0,5,0.005128205128205128,0.005058222072461254,0.005128205128205128,1,1.0,0.0,Missing
2025-08-31,HistGBM,Unknown,151307,Unknown,0,5,0.005128205128205128,0.0,0.005128205128205128,1,1.0,0.0,Missing
2025-08-31,HistGBM,Unknown,152443,Unknown,0,5,0.005128205128205128,0.0,0.005128205128205128,1,1.0,0.0,Missing
2025-08-31,HistGBM,Unknown,145396,Unknown,0,5,0.003663003663003663,0.003613015766043753,0.003663003663003663,1,1.0,0.0,Missing
2025-08-31,HistGBM,Unknown,131670,Unknown,0,5,0.003663003663003663,0.003613015766043753,0.003663003663003663,1,1.0,0.0,Missing
2025-08-31,HistGBM,Unknown,148658,Unknown,0,5,0.003663003663003663,0.0,0.003663003663003663,1,1.0,0.0,Missing
2025-08-31,HistGBM,Unknown,151713,Unknown,0,5,0.003663003663003663,0.0,0.003663003663003663,1,1.0,0.0,Missing
2025-08-31,HistGBM,Unknown,152688,Unknown,0,5,0.003663003663003663,0.0,0.003663003663003663,1,1.0,0.0,Missing
2025-08-31,HistGBM,Unknown,152194,Unknown,0,5,0.003663003663003663,0.0,0.003663003663003663,1,1.0,0.0,Missing
2025-08-31,HistGBM,Unknown,151267,Unknown,0,5,0.003663003663003663,0.003613015766043753,0.003663003663003663,1,1.0,0.0,Missing
2025-08-31,HistGBM,Unknown,148628,Unknown,0,5,0.005128205128205128,0.0,0.005128205128205128,1,1.0,0.0,Missing
2025-08-31,HistGBM,Unknown,152162,Unknown,0,5,0.005128205128205128,0.005058222072461254,0.005128205128205128,1,1.0,0.0,Missing
2025-08-31,HistGBM,Unknown,151107,Unknown,0,5,0.005128205128205128,0.0,0.005128205128205128,1,1.0,0.0,Missing
2025-08-31,HistGBM,Unknown,120438,Unknown,0,5,0.005128205128205128,0.0,0.005157175522056243,1,1.0056492268009674,0.005649226800967347,OK
2025-08-31,HistGBM,Unknown,134547,Unknown,0,5,0.005128205128205128,0.0,0.005128205128205128,1,1.0,0.0,Missing
2025-08-31,HistGBM,Unknown,120823,Unknown,0,5,0.004273504273504273,0.0,0.004273504273504273,1,1.0,0.0,Missing
2025-08-31,HistGBM,Unknown,118650,Unknown,0,5,0.004273504273504273,0.0,0.004273504273504273,1,1.0,0.0,Missing
2025-08-31,HistGBM,Unknown,152071,Unknown,0,5,0.004273504273504273,0.004215185060384378,0.004273504273504273,1,1.0,0.0,Missing
2025-08-31,HistGBM,Unknown,118651,Unknown,0,5,0.004273504273504273,0.0,0.004273504273504273,1,1.0,0.0,Missing
2025-08-31,HistGBM,Unknown,151810,Unknown,0,5,0.004273504273504273,0.0,0.004273504273504273,1,1.0,0.0,Missing
2025-08-31,HistGBM,Unknown,151824,Unknown,0,5,0.004273504273504273,0.004215185060384378,0.004273504273504273,1,1.0,0.0,Missing
2025-08-31,HistGBM,Unknown,151889,Unknown,0,5,0.005128205128205128,0.0,0.005128205128205128,1,1.0,0.0,Missing
2025-08-31,HistGBM,Unknown,147567,Unknown,0,5,0.005128205128205128,0.0054022896281184125,0.005153644140326786,1,1.0049606073637234,0.004960607363723299,OK
2025-08-31,HistGBM,Unknown,118719,Unknown,0,5,0.005128205128205128,0.005058222072461254,0.005128205128205128,1,1.0,0.0,Missing
2025-08-31,HistGBM,Unknown,149112,Unknown,0,5,0.005128205128205128,0.005058222072461254,0.005128205128205128,1,1.0,0.0,Missing
2025-08-31,HistGBM,Unknown,119424,Unknown,0,5,0.005128205128205128,0.005058222072461254,0.005128205128205128,1,1.0,0.0,Missing
2025-08-31,HistGBM,Unknown,148592,Unknown,0,5,0.004273504273504273,0.004215185060384378,0.004273504273504273,1,1.0,0.0,Missing
2025-08-31,HistGBM,Unknown,133035,Unknown,0,5,0.004273504273504273,0.0,0.004273504273504273,1,1.0,0.0,Missing
2025-08-31,HistGBM,Unknown,143537,Unknown,0,5,0.004273504273504273,0.0,0.004273504273504273,1,1.0,0.0,Missing
2025-08-31,HistGBM,Unknown,118624,Unknown,0,5,0.004273504273504273,0.0,0.004273504273504273,1,1.0,0.0,Missing
2025-08-31,HistGBM,Unknown,120819,Unknown,0,5,0.004273504273504273,0.0,0.004273504273504273,1,1.0,0.0,Missing
2025-08-31,HistGBM,Unknown,140382,Unknown,0,5,0.004273504273504273,0.0044385112309499935,0.004327336032885453,1,1.0125966316951962,0.012596631695196094,OK
2025-08-31,HistGBM,Unknown,118574,Unknown,0,5,0.00641025641025641,0.0063227775905765685,0.00641025641025641,1,1.0,0.0,Missing
2025-08-31,HistGBM,Unknown,120705,Unknown,0,5,0.00641025641025641,0.0063227775905765685,0.00641025641025641,1,1.0,0.0,Missing
2025-08-31,HistGBM,Unknown,120073,Unknown,0,5,0.00641025641025641,0.0063227775905765685,0.00641025641025641,1,1.0,0.0,Missing
2025-08-31,HistGBM,Unknown,118309,Unknown,0,5,0.00641025641025641,0.0063227775905765685,0.00641025641025641,1,1.0,0.0,Missing
2025-08-31,HistGBM,Unknown,119671,Unknown,0,5,0.005128205128205128,0.0,0.005174191274878444,1,1.0089672986012965,0.00896729860129642,OK
2025-08-31,HistGBM,Unknown,151087,Unknown,0,5,0.005128205128205128,0.0,0.005128205128205128,1,1.0,0.0,Missing
2025-08-31,HistGBM,Unknown,119505,Unknown,0,5,0.005128205128205128,0.005058222072461254,0.005128205128205128,1,1.0,0.0,Missing
2025-08-31,HistGBM,Unknown,134494,Unknown,0,5,0.005128205128205128,0.0,0.005128205128205128,1,1.0,0.0,Missing
2025-08-31,HistGBM,Unknown,120451,Unknown,0,5,0.005128205128205128,0.005331917424584763,0.005171008218904167,1,1.0083466026863126,0.00834660268631252,OK
2025-08-31,HistGBM,Unknown,120513,Unknown,0,5,0.00641025641025641,0.00674996947564363,0.006444996298335099,1,1.0054194225402755,0.005419422540275515,OK
2025-08-31,HistGBM,Unknown,118702,Unknown,0,5,0.00641025641025641,0.0063227775905765685,0.00641025641025641,1,1.0,0.0,Missing
2025-08-31,HistGBM,Unknown,118709,Unknown,0,5,0.00641025641025641,0.0063227775905765685,0.00641025641025641,1,1.0,0.0,Missing
2025-08-31,HistGBM,Unknown,133810,Unknown,0,5,0.00641025641025641,0.0063227775905765685,0.00641025641025641,1,1.0,0.0,Missing
2025-08-31,HistGBM,Unknown,118796,Unknown,0,5,0.005128205128205128,0.005058222072461254,0.005128205128205128,1,1.0,0.0,Missing
2025-08-31,HistGBM,Unknown,120510,Unknown,0,5,0.005128205128205128,0.005383762689721279,0.005161270347697315,1,1.0064477178009765,0.0064477178009765025,OK
2025-08-31,HistGBM,Unknown,123704,Unknown,0,5,0.005128205128205128,0.0,0.005128205128205128,1,1.0,0.0,Missing
2025-08-31,HistGBM,Unknown,119400,Unknown,0,5,0.005128205128205128,0.005058222072461254,0.005128205128205128,1,1.0,0.0,Missing
2025-08-31,HistGBM,Unknown,119498,Unknown,0,5,0.005128205128205128,0.0,0.005128205128205128,1,1.0,0.0,Missing
2025-08-31,HistGBM,Unknown,151523,Unknown,0,5,0.01282051282051282,0.0,0.01282051282051282,1,1.0,0.0,Missing
2025-08-31,HistGBM,Unknown,151313,Unknown,0,5,0.01282051282051282,0.012645555181153137,0.01282051282051282,1,1.0,0.0,Missing
2025-09-30,HistGBM,Unknown,119505,Unknown,0,5,0.005128205128205128,0.005072032196158805,0.005163807734487486,1,1.0069425082250598,0.006942508225059897,OK
2025-09-30,HistGBM,Unknown,151087,Unknown,0,5,0.005128205128205128,0.005072032196158805,0.005157108260693523,1,1.005636110835237,0.005636110835236962,OK
2025-09-30,HistGBM,Unknown,134494,Unknown,0,5,0.005128205128205128,0.005072032196158805,0.0051608745112445295,1,1.0063705296926833,0.006370529692683345,OK
2025-09-30,HistGBM,Unknown,120435,Unknown,0,5,0.005128205128205128,0.0,0.005172826493251348,1,1.0087011661840128,0.008701166184012756,OK
2025-09-30,HistGBM,Unknown,120451,Unknown,0,5,0.005128205128205128,0.005348228469215035,0.0051822920888539275,1,1.0105469573265158,0.010546957326515892,OK
2025-09-30,HistGBM,Unknown,152206,Unknown,0,5,0.000693000693000693,0.0,0.0007243683616702415,1,1.0452635458901585,0.04526354589015855,OK
2025-09-30,HistGBM,Unknown,118539,Unknown,0,5,0.000693000693000693,0.0,0.0007180006151682254,1,1.0360748876877492,0.03607488768774932,OK
2025-09-30,HistGBM,Unknown,151040,Unknown,0,5,0.000693000693000693,0.0,0.0007147686059030274,1,1.0314110983180684,0.03141109831806837,OK
2025-09-30,HistGBM,Unknown,151757,Unknown,0,5,0.000693000693000693,0.0007044489161331673,0.0007145930802321257,1,1.0311578147749574,0.031157814774957295,OK
2025-09-30,HistGBM,Unknown,120594,Unknown,0,5,0.000693000693000693,0.0,0.0007348575937045123,1,1.0603995077156112,0.060399507715611186,OK
2025-09-30,HistGBM,Unknown,151753,Unknown,0,5,0.000693000693000693,0.0,0.0007082314774622466,1,1.021978021978022,0.0219780219780219,OK
2025-09-30,HistGBM,Unknown,118469,Unknown,0,5,0.000693000693000693,0.0,0.0007088287916997016,1,1.0228399464226694,0.02283994642266939,OK
2025-09-30,HistGBM,Unknown,120405,Unknown,0,5,0.000693000693000693,0.0,0.000707117202923354,1,1.0203701238183998,0.020370123818399696,OK
2025-09-30,HistGBM,Unknown,120539,Unknown,0,5,0.000693000693000693,0.0,0.0007329742157516897,1,1.0576817933296883,0.05768179332968826,OK
2025-09-30,HistGBM,Unknown,152644,Unknown,0,5,0.000693000693000693,0.0007044489161331673,0.000718521663741857,1,1.0368267607794996,0.036826760779499666,OK
2025-09-30,HistGBM,Unknown,152710,Unknown,0,5,0.000693000693000693,0.0,0.0007162360063476925,1,1.0335285571597204,0.03352855715972042,OK
2025-09-30,HistGBM,Unknown,152169,Unknown,0,5,0.000693000693000693,0.0007044489161331673,0.0007202529929802656,1,1.0393250688705233,0.0393250688705234,OK
2025-09-30,HistGBM,Unknown,152067,Unknown,0,5,0.000693000693000693,0.0007044489161331673,0.0007105302214914357,1,1.0252951096121417,0.025295109612141698,OK
2025-09-30,HistGBM,Unknown,119711,Unknown,0,5,0.000693000693000693,0.0,0.0007131587591072038,1,1.0290880893916952,0.02908808939169514,OK
2025-09-30,HistGBM,Unknown,152677,Unknown,0,5,0.000693000693000693,0.0007044489161331673,0.0007085822858965885,1,1.0224842385487773,0.02248423854877731,OK
2025-09-30,HistGBM,Unknown,152189,Unknown,0,5,0.000693000693000693,0.0007044489161331673,0.0007120021341535648,1,1.027419079583594,0.02741907958359407,OK
2025-09-30,HistGBM,Unknown,152059,Unknown,0,5,0.000693000693000693,0.0,0.0007355027594850401,1,1.061330481936913,0.061330481936912914,OK
2025-09-30,HistGBM,Unknown,152024,Unknown,0,5,0.000693000693000693,0.0,0.0007133981543436564,1,1.0294335367178962,0.029433536717896173,OK
2025-09-30,HistGBM,Unknown,152349,Unknown,0,5,0.000693000693000693,0.0007044489161331673,0.0007234710158770794,1,1.0439686759106257,0.04396867591062577,OK
2025-09-30,HistGBM,Unknown,152462,Unknown,0,5,0.000693000693000693,0.0,0.0007305894879859377,1,1.054240631163708,0.05424063116370813,OK
2025-09-30,HistGBM,Unknown,120385,Unknown,0,5,0.000693000693000693,0.0007044489161331673,0.0007328467186127318,1,1.057497814958172,0.057497814958171925,OK
2025-09-30,HistGBM,Unknown,152679,Unknown,0,5,0.000693000693000693,0.0007044489161331673,0.0007249112375089786,1,1.0460469157254562,0.04604691572545607,OK
2025-09-30,HistGBM,Unknown,152082,Unknown,0,5,0.000693000693000693,0.0007044489161331673,0.0007157630476016127,1,1.032846077689127,0.03284607768912702,OK
2025-09-30,HistGBM,Unknown,151901,Unknown,0,5,0.000693000693000693,0.0,0.0007091328031196101,1,1.0232786349015974,0.023278634901597317,OK
2025-09-30,HistGBM,Unknown,120782,Unknown,0,5,0.000693000693000693,0.0007044489161331673,0.0007094988397697108,1,1.0238068257876927,0.023806825787692578,OK
2025-09-30,HistGBM,Unknown,135800,Unknown,0,5,0.000693000693000693,0.0,0.0007311497918602287,1,1.05504914965431,0.055049149654309945,OK
2025-09-30,HistGBM,Unknown,119243,Unknown,0,5,0.000693000693000693,0.0,0.0007078508077177064,1,1.0214287155366504,0.021428715536650326,OK
2025-09-30,HistGBM,Unknown,151853,Unknown,0,5,0.000693000693000693,0.0,0.0007136321855364217,1,1.0297712437290565,0.029771243729056505,OK
2025-09-30,HistGBM,Unknown,152254,Unknown,0,5,0.000693000693000693,0.0007044489161331673,0.0007244365282475402,1,1.0453619102612004,0.045361910261200386,OK
2025-09-30,HistGBM,Unknown,149329,Unknown,0,5,0.000693000693000693,0.0007044489161331673,0.0007397486862168448,1,1.067457354210907,0.06745735421090694,OK
2025-09-30,HistGBM,Unknown,133801,Unknown,0,5,0.000693000693000693,0.0,0.0007235878428495373,1,1.0441372572318823,0.04413725723188238,OK
2025-09-30,HistGBM,Unknown,133859,Unknown,0,5,0.000693000693000693,0.0007579564882539708,0.0007238873960023837,1,1.0445695124314396,0.04456951243143961,OK
2025-09-30,HistGBM,Unknown,134017,Unknown,0,5,0.000693000693000693,0.0007044489161331673,0.0007350545099526831,1,1.0606836578617218,0.060683657861721765,OK
2025-09-30,HistGBM,Unknown,152417,Unknown,0,5,0.000693000693000693,0.0,0.0007220119325214328,1,1.0418632186284276,0.04186321862842761,OK
2025-09-30,HistGBM,Unknown,119597,Unknown,0,5,0.000693000693000693,0.0,0.0007349720085709014,1,1.0605646083678109,0.0605646083678109,OK
2025-09-30,HistGBM,Unknown,150624,Unknown,0,5,0.000693000693000693,0.0007044489161331673,0.0007122620477937874,1,1.0277941349664352,0.027794134966435128,OK
2025-09-30,HistGBM,Unknown,151384,Unknown,0,5,0.000693000693000693,0.0007044489161331673,0.0007268967492275238,1,1.0489120091353168,0.04891200913531682,OK
2025-09-30,HistGBM,Unknown,152864,Unknown,0,5,0.0005963029218843172,0.0,0.0006317346055400546,1,1.0594189334906716,0.059418933490671726,OK
2025-09-30,HistGBM,Unknown,152814,Unknown,0,5,0.0005963029218843172,0.0,0.0006329476871320312,1,1.0614532713204163,0.06145327132041627,OK
2025-09-30,HistGBM,Unknown,151781,Unknown,0,5,0.0005963029218843172,0.0006185405117266835,0.0006280923593585092,1,1.05331088664422,0.053310886644219964,OK
2025-09-30,HistGBM,Unknown,151649,Unknown,0,5,0.0005963029218843172,0.0,0.0006280276216790993,1,1.0532023215558497,0.0532023215558498,OK
2025-09-30,HistGBM,Unknown,150591,Unknown,0,5,0.0005963029218843172,0.0006511324119399084,0.0006280576134770704,1,1.053252617801047,0.05325261780104706,OK
2025-09-30,HistGBM,Unknown,151727,Unknown,0,5,0.0005963029218843172,0.0,0.0006183153469719408,1,1.0369148368719447,0.03691483687194474,OK
2025-09-30,HistGBM,Unknown,152869,Unknown,0,5,0.0005963029218843172,0.0,0.0006000571215074837,1,1.0062957927680503,0.006295792768050297,OK
2025-09-30,HistGBM,Unknown,150847,Unknown,0,5,0.0005963029218843172,0.0,0.0006001149723783731,1,1.0063928086785319,0.006392808678531939,OK
2025-09-30,HistGBM,Unknown,149881,Unknown,0,5,0.0005963029218843172,0.0,0.0006156298414578303,1,1.0324112441247815,0.032411244124781365,OK
2025-09-30,HistGBM,Unknown,152041,Unknown,0,5,0.0005963029218843172,0.0006185405117266835,0.0006371846844750584,1,1.068558715864673,0.06855871586467302,OK
2025-09-30,HistGBM,Unknown,152637,Unknown,0,5,0.0005963029218843172,0.0,0.0006119879030157665,1,1.0263037133574404,0.02630371335744048,OK
2025-09-30,HistGBM,Unknown,149894,Unknown,0,5,0.0005963029218843172,0.0,0.0006281679167234281,1,1.053437596345189,0.05343759634518897,OK
2025-09-30,HistGBM,Unknown,150920,Unknown,0,5,0.0005963029218843172,0.0,0.0005999497175665111,1,1.006115676359039,0.006115676359039114,OK
2025-09-30,HistGBM,Unknown,152663,Unknown,0,5,0.0005963029218843172,0.0,0.0006183309552122145,1,1.0369410118908837,0.03694101189088371,OK
2025-09-30,HistGBM,Unknown,152392,Unknown,0,5,0.0005963029218843172,0.0006185405117266835,0.0006371759282901209,1,1.0685440317425328,0.0685440317425328,OK
2025-09-30,HistGBM,Unknown,150468,Unknown,0,5,0.0005963029218843172,0.0006185405117266835,0.000637220643308335,1,1.0686190188280777,0.06861901882807774,OK
2025-09-30,HistGBM,Unknown,150452,Unknown,0,5,0.0005963029218843172,0.0,0.0006280539020573597,1,1.0532463937501924,0.05324639375019227,OK
2025-09-30,HistGBM,Unknown,150892,Unknown,0,5,0.0005963029218843172,0.0,0.0006184262698998494,1,1.0371008546220475,0.03710085462204743,OK
2025-09-30,HistGBM,Unknown,151785,Unknown,0,5,0.0005963029218843172,0.0006185633143671447,0.0006372199895887655,1,1.0686179225403598,0.06861792254035974,OK
2025-09-30,HistGBM,Unknown,152654,Unknown,0,5,0.0005963029218843172,0.0006185405117266835,0.0006303866288136277,1,1.0571583765204537,0.057158376520453746,OK
2025-09-30,HistGBM,Unknown,152177,Unknown,0,5,0.0005963029218843172,0.0,0.0006223927094782798,1,1.0437525737950752,0.04375257379507529,OK
2025-09-30,HistGBM,Unknown,152264,Unknown,0,5,0.0005963029218843172,0.0,0.0006184871550653009,1,1.0372029590445098,0.03720295904450972,OK
2025-09-30,HistGBM,Unknown,149858,Unknown,0,5,0.0005963029218843172,0.0006185405117266835,0.000630456958890922,1,1.0572763200600763,0.05727632006007641,OK
2025-09-30,HistGBM,Unknown,150902,Unknown,0,5,0.0005963029218843172,0.0,0.0006286397042279732,1,1.054228783990311,0.05422878399031117,OK
2025-09-30,HistGBM,Unknown,152389,Unknown,0,5,0.0005963029218843172,0.0006185405117266835,0.0006304325379262887,1,1.057235366102386,0.05723536610238619,OK
2025-09-30,HistGBM,Unknown,152875,Unknown,0,5,0.0005963029218843172,0.0,0.0006304178522892909,1,1.057210738289141,0.05721073828914095,OK
2025-09-30,HistGBM,Unknown,151440,Unknown,0,5,0.0005963029218843172,0.0006185405117266835,0.000599880489034073,1,1.0059995801101405,0.005999580110140414,OK
2025-09-30,HistGBM,Unknown,149219,Unknown,0,5,0.0005963029218843172,0.0,0.0006240916563288729,1,1.04660170766352,0.04660170766352,OK
2025-09-30,HistGBM,Unknown,150738,Unknown,0,5,0.0005963029218843172,0.0,0.0006285990036541659,1,1.0541605291280363,0.05416052912803627,OK
2025-09-30,HistGBM,Unknown,150706,Unknown,0,5,0.0005963029218843172,0.0,0.0005995873748702029,1,1.0055080276573303,0.005508027657330296,OK
2025-09-30,HistGBM,Unknown,148703,Unknown,0,5,0.0005963029218843172,0.0006185405117266835,0.0006281765554708521,1,1.053452083524619,0.05345208352461898,OK
2025-09-30,HistGBM,Unknown,152570,Unknown,0,5,0.0005963029218843172,0.0006185405117266835,0.0006533265534700686,1,1.095628630169305,0.09562863016930497,OK
2025-09-30,HistGBM,Unknown,150681,Unknown,0,5,0.0005963029218843172,0.0,0.0005998375122065646,1,1.0059275079704089,0.005927507970408821,OK
2025-09-30,HistGBM,Unknown,150733,Unknown,0,5,0.0005963029218843172,0.0,0.0005990482971235035,1,1.0046039942761154,0.00460399427611527,OK
2025-09-30,HistGBM,Unknown,152564,Unknown,0,5,0.0005963029218843172,0.0,0.0006091222462515266,1,1.0214980069638102,0.021498006963810237,OK
2025-09-30,HistGBM,Unknown,151495,Unknown,0,5,0.0005963029218843172,0.0,0.0005996697544352548,1,1.0056461781879222,0.005646178187922125,OK
2025-09-30,HistGBM,Unknown,151273,Unknown,0,5,0.0005963029218843172,0.0,0.0005993564882747933,1,1.0051208308368285,0.005120830836828426,OK
2025-09-30,HistGBM,Unknown,150671,Unknown,0,5,0.0005963029218843172,0.0,0.0006004734550309717,1,1.0069939840869395,0.006993984086939618,OK
2025-09-30,HistGBM,Unknown,151489,Unknown,0,5,0.0005963029218843172,0.0,0.0005999019245621653,1,1.0060355274907513,0.006035527490751326,OK
2025-09-30,HistGBM,Unknown,152887,Unknown,0,5,0.0005963029218843172,0.0,0.0005998894432907436,1,1.006014596398577,0.0060145963985770235,OK
2025-09-30,HistGBM,Unknown,150778,Unknown,0,5,0.0005963029218843172,0.0,0.0005997251199502477,1,1.0057390261565655,0.0057390261565655205,OK
2025-09-30,HistGBM,Unknown,150636,Unknown,0,5,0.0005963029218843172,0.0,0.0006183335172332795,1,1.0369453084002098,0.03694530840020986,OK
2025-09-30,HistGBM,Unknown,152535,Unknown,0,5,0.0005963029218843172,0.0006185405117266835,0.0006368569511075351,1,1.0680091070073363,0.06800910700733624,OK
2025-09-30,HistGBM,Unknown,120242,Unknown,0,5,0.0016025641025641025,0.0015850100612996264,0.0016767188623928659,1,1.0462725701331483,0.0462725701331484,OK
2025-09-30,HistGBM,Unknown,152645,Unknown,0,5,0.0016025641025641025,0.0015850100612996264,0.0016701971096358098,1,1.0422029964127453,0.042202996412745344,OK
2025-09-30,HistGBM,Unknown,145552,Unknown,0,5,0.0016025641025641025,0.0,0.0017615221379427284,1,1.0991898140762626,0.09918981407626254,OK
2025-09-30,HistGBM,Unknown,119781,Unknown,0,5,0.0016025641025641025,0.0,0.0016780901234547524,1,1.0471282370357655,0.04712823703576555,OK
2025-09-30,HistGBM,Unknown,120546,Unknown,0,5,0.0016025641025641025,0.0,0.0016605312323086736,1,1.0361714889606124,0.0361714889606123,OK
2025-09-30,HistGBM,Unknown,149170,Unknown,0,5,0.0016025641025641025,0.0,0.0016740289986912579,1,1.044594095183345,0.0445940951833449,OK
2025-09-30,HistGBM,Unknown,150581,Unknown,0,5,0.0016025641025641025,0.0,0.0016847076745168678,1,1.0512575888985256,0.051257588898525684,OK
2025-09-30,HistGBM,Unknown,152183,Unknown,0,5,0.0016025641025641025,0.0,0.0016735557237799827,1,1.0442987716387093,0.044298771638709405,OK
2025-09-30,HistGBM,Unknown,120685,Unknown,0,5,0.0016025641025641025,0.0,0.0016621911093634763,1,1.0372072522428093,0.03720725224280929,OK
2025-09-30,HistGBM,Unknown,152287,Unknown,0,5,0.0016025641025641025,0.0,0.0016593562875318391,1,1.0354383234198676,0.035438323419867655,OK
2025-09-30,HistGBM,Unknown,118663,Unknown,0,5,0.0016025641025641025,0.0,0.001671918444338529,1,1.0432771092672422,0.043277109267242216,OK
2025-09-30,HistGBM,Unknown,115132,Unknown,0,5,0.0016025641025641025,0.0,0.0016715730181221522,1,1.043061563308223,0.04306156330822307,OK
2025-09-30,HistGBM,Unknown,120473,Unknown,0,5,0.0016025641025641025,0.0,0.0016703677332467626,1,1.04230946554598,0.04230946554598003,OK
2025-09-30,HistGBM,Unknown,119788,Unknown,0,5,0.0016025641025641025,0.0,0.001668110880985543,1,1.040901189734979,0.04090118973497896,OK
2025-09-30,HistGBM,Unknown,150714,Unknown,0,5,0.0016025641025641025,0.0,0.0016707563315338115,1,1.0425519508770984,0.042551950877098496,OK
2025-09-30,HistGBM,Unknown,120531,Unknown,0,5,0.0016025641025641025,0.0,0.001675953727769834,1,1.0457951261283764,0.045795126128376384,OK
2025-09-30,HistGBM,Unknown,119135,Unknown,0,5,0.003205128205128205,0.0033307471175710555,0.0032208919792297876,1,1.0049182975196937,0.004918297519693786,OK
2025-09-30,HistGBM,Unknown,118577,Unknown,0,5,0.003205128205128205,0.003331103319087606,0.003220663865012058,1,1.0048471258837621,0.004847125883762098,OK
2025-09-30,HistGBM,Unknown,140196,Unknown,0,5,0.003205128205128205,0.0,0.0032208259840320053,1,1.0048977070179856,0.004897707017985695,OK
2025-09-30,HistGBM,Unknown,120389,Unknown,0,5,0.003205128205128205,0.0033308818944388025,0.003220779907331736,1,1.0048833310875016,0.004883331087501658,OK
2025-09-30,HistGBM,Unknown,138299,Unknown,0,5,0.003205128205128205,0.0,0.003220653033393688,1,1.0048437464188307,0.004843746418830627,OK
2025-09-30,HistGBM,Unknown,119861,Unknown,0,5,0.003205128205128205,0.0033309028473031553,0.0032207384262898132,1,1.0048703890024218,0.004870389002421783,OK
2025-09-30,HistGBM,Unknown,119568,Unknown,0,5,0.003205128205128205,0.003331111851772421,0.003220714299884908,1,1.0048628615640913,0.004862861564091318,OK
2025-09-30,HistGBM,Unknown,118305,Unknown,0,5,0.003205128205128205,0.0,0.0032207931144035843,1,1.0048874516939184,0.004887451693918339,OK
2025-09-30,HistGBM,Unknown,140298,Unknown,0,5,0.005128205128205128,0.005072032196158805,0.005135775668186182,1,1.0014762552963055,0.0014762552963054924,OK
2025-09-30,HistGBM,Unknown,119707,Unknown,0,5,0.005128205128205128,0.0,0.0051594229158498485,1,1.0060874685907204,0.006087468590720475,OK
2025-09-30,HistGBM,Unknown,119099,Unknown,0,5,0.005128205128205128,0.005072032196158805,0.005137779936498306,1,1.0018670876171698,0.001867087617169765,OK
2025-09-30,HistGBM,Unknown,120447,Unknown,0,5,0.005128205128205128,0.0053810687505315945,0.005159363681049244,1,1.0060759178046026,0.0060759178046026294,OK
2025-09-30,HistGBM,Unknown,119953,Unknown,0,5,0.005128205128205128,0.005072032196158805,0.005145135388479468,1,1.0033014007534962,0.003301400753496189,OK
2025-09-30,HistGBM,Unknown,140347,Unknown,0,5,0.005128205128205128,0.005072032196158805,0.0052192669866019375,1,1.0177570623873777,0.01775706238737775,OK
2025-09-30,HistGBM,Unknown,145693,Unknown,0,5,0.005128205128205128,0.0,0.00523964175363082,1,1.0217301419580098,0.021730141958009784,OK
2025-09-30,HistGBM,Unknown,149679,Unknown,0,5,0.005128205128205128,0.0,0.005226485149675552,1,1.0191646041867326,0.01916460418673266,OK
2025-09-30,HistGBM,Unknown,151060,Unknown,0,5,0.005128205128205128,0.005072032196158805,0.005182258570496539,1,1.0105404212468252,0.010540421246825093,OK
2025-09-30,HistGBM,Unknown,131373,Unknown,0,5,0.005128205128205128,0.0,0.005201591116160049,1,1.0143102676512095,0.01431026765120947,OK
2025-09-30,HistGBM,Unknown,148457,Unknown,0,5,0.005128205128205128,0.005072032196158805,0.0052892573217103046,1,1.0314051777335094,0.03140517773350942,OK
2025-09-30,HistGBM,Unknown,152064,Unknown,0,5,0.005128205128205128,0.0,0.005286235908774428,1,1.0308160022110135,0.03081600221101359,OK
2025-09-30,HistGBM,Unknown,152056,Unknown,0,5,0.005128205128205128,0.0,0.0053049168193072755,1,1.0344587797649187,0.03445877976491879,OK
2025-09-30,HistGBM,Unknown,152787,Unknown,0,5,0.005128205128205128,0.0,0.005320856841429291,1,1.037567084078712,0.03756708407871198,OK
2025-09-30,HistGBM,Unknown,152443,Unknown,0,5,0.005128205128205128,0.005072032196158805,0.005331149196268339,1,1.039574093272326,0.03957409327232618,OK
2025-09-30,HistGBM,Unknown,125503,Unknown,0,5,0.005128205128205128,0.0,0.005171656430520572,1,1.0084730039515115,0.008473003951511428,OK
2025-09-30,HistGBM,Unknown,129008,Unknown,0,5,0.005128205128205128,0.0,0.005167156623597533,1,1.007595541601519,0.007595541601518979,OK
2025-09-30,HistGBM,Unknown,120338,Unknown,0,5,0.005128205128205128,0.0,0.0051668990183645295,1,1.0075453085810833,0.007545308581083333,OK
2025-09-30,HistGBM,Unknown,151107,Unknown,0,5,0.005128205128205128,0.005072032196158805,0.005166967907994309,1,1.0075587420588903,0.007558742058890285,OK
2025-09-30,HistGBM,Unknown,120438,Unknown,0,5,0.005128205128205128,0.0053339216996342725,0.005167886023763764,1,1.007737774633934,0.0077377746339341,OK
2025-09-30,HistGBM,Unknown,123704,Unknown,0,5,0.005128205128205128,0.005072032196158805,0.005161882495924814,1,1.0065670867053387,0.006567086705338615,OK
2025-09-30,HistGBM,Unknown,120510,Unknown,0,5,0.005128205128205128,0.0053381568627094336,0.005168047330385786,1,1.0077692294252283,0.007769229425228341,OK
2025-09-30,HistGBM,Unknown,119816,Unknown,0,5,0.005128205128205128,0.0,0.005166894348072241,1,1.007544397874087,0.007544397874087114,OK
2025-09-30,HistGBM,Unknown,142641,Unknown,0,5,0.005128205128205128,0.0,0.0051690944111784575,1,1.0079734101797992,0.007973410179799356,OK
2025-09-30,HistGBM,Unknown,118796,Unknown,0,5,0.005128205128205128,0.005072032196158805,0.005171325424607087,1,1.008408457798382,0.008408457798382042,OK
2025-09-30,HistGBM,Unknown,135601,Unknown,0,5,0.003205128205128205,0.0031700201225992528,0.003329631012994161,1,1.0388448760541782,0.03884487605417827,OK
2025-09-30,HistGBM,Unknown,119307,Unknown,0,5,0.003205128205128205,0.0,0.0033251773244625275,1,1.0374553252323087,0.03745532523230865,OK
2025-09-30,HistGBM,Unknown,151611,Unknown,0,5,0.003205128205128205,0.0,0.0032291284844041825,1,1.007488087134105,0.007488087134104916,OK
2025-09-30,HistGBM,Unknown,150587,Unknown,0,5,0.003205128205128205,0.0031700201225992528,0.003342793599503051,1,1.042951603044952,0.04295160304495192,OK
2025-09-30,HistGBM,Unknown,135781,Unknown,0,5,0.003205128205128205,0.0031700201225992528,0.0033597828366403386,1,1.0482522450317857,0.04825224503178566,OK
2025-09-30,HistGBM,Unknown,141808,Unknown,0,5,0.003205128205128205,0.0,0.0032969081626799744,1,1.028635346756152,0.02863534675615199,OK
2025-09-30,HistGBM,Unknown,120079,Unknown,0,5,0.003205128205128205,0.0031700201225992528,0.0033084219347729476,1,1.0322276436491598,0.03222764364915975,OK
2025-09-30,HistGBM,Unknown,150838,Unknown,0,5,0.003205128205128205,0.0,0.0032823602100710537,1,1.0240963855421688,0.024096385542168697,OK
2025-09-30,HistGBM,Unknown,152135,Unknown,0,5,0.003205128205128205,0.0031700201225992528,0.0033565347936605427,1,1.0472388556220893,0.04723885562208922,OK
2025-09-30,HistGBM,Unknown,120843,Unknown,0,5,0.003205128205128205,0.0,0.00332726073284374,1,1.038105348647247,0.03810534864724694,OK
2025-09-30,HistGBM,Unknown,148990,Unknown,0,5,0.003205128205128205,0.0,0.0033097466331887693,1,1.032640949554896,0.03264094955489615,OK
2025-09-30,HistGBM,Unknown,150346,Unknown,0,5,0.003205128205128205,0.0031700201225992528,0.0033429388615298593,1,1.042996924797316,0.042996924797316094,OK
2025-09-30,HistGBM,Unknown,151796,Unknown,0,5,0.003205128205128205,0.0,0.003333636837781304,1,1.0400946933877668,0.04009469338776674,OK
2025-09-30,HistGBM,Unknown,120492,Unknown,0,5,0.003205128205128205,0.0,0.003287421549843521,1,1.0256755235511785,0.025675523551178515,OK
2025-09-30,HistGBM,Unknown,133839,Unknown,0,5,0.003205128205128205,0.0031700201225992528,0.003338197235835031,1,1.0415175375805297,0.041517537580529756,OK
2025-09-30,HistGBM,Unknown,149450,Unknown,0,5,0.003205128205128205,0.0031700201225992528,0.0032722193759301276,1,1.0209324452901998,0.020932445290199872,OK
2025-09-30,HistGBM,Unknown,145678,Unknown,0,5,0.004273504273504273,0.004226693496799003,0.004444175406205703,1,1.0399370450521346,0.03993704505213459,OK
2025-09-30,HistGBM,Unknown,119212,Unknown,0,5,0.004273504273504273,0.0,0.004361430723352234,1,1.020574789264423,0.020574789264422938,OK
2025-09-30,HistGBM,Unknown,152614,Unknown,0,5,0.004273504273504273,0.0,0.004488146227727278,1,1.050226217288183,0.05022621728818302,OK
2025-09-30,HistGBM,Unknown,145137,Unknown,0,5,0.004273504273504273,0.004226693496799003,0.0044813028311378135,1,1.0486248624862484,0.048624862486248484,OK
2025-09-30,HistGBM,Unknown,152237,Unknown,0,5,0.004273504273504273,0.0,0.004498770922076696,1,1.052712395765947,0.05271239576594703,OK
2025-09-30,HistGBM,Unknown,119556,Unknown,0,5,0.004273504273504273,0.0,0.00450462666047282,1,1.0540826385506399,0.05408263855063985,OK
2025-09-30,HistGBM,Unknown,145810,Unknown,0,5,0.003663003663003663,0.003805360496567263,0.0036798401971790957,1,1.004596373829893,0.004596373829893,OK
2025-09-30,HistGBM,Unknown,147196,Unknown,0,5,0.003663003663003663,0.003805362361152171,0.0036798904586594276,1,1.0046100952140238,0.004610095214023777,OK
2025-09-30,HistGBM,Unknown,147287,Unknown,0,5,0.003663003663003663,0.0038052584189143175,0.0036798253866255556,1,1.0045923305487767,0.004592330548776632,OK
2025-09-30,HistGBM,Unknown,146675,Unknown,0,5,0.003663003663003663,0.003805341735241668,0.00367994633857398,1,1.0046253504306966,0.0046253504306965265,OK
2025-09-30,HistGBM,Unknown,147736,Unknown,0,5,0.003663003663003663,0.0,0.003679872455339825,1,1.0046051803077722,0.004605180307772313,OK
2025-09-30,HistGBM,Unknown,147951,Unknown,0,5,0.003663003663003663,0.0038056521967656,0.003680180109446293,1,1.004689169878838,0.00468916987883813,OK
2025-09-30,HistGBM,Unknown,151849,Unknown,0,5,0.003663003663003663,0.0038052929846835826,0.00367996132087088,1,1.0046294405977503,0.004629440597750249,OK
2025-09-30,HistGBM,Unknown,150237,Unknown,0,5,0.005128205128205128,0.0,0.005169973096007015,1,1.008144753721368,0.008144753721367979,OK
2025-09-30,HistGBM,Unknown,150996,Unknown,0,5,0.005128205128205128,0.005072032196158805,0.005166935537997382,1,1.0075524299094896,0.007552429909489521,OK
2025-09-30,HistGBM,Unknown,118569,Unknown,0,5,0.005128205128205128,0.005072032196158805,0.00516206064672119,1,1.006601826110632,0.006601826110631984,OK
2025-09-30,HistGBM,Unknown,118814,Unknown,0,5,0.005128205128205128,0.005072032196158805,0.005170587850198164,1,1.008264630788642,0.00826463078864211,OK
2025-09-30,HistGBM,Unknown,141588,Unknown,0,5,0.005128205128205128,0.005337167503536992,0.00517143828195352,1,1.0084304649809364,0.008430464980936333,OK
2025-09-30,HistGBM,Unknown,140382,Unknown,0,5,0.004273504273504273,0.004475642038689814,0.00445542059665641,1,1.0425684196176,0.042568419617599905,OK
2025-09-30,HistGBM,Unknown,134813,Unknown,0,5,0.004273504273504273,0.0,0.004423233390575311,1,1.035036613394623,0.035036613394622905,OK
2025-09-30,HistGBM,Unknown,147446,Unknown,0,5,0.004273504273504273,0.0,0.004395989771468101,1,1.0286616065235357,0.02866160652353558,OK
2025-09-30,HistGBM,Unknown,148592,Unknown,0,5,0.004273504273504273,0.004226693496799003,0.004414065156770727,1,1.03289124668435,0.03289124668434999,OK
2025-09-30,HistGBM,Unknown,143163,Unknown,0,5,0.004273504273504273,0.0,0.004377473955667604,1,1.0243289056262195,0.024328905626219574,OK
2025-09-30,HistGBM,Unknown,133035,Unknown,0,5,0.004273504273504273,0.004226693496799003,0.004375212932560602,1,1.023799826219181,0.02379982621918106,OK
2025-09-30,HistGBM,Unknown,152815,Unknown,0,5,0.004273504273504273,0.0,0.004445996877883861,1,1.0403632694248235,0.04036326942482345,OK
2025-09-30,HistGBM,Unknown,141226,Unknown,0,5,0.004273504273504273,0.0,0.00449376283966875,1,1.0515405044824877,0.05154050448248777,OK
2025-09-30,HistGBM,Unknown,147183,Unknown,0,5,0.004273504273504273,0.0,0.004459232119619085,1,1.043460315990866,0.04346031599086587,OK
2025-09-30,HistGBM,Unknown,152094,Unknown,0,5,0.004273504273504273,0.0,0.004483315733680833,1,1.049095881681315,0.049095881681314964,OK
2025-09-30,HistGBM,Unknown,151824,Unknown,0,5,0.004273504273504273,0.004226693496799003,0.004429640424227704,1,1.0365358592692828,0.03653585926928288,OK
2025-09-30,HistGBM,Unknown,120413,Unknown,0,5,0.004273504273504273,0.0,0.004397455616967812,1,1.029004614370468,0.029004614370468067,OK
2025-09-30,HistGBM,Unknown,148490,Unknown,0,5,0.01282051282051282,0.013562880595199136,0.01332449204214163,1,1.0393103792870473,0.03931037928704723,OK
2025-09-30,HistGBM,Unknown,152219,Unknown,0,5,0.01282051282051282,0.012680080490397011,0.01333943833943834,1,1.0404761904761906,0.04047619047619046,OK
2025-09-30,HistGBM,Unknown,140613,Unknown,0,5,0.00641025641025641,0.0,0.006447024750079602,1,1.0057358610124179,0.005735861012417957,OK
2025-09-30,HistGBM,Unknown,118709,Unknown,0,5,0.00641025641025641,0.0063400402451985055,0.00644975716216623,1,1.0061621172979318,0.006162117297931779,OK
2025-09-30,HistGBM,Unknown,118702,Unknown,0,5,0.00641025641025641,0.0063400402451985055,0.006449757102848726,1,1.0061621080444012,0.006162108044401264,OK
2025-09-30,HistGBM,Unknown,133810,Unknown,0,5,0.00641025641025641,0.0063400402451985055,0.006452161747615535,1,1.0065372326280235,0.006537232628023518,OK
2025-09-30,HistGBM,Unknown,146075,Unknown,0,5,0.005128205128205128,0.005072032196158805,0.005156101935747287,1,1.005439877470721,0.005439877470721035,OK
2025-09-30,HistGBM,Unknown,120676,Unknown,0,5,0.005128205128205128,0.0,0.005157297246319127,1,1.0056729630322299,0.005672963032229862,OK
2025-09-30,HistGBM,Unknown,119501,Unknown,0,5,0.005128205128205128,0.005072032196158805,0.005158469680699717,1,1.0059015877364448,0.005901587736444696,OK
2025-09-30,HistGBM,Unknown,152825,Unknown,0,5,0.005128205128205128,0.005072032196158805,0.005157552364850895,1,1.0057227111459246,0.005722711145924613,OK
2025-09-30,HistGBM,Unknown,143494,Unknown,0,5,0.005128205128205128,0.005072032196158805,0.0051570968079648815,1,1.005633877553152,0.005633877553151944,OK
2025-09-30,HistGBM,Unknown,120392,Unknown,0,5,0.003663003663003663,0.0,0.003811281838187667,1,1.040479941825233,0.04047994182523317,OK
2025-09-30,HistGBM,Unknown,118632,Unknown,0,5,0.003663003663003663,0.0,0.0037790843575641205,1,1.0316900296150049,0.03169002961500494,OK
2025-09-30,HistGBM,Unknown,120267,Unknown,0,5,0.003663003663003663,0.003622880140113432,0.003819103234307913,1,1.0426151829660601,0.04261518296606015,OK
2025-09-30,HistGBM,Unknown,120490,Unknown,0,5,0.003663003663003663,0.0,0.0038301866759601656,1,1.0456409625371252,0.045640962537125296,OK
2025-09-30,HistGBM,Unknown,120030,Unknown,0,5,0.003663003663003663,0.0,0.0038035259362140896,1,1.0383625805864465,0.03836258058644648,OK
2025-09-30,HistGBM,Unknown,150797,Unknown,0,5,0.003663003663003663,0.003622880140113432,0.003803576848978176,1,1.038376479771042,0.038376479771042006,OK
2025-09-30,HistGBM,Unknown,118825,Unknown,0,5,0.003663003663003663,0.003622880140113432,0.0038099704676399977,1,1.0401219376657194,0.040121937665719455,OK
2025-09-30,HistGBM,Unknown,118719,Unknown,0,5,0.005128205128205128,0.005072032196158805,0.005154545481523022,1,1.0051363688969892,0.005136368896989171,OK
2025-09-30,HistGBM,Unknown,147567,Unknown,0,5,0.005128205128205128,0.00533026929076126,0.0051548412734950975,1,1.005194048331544,0.005194048331544044,OK
2025-09-30,HistGBM,Unknown,149112,Unknown,0,5,0.005128205128205128,0.005072032196158805,0.005154259547210824,1,1.0050806117061106,0.005080611706110733,OK
2025-09-30,HistGBM,Unknown,151889,Unknown,0,5,0.005128205128205128,0.005072032196158805,0.005154509206988533,1,1.005129295362764,0.005129295362763905,OK
2025-09-30,HistGBM,Unknown,119424,Unknown,0,5,0.005128205128205128,0.005072032196158805,0.005154911274487856,1,1.005207698525132,0.005207698525131884,OK
2025-09-30,HistGBM,Unknown,140327,Unknown,0,5,0.002564102564102564,0.0,0.0026882039461737215,1,1.0483995390077514,0.04839953900775149,OK
2025-09-30,HistGBM,Unknown,150285,Unknown,0,5,0.002564102564102564,0.0,0.002542669068762901,1,0.9916409368175315,-0.008359063182468537,OK
2025-09-30,HistGBM,Unknown,150595,Unknown,0,5,0.002564102564102564,0.0025360160980794026,0.0027398676592224973,1,1.068548387096774,0.06854838709677408,OK
2025-09-30,HistGBM,Unknown,119779,Unknown,0,5,0.002564102564102564,0.0,0.0026477163436534343,1,1.0326093740248394,0.03260937402483935,OK
2025-09-30,HistGBM,Unknown,150597,Unknown,0,5,0.002564102564102564,0.0,0.0027533033077817883,1,1.0737882900348974,0.07378829003489734,OK
2025-09-30,HistGBM,Unknown,148063,Unknown,0,5,0.002564102564102564,0.0,0.0027189501462262858,1,1.0603905570282515,0.06039055702825136,OK
2025-09-30,HistGBM,Unknown,140256,Unknown,0,5,0.002564102564102564,0.0,0.002608204775387438,1,1.017199862401101,0.017199862401100833,OK
2025-09-30,HistGBM,Unknown,120043,Unknown,0,5,0.002564102564102564,0.0,0.0026841605919909342,1,1.0468226308764643,0.04682263087646442,OK
2025-09-30,HistGBM,Unknown,149230,Unknown,0,5,0.002564102564102564,0.0,0.0025860143973778595,1,1.0085456149773653,0.008545614977365168,OK
2025-09-30,HistGBM,Unknown,120035,Unknown,0,5,0.002564102564102564,0.0025360160980794026,0.002591574891747279,1,1.0107142077814388,0.01071420778143892,OK
2025-09-30,HistGBM,Unknown,148883,Unknown,0,5,0.004273504273504273,0.004226693496799003,0.004427847532913198,1,1.0361163227016885,0.03611632270168853,OK
2025-09-30,HistGBM,Unknown,148481,Unknown,0,5,0.004273504273504273,0.004226693496799003,0.004357128851055976,1,1.0195681511470984,0.019568151147098457,OK
2025-09-30,HistGBM,Unknown,150264,Unknown,0,5,0.004273504273504273,0.0,0.004508475292914758,1,1.0549832185420536,0.054983218542053555,OK
2025-09-30,HistGBM,Unknown,147206,Unknown,0,5,0.004273504273504273,0.004226693496799003,0.004425671025996699,1,1.0356070200832277,0.035607020083227726,OK
2025-09-30,HistGBM,Unknown,152010,Unknown,0,5,0.004273504273504273,0.004226693496799003,0.00444600246874955,1,1.0403645776873947,0.040364577687394626,OK
2025-09-30,HistGBM,Unknown,147473,Unknown,0,5,0.004273504273504273,0.0,0.004466865132864131,1,1.0452464410902067,0.045246441090206764,OK
2025-09-30,HistGBM,Unknown,149190,Unknown,0,5,0.005128205128205128,0.005072032196158805,0.005156529750912302,1,1.0055233014278988,0.005523301427898897,OK
2025-09-30,HistGBM,Unknown,149924,Unknown,0,5,0.005128205128205128,0.005072032196158805,0.005160617448618968,1,1.0063204024806987,0.006320402480698669,OK
2025-09-30,HistGBM,Unknown,150002,Unknown,0,5,0.005128205128205128,0.005072032196158805,0.005159123662951357,1,1.0060291142755147,0.006029114275514697,OK
2025-09-30,HistGBM,Unknown,150316,Unknown,0,5,0.005128205128205128,0.005072032196158805,0.005158247957555751,1,1.0058583517233715,0.005858351723371514,OK
2025-09-30,HistGBM,Unknown,151493,Unknown,0,5,0.005128205128205128,0.0,0.0051568500828386805,1,1.0055857661535428,0.005585766153542823,OK
2025-09-30,HistGBM,Unknown,147269,Unknown,0,5,0.008547008547008546,0.008453386993598006,0.008604747476869378,1,1.0067554547937174,0.006755454793717414,OK
2025-09-30,HistGBM,Unknown,118656,Unknown,0,5,0.008547008547008546,0.008453386993598006,0.008613696092387116,1,1.0078024428092927,0.007802442809292698,OK
2025-09-30,HistGBM,Unknown,118508,Unknown,0,5,0.008547008547008546,0.008453386993598006,0.008609716233185157,1,1.0073367992826634,0.0073367992826633395,OK
2025-09-30,HistGBM,Unknown,127042,Unknown,0,5,0.004273504273504273,0.0,0.004505979314644339,1,1.0543991596267754,0.05439915962677537,OK
2025-09-30,HistGBM,Unknown,118872,Unknown,0,5,0.004273504273504273,0.0,0.004426721324228249,1,1.0358527898694103,0.03585278986941038,OK
2025-09-30,HistGBM,Unknown,150584,Unknown,0,5,0.004273504273504273,0.004226693496799003,0.004505116624510654,1,1.0541972901354932,0.0541972901354932,OK
2025-09-30,HistGBM,Unknown,120841,Unknown,0,5,0.004273504273504273,0.004226693496799003,0.004491580748877238,1,1.0510298952372739,0.05102989523727375,OK
2025-09-30,HistGBM,Unknown,140228,Unknown,0,5,0.004273504273504273,0.004226693496799003,0.0044700687694929535,1,1.0459960920613511,0.045996092061351114,OK
2025-09-30,HistGBM,Unknown,148733,Unknown,0,5,0.004273504273504273,0.0,0.004495959158432451,1,1.0520544430731937,0.052054443073193825,OK
2025-09-30,HistGBM,Unknown,128006,Unknown,0,5,0.008547008547008546,0.008453386993598006,0.00862999466938147,1,1.0097093763176321,0.009709376317632043,OK
2025-09-30,HistGBM,Unknown,151146,Unknown,0,5,0.008547008547008546,0.0,0.008616733358240985,1,1.0081578029141953,0.008157802914195239,OK
2025-09-30,HistGBM,Unknown,130050,Unknown,0,5,0.008547008547008546,0.008453386993598006,0.00860975634041067,1,1.0073414918280486,0.007341491828048662,OK
2025-09-30,HistGBM,Unknown,149166,Unknown,0,5,0.005128205128205128,0.0054209575186250835,0.005352201755079453,1,1.0436793422404933,0.04367934224049321,OK
2025-09-30,HistGBM,Unknown,135341,Unknown,0,5,0.005128205128205128,0.005072032196158805,0.0053134378273823855,1,1.0361203763395652,0.0361203763395653,OK
2025-09-30,HistGBM,Unknown,119659,Unknown,0,5,0.005128205128205128,0.005072032196158805,0.005372554802397116,1,1.0476481864674376,0.04764818646743767,OK
2025-09-30,HistGBM,Unknown,148972,Unknown,0,5,0.005128205128205128,0.0,0.005360555394422321,1,1.0453083019123526,0.04530830191235248,OK
2025-09-30,HistGBM,Unknown,145473,Unknown,0,5,0.005128205128205128,0.0,0.005355009608892121,1,1.0442268737339635,0.044226873733963494,OK
2025-09-30,HistGBM,Unknown,119436,Unknown,0,5,0.004273504273504273,0.004226693496799003,0.004423390462715454,1,1.0350733682754163,0.03507336827541634,OK
2025-09-30,HistGBM,Unknown,140175,Unknown,0,5,0.004273504273504273,0.0,0.004459568510166036,1,1.0435390313788524,0.04353903137885251,OK
2025-09-30,HistGBM,Unknown,147840,Unknown,0,5,0.004273504273504273,0.0,0.004492169850966588,1,1.0511677451261816,0.051167745126181545,OK
2025-09-30,HistGBM,Unknown,120826,Unknown,0,5,0.004273504273504273,0.004226693496799003,0.00446201350324987,1,1.0441111597604695,0.04411115976046949,OK
2025-09-30,HistGBM,Unknown,133710,Unknown,0,5,0.004273504273504273,0.0,0.00443708642702297,1,1.038278223923375,0.038278223923374884,OK
2025-09-30,HistGBM,Unknown,119350,Unknown,0,5,0.004273504273504273,0.0,0.004485467311311717,1,1.049599350846942,0.049599350846941885,OK
2025-09-30,HistGBM,Unknown,119714,Unknown,0,5,0.008547008547008546,0.0,0.008613778568452522,1,1.007812092508945,0.00781209250894515,OK
2025-09-30,HistGBM,Unknown,120059,Unknown,0,5,0.008547008547008546,0.008453386993598006,0.008598023043537528,1,1.0059686960938907,0.005968696093890629,OK
2025-09-30,HistGBM,Unknown,120430,Unknown,0,5,0.008547008547008546,0.008453386993598006,0.008601899549930557,1,1.0064222473418754,0.0064222473418752545,OK
2025-09-30,HistGBM,Unknown,152520,Unknown,0,5,0.01282051282051282,0.0,0.012879129917584825,1,1.0045721335716165,0.004572133571616465,OK
2025-09-30,HistGBM,Unknown,151214,Unknown,0,5,0.01282051282051282,0.0,0.012868191518104177,1,1.003718938412126,0.003718938412125905,OK
2025-09-30,HistGBM,Unknown,151681,Unknown,0,5,0.002564102564102564,0.0025360160980794026,0.002578447223205836,1,1.005594417050276,0.005594417050275946,OK
2025-09-30,HistGBM,Unknown,146974,Unknown,0,5,0.002564102564102564,0.0,0.0025823924089244717,1,1.007133039480544,0.007133039480544105,OK
2025-09-30,HistGBM,Unknown,149993,Unknown,0,5,0.002564102564102564,0.002667331647959965,0.002580769058217221,1,1.0064999327047162,0.006499932704716111,OK
2025-09-30,HistGBM,Unknown,149878,Unknown,0,5,0.002564102564102564,0.0026660051366394753,0.0025804655776602275,1,1.0063815752874887,0.006381575287488725,OK
2025-09-30,HistGBM,Unknown,149917,Unknown,0,5,0.002564102564102564,0.0,0.0025853259392290074,1,1.008277116299313,0.008277116299312999,OK
2025-09-30,HistGBM,Unknown,149431,Unknown,0,5,0.002564102564102564,0.002663550196039889,0.002582075865283885,1,1.0070095874607152,0.007009587460715197,OK
2025-09-30,HistGBM,Unknown,151485,Unknown,0,5,0.002564102564102564,0.0,0.0025764104553256703,1,1.0048000775770114,0.004800077577011355,OK
2025-09-30,HistGBM,Unknown,149460,Unknown,0,5,0.002564102564102564,0.002665691927706812,0.0025801046874690224,1,1.0062408281129187,0.006240828112918782,OK
2025-09-30,HistGBM,Unknown,149279,Unknown,0,5,0.002564102564102564,0.0,0.0025803325945035916,1,1.0063297118564007,0.006329711856400639,OK
2025-09-30,HistGBM,Unknown,150627,Unknown,0,5,0.002564102564102564,0.0025360160980794026,0.0025805027380413547,1,1.0063960678361283,0.006396067836128397,OK
2025-09-30,HistGBM,Unknown,119251,Unknown,0,5,0.004273504273504273,0.0,0.0044319847667420665,1,1.0370844354176436,0.03708443541764353,OK
2025-09-30,HistGBM,Unknown,136094,Unknown,0,5,0.004273504273504273,0.004226693496799003,0.004421562452084427,1,1.034645613787756,0.034645613787755984,OK
2025-09-30,HistGBM,Unknown,146716,Unknown,0,5,0.004273504273504273,0.0,0.004330863433539966,1,1.013422043448352,0.013422043448351975,OK
2025-09-30,HistGBM,Unknown,119255,Unknown,0,5,0.004273504273504273,0.004226693496799003,0.004414465747662613,1,1.0329849849530515,0.032984984953051355,OK
2025-09-30,HistGBM,Unknown,146930,Unknown,0,5,0.004273504273504273,0.004226693496799003,0.004459272628478684,1,1.0434697950640122,0.04346979506401211,OK
2025-09-30,HistGBM,Unknown,152537,Unknown,0,5,0.004273504273504273,0.0,0.004411359250068927,1,1.032258064516129,0.03225806451612908,OK
2025-09-30,HistGBM,Unknown,118309,Unknown,0,5,0.00641025641025641,0.0063400402451985055,0.00647197132930367,1,1.0096275273713726,0.009627527371372652,OK
2025-09-30,HistGBM,Unknown,120705,Unknown,0,5,0.00641025641025641,0.0063400402451985055,0.00651106073499637,1,1.0157254746594337,0.01572547465943383,OK
2025-09-30,HistGBM,Unknown,118574,Unknown,0,5,0.00641025641025641,0.0063400402451985055,0.006494613193057198,1,1.0131596581169229,0.013159658116922834,OK
2025-09-30,HistGBM,Unknown,120073,Unknown,0,5,0.00641025641025641,0.0063400402451985055,0.006447056916909373,1,1.0057408790378621,0.00574087903786216,OK
2025-09-30,HistGBM,Unknown,139872,Unknown,0,5,0.003663003663003663,0.0,0.0038858133076246078,1,1.060827032981518,0.06082703298151799,OK
2025-09-30,HistGBM,Unknown,151267,Unknown,0,5,0.003663003663003663,0.003622880140113432,0.003767484482251846,1,1.0285232636547539,0.02852326365475388,OK
2025-09-30,HistGBM,Unknown,144335,Unknown,0,5,0.003663003663003663,0.0,0.003755524616108262,1,1.0252582201975555,0.02525822019755547,OK
2025-09-30,HistGBM,Unknown,149261,Unknown,0,5,0.003663003663003663,0.0,0.003758185678853738,1,1.0259846903270704,0.0259846903270703,OK
2025-09-30,HistGBM,Unknown,148658,Unknown,0,5,0.003663003663003663,0.003622880140113432,0.0037678521235159474,1,1.0286236297198537,0.028623629719853765,OK
2025-09-30,HistGBM,Unknown,131670,Unknown,0,5,0.003663003663003663,0.003622880140113432,0.003766006594625563,1,1.0281198003327787,0.028119800332778663,OK
2025-09-30,HistGBM,Unknown,145396,Unknown,0,5,0.003663003663003663,0.003622880140113432,0.0038103724398503326,1,1.0402316760791408,0.04023167607914087,OK
2025-09-30,HistGBM,Unknown,120711,Unknown,0,5,0.008547008547008546,0.0,0.008618409741179237,1,1.0083539397179708,0.008353939717970917,OK
2025-09-30,HistGBM,Unknown,134387,Unknown,0,5,0.008547008547008546,0.0,0.008620572324830421,1,1.0086069620051594,0.008606962005159424,OK
2025-09-30,HistGBM,Unknown,118780,Unknown,0,5,0.008547008547008546,0.0,0.008616001143119854,1,1.0080721337450231,0.0080721337450232,OK
2025-09-30,HistGBM,Unknown,147617,Unknown,0,5,0.004273504273504273,0.004226693496799003,0.004301105784361811,1,1.006458753540664,0.006458753540663885,OK
2025-09-30,HistGBM,Unknown,120401,Unknown,0,5,0.004273504273504273,0.004226693496799003,0.004298240203411878,1,1.0057882075983795,0.005788207598379438,OK
2025-09-30,HistGBM,Unknown,119771,Unknown,0,5,0.004273504273504273,0.004226693496799003,0.004296635925353843,1,1.0054128065327994,0.005412806532799424,OK
2025-09-30,HistGBM,Unknown,120364,Unknown,0,5,0.004273504273504273,0.004226693496799003,0.004296360668458929,1,1.0053483964193894,0.005348396419389357,OK
2025-09-30,HistGBM,Unknown,152849,Unknown,0,5,0.004273504273504273,0.0,0.004297686440543583,1,1.0056586270871986,0.005658627087198511,OK
2025-09-30,HistGBM,Unknown,130206,Unknown,0,5,0.004273504273504273,0.004226693496799003,0.0042970870346517465,1,1.0055183661085088,0.005518366108508843,OK
2025-09-30,HistGBM,Unknown,139711,Unknown,0,5,0.008547008547008546,0.0,0.008925745543368882,1,1.0443122285741593,0.04431222857415923,OK
2025-09-30,HistGBM,Unknown,139990,Unknown,0,5,0.008547008547008546,0.0,0.008937006002853366,1,1.045629702333844,0.04562970233384378,OK
2025-09-30,HistGBM,Unknown,142138,Unknown,0,5,0.008547008547008546,0.008972730146500055,0.008705996144392408,1,1.018601548893912,0.018601548893911975,OK
2025-10-31,HistGBM,Unknown,152825,Unknown,0,5,0.005128205128205128,0.005043866270362656,0.005128205128205128,1,1.0,0.0,Missing
2025-10-31,HistGBM,Unknown,143494,Unknown,0,5,0.005128205128205128,0.005043420755155238,0.005128205128205128,1,1.0,0.0,Missing
2025-10-31,HistGBM,Unknown,120676,Unknown,0,5,0.005128205128205128,0.005043616775318049,0.005128205128205128,1,1.0,0.0,Missing
2025-10-31,HistGBM,Unknown,146075,Unknown,0,5,0.005128205128205128,0.005042447812552493,0.005128205128205128,1,1.0,0.0,Missing
2025-10-31,HistGBM,Unknown,119501,Unknown,0,5,0.005128205128205128,0.0050447633661441105,0.005128205128205128,1,1.0,0.0,Missing
2025-10-31,HistGBM,Unknown,118935,Unknown,0,5,0.005128205128205128,0.0,0.005128205128205128,1,1.0,0.0,Missing
2025-10-31,HistGBM,Unknown,149166,Unknown,0,5,0.005128205128205128,0.0052342250732342315,0.005183754371346691,1,1.0108321024126048,0.010832102412604749,OK
2025-10-31,HistGBM,Unknown,145473,Unknown,0,5,0.005128205128205128,0.005236971034522834,0.005128205128205128,1,1.0,0.0,Missing
2025-10-31,HistGBM,Unknown,149780,Unknown,0,5,0.005128205128205128,0.0,0.005128205128205128,1,1.0,0.0,Missing
2025-10-31,HistGBM,Unknown,135341,Unknown,0,5,0.005128205128205128,0.005196315605023981,0.005128205128205128,1,1.0,0.0,Missing
2025-10-31,HistGBM,Unknown,151905,Unknown,0,5,0.0006747638326585695,0.0,0.0006747638326585695,1,1.0,0.0,Missing
2025-10-31,HistGBM,Unknown,118588,Unknown,0,5,0.0006747638326585695,0.0,0.0006747638326585695,1,1.0,0.0,Missing
2025-10-31,HistGBM,Unknown,148986,Unknown,0,5,0.0006747638326585695,0.0,0.0006747638326585695,1,1.0,0.0,Missing
2025-10-31,HistGBM,Unknown,151901,Unknown,0,5,0.0006747638326585695,0.000693501640669455,0.0006747638326585695,1,1.0,0.0,Missing
2025-10-31,HistGBM,Unknown,149841,Unknown,0,5,0.0006747638326585695,0.0,0.0006747638326585695,1,1.0,0.0,Missing
2025-10-31,HistGBM,Unknown,118589,Unknown,0,5,0.0006747638326585695,0.0,0.0006747638326585695,1,1.0,0.0,Missing
2025-10-31,HistGBM,Unknown,120385,Unknown,0,5,0.0006747638326585695,0.0007166928387480507,0.0006747638326585695,1,1.0,0.0,Missing
2025-10-31,HistGBM,Unknown,152657,Unknown,0,5,0.0006747638326585695,0.0,0.0006952914438619278,1,1.030421919803377,0.030421919803377103,OK
2025-10-31,HistGBM,Unknown,142388,Unknown,0,5,0.0006747638326585695,0.0,0.0006747638326585695,1,1.0,0.0,Missing
2025-10-31,HistGBM,Unknown,152920,Unknown,0,5,0.0006747638326585695,0.0,0.0006747638326585695,1,1.0,0.0,Missing
2025-10-31,HistGBM,Unknown,152033,Unknown,0,5,0.0006747638326585695,0.0,0.0006747638326585695,1,1.0,0.0,Missing
2025-10-31,HistGBM,Unknown,149321,Unknown,0,5,0.0006747638326585695,0.0,0.0006747638326585695,1,1.0,0.0,Missing
2025-10-31,HistGBM,Unknown,152672,Unknown,0,5,0.0006747638326585695,0.0,0.0006747638326585695,1,1.0,0.0,Missing
2025-10-31,HistGBM,Unknown,135813,Unknown,0,5,0.0006747638326585695,0.0,0.0006747638326585695,1,1.0,0.0,Missing
2025-10-31,HistGBM,Unknown,152349,Unknown,0,5,0.0006747638326585695,0.0007075238012969553,0.0006747638326585695,1,1.0,0.0,Missing
2025-10-31,HistGBM,Unknown,152169,Unknown,0,5,0.0006747638326585695,0.0007043767121356098,0.0006747638326585695,1,1.0,0.0,Missing
2025-10-31,HistGBM,Unknown,134923,Unknown,0,5,0.0006747638326585695,0.0,0.0006747638326585695,1,1.0,0.0,Missing
2025-10-31,HistGBM,Unknown,152254,Unknown,0,5,0.0006747638326585695,0.0007084680312212452,0.0006747638326585695,1,1.0,0.0,Missing
2025-10-31,HistGBM,Unknown,119333,Unknown,0,5,0.0006747638326585695,0.0,0.0006747638326585695,1,1.0,0.0,Missing
2025-10-31,HistGBM,Unknown,119028,Unknown,0,5,0.0006747638326585695,0.0,0.0006747638326585695,1,1.0,0.0,Missing
2025-10-31,HistGBM,Unknown,152450,Unknown,0,5,0.0006747638326585695,0.0,0.0006747638326585695,1,1.0,0.0,Missing
2025-10-31,HistGBM,Unknown,118539,Unknown,0,5,0.0006747638326585695,0.0007021739826874926,0.0006747638326585695,1,1.0,0.0,Missing
2025-10-31,HistGBM,Unknown,152644,Unknown,0,5,0.0006747638326585695,0.0007026835459725253,0.0006747638326585695,1,1.0,0.0,Missing
2025-10-31,HistGBM,Unknown,118868,Unknown,0,5,0.0006747638326585695,0.0,0.0006747638326585695,1,1.0,0.0,Missing
2025-10-31,HistGBM,Unknown,152728,Unknown,0,5,0.0006747638326585695,0.0,0.0006747638326585695,1,1.0,0.0,Missing
2025-10-31,HistGBM,Unknown,119597,Unknown,0,5,0.0006747638326585695,0.0007187712816947104,0.0006747638326585695,1,1.0,0.0,Missing
2025-10-31,HistGBM,Unknown,148539,Unknown,0,5,0.0006747638326585695,0.0,0.0006747638326585695,1,1.0,0.0,Missing
2025-10-31,HistGBM,Unknown,152202,Unknown,0,5,0.0006747638326585695,0.0,0.0006733848874964607,1,0.9979564032697548,-0.002043596730245188,OK
2025-10-31,HistGBM,Unknown,152607,Unknown,0,5,0.0006747638326585695,0.0,0.0006686979945368636,1,0.9910104279036318,-0.008989572096368213,OK
2025-10-31,HistGBM,Unknown,144835,Unknown,0,5,0.0006747638326585695,0.0,0.0006747638326585695,1,1.0,0.0,Missing
2025-10-31,HistGBM,Unknown,148623,Unknown,0,5,0.0006747638326585695,0.0,0.0006747638326585695,1,1.0,0.0,Missing
2025-10-31,HistGBM,Unknown,118559,Unknown,0,5,0.0006747638326585695,0.0,0.0006747638326585695,1,1.0,0.0,Missing
2025-10-31,HistGBM,Unknown,119364,Unknown,0,5,0.0006747638326585695,0.0,0.0006747638326585695,1,1.0,0.0,Missing
2025-10-31,HistGBM,Unknown,118267,Unknown,0,5,0.0006747638326585695,0.0,0.0006747638326585695,1,1.0,0.0,Missing
2025-10-31,HistGBM,Unknown,134017,Unknown,0,5,0.0006747638326585695,0.0007188519645278432,0.0006747638326585695,1,1.0,0.0,Missing
2025-10-31,HistGBM,Unknown,125597,Unknown,0,5,0.0006747638326585695,0.0,0.0006747638326585695,1,1.0,0.0,Missing
2025-10-31,HistGBM,Unknown,152437,Unknown,0,5,0.0006747638326585695,0.0,0.0006747638326585695,1,1.0,0.0,Missing
2025-10-31,HistGBM,Unknown,152600,Unknown,0,5,0.0006747638326585695,0.0,0.0006747638326585695,1,1.0,0.0,Missing
2025-10-31,HistGBM,Unknown,151078,Unknown,0,5,0.003205128205128205,0.0,0.003205128205128205,1,1.0,0.0,Missing
2025-10-31,HistGBM,Unknown,150159,Unknown,0,5,0.003205128205128205,0.0,0.003205128205128205,1,1.0,0.0,Missing
2025-10-31,HistGBM,Unknown,118620,Unknown,0,5,0.003205128205128205,0.0,0.003205128205128205,1,1.0,0.0,Missing
2025-10-31,HistGBM,Unknown,150587,Unknown,0,5,0.003205128205128205,0.0032691095877618007,0.003205128205128205,1,1.0,0.0,Missing
2025-10-31,HistGBM,Unknown,135781,Unknown,0,5,0.003205128205128205,0.0032857243371805273,0.003205128205128205,1,1.0,0.0,Missing
2025-10-31,HistGBM,Unknown,135601,Unknown,0,5,0.003205128205128205,0.0032562371394711394,0.003205128205128205,1,1.0,0.0,Missing
2025-10-31,HistGBM,Unknown,119544,Unknown,0,5,0.003205128205128205,0.0,0.003205128205128205,1,1.0,0.0,Missing
2025-10-31,HistGBM,Unknown,119307,Unknown,0,5,0.003205128205128205,0.003251881622013576,0.003205128205128205,1,1.0,0.0,Missing
2025-10-31,HistGBM,Unknown,142641,Unknown,0,5,0.005128205128205128,0.005055153899463488,0.005128205128205128,1,1.0,0.0,Missing
2025-10-31,HistGBM,Unknown,118796,Unknown,0,5,0.005128205128205128,0.005057335735455708,0.005128205128205128,1,1.0,0.0,Missing
2025-10-31,HistGBM,Unknown,119498,Unknown,0,5,0.005128205128205128,0.0,0.005128205128205128,1,1.0,0.0,Missing
2025-10-31,HistGBM,Unknown,119816,Unknown,0,5,0.005128205128205128,0.005053002331566719,0.005158965796424197,1,1.0059983303027185,0.005998330302718443,OK
2025-10-31,HistGBM,Unknown,120510,Unknown,0,5,0.005128205128205128,0.005054129899100739,0.0051591900531722645,1,1.0060420603685916,0.006042060368591671,OK
2025-10-31,HistGBM,Unknown,149858,Unknown,0,5,0.0005455537370430987,0.0006165600201244431,0.0005455537370430987,1,1.0,0.0,Missing
2025-10-31,HistGBM,Unknown,151911,Unknown,0,5,0.0005455537370430987,0.0,0.0005455537370430987,1,1.0,0.0,Missing
2025-10-31,HistGBM,Unknown,152389,Unknown,0,5,0.0005455537370430987,0.0006165361374624573,0.0005455537370430987,1,1.0,0.0,Missing
2025-10-31,HistGBM,Unknown,152742,Unknown,0,5,0.0005455537370430987,0.0,0.0005455537370430987,1,1.0,0.0,Missing
2025-10-31,HistGBM,Unknown,150681,Unknown,0,5,0.0005455537370430987,0.0005866155070253767,0.000550430373214338,1,1.0089388741018817,0.0089388741018817,OK
2025-10-31,HistGBM,Unknown,150443,Unknown,0,5,0.0005455537370430987,0.0,0.0005455537370430987,1,1.0,0.0,Missing
2025-10-31,HistGBM,Unknown,150428,Unknown,0,5,0.0005455537370430987,0.0,0.0005455537370430987,1,1.0,0.0,Missing
2025-10-31,HistGBM,Unknown,152370,Unknown,0,5,0.0005455537370430987,0.0,0.0005515667739315722,1,1.011021896616572,0.011021896616572113,OK
2025-10-31,HistGBM,Unknown,149107,Unknown,0,5,0.0005455537370430987,0.0,0.0005455537370430987,1,1.0,0.0,Missing
2025-10-31,HistGBM,Unknown,150920,Unknown,0,5,0.0005455537370430987,0.0005867252390824364,0.0005455537370430987,1,1.0,0.0,Missing
2025-10-31,HistGBM,Unknown,149250,Unknown,0,5,0.0005455537370430987,0.0,0.0005455537370430987,1,1.0,0.0,Missing
2025-10-31,HistGBM,Unknown,152767,Unknown,0,5,0.0005455537370430987,0.0,0.0005455537370430987,1,1.0,0.0,Missing
2025-10-31,HistGBM,Unknown,152629,Unknown,0,5,0.0005455537370430987,0.0,0.0005641230490049503,1,1.034037548826074,0.03403754882607408,OK
2025-10-31,HistGBM,Unknown,150930,Unknown,0,5,0.0005455537370430987,0.0,0.0005455537370430987,1,1.0,0.0,Missing
2025-10-31,HistGBM,Unknown,150313,Unknown,0,5,0.0005455537370430987,0.0,0.0005455537370430987,1,1.0,0.0,Missing
2025-10-31,HistGBM,Unknown,152564,Unknown,0,5,0.0005455537370430987,0.0005956955809763129,0.0005455537370430987,1,1.0,0.0,Missing
2025-10-31,HistGBM,Unknown,149870,Unknown,0,5,0.0005455537370430987,0.0,0.0005455537370430987,1,1.0,0.0,Missing
2025-10-31,HistGBM,Unknown,152996,Unknown,0,5,0.0005455537370430987,0.0,0.0005455537370430987,1,1.0,0.0,Missing
2025-10-31,HistGBM,Unknown,149039,Unknown,0,5,0.0005455537370430987,0.0,0.0005455537370430987,1,1.0,0.0,Missing
2025-10-31,HistGBM,Unknown,152557,Unknown,0,5,0.0005455537370430987,0.0,0.0005455537370430987,1,1.0,0.0,Missing
2025-10-31,HistGBM,Unknown,152855,Unknown,0,5,0.0005455537370430987,0.0,0.0005545223997193853,1,1.0164395586856334,0.016439558685633304,OK
2025-10-31,HistGBM,Unknown,152654,Unknown,0,5,0.0005455537370430987,0.0006164912403080569,0.0005455537370430987,1,1.0,0.0,Missing
2025-10-31,HistGBM,Unknown,151440,Unknown,0,5,0.0005455537370430987,0.0005866575365299445,0.0005455537370430987,1,1.0,0.0,Missing
2025-10-31,HistGBM,Unknown,150639,Unknown,0,5,0.0005455537370430987,0.0,0.0005455537370430987,1,1.0,0.0,Missing
2025-10-31,HistGBM,Unknown,152793,Unknown,0,5,0.0005455537370430987,0.0,0.0005640997323587973,1,1.0339948094136755,0.03399480941367557,OK
2025-10-31,HistGBM,Unknown,152588,Unknown,0,5,0.0005455537370430987,0.0,0.0005455537370430987,1,1.0,0.0,Missing
2025-10-31,HistGBM,Unknown,118482,Unknown,0,5,0.0005455537370430987,0.0,0.0005559431095031524,1,1.0190437197192783,0.019043719719278353,OK
2025-10-31,HistGBM,Unknown,152577,Unknown,0,5,0.0005455537370430987,0.0,0.0005455537370430987,1,1.0,0.0,Missing
2025-10-31,HistGBM,Unknown,150643,Unknown,0,5,0.0005455537370430987,0.0,0.0005455537370430987,1,1.0,0.0,Missing
2025-10-31,HistGBM,Unknown,152870,Unknown,0,5,0.0005455537370430987,0.0,0.0005455537370430987,1,1.0,0.0,Missing
2025-10-31,HistGBM,Unknown,152951,Unknown,0,5,0.0005455537370430987,0.0,0.0005455537370430987,1,1.0,0.0,Missing
2025-10-31,HistGBM,Unknown,152157,Unknown,0,5,0.0005455537370430987,0.0,0.0005455537370430987,1,1.0,0.0,Missing
2025-10-31,HistGBM,Unknown,152869,Unknown,0,5,0.0005455537370430987,0.0005868302755564949,0.0005455537370430987,1,1.0,0.0,Missing
2025-10-31,HistGBM,Unknown,118741,Unknown,0,5,0.0005455537370430987,0.0,0.0005455537370430987,1,1.0,0.0,Missing
2025-10-31,HistGBM,Unknown,118742,Unknown,0,5,0.0005455537370430987,0.0,0.0005455537370430987,1,1.0,0.0,Missing
2025-10-31,HistGBM,Unknown,151489,Unknown,0,5,0.0005455537370430987,0.0005866784995623063,0.0005455537370430987,1,1.0,0.0,Missing
2025-10-31,HistGBM,Unknown,149804,Unknown,0,5,0.0005455537370430987,0.0,0.0005455537370430987,1,1.0,0.0,Missing
2025-10-31,HistGBM,Unknown,152887,Unknown,0,5,0.0005455537370430987,0.0005866662934111164,0.0005490093151048258,1,1.0063340745871459,0.0063340745871459,OK
2025-10-31,HistGBM,Unknown,149373,Unknown,0,5,0.0005455537370430987,0.0,0.0005559210966800441,1,1.019003370214521,0.01900337021452093,OK
2025-10-31,HistGBM,Unknown,152570,Unknown,0,5,0.0005455537370430987,0.000638925508355014,0.0005455537370430987,1,1.0,0.0,Missing
2025-10-31,HistGBM,Unknown,141877,Unknown,0,5,0.0005455537370430987,0.0,0.0005455537370430987,1,1.0,0.0,Missing
2025-10-31,HistGBM,Unknown,150515,Unknown,0,5,0.0005455537370430987,0.0,0.0005455537370430987,1,1.0,0.0,Missing
2025-10-31,HistGBM,Unknown,148381,Unknown,0,5,0.0005455537370430987,0.0,0.0005455537370430987,1,1.0,0.0,Missing
2025-10-31,HistGBM,Unknown,152864,Unknown,0,5,0.0005455537370430987,0.0006178095040623901,0.0005455537370430987,1,1.0,0.0,Missing
2025-10-31,HistGBM,Unknown,152936,Unknown,0,5,0.0005455537370430987,0.0,0.0005455537370430987,1,1.0,0.0,Missing
2025-10-31,HistGBM,Unknown,149219,Unknown,0,5,0.0005455537370430987,0.0006103350256654094,0.0005455537370430987,1,1.0,0.0,Missing
2025-10-31,HistGBM,Unknown,151762,Unknown,0,5,0.0005455537370430987,0.0,0.0005455537370430987,1,1.0,0.0,Missing
2025-10-31,HistGBM,Unknown,119568,Unknown,0,5,0.003205128205128205,0.0031497212387748197,0.0032207865169667383,1,1.0048853932936224,0.0048853932936223764,OK
2025-10-31,HistGBM,Unknown,119861,Unknown,0,5,0.003205128205128205,0.003149744833369953,0.0032206430538825746,1,1.0048406328113633,0.004840632811363253,OK
2025-10-31,HistGBM,Unknown,140196,Unknown,0,5,0.003205128205128205,0.0031498304611079398,0.0032205864821333112,1,1.0048229824255932,0.004822982425593263,OK
2025-10-31,HistGBM,Unknown,118577,Unknown,0,5,0.003205128205128205,0.003149671915619954,0.0032205470474812163,1,1.0048106788141395,0.004810678814139599,OK
2025-10-31,HistGBM,Unknown,149664,Unknown,0,5,0.003205128205128205,0.0,0.003220579592179298,1,1.004820832759941,0.004820832759940974,OK
2025-10-31,HistGBM,Unknown,119135,Unknown,0,5,0.003205128205128205,0.003149895001597023,0.0032206250647659963,1,1.004835020206991,0.004835020206990844,OK
2025-10-31,HistGBM,Unknown,118305,Unknown,0,5,0.003205128205128205,0.003149798316013061,0.003220563567200771,1,1.0048158329666406,0.004815832966640482,OK
2025-10-31,HistGBM,Unknown,120389,Unknown,0,5,0.003205128205128205,0.003149785400060005,0.003220686478823941,1,1.0048541813930696,0.0048541813930695395,OK
2025-10-31,HistGBM,Unknown,152849,Unknown,0,5,0.004273504273504273,0.004202954065145861,0.004273504273504273,1,1.0,0.0,Missing
2025-10-31,HistGBM,Unknown,120401,Unknown,0,5,0.004273504273504273,0.004203495621615982,0.004273504273504273,1,1.0,0.0,Missing
2025-10-31,HistGBM,Unknown,147617,Unknown,0,5,0.004273504273504273,0.004206298037583072,0.004273504273504273,1,1.0,0.0,Missing
2025-10-31,HistGBM,Unknown,119771,Unknown,0,5,0.004273504273504273,0.004201926706089239,0.004273504273504273,1,1.0,0.0,Missing
2025-10-31,HistGBM,Unknown,130206,Unknown,0,5,0.004273504273504273,0.004202367871745151,0.004273504273504273,1,1.0,0.0,Missing
2025-10-31,HistGBM,Unknown,149550,Unknown,0,5,0.004273504273504273,0.0,0.004273504273504273,1,1.0,0.0,Missing
2025-10-31,HistGBM,Unknown,150346,Unknown,0,5,0.003205128205128205,0.0032692516478293587,0.003205128205128205,1,1.0,0.0,Missing
2025-10-31,HistGBM,Unknown,133839,Unknown,0,5,0.003205128205128205,0.003264614540105195,0.003205128205128205,1,1.0,0.0,Missing
2025-10-31,HistGBM,Unknown,151412,Unknown,0,5,0.003205128205128205,0.0,0.003205128205128205,1,1.0,0.0,Missing
2025-10-31,HistGBM,Unknown,148990,Unknown,0,5,0.003205128205128205,0.0032367910639856034,0.003205128205128205,1,1.0,0.0,Missing
2025-10-31,HistGBM,Unknown,149763,Unknown,0,5,0.003205128205128205,0.0,0.003205128205128205,1,1.0,0.0,Missing
2025-10-31,HistGBM,Unknown,120166,Unknown,0,5,0.003205128205128205,0.0,0.003205128205128205,1,1.0,0.0,Missing
2025-10-31,HistGBM,Unknown,120564,Unknown,0,5,0.003205128205128205,0.0,0.003205128205128205,1,1.0,0.0,Missing
2025-10-31,HistGBM,Unknown,152135,Unknown,0,5,0.003205128205128205,0.0032825478896582236,0.003205128205128205,1,1.0,0.0,Missing
2025-10-31,HistGBM,Unknown,151889,Unknown,0,5,0.005128205128205128,0.00504089019174793,0.005128205128205128,1,1.0,0.0,Missing
2025-10-31,HistGBM,Unknown,149112,Unknown,0,5,0.005128205128205128,0.005040646035132007,0.005128205128205128,1,1.0,0.0,Missing
2025-10-31,HistGBM,Unknown,147567,Unknown,0,5,0.005128205128205128,0.005041214938630462,0.005155310562488668,1,1.0052855596852903,0.005285559685290345,OK
2025-10-31,HistGBM,Unknown,119424,Unknown,0,5,0.005128205128205128,0.005041283396616206,0.005128205128205128,1,1.0,0.0,Missing
2025-10-31,HistGBM,Unknown,118719,Unknown,0,5,0.005128205128205128,0.005040925666695743,0.005128205128205128,1,1.0,0.0,Missing
2025-10-31,HistGBM,Unknown,119953,Unknown,0,5,0.005128205128205128,0.005031722996990085,0.005128205128205128,1,1.0,0.0,Missing
2025-10-31,HistGBM,Unknown,120792,Unknown,0,5,0.005128205128205128,0.0,0.005128205128205128,1,1.0,0.0,Missing
2025-10-31,HistGBM,Unknown,119707,Unknown,0,5,0.005128205128205128,0.005045695589470478,0.0051350826303837626,1,1.0013411129248337,0.0013411129248336487,OK
2025-10-31,HistGBM,Unknown,120447,Unknown,0,5,0.005128205128205128,0.005045637660361539,0.005129363947469227,1,1.0002259697564992,0.0002259697564993553,OK
2025-10-31,HistGBM,Unknown,119099,Unknown,0,5,0.005128205128205128,0.00502452967862382,0.005128205128205128,1,1.0,0.0,Missing
2025-10-31,HistGBM,Unknown,119564,Unknown,0,5,0.004273504273504273,0.0,0.004273504273504273,1,1.0,0.0,Missing
2025-10-31,HistGBM,Unknown,147492,Unknown,0,5,0.004273504273504273,0.0,0.004273504273504273,1,1.0,0.0,Missing
2025-10-31,HistGBM,Unknown,147473,Unknown,0,5,0.004273504273504273,0.004368403611654604,0.004273504273504273,1,1.0,0.0,Missing
2025-10-31,HistGBM,Unknown,148883,Unknown,0,5,0.004273504273504273,0.00433024606279786,0.004273504273504273,1,1.0,0.0,Missing
2025-10-31,HistGBM,Unknown,118421,Unknown,0,5,0.004273504273504273,0.0,0.004246063536083127,1,0.9935788674434518,-0.00642113255654817,OK
2025-10-31,HistGBM,Unknown,151777,Unknown,0,5,0.004273504273504273,0.0,0.004273504273504273,1,1.0,0.0,Missing
2025-10-31,HistGBM,Unknown,151122,Unknown,0,5,0.004273504273504273,0.0,0.004273504273504273,1,1.0,0.0,Missing
2025-10-31,HistGBM,Unknown,134813,Unknown,0,5,0.004273504273504273,0.00432573362836029,0.004273504273504273,1,1.0,0.0,Missing
2025-10-31,HistGBM,Unknown,118624,Unknown,0,5,0.004273504273504273,0.0,0.004273504273504273,1,1.0,0.0,Missing
2025-10-31,HistGBM,Unknown,133035,Unknown,0,5,0.004273504273504273,0.004278771668241683,0.004273504273504273,1,1.0,0.0,Missing
2025-10-31,HistGBM,Unknown,140382,Unknown,0,5,0.004273504273504273,0.004357211343292683,0.004295856698602694,1,1.0052304674730304,0.0052304674730304064,OK
2025-10-31,HistGBM,Unknown,148592,Unknown,0,5,0.004273504273504273,0.004316767486676322,0.004273504273504273,1,1.0,0.0,Missing
2025-10-31,HistGBM,Unknown,147750,Unknown,0,5,0.004273504273504273,0.0,0.004273504273504273,1,1.0,0.0,Missing
2025-10-31,HistGBM,Unknown,118419,Unknown,0,5,0.004273504273504273,0.0,0.004329338210128024,1,1.0130651411699576,0.013065141169957528,OK
2025-10-31,HistGBM,Unknown,118834,Unknown,0,5,0.004273504273504273,0.0,0.004273504273504273,1,1.0,0.0,Missing
2025-10-31,HistGBM,Unknown,118510,Unknown,0,5,0.004273504273504273,0.0,0.004273504273504273,1,1.0,0.0,Missing
2025-10-31,HistGBM,Unknown,130498,Unknown,0,5,0.004273504273504273,0.0,0.004273504273504273,1,1.0,0.0,Missing
2025-10-31,HistGBM,Unknown,152226,Unknown,0,5,0.004273504273504273,0.0,0.004273504273504273,1,1.0,0.0,Missing
2025-10-31,HistGBM,Unknown,120059,Unknown,0,5,0.008547008547008546,0.008408499876152697,0.008547008547008546,1,1.0,0.0,Missing
2025-10-31,HistGBM,Unknown,119393,Unknown,0,5,0.008547008547008546,0.0,0.008547008547008546,1,1.0,0.0,Missing
2025-10-31,HistGBM,Unknown,120430,Unknown,0,5,0.008547008547008546,0.008412290934092487,0.008547008547008546,1,1.0,0.0,Missing
2025-10-31,HistGBM,Unknown,148750,Unknown,0,5,0.0015082956259426846,0.0,0.0015082956259426846,1,1.0,0.0,Missing
2025-10-31,HistGBM,Unknown,148747,Unknown,0,5,0.0015082956259426846,0.0,0.0015082956259426846,1,1.0,0.0,Missing
2025-10-31,HistGBM,Unknown,152459,Unknown,0,5,0.0015082956259426846,0.0,0.0015082956259426846,1,1.0,0.0,Missing
2025-10-31,HistGBM,Unknown,149760,Unknown,0,5,0.0015082956259426846,0.0,0.0015082956259426846,1,1.0,0.0,Missing
2025-10-31,HistGBM,Unknown,151731,Unknown,0,5,0.0015082956259426846,0.0,0.0015082956259426846,1,1.0,0.0,Missing
2025-10-31,HistGBM,Unknown,149170,Unknown,0,5,0.0015082956259426846,0.0016371289721945285,0.0015082956259426846,1,1.0,0.0,Missing
2025-10-31,HistGBM,Unknown,149441,Unknown,0,5,0.0015082956259426846,0.0,0.0015082956259426846,1,1.0,0.0,Missing
2025-10-31,HistGBM,Unknown,119777,Unknown,0,5,0.0015082956259426846,0.0,0.0015082956259426846,1,1.0,0.0,Missing
2025-10-31,HistGBM,Unknown,150615,Unknown,0,5,0.0015082956259426846,0.0,0.001654788367858427,1,1.0971246878901373,0.09712468789013731,OK
2025-10-31,HistGBM,Unknown,145552,Unknown,0,5,0.0015082956259426846,0.0017226935312605988,0.0015082956259426846,1,1.0,0.0,Missing
2025-10-31,HistGBM,Unknown,147648,Unknown,0,5,0.0015082956259426846,0.0,0.0015082956259426846,1,1.0,0.0,Missing
2025-10-31,HistGBM,Unknown,152645,Unknown,0,5,0.0015082956259426846,0.0016333815481081992,0.0015082956259426846,1,1.0,0.0,Missing
2025-10-31,HistGBM,Unknown,129193,Unknown,0,5,0.0015082956259426846,0.0,0.0015082956259426846,1,1.0,0.0,Missing
2025-10-31,HistGBM,Unknown,150737,Unknown,0,5,0.0015082956259426846,0.0,0.0015082956259426846,1,1.0,0.0,Missing
2025-10-31,HistGBM,Unknown,152770,Unknown,0,5,0.0015082956259426846,0.0,0.0015082956259426846,1,1.0,0.0,Missing
2025-10-31,HistGBM,Unknown,149790,Unknown,0,5,0.0015082956259426846,0.0,0.0015082956259426846,1,1.0,0.0,Missing
2025-10-31,HistGBM,Unknown,152735,Unknown,0,5,0.0015082956259426846,0.0,0.0016548739429794027,1,1.0971814241953441,0.0971814241953442,OK
2025-10-31,HistGBM,Unknown,118814,Unknown,0,5,0.005128205128205128,0.005056614419137447,0.005128205128205128,1,1.0,0.0,Missing
2025-10-31,HistGBM,Unknown,118807,Unknown,0,5,0.005128205128205128,0.0,0.005128205128205128,1,1.0,0.0,Missing
2025-10-31,HistGBM,Unknown,150237,Unknown,0,5,0.005128205128205128,0.005056013215754534,0.005128205128205128,1,1.0,0.0,Missing
2025-10-31,HistGBM,Unknown,141588,Unknown,0,5,0.005128205128205128,0.005057446105127747,0.005159404680458362,1,1.0060839126893806,0.00608391268938066,OK
2025-10-31,HistGBM,Unknown,150996,Unknown,0,5,0.005128205128205128,0.005053042613556973,0.005128205128205128,1,1.0,0.0,Missing
2025-10-31,HistGBM,Unknown,147736,Unknown,0,5,0.003663003663003663,0.0035987583341311833,0.003678988387465019,1,1.0043638297779502,0.004363829777950198,OK
2025-10-31,HistGBM,Unknown,147951,Unknown,0,5,0.003663003663003663,0.0035990592067274806,0.0036792029894190227,1,1.0044224161113933,0.00442241611139333,OK
2025-10-31,HistGBM,Unknown,151849,Unknown,0,5,0.003663003663003663,0.0035988452408309076,0.0036800298353578853,1,1.0046481450527027,0.004648145052702772,OK
2025-10-31,HistGBM,Unknown,147196,Unknown,0,5,0.003663003663003663,0.0035987759406100077,0.003679033168136214,1,1.0043760549011864,0.004376054901186523,OK
2025-10-31,HistGBM,Unknown,146980,Unknown,0,5,0.003663003663003663,0.0,0.0036790478596144946,1,1.004380065674757,0.004380065674757113,OK
2025-10-31,HistGBM,Unknown,145810,Unknown,0,5,0.003663003663003663,0.0035987267870256304,0.003679013124838723,1,1.0043705830809715,0.004370583080971581,OK
2025-10-31,HistGBM,Unknown,146675,Unknown,0,5,0.003663003663003663,0.0035988305887834555,0.0036789656190494113,1,1.0043576140004893,0.004357614000489392,OK
2025-10-31,HistGBM,Unknown,146721,Unknown,0,5,0.004273504273504273,0.0,0.004273504273504273,1,1.0,0.0,Missing
2025-10-31,HistGBM,Unknown,146716,Unknown,0,5,0.004273504273504273,0.0042353997494721995,0.004273504273504273,1,1.0,0.0,Missing
2025-10-31,HistGBM,Unknown,146930,Unknown,0,5,0.004273504273504273,0.004360978466145985,0.004273504273504273,1,1.0,0.0,Missing
2025-10-31,HistGBM,Unknown,152628,Unknown,0,5,0.004273504273504273,0.0,0.004273504273504273,1,1.0,0.0,Missing
2025-10-31,HistGBM,Unknown,150554,Unknown,0,5,0.004273504273504273,0.0,0.004273504273504273,1,1.0,0.0,Missing
2025-10-31,HistGBM,Unknown,146575,Unknown,0,5,0.004273504273504273,0.0,0.004273504273504273,1,1.0,0.0,Missing
2025-10-31,HistGBM,Unknown,147269,Unknown,0,5,0.008547008547008546,0.008415076085189559,0.008547008547008546,1,1.0,0.0,Missing
2025-10-31,HistGBM,Unknown,118656,Unknown,0,5,0.008547008547008546,0.008423827449554555,0.008547008547008546,1,1.0,0.0,Missing
2025-10-31,HistGBM,Unknown,118508,Unknown,0,5,0.008547008547008546,0.008419935316975087,0.008547008547008546,1,1.0,0.0,Missing
2025-10-31,HistGBM,Unknown,150797,Unknown,0,5,0.003663003663003663,0.003719735955768221,0.003663003663003663,1,1.0,0.0,Missing
2025-10-31,HistGBM,Unknown,118825,Unknown,0,5,0.003663003663003663,0.0037259886421653,0.003663003663003663,1,1.0,0.0,Missing
2025-10-31,HistGBM,Unknown,118479,Unknown,0,5,0.003663003663003663,0.0,0.0037125769501748615,1,1.0135335073977372,0.01353350739773716,OK
2025-10-31,HistGBM,Unknown,152354,Unknown,0,5,0.003663003663003663,0.0,0.003663003663003663,1,1.0,0.0,Missing
2025-10-31,HistGBM,Unknown,118633,Unknown,0,5,0.003663003663003663,0.0,0.003663003663003663,1,1.0,0.0,Missing
2025-10-31,HistGBM,Unknown,118632,Unknown,0,5,0.003663003663003663,0.003695783343641117,0.003663003663003663,1,1.0,0.0,Missing
2025-10-31,HistGBM,Unknown,120152,Unknown,0,5,0.003663003663003663,0.0,0.003663003663003663,1,1.0,0.0,Missing
2025-10-31,HistGBM,Unknown,142038,Unknown,0,5,0.003663003663003663,0.0,0.003663003663003663,1,1.0,0.0,Missing
2025-10-31,HistGBM,Unknown,131670,Unknown,0,5,0.003663003663003663,0.0036829938491849622,0.003663003663003663,1,1.0,0.0,Missing
2025-10-31,HistGBM,Unknown,151885,Unknown,0,5,0.003663003663003663,0.0,0.003663003663003663,1,1.0,0.0,Missing
2025-10-31,HistGBM,Unknown,145396,Unknown,0,5,0.003663003663003663,0.0037263817538450085,0.003663003663003663,1,1.0,0.0,Missing
2025-10-31,HistGBM,Unknown,150470,Unknown,0,5,0.003663003663003663,0.0,0.003663003663003663,1,1.0,0.0,Missing
2025-10-31,HistGBM,Unknown,149134,Unknown,0,5,0.003663003663003663,0.0,0.0037057465552650056,1,1.0116688095873465,0.011668809587346425,OK
2025-10-31,HistGBM,Unknown,151267,Unknown,0,5,0.003663003663003663,0.0036844391602593386,0.003663003663003663,1,1.0,0.0,Missing
2025-10-31,HistGBM,Unknown,140228,Unknown,0,5,0.004273504273504273,0.004371536631659352,0.004273504273504273,1,1.0,0.0,Missing
2025-10-31,HistGBM,Unknown,147445,Unknown,0,5,0.004273504273504273,0.0,0.004273504273504273,1,1.0,0.0,Missing
2025-10-31,HistGBM,Unknown,150584,Unknown,0,5,0.004273504273504273,0.004405811939260122,0.004273504273504273,1,1.0,0.0,Missing
2025-10-31,HistGBM,Unknown,119775,Unknown,0,5,0.004273504273504273,0.0,0.004273504273504273,1,1.0,0.0,Missing
2025-10-31,HistGBM,Unknown,148073,Unknown,0,5,0.004273504273504273,0.0,0.004273504273504273,1,1.0,0.0,Missing
2025-10-31,HistGBM,Unknown,150817,Unknown,0,5,0.004273504273504273,0.0,0.004273504273504273,1,1.0,0.0,Missing
2025-10-31,HistGBM,Unknown,149993,Unknown,0,5,0.002564102564102564,0.0025238820827200195,0.0025770309818134883,1,1.0050420829072604,0.005042082907260411,OK
2025-10-31,HistGBM,Unknown,149917,Unknown,0,5,0.002564102564102564,0.0025283385180225565,0.002564102564102564,1,1.0,0.0,Missing
2025-10-31,HistGBM,Unknown,146974,Unknown,0,5,0.002564102564102564,0.002525469650484347,0.0025811919556478252,1,1.0066648627026518,0.0066648627026517585,OK
2025-10-31,HistGBM,Unknown,149878,Unknown,0,5,0.002564102564102564,0.002523585291677128,0.002576575416413059,1,1.004864412401093,0.004864412401092939,OK
2025-10-31,HistGBM,Unknown,149431,Unknown,0,5,0.002564102564102564,0.0025251600843027738,0.002577270924220342,1,1.0051356604459334,0.005135660445933448,OK
2025-10-31,HistGBM,Unknown,150627,Unknown,0,5,0.002564102564102564,0.0025236216329451756,0.002564102564102564,1,1.0,0.0,Missing
2025-10-31,HistGBM,Unknown,151681,Unknown,0,5,0.002564102564102564,0.002521611427092927,0.002564102564102564,1,1.0,0.0,Missing
2025-10-31,HistGBM,Unknown,149460,Unknown,0,5,0.002564102564102564,0.0025232323564601967,0.0025766479430906226,1,1.0048926978053427,0.004892697805342782,OK
2025-10-31,HistGBM,Unknown,151485,Unknown,0,5,0.002564102564102564,0.0025196195549635546,0.002564102564102564,1,1.0,0.0,Missing
2025-10-31,HistGBM,Unknown,148387,Unknown,0,5,0.002564102564102564,0.0,0.002582576830077827,1,1.0072049637303524,0.007204963730352467,OK
2025-10-31,HistGBM,Unknown,128006,Unknown,0,5,0.008547008547008546,0.008439766762806514,0.008547008547008546,1,1.0,0.0,Missing
2025-10-31,HistGBM,Unknown,130050,Unknown,0,5,0.008547008547008546,0.008419974540131277,0.008547008547008546,1,1.0,0.0,Missing
2025-10-31,HistGBM,Unknown,151146,Unknown,0,5,0.008547008547008546,0.008426797766036238,0.008547008547008546,1,1.0,0.0,Missing
2025-10-31,HistGBM,Unknown,152380,Unknown,0,5,0.005128205128205128,0.0,0.005128205128205128,1,1.0,0.0,Missing
2025-10-31,HistGBM,Unknown,152787,Unknown,0,5,0.005128205128205128,0.005203571084379956,0.005128205128205128,1,1.0,0.0,Missing
2025-10-31,HistGBM,Unknown,152064,Unknown,0,5,0.005128205128205128,0.00516971328864405,0.005128205128205128,1,1.0,0.0,Missing
2025-10-31,HistGBM,Unknown,152056,Unknown,0,5,0.005128205128205128,0.005187982422502667,0.005128205128205128,1,1.0,0.0,Missing
2025-10-31,HistGBM,Unknown,148457,Unknown,0,5,0.005128205128205128,0.005172668101647978,0.005128205128205128,1,1.0,0.0,Missing
2025-10-31,HistGBM,Unknown,133810,Unknown,0,5,0.00641025641025641,0.006309939038430491,0.00641025641025641,1,1.0,0.0,Missing
2025-10-31,HistGBM,Unknown,120513,Unknown,0,5,0.00641025641025641,0.0,0.006447426737681022,1,1.0057985710782396,0.005798571078239637,OK
2025-10-31,HistGBM,Unknown,118709,Unknown,0,5,0.00641025641025641,0.006307587456403983,0.00641025641025641,1,1.0,0.0,Missing
2025-10-31,HistGBM,Unknown,118702,Unknown,0,5,0.00641025641025641,0.006307587398393994,0.00641025641025641,1,1.0,0.0,Missing
2025-10-31,HistGBM,Unknown,148737,Unknown,0,5,0.002564102564102564,0.0,0.002564102564102564,1,1.0,0.0,Missing
2025-10-31,HistGBM,Unknown,152090,Unknown,0,5,0.002564102564102564,0.0,0.002564102564102564,1,1.0,0.0,Missing
2025-10-31,HistGBM,Unknown,148646,Unknown,0,5,0.002564102564102564,0.0,0.002564102564102564,1,1.0,0.0,Missing
2025-10-31,HistGBM,Unknown,150595,Unknown,0,5,0.002564102564102564,0.0026794737297852643,0.002564102564102564,1,1.0,0.0,Missing
2025-10-31,HistGBM,Unknown,119779,Unknown,0,5,0.002564102564102564,0.00258935367292729,0.002564102564102564,1,1.0,0.0,Missing
2025-10-31,HistGBM,Unknown,148485,Unknown,0,5,0.002564102564102564,0.0,0.002588785439265658,1,1.0096263213136065,0.009626321313606433,OK
2025-10-31,HistGBM,Unknown,129188,Unknown,0,5,0.002564102564102564,0.0,0.002564102564102564,1,1.0,0.0,Missing
2025-10-31,HistGBM,Unknown,140296,Unknown,0,5,0.002564102564102564,0.0,0.002564102564102564,1,1.0,0.0,Missing
2025-10-31,HistGBM,Unknown,150285,Unknown,0,5,0.002564102564102564,0.002486621917797705,0.002564102564102564,1,1.0,0.0,Missing
2025-10-31,HistGBM,Unknown,140327,Unknown,0,5,0.002564102564102564,0.0026289488216089904,0.002564102564102564,1,1.0,0.0,Missing
2025-10-31,HistGBM,Unknown,149019,Unknown,0,5,0.004273504273504273,0.0,0.004273504273504273,1,1.0,0.0,Missing
2025-10-31,HistGBM,Unknown,147946,Unknown,0,5,0.004273504273504273,0.0,0.0041911011447208595,1,0.9807176678646813,-0.01928233213531867,OK
2025-10-31,HistGBM,Unknown,152237,Unknown,0,5,0.004273504273504273,0.004399606112890519,0.004273504273504273,1,1.0,0.0,Missing
2025-10-31,HistGBM,Unknown,145137,Unknown,0,5,0.004273504273504273,0.004382523064874427,0.004273504273504273,1,1.0,0.0,Missing
2025-10-31,HistGBM,Unknown,130503,Unknown,0,5,0.004273504273504273,0.0,0.004273504273504273,1,1.0,0.0,Missing
2025-10-31,HistGBM,Unknown,119589,Unknown,0,5,0.004273504273504273,0.0,0.004273504273504273,1,1.0,0.0,Missing
2025-10-31,HistGBM,Unknown,152071,Unknown,0,5,0.004273504273504273,0.0,0.004273504273504273,1,1.0,0.0,Missing
2025-10-31,HistGBM,Unknown,149185,Unknown,0,5,0.004273504273504273,0.0,0.004273504273504273,1,1.0,0.0,Missing
2025-10-31,HistGBM,Unknown,152739,Unknown,0,5,0.004273504273504273,0.0,0.004273504273504273,1,1.0,0.0,Missing
2025-10-31,HistGBM,Unknown,151810,Unknown,0,5,0.004273504273504273,0.0,0.004273504273504273,1,1.0,0.0,Missing
2025-10-31,HistGBM,Unknown,152815,Unknown,0,5,0.004273504273504273,0.004347995348205134,0.004273504273504273,1,1.0,0.0,Missing
2025-10-31,HistGBM,Unknown,150659,Unknown,0,5,0.004273504273504273,0.0,0.004273504273504273,1,1.0,0.0,Missing
2025-10-31,HistGBM,Unknown,120435,Unknown,0,5,0.005128205128205128,0.005058803716577118,0.005128205128205128,1,1.0,0.0,Missing
2025-10-31,HistGBM,Unknown,119505,Unknown,0,5,0.005128205128205128,0.005049983755108652,0.005128205128205128,1,1.0,0.0,Missing
2025-10-31,HistGBM,Unknown,134494,Unknown,0,5,0.005128205128205128,0.005047115187863572,0.005128205128205128,1,1.0,0.0,Missing
2025-10-31,HistGBM,Unknown,120084,Unknown,0,5,0.005128205128205128,0.0,0.005128205128205128,1,1.0,0.0,Missing
2025-10-31,HistGBM,Unknown,120451,Unknown,0,5,0.005128205128205128,0.00506806066541861,0.005150246524178806,1,1.004298072214867,0.004298072214867202,OK
2025-10-31,HistGBM,Unknown,120705,Unknown,0,5,0.00641025641025641,0.006367539736357152,0.00641025641025641,1,1.0,0.0,Missing
2025-10-31,HistGBM,Unknown,118574,Unknown,0,5,0.00641025641025641,0.006351454741741733,0.00641025641025641,1,1.0,0.0,Missing
2025-10-31,HistGBM,Unknown,150206,Unknown,0,5,0.00641025641025641,0.0,0.00641025641025641,1,1.0,0.0,Missing
2025-10-31,HistGBM,Unknown,148958,Unknown,0,5,0.00641025641025641,0.0,0.00641025641025641,1,1.0,0.0,Missing
2025-10-31,HistGBM,Unknown,120711,Unknown,0,5,0.008547008547008546,0.00842843719706094,0.008547008547008546,1,1.0,0.0,Missing
2025-10-31,HistGBM,Unknown,134387,Unknown,0,5,0.008547008547008546,0.008430552111648988,0.008547008547008546,1,1.0,0.0,Missing
2025-10-31,HistGBM,Unknown,119741,Unknown,0,5,0.008547008547008546,0.0,0.008547008547008546,1,1.0,0.0,Missing
2025-10-31,HistGBM,Unknown,151060,Unknown,0,5,0.005128205128205128,0.005068027885894466,0.005128205128205128,1,1.0,0.0,Missing
2025-10-31,HistGBM,Unknown,149679,Unknown,0,5,0.005128205128205128,0.005111279594300726,0.005128205128205128,1,1.0,0.0,Missing
2025-10-31,HistGBM,Unknown,147496,Unknown,0,5,0.005128205128205128,0.0,0.005128205128205128,1,1.0,0.0,Missing
2025-10-31,HistGBM,Unknown,131373,Unknown,0,5,0.005128205128205128,0.0050869342911220635,0.005128205128205128,1,1.0,0.0,Missing
2025-10-31,HistGBM,Unknown,140347,Unknown,0,5,0.005128205128205128,0.005104220538631393,0.005128205128205128,1,1.0,0.0,Missing
2025-10-31,HistGBM,Unknown,150002,Unknown,0,5,0.005128205128205128,0.005045402932897314,0.005128205128205128,1,1.0,0.0,Missing
2025-10-31,HistGBM,Unknown,150316,Unknown,0,5,0.005128205128205128,0.005044546530364637,0.005128205128205128,1,1.0,0.0,Missing
2025-10-31,HistGBM,Unknown,149924,Unknown,0,5,0.005128205128205128,0.005046863791578141,0.005128205128205128,1,1.0,0.0,Missing
2025-10-31,HistGBM,Unknown,149190,Unknown,0,5,0.005128205128205128,0.0050428661975398135,0.005128205128205128,1,1.0,0.0,Missing
2025-10-31,HistGBM,Unknown,151493,Unknown,0,5,0.005128205128205128,0.005043179468503341,0.005128205128205128,1,1.0,0.0,Missing
2025-10-31,HistGBM,Unknown,120338,Unknown,0,5,0.005128205128205128,0.005053006898913414,0.005128205128205128,1,1.0,0.0,Missing
2025-10-31,HistGBM,Unknown,151107,Unknown,0,5,0.005128205128205128,0.005053074270033558,0.005128205128205128,1,1.0,0.0,Missing
2025-10-31,HistGBM,Unknown,129008,Unknown,0,5,0.005128205128205128,0.005053258825845784,0.005128205128205128,1,1.0,0.0,Missing
2025-10-31,HistGBM,Unknown,152162,Unknown,0,5,0.005128205128205128,0.0,0.005128205128205128,1,1.0,0.0,Missing
2025-10-31,HistGBM,Unknown,125503,Unknown,0,5,0.005128205128205128,0.0050576594451234354,0.005153691125357221,1,1.0049697694446582,0.004969769444658308,OK
2025-10-31,HistGBM,Unknown,152219,Unknown,0,5,0.01282051282051282,0.01304540183913782,0.01282051282051282,1,1.0,0.0,Missing
2025-10-31,HistGBM,Unknown,148490,Unknown,0,5,0.01282051282051282,0.013030784997762548,0.013163371482456108,1,1.0267429756315765,0.02674297563157643,OK
2025-10-31,HistGBM,Unknown,142153,Unknown,0,5,0.008547008547008546,0.0,0.008547008547008546,1,1.0,0.0,Missing
2025-10-31,HistGBM,Unknown,142138,Unknown,0,5,0.008547008547008546,0.008514092964304337,0.008486145040766889,1,0.992878969769726,-0.007121030230274025,OK
2025-10-31,HistGBM,Unknown,143079,Unknown,0,5,0.008547008547008546,0.0,0.008547008547008546,1,1.0,0.0,Missing
2025-10-31,HistGBM,Unknown,151214,Unknown,0,5,0.01282051282051282,0.012584542544069524,0.012834084832063839,1,1.0010586169009794,0.0010586169009793177,OK
2025-10-31,HistGBM,Unknown,152520,Unknown,0,5,0.01282051282051282,0.012595239832296434,0.012786938236426664,1,0.9973811824412798,-0.002618817558720203,OK
2025-11-30,HistGBM,Unknown,152158,Unknown,0,5,0.0006747638326585695,0.0,0.0006747638326585695,1,1.0,0.0,Missing
2025-11-30,HistGBM,Unknown,152169,Unknown,0,5,0.0006747638326585695,0.0006691729737252327,0.0006747638326585695,1,1.0,0.0,Missing
2025-11-30,HistGBM,Unknown,151384,Unknown,0,5,0.0006747638326585695,0.0,0.0006747638326585695,1,1.0,0.0,Missing
2025-11-30,HistGBM,Unknown,152082,Unknown,0,5,0.0006747638326585695,0.0,0.0006747638326585695,1,1.0,0.0,Missing
2025-11-30,HistGBM,Unknown,120731,Unknown,0,5,0.0006747638326585695,0.0,0.0006747638326585695,1,1.0,0.0,Missing
2025-11-30,HistGBM,Unknown,151791,Unknown,0,5,0.0006747638326585695,0.0,0.0006747638326585695,1,1.0,0.0,Missing
2025-11-30,HistGBM,Unknown,152202,Unknown,0,5,0.0006747638326585695,0.0006908168233367705,0.0006696973465430443,1,0.9924914675767917,-0.007508532423208273,OK
2025-11-30,HistGBM,Unknown,120405,Unknown,0,5,0.0006747638326585695,0.0,0.0006747638326585695,1,1.0,0.0,Missing
2025-11-30,HistGBM,Unknown,119597,Unknown,0,5,0.0006747638326585695,0.0006691729737252327,0.0006747638326585695,1,1.0,0.0,Missing
2025-11-30,HistGBM,Unknown,152321,Unknown,0,5,0.0006747638326585695,0.0,0.0006747638326585695,1,1.0,0.0,Missing
2025-11-30,HistGBM,Unknown,150716,Unknown,0,5,0.0006747638326585695,0.0,0.0006773916450748079,1,1.0038944180008653,0.003894418000865403,OK
2025-11-30,HistGBM,Unknown,150685,Unknown,0,5,0.0006747638326585695,0.0,0.0006747638326585695,1,1.0,0.0,Missing
2025-11-30,HistGBM,Unknown,120385,Unknown,0,5,0.0006747638326585695,0.0006691729737252327,0.0006747638326585695,1,1.0,0.0,Missing
2025-11-30,HistGBM,Unknown,152349,Unknown,0,5,0.0006747638326585695,0.0006691729737252327,0.0006747638326585695,1,1.0,0.0,Missing
2025-11-30,HistGBM,Unknown,151816,Unknown,0,5,0.0006747638326585695,0.0,0.0006705318935689945,1,0.9937282662692499,-0.006271733730750068,OK
2025-11-30,HistGBM,Unknown,151901,Unknown,0,5,0.0006747638326585695,0.0006691729737252327,0.0006747638326585695,1,1.0,0.0,Missing
2025-11-30,HistGBM,Unknown,118589,Unknown,0,5,0.0006747638326585695,0.0006691729737252327,0.0006747638326585695,1,1.0,0.0,Missing
2025-11-30,HistGBM,Unknown,152657,Unknown,0,5,0.0006747638326585695,0.0007132904754184257,0.0006880985208009869,1,1.0197620078270626,0.019762007827062635,OK
2025-11-30,HistGBM,Unknown,149321,Unknown,0,5,0.0006747638326585695,0.0006691729737252327,0.0006747638326585695,1,1.0,0.0,Missing
2025-11-30,HistGBM,Unknown,148986,Unknown,0,5,0.0006747638326585695,0.0006691729737252327,0.0006747638326585695,1,1.0,0.0,Missing
2025-11-30,HistGBM,Unknown,152607,Unknown,0,5,0.0006747638326585695,0.0006860086006311706,0.0006680553678491193,1,0.9900580551523949,-0.00994194484760513,OK
2025-11-30,HistGBM,Unknown,148539,Unknown,0,5,0.0006747638326585695,0.0006691729737252327,0.0006747638326585695,1,1.0,0.0,Missing
2025-11-30,HistGBM,Unknown,119028,Unknown,0,5,0.0006747638326585695,0.0006691729737252327,0.0006747638326585695,1,1.0,0.0,Missing
2025-11-30,HistGBM,Unknown,134017,Unknown,0,5,0.0006747638326585695,0.0006691729737252327,0.0006747638326585695,1,1.0,0.0,Missing
2025-11-30,HistGBM,Unknown,125597,Unknown,0,5,0.0006747638326585695,0.0006691729737252327,0.0006747638326585695,1,1.0,0.0,Missing
2025-11-30,HistGBM,Unknown,134923,Unknown,0,5,0.0006747638326585695,0.0006691729737252327,0.0006747638326585695,1,1.0,0.0,Missing
2025-11-30,HistGBM,Unknown,149841,Unknown,0,5,0.0006747638326585695,0.0006691729737252327,0.0006747638326585695,1,1.0,0.0,Missing
2025-11-30,HistGBM,Unknown,118588,Unknown,0,5,0.0006747638326585695,0.0006691729737252327,0.0006747638326585695,1,1.0,0.0,Missing
2025-11-30,HistGBM,Unknown,152600,Unknown,0,5,0.0006747638326585695,0.0006691729737252327,0.0006747638326585695,1,1.0,0.0,Missing
2025-11-30,HistGBM,Unknown,130861,Unknown,0,5,0.0006747638326585695,0.0,0.0006747638326585695,1,1.0,0.0,Missing
2025-11-30,HistGBM,Unknown,152679,Unknown,0,5,0.0006747638326585695,0.0,0.0006747638326585695,1,1.0,0.0,Missing
2025-11-30,HistGBM,Unknown,130860,Unknown,0,5,0.0006747638326585695,0.0,0.0006747638326585695,1,1.0,0.0,Missing
2025-11-30,HistGBM,Unknown,144835,Unknown,0,5,0.0006747638326585695,0.0006691729737252327,0.0006747638326585695,1,1.0,0.0,Missing
2025-11-30,HistGBM,Unknown,148623,Unknown,0,5,0.0006747638326585695,0.0006691729737252327,0.0006747638326585695,1,1.0,0.0,Missing
2025-11-30,HistGBM,Unknown,120733,Unknown,0,5,0.0006747638326585695,0.0,0.0006747638326585695,1,1.0,0.0,Missing
2025-11-30,HistGBM,Unknown,147662,Unknown,0,5,0.0006747638326585695,0.0,0.0006747638326585695,1,1.0,0.0,Missing
2025-11-30,HistGBM,Unknown,152644,Unknown,0,5,0.0006747638326585695,0.0006691729737252327,0.0006747638326585695,1,1.0,0.0,Missing
2025-11-30,HistGBM,Unknown,118559,Unknown,0,5,0.0006747638326585695,0.0006691729737252327,0.0006747638326585695,1,1.0,0.0,Missing
2025-11-30,HistGBM,Unknown,152071,Unknown,0,5,0.004273504273504273,0.004238095500259807,0.004273504273504273,1,1.0,0.0,Missing
2025-11-30,HistGBM,Unknown,151810,Unknown,0,5,0.004273504273504273,0.004238095500259807,0.004273504273504273,1,1.0,0.0,Missing
2025-11-30,HistGBM,Unknown,152815,Unknown,0,5,0.004273504273504273,0.004238095500259807,0.004273504273504273,1,1.0,0.0,Missing
2025-11-30,HistGBM,Unknown,149185,Unknown,0,5,0.004273504273504273,0.004238095500259807,0.004273504273504273,1,1.0,0.0,Missing
2025-11-30,HistGBM,Unknown,152739,Unknown,0,5,0.004273504273504273,0.004238095500259807,0.004273504273504273,1,1.0,0.0,Missing
2025-11-30,HistGBM,Unknown,141226,Unknown,0,5,0.004273504273504273,0.0,0.004273504273504273,1,1.0,0.0,Missing
2025-11-30,HistGBM,Unknown,120307,Unknown,0,5,0.0005341880341880341,0.0,0.0005341880341880341,1,1.0,0.0,Missing
2025-11-30,HistGBM,Unknown,120716,Unknown,0,5,0.0005341880341880341,0.0,0.0005341880341880341,1,1.0,0.0,Missing
2025-11-30,HistGBM,Unknown,119648,Unknown,0,5,0.0005341880341880341,0.0,0.0005341880341880341,1,1.0,0.0,Missing
2025-11-30,HistGBM,Unknown,150515,Unknown,0,5,0.0005341880341880341,0.0005410334681182732,0.0005341880341880341,1,1.0,0.0,Missing
2025-11-30,HistGBM,Unknown,151762,Unknown,0,5,0.0005341880341880341,0.0005410334681182732,0.0005341880341880341,1,1.0,0.0,Missing
2025-11-30,HistGBM,Unknown,151157,Unknown,0,5,0.0005341880341880341,0.0,0.0005341880341880341,1,1.0,0.0,Missing
2025-11-30,HistGBM,Unknown,150643,Unknown,0,5,0.0005341880341880341,0.0005410334681182732,0.0005341880341880341,1,1.0,0.0,Missing
2025-11-30,HistGBM,Unknown,152329,Unknown,0,5,0.0005341880341880341,0.0,0.0005341880341880341,1,1.0,0.0,Missing
2025-11-30,HistGBM,Unknown,150639,Unknown,0,5,0.0005341880341880341,0.0005410334681182732,0.0005341880341880341,1,1.0,0.0,Missing
2025-11-30,HistGBM,Unknown,150636,Unknown,0,5,0.0005341880341880341,0.0,0.0005361091899553438,1,1.0035964035964036,0.0035964035964036033,OK
2025-11-30,HistGBM,Unknown,119827,Unknown,0,5,0.0005341880341880341,0.0,0.0005325880866252291,1,0.997004898162429,-0.00299510183757104,OK
2025-11-30,HistGBM,Unknown,153115,Unknown,0,5,0.0005341880341880341,0.0,0.0005341880341880341,1,1.0,0.0,Missing
2025-11-30,HistGBM,Unknown,152996,Unknown,0,5,0.0005341880341880341,0.0005410334681182732,0.0005341880341880341,1,1.0,0.0,Missing
2025-11-30,HistGBM,Unknown,152389,Unknown,0,5,0.0005341880341880341,0.0005410334681182732,0.0005341880341880341,1,1.0,0.0,Missing
2025-11-30,HistGBM,Unknown,149858,Unknown,0,5,0.0005341880341880341,0.0005410334681182732,0.0005341880341880341,1,1.0,0.0,Missing
2025-11-30,HistGBM,Unknown,149039,Unknown,0,5,0.0005341880341880341,0.0005410334681182732,0.0005341880341880341,1,1.0,0.0,Missing
2025-11-30,HistGBM,Unknown,152654,Unknown,0,5,0.0005341880341880341,0.0005410334681182732,0.0005341880341880341,1,1.0,0.0,Missing
2025-11-30,HistGBM,Unknown,148555,Unknown,0,5,0.0005341880341880341,0.0,0.0005341880341880341,1,1.0,0.0,Missing
2025-11-30,HistGBM,Unknown,118881,Unknown,0,5,0.0005341880341880341,0.0,0.0005341880341880341,1,1.0,0.0,Missing
2025-11-30,HistGBM,Unknown,148978,Unknown,0,5,0.0005341880341880341,0.0,0.0005341880341880341,1,1.0,0.0,Missing
2025-11-30,HistGBM,Unknown,147794,Unknown,0,5,0.0005341880341880341,0.0,0.0005341880341880341,1,1.0,0.0,Missing
2025-11-30,HistGBM,Unknown,149219,Unknown,0,5,0.0005341880341880341,0.0005410334681182732,0.0005341880341880341,1,1.0,0.0,Missing
2025-11-30,HistGBM,Unknown,152663,Unknown,0,5,0.0005341880341880341,0.0,0.0005341880341880341,1,1.0,0.0,Missing
2025-11-30,HistGBM,Unknown,152972,Unknown,0,5,0.0005341880341880341,0.0,0.0005341880341880341,1,1.0,0.0,Missing
2025-11-30,HistGBM,Unknown,149803,Unknown,0,5,0.0005341880341880341,0.0,0.0005341880341880341,1,1.0,0.0,Missing
2025-11-30,HistGBM,Unknown,152629,Unknown,0,5,0.0005341880341880341,0.0005787265201830081,0.0005324999415025979,1,0.9968398904928634,-0.0031601095071366434,OK
2025-11-30,HistGBM,Unknown,152864,Unknown,0,5,0.0005341880341880341,0.0005410334681182732,0.0005341880341880341,1,1.0,0.0,Missing
2025-11-30,HistGBM,Unknown,149804,Unknown,0,5,0.0005341880341880341,0.0005410334681182732,0.0005341880341880341,1,1.0,0.0,Missing
2025-11-30,HistGBM,Unknown,118742,Unknown,0,5,0.0005341880341880341,0.0005410334681182732,0.0005341880341880341,1,1.0,0.0,Missing
2025-11-30,HistGBM,Unknown,149250,Unknown,0,5,0.0005341880341880341,0.0005410334681182732,0.0005341880341880341,1,1.0,0.0,Missing
2025-11-30,HistGBM,Unknown,148381,Unknown,0,5,0.0005341880341880341,0.0005410334681182732,0.0005341880341880341,1,1.0,0.0,Missing
2025-11-30,HistGBM,Unknown,149107,Unknown,0,5,0.0005341880341880341,0.0005410334681182732,0.0005341880341880341,1,1.0,0.0,Missing
2025-11-30,HistGBM,Unknown,146376,Unknown,0,5,0.0005341880341880341,0.0,0.0005341880341880341,1,1.0,0.0,Missing
2025-11-30,HistGBM,Unknown,118581,Unknown,0,5,0.0005341880341880341,0.0,0.0005341880341880341,1,1.0,0.0,Missing
2025-11-30,HistGBM,Unknown,118741,Unknown,0,5,0.0005341880341880341,0.0005410334681182732,0.0005341880341880341,1,1.0,0.0,Missing
2025-11-30,HistGBM,Unknown,152588,Unknown,0,5,0.0005341880341880341,0.0005410334681182732,0.0005341880341880341,1,1.0,0.0,Missing
2025-11-30,HistGBM,Unknown,152370,Unknown,0,5,0.0005341880341880341,0.0005658452004204239,0.0005357562530025126,1,1.0029357056207036,0.002935705620703653,OK
2025-11-30,HistGBM,Unknown,149373,Unknown,0,5,0.0005341880341880341,0.0005703122436593444,0.0005326273451953262,1,0.9970783902056509,-0.0029216097943490682,OK
2025-11-30,HistGBM,Unknown,153015,Unknown,0,5,0.0005341880341880341,0.0,0.0005261458486307015,1,0.9849450286366733,-0.015054971363326721,OK
2025-11-30,HistGBM,Unknown,118482,Unknown,0,5,0.0005341880341880341,0.0005703348263290995,0.0005326232890401492,1,0.9970707970831595,-0.002929202916840518,OK
2025-11-30,HistGBM,Unknown,152557,Unknown,0,5,0.0005341880341880341,0.0005410334681182732,0.0005341880341880341,1,1.0,0.0,Missing
2025-11-30,HistGBM,Unknown,152936,Unknown,0,5,0.0005341880341880341,0.0005410334681182732,0.0005341880341880341,1,1.0,0.0,Missing
2025-11-30,HistGBM,Unknown,152767,Unknown,0,5,0.0005341880341880341,0.0005410334681182732,0.0005341880341880341,1,1.0,0.0,Missing
2025-11-30,HistGBM,Unknown,152793,Unknown,0,5,0.0005341880341880341,0.0005787025999381,0.0005325052002760248,1,0.9968497349167185,-0.003150265083281487,OK
2025-11-30,HistGBM,Unknown,152422,Unknown,0,5,0.0005341880341880341,0.0,0.000531098280596776,1,0.9942159812771648,-0.005784018722835203,OK
2025-11-30,HistGBM,Unknown,149936,Unknown,0,5,0.0005341880341880341,0.0,0.000528865284449765,1,0.9900358124899601,-0.00996418751003989,OK
2025-11-30,HistGBM,Unknown,152577,Unknown,0,5,0.0005341880341880341,0.0005410334681182732,0.0005341880341880341,1,1.0,0.0,Missing
2025-11-30,HistGBM,Unknown,141877,Unknown,0,5,0.0005341880341880341,0.0005410334681182732,0.0005341880341880341,1,1.0,0.0,Missing
2025-11-30,HistGBM,Unknown,119523,Unknown,0,5,0.00641025641025641,0.0,0.00641025641025641,1,1.0,0.0,Missing
2025-11-30,HistGBM,Unknown,118709,Unknown,0,5,0.00641025641025641,0.0063571432503897116,0.00641025641025641,1,1.0,0.0,Missing
2025-11-30,HistGBM,Unknown,118702,Unknown,0,5,0.00641025641025641,0.0063571432503897116,0.00641025641025641,1,1.0,0.0,Missing
2025-11-30,HistGBM,Unknown,133810,Unknown,0,5,0.00641025641025641,0.0063571432503897116,0.00641025641025641,1,1.0,0.0,Missing
2025-11-30,HistGBM,Unknown,152102,Unknown,0,5,0.004273504273504273,0.0,0.004269034080749561,1,0.9989539748953974,-0.0010460251046025943,OK
2025-11-30,HistGBM,Unknown,150554,Unknown,0,5,0.004273504273504273,0.004238095500259807,0.004273504273504273,1,1.0,0.0,Missing
2025-11-30,HistGBM,Unknown,152628,Unknown,0,5,0.004273504273504273,0.004238095500259807,0.004273504273504273,1,1.0,0.0,Missing
2025-11-30,HistGBM,Unknown,146575,Unknown,0,5,0.004273504273504273,0.004238095500259807,0.004273504273504273,1,1.0,0.0,Missing
2025-11-30,HistGBM,Unknown,146930,Unknown,0,5,0.004273504273504273,0.004238095500259807,0.004273504273504273,1,1.0,0.0,Missing
2025-11-30,HistGBM,Unknown,146721,Unknown,0,5,0.004273504273504273,0.004238095500259807,0.004273504273504273,1,1.0,0.0,Missing
2025-11-30,HistGBM,Unknown,151113,Unknown,0,5,0.005128205128205128,0.0,0.005128205128205128,1,1.0,0.0,Missing
2025-11-30,HistGBM,Unknown,118935,Unknown,0,5,0.005128205128205128,0.005085714600311769,0.005128205128205128,1,1.0,0.0,Missing
2025-11-30,HistGBM,Unknown,145473,Unknown,0,5,0.005128205128205128,0.005085714600311769,0.005128205128205128,1,1.0,0.0,Missing
2025-11-30,HistGBM,Unknown,149166,Unknown,0,5,0.005128205128205128,0.005317946384400617,0.005120711404198983,1,0.9985387238188017,-0.0014612761811983017,OK
2025-11-30,HistGBM,Unknown,148595,Unknown,0,5,0.005128205128205128,0.0,0.005128205128205128,1,1.0,0.0,Missing
2025-11-30,HistGBM,Unknown,119777,Unknown,0,5,0.0015082956259426846,0.0014957984118564025,0.0015082956259426846,1,1.0,0.0,Missing
2025-11-30,HistGBM,Unknown,120700,Unknown,0,5,0.0015082956259426846,0.0,0.0015082956259426846,1,1.0,0.0,Missing
2025-11-30,HistGBM,Unknown,152287,Unknown,0,5,0.0015082956259426846,0.0,0.0015082956259426846,1,1.0,0.0,Missing
2025-11-30,HistGBM,Unknown,149790,Unknown,0,5,0.0015082956259426846,0.0014957984118564025,0.0015082956259426846,1,1.0,0.0,Missing
2025-11-30,HistGBM,Unknown,152980,Unknown,0,5,0.0015082956259426846,0.0,0.0015082956259426846,1,1.0,0.0,Missing
2025-11-30,HistGBM,Unknown,152459,Unknown,0,5,0.0015082956259426846,0.0014957984118564025,0.0015082956259426846,1,1.0,0.0,Missing
2025-11-30,HistGBM,Unknown,149170,Unknown,0,5,0.0015082956259426846,0.0014957984118564025,0.0015082956259426846,1,1.0,0.0,Missing
2025-11-30,HistGBM,Unknown,148747,Unknown,0,5,0.0015082956259426846,0.0014957984118564025,0.0015082956259426846,1,1.0,0.0,Missing
2025-11-30,HistGBM,Unknown,148750,Unknown,0,5,0.0015082956259426846,0.0014957984118564025,0.0015082956259426846,1,1.0,0.0,Missing
2025-11-30,HistGBM,Unknown,148666,Unknown,0,5,0.0015082956259426846,0.0,0.0015082956259426846,1,1.0,0.0,Missing
2025-11-30,HistGBM,Unknown,152645,Unknown,0,5,0.0015082956259426846,0.0014957984118564025,0.0015082956259426846,1,1.0,0.0,Missing
2025-11-30,HistGBM,Unknown,152770,Unknown,0,5,0.0015082956259426846,0.0014957984118564025,0.0015082956259426846,1,1.0,0.0,Missing
2025-11-30,HistGBM,Unknown,149441,Unknown,0,5,0.0015082956259426846,0.0014957984118564025,0.0015082956259426846,1,1.0,0.0,Missing
2025-11-30,HistGBM,Unknown,147648,Unknown,0,5,0.0015082956259426846,0.0014957984118564025,0.0015082956259426846,1,1.0,0.0,Missing
2025-11-30,HistGBM,Unknown,131865,Unknown,0,5,0.0015082956259426846,0.0,0.0015082956259426846,1,1.0,0.0,Missing
2025-11-30,HistGBM,Unknown,148822,Unknown,0,5,0.0015082956259426846,0.0,0.0015082956259426846,1,1.0,0.0,Missing
2025-11-30,HistGBM,Unknown,129193,Unknown,0,5,0.0015082956259426846,0.0014957984118564025,0.0015082956259426846,1,1.0,0.0,Missing
2025-11-30,HistGBM,Unknown,120711,Unknown,0,5,0.008547008547008546,0.008476191000519615,0.008547008547008546,1,1.0,0.0,Missing
2025-11-30,HistGBM,Unknown,134387,Unknown,0,5,0.008547008547008546,0.008476191000519615,0.008547008547008546,1,1.0,0.0,Missing
2025-11-30,HistGBM,Unknown,130722,Unknown,0,5,0.008547008547008546,0.0,0.008547008547008546,1,1.0,0.0,Missing
2025-11-30,HistGBM,Unknown,120059,Unknown,0,5,0.008547008547008546,0.008476191000519615,0.008547008547008546,1,1.0,0.0,Missing
2025-11-30,HistGBM,Unknown,120279,Unknown,0,5,0.008547008547008546,0.0,0.008547008547008546,1,1.0,0.0,Missing
2025-11-30,HistGBM,Unknown,120430,Unknown,0,5,0.008547008547008546,0.008476191000519615,0.008547008547008546,1,1.0,0.0,Missing
2025-11-30,HistGBM,Unknown,151485,Unknown,0,5,0.002564102564102564,0.0025428573001558845,0.002564102564102564,1,1.0,0.0,Missing
2025-11-30,HistGBM,Unknown,151286,Unknown,0,5,0.002564102564102564,0.0,0.002564102564102564,1,1.0,0.0,Missing
2025-11-30,HistGBM,Unknown,149878,Unknown,0,5,0.002564102564102564,0.0026432753055561286,0.0025769784897486277,1,1.0050216110019647,0.00502161100196466,OK
2025-11-30,HistGBM,Unknown,149917,Unknown,0,5,0.002564102564102564,0.0025428573001558845,0.002564102564102564,1,1.0,0.0,Missing
2025-11-30,HistGBM,Unknown,149307,Unknown,0,5,0.002564102564102564,0.0,0.0025759937646141853,1,1.0046375681995323,0.004637568199532338,OK
2025-11-30,HistGBM,Unknown,147248,Unknown,0,5,0.002564102564102564,0.0,0.00257056730907761,1,1.0025212505402679,0.0025212505402678552,OK
2025-11-30,HistGBM,Unknown,148387,Unknown,0,5,0.002564102564102564,0.002649432078005891,0.0025615382300360804,1,0.9989999097140714,-0.001000090285928604,OK
2025-11-30,HistGBM,Unknown,146974,Unknown,0,5,0.002564102564102564,0.002648011353287802,0.0025714594373325507,1,1.0028691805596948,0.0028691805596946897,OK
2025-11-30,HistGBM,Unknown,149431,Unknown,0,5,0.002564102564102564,0.0026439888179959747,0.0025763369548742455,1,1.0047714124009557,0.004771412400955765,OK
2025-11-30,HistGBM,Unknown,149345,Unknown,0,5,0.002564102564102564,0.0,0.0025757382769692194,1,1.0045379280179956,0.00453792801799547,OK
2025-11-30,HistGBM,Unknown,119953,Unknown,0,5,0.005128205128205128,0.005085714600311769,0.005128205128205128,1,1.0,0.0,Missing
2025-11-30,HistGBM,Unknown,120447,Unknown,0,5,0.005128205128205128,0.005262147953903218,0.005152198479580191,1,1.0046787035181373,0.004678703518137234,OK
2025-11-30,HistGBM,Unknown,120520,Unknown,0,5,0.005128205128205128,0.0,0.005128205128205128,1,1.0,0.0,Missing
2025-11-30,HistGBM,Unknown,120792,Unknown,0,5,0.005128205128205128,0.005085714600311769,0.005128205128205128,1,1.0,0.0,Missing
2025-11-30,HistGBM,Unknown,118464,Unknown,0,5,0.005128205128205128,0.0,0.005133125873123005,1,1.000959545258986,0.0009595452589859458,OK
2025-11-30,HistGBM,Unknown,120451,Unknown,0,5,0.005128205128205128,0.005283571118535307,0.005141802431339794,1,1.0026514741112598,0.002651474111259715,OK
2025-11-30,HistGBM,Unknown,119505,Unknown,0,5,0.005128205128205128,0.005085714600311769,0.005128205128205128,1,1.0,0.0,Missing
2025-11-30,HistGBM,Unknown,120435,Unknown,0,5,0.005128205128205128,0.005085714600311769,0.005128205128205128,1,1.0,0.0,Missing
2025-11-30,HistGBM,Unknown,134494,Unknown,0,5,0.005128205128205128,0.005085714600311769,0.005128205128205128,1,1.0,0.0,Missing
2025-11-30,HistGBM,Unknown,122715,Unknown,0,5,0.005128205128205128,0.0,0.005128205128205128,1,1.0,0.0,Missing
2025-11-30,HistGBM,Unknown,152162,Unknown,0,5,0.005128205128205128,0.005085714600311769,0.005128205128205128,1,1.0,0.0,Missing
2025-11-30,HistGBM,Unknown,151107,Unknown,0,5,0.005128205128205128,0.005085714600311769,0.005128205128205128,1,1.0,0.0,Missing
2025-11-30,HistGBM,Unknown,129008,Unknown,0,5,0.005128205128205128,0.005085714600311769,0.005128205128205128,1,1.0,0.0,Missing
2025-11-30,HistGBM,Unknown,125503,Unknown,0,5,0.005128205128205128,0.005287104890213169,0.005129224563762842,1,1.000198789933754,0.00019878993375418866,OK
2025-11-30,HistGBM,Unknown,123693,Unknown,0,5,0.005128205128205128,0.0,0.005128205128205128,1,1.0,0.0,Missing
2025-11-30,HistGBM,Unknown,152090,Unknown,0,5,0.002564102564102564,0.0025428573001558845,0.002564102564102564,1,1.0,0.0,Missing
2025-11-30,HistGBM,Unknown,152140,Unknown,0,5,0.002564102564102564,0.0,0.002564102564102564,1,1.0,0.0,Missing
2025-11-30,HistGBM,Unknown,120043,Unknown,0,5,0.002564102564102564,0.0,0.002564102564102564,1,1.0,0.0,Missing
2025-11-30,HistGBM,Unknown,151548,Unknown,0,5,0.002564102564102564,0.0,0.002564102564102564,1,1.0,0.0,Missing
2025-11-30,HistGBM,Unknown,119779,Unknown,0,5,0.002564102564102564,0.0025428573001558845,0.002564102564102564,1,1.0,0.0,Missing
2025-11-30,HistGBM,Unknown,140327,Unknown,0,5,0.002564102564102564,0.0025428573001558845,0.002564102564102564,1,1.0,0.0,Missing
2025-11-30,HistGBM,Unknown,148954,Unknown,0,5,0.002564102564102564,0.0,0.0025980641874681605,1,1.0132450331125826,0.013245033112582714,OK
2025-11-30,HistGBM,Unknown,140296,Unknown,0,5,0.002564102564102564,0.0025428573001558845,0.002564102564102564,1,1.0,0.0,Missing
2025-11-30,HistGBM,Unknown,149455,Unknown,0,5,0.002564102564102564,0.0,0.002564102564102564,1,1.0,0.0,Missing
2025-11-30,HistGBM,Unknown,129188,Unknown,0,5,0.002564102564102564,0.0025428573001558845,0.002564102564102564,1,1.0,0.0,Missing
2025-11-30,HistGBM,Unknown,150316,Unknown,0,5,0.005128205128205128,0.005085714600311769,0.005128205128205128,1,1.0,0.0,Missing
2025-11-30,HistGBM,Unknown,151493,Unknown,0,5,0.005128205128205128,0.005085714600311769,0.005128205128205128,1,1.0,0.0,Missing
2025-11-30,HistGBM,Unknown,149924,Unknown,0,5,0.005128205128205128,0.005085714600311769,0.005128205128205128,1,1.0,0.0,Missing
2025-11-30,HistGBM,Unknown,149190,Unknown,0,5,0.005128205128205128,0.005085714600311769,0.005128205128205128,1,1.0,0.0,Missing
2025-11-30,HistGBM,Unknown,150002,Unknown,0,5,0.005128205128205128,0.005085714600311769,0.005128205128205128,1,1.0,0.0,Missing
2025-11-30,HistGBM,Unknown,151267,Unknown,0,5,0.003663003663003663,0.0036326532859369777,0.003663003663003663,1,1.0,0.0,Missing
2025-11-30,HistGBM,Unknown,150470,Unknown,0,5,0.003663003663003663,0.0036326532859369777,0.003663003663003663,1,1.0,0.0,Missing
2025-11-30,HistGBM,Unknown,152194,Unknown,0,5,0.003663003663003663,0.0,0.003663003663003663,1,1.0,0.0,Missing
2025-11-30,HistGBM,Unknown,151885,Unknown,0,5,0.003663003663003663,0.0036326532859369777,0.003663003663003663,1,1.0,0.0,Missing
2025-11-30,HistGBM,Unknown,145396,Unknown,0,5,0.003663003663003663,0.0036326532859369777,0.003663003663003663,1,1.0,0.0,Missing
2025-11-30,HistGBM,Unknown,118736,Unknown,0,5,0.003663003663003663,0.0,0.003663003663003663,1,1.0,0.0,Missing
2025-11-30,HistGBM,Unknown,131670,Unknown,0,5,0.003663003663003663,0.0036326532859369777,0.003663003663003663,1,1.0,0.0,Missing
2025-11-30,HistGBM,Unknown,119564,Unknown,0,5,0.004273504273504273,0.004238095500259807,0.004273504273504273,1,1.0,0.0,Missing
2025-11-30,HistGBM,Unknown,151777,Unknown,0,5,0.004273504273504273,0.004238095500259807,0.004273504273504273,1,1.0,0.0,Missing
2025-11-30,HistGBM,Unknown,147473,Unknown,0,5,0.004273504273504273,0.004238095500259807,0.004273504273504273,1,1.0,0.0,Missing
2025-11-30,HistGBM,Unknown,119096,Unknown,0,5,0.004273504273504273,0.0,0.004273504273504273,1,1.0,0.0,Missing
2025-11-30,HistGBM,Unknown,148883,Unknown,0,5,0.004273504273504273,0.004238095500259807,0.004273504273504273,1,1.0,0.0,Missing
2025-11-30,HistGBM,Unknown,118692,Unknown,0,5,0.004273504273504273,0.0,0.004273504273504273,1,1.0,0.0,Missing
2025-11-30,HistGBM,Unknown,120401,Unknown,0,5,0.004273504273504273,0.004238095500259807,0.004273504273504273,1,1.0,0.0,Missing
2025-11-30,HistGBM,Unknown,153043,Unknown,0,5,0.004273504273504273,0.0,0.004273504273504273,1,1.0,0.0,Missing
2025-11-30,HistGBM,Unknown,152849,Unknown,0,5,0.004273504273504273,0.004238095500259807,0.004273504273504273,1,1.0,0.0,Missing
2025-11-30,HistGBM,Unknown,130206,Unknown,0,5,0.004273504273504273,0.004238095500259807,0.004273504273504273,1,1.0,0.0,Missing
2025-11-30,HistGBM,Unknown,147617,Unknown,0,5,0.004273504273504273,0.004238095500259807,0.004273504273504273,1,1.0,0.0,Missing
2025-11-30,HistGBM,Unknown,149550,Unknown,0,5,0.004273504273504273,0.004238095500259807,0.004273504273504273,1,1.0,0.0,Missing
2025-11-30,HistGBM,Unknown,120494,Unknown,0,5,0.003205128205128205,0.0,0.003205128205128205,1,1.0,0.0,Missing
2025-11-30,HistGBM,Unknown,119544,Unknown,0,5,0.003205128205128205,0.0031785716251948558,0.003205128205128205,1,1.0,0.0,Missing
2025-11-30,HistGBM,Unknown,119307,Unknown,0,5,0.003205128205128205,0.0031785716251948558,0.003205128205128205,1,1.0,0.0,Missing
2025-11-30,HistGBM,Unknown,150587,Unknown,0,5,0.003205128205128205,0.0031785716251948558,0.003205128205128205,1,1.0,0.0,Missing
2025-11-30,HistGBM,Unknown,139781,Unknown,0,5,0.003205128205128205,0.0,0.003205128205128205,1,1.0,0.0,Missing
2025-11-30,HistGBM,Unknown,135781,Unknown,0,5,0.003205128205128205,0.0031785716251948558,0.003205128205128205,1,1.0,0.0,Missing
2025-11-30,HistGBM,Unknown,150159,Unknown,0,5,0.003205128205128205,0.0031785716251948558,0.003205128205128205,1,1.0,0.0,Missing
2025-11-30,HistGBM,Unknown,118620,Unknown,0,5,0.003205128205128205,0.0031785716251948558,0.003205128205128205,1,1.0,0.0,Missing
2025-11-30,HistGBM,Unknown,140382,Unknown,0,5,0.004273504273504273,0.00440706367657278,0.00426655548606768,1,0.9983739837398373,-0.0016260162601626248,OK
2025-11-30,HistGBM,Unknown,147446,Unknown,0,5,0.004273504273504273,0.0,0.004273504273504273,1,1.0,0.0,Missing
2025-11-30,HistGBM,Unknown,134813,Unknown,0,5,0.004273504273504273,0.004238095500259807,0.004273504273504273,1,1.0,0.0,Missing
2025-11-30,HistGBM,Unknown,143163,Unknown,0,5,0.004273504273504273,0.0,0.004273504273504273,1,1.0,0.0,Missing
2025-11-30,HistGBM,Unknown,118624,Unknown,0,5,0.004273504273504273,0.004238095500259807,0.004273504273504273,1,1.0,0.0,Missing
2025-11-30,HistGBM,Unknown,120819,Unknown,0,5,0.004273504273504273,0.0,0.004273504273504273,1,1.0,0.0,Missing
2025-11-30,HistGBM,Unknown,119424,Unknown,0,5,0.005128205128205128,0.005085714600311769,0.005128205128205128,1,1.0,0.0,Missing
2025-11-30,HistGBM,Unknown,151889,Unknown,0,5,0.005128205128205128,0.005085714600311769,0.005128205128205128,1,1.0,0.0,Missing
2025-11-30,HistGBM,Unknown,118715,Unknown,0,5,0.005128205128205128,0.0,0.005128205128205128,1,1.0,0.0,Missing
2025-11-30,HistGBM,Unknown,118719,Unknown,0,5,0.005128205128205128,0.005085714600311769,0.005128205128205128,1,1.0,0.0,Missing
2025-11-30,HistGBM,Unknown,147567,Unknown,0,5,0.005128205128205128,0.00528876624976476,0.005153113148751363,1,1.0048570640065158,0.004857064006515716,OK
2025-11-30,HistGBM,Unknown,150996,Unknown,0,5,0.005128205128205128,0.005085714600311769,0.005128205128205128,1,1.0,0.0,Missing
2025-11-30,HistGBM,Unknown,146215,Unknown,0,5,0.005128205128205128,0.0,0.005131444656934686,1,1.0006317081022638,0.0006317081022638615,OK
2025-11-30,HistGBM,Unknown,118814,Unknown,0,5,0.005128205128205128,0.005085714600311769,0.005128205128205128,1,1.0,0.0,Missing
2025-11-30,HistGBM,Unknown,150237,Unknown,0,5,0.005128205128205128,0.005085714600311769,0.005128205128205128,1,1.0,0.0,Missing
2025-11-30,HistGBM,Unknown,141588,Unknown,0,5,0.005128205128205128,0.00529296635229558,0.00513114676354819,1,1.000573618891897,0.0005736188918969593,OK
2025-11-30,HistGBM,Unknown,152219,Unknown,0,5,0.01282051282051282,0.012714286500779423,0.01282051282051282,1,1.0,0.0,Missing
2025-11-30,HistGBM,Unknown,148490,Unknown,0,5,0.01282051282051282,0.013504132095569133,0.01235608243547983,1,0.9637744299674268,-0.0362255700325732,OK
2025-11-30,HistGBM,Unknown,119498,Unknown,0,5,0.005128205128205128,0.005085714600311769,0.005128205128205128,1,1.0,0.0,Missing
2025-11-30,HistGBM,Unknown,120510,Unknown,0,5,0.005128205128205128,0.005292746168946152,0.0051382946561956515,1,1.0019674579581521,0.0019674579581520323,OK
2025-11-30,HistGBM,Unknown,119816,Unknown,0,5,0.005128205128205128,0.0052925161068565684,0.005133962047183709,1,1.0011225992008232,0.00112259920082316,OK
2025-11-30,HistGBM,Unknown,142641,Unknown,0,5,0.005128205128205128,0.005085714600311769,0.005128205128205128,1,1.0,0.0,Missing
2025-11-30,HistGBM,Unknown,118796,Unknown,0,5,0.005128205128205128,0.005085714600311769,0.005128205128205128,1,1.0,0.0,Missing
2025-11-30,HistGBM,Unknown,149679,Unknown,0,5,0.005128205128205128,0.005085714600311769,0.005128205128205128,1,1.0,0.0,Missing
2025-11-30,HistGBM,Unknown,140347,Unknown,0,5,0.005128205128205128,0.005085714600311769,0.005128205128205128,1,1.0,0.0,Missing
2025-11-30,HistGBM,Unknown,140444,Unknown,0,5,0.005128205128205128,0.0,0.005128205128205128,1,1.0,0.0,Missing
2025-11-30,HistGBM,Unknown,144490,Unknown,0,5,0.005128205128205128,0.0,0.005128205128205128,1,1.0,0.0,Missing
2025-11-30,HistGBM,Unknown,131373,Unknown,0,5,0.005128205128205128,0.005085714600311769,0.005128205128205128,1,1.0,0.0,Missing
2025-11-30,HistGBM,Unknown,152064,Unknown,0,5,0.005128205128205128,0.005085714600311769,0.005128205128205128,1,1.0,0.0,Missing
2025-11-30,HistGBM,Unknown,152056,Unknown,0,5,0.005128205128205128,0.005085714600311769,0.005128205128205128,1,1.0,0.0,Missing
2025-11-30,HistGBM,Unknown,148457,Unknown,0,5,0.005128205128205128,0.005085714600311769,0.005128205128205128,1,1.0,0.0,Missing
2025-11-30,HistGBM,Unknown,152443,Unknown,0,5,0.005128205128205128,0.0,0.005128205128205128,1,1.0,0.0,Missing
2025-11-30,HistGBM,Unknown,152787,Unknown,0,5,0.005128205128205128,0.005085714600311769,0.005128205128205128,1,1.0,0.0,Missing
2025-11-30,HistGBM,Unknown,151146,Unknown,0,5,0.008547008547008546,0.008476191000519615,0.008547008547008546,1,1.0,0.0,Missing
2025-11-30,HistGBM,Unknown,128006,Unknown,0,5,0.008547008547008546,0.008476191000519615,0.008547008547008546,1,1.0,0.0,Missing
2025-11-30,HistGBM,Unknown,130050,Unknown,0,5,0.008547008547008546,0.008476191000519615,0.008547008547008546,1,1.0,0.0,Missing
2025-11-30,HistGBM,Unknown,150817,Unknown,0,5,0.004273504273504273,0.004238095500259807,0.004273504273504273,1,1.0,0.0,Missing
2025-11-30,HistGBM,Unknown,150584,Unknown,0,5,0.004273504273504273,0.004238095500259807,0.004273504273504273,1,1.0,0.0,Missing
2025-11-30,HistGBM,Unknown,119581,Unknown,0,5,0.004273504273504273,0.0,0.004273504273504273,1,1.0,0.0,Missing
2025-11-30,HistGBM,Unknown,147445,Unknown,0,5,0.004273504273504273,0.004238095500259807,0.004273504273504273,1,1.0,0.0,Missing
2025-11-30,HistGBM,Unknown,148073,Unknown,0,5,0.004273504273504273,0.004238095500259807,0.004273504273504273,1,1.0,0.0,Missing
2025-11-30,HistGBM,Unknown,140228,Unknown,0,5,0.004273504273504273,0.004238095500259807,0.004273504273504273,1,1.0,0.0,Missing
2025-11-30,HistGBM,Unknown,120389,Unknown,0,5,0.003205128205128205,0.003304060491373202,0.003221551249932384,1,1.0051239899789037,0.00512398997890372,OK
2025-11-30,HistGBM,Unknown,119303,Unknown,0,5,0.003205128205128205,0.0,0.0032214420750766703,1,1.0050899274239211,0.005089927423921214,OK
2025-11-30,HistGBM,Unknown,119861,Unknown,0,5,0.003205128205128205,0.0033040159422890072,0.0032216205498570506,1,1.0051456115553998,0.005145611555399816,OK
2025-11-30,HistGBM,Unknown,119568,Unknown,0,5,0.003205128205128205,0.0033041631192065597,0.0032214332654472754,1,1.00508717881955,0.005087178819549984,OK
2025-11-30,HistGBM,Unknown,140196,Unknown,0,5,0.003205128205128205,0.0033039579060650847,0.003221541733683465,1,1.0051210209092412,0.005121020909241052,OK
2025-11-30,HistGBM,Unknown,149664,Unknown,0,5,0.003205128205128205,0.0033039508377506145,0.003221267489040345,1,1.0050354565805877,0.0050354565805875735,OK
2025-11-30,HistGBM,Unknown,119135,Unknown,0,5,0.003205128205128205,0.0033039974874876,0.0032214533788527035,1,1.0050934542020435,0.005093454202043505,OK
2025-11-30,HistGBM,Unknown,118577,Unknown,0,5,0.003205128205128205,0.0033039174505669062,0.0032215163360375244,1,1.0051130968437076,0.00511309684370769,OK
2025-11-30,HistGBM,Unknown,152135,Unknown,0,5,0.003205128205128205,0.0031785716251948558,0.003205128205128205,1,1.0,0.0,Missing
2025-11-30,HistGBM,Unknown,120166,Unknown,0,5,0.003205128205128205,0.0031785716251948558,0.003205128205128205,1,1.0,0.0,Missing
2025-11-30,HistGBM,Unknown,150346,Unknown,0,5,0.003205128205128205,0.0031785716251948558,0.003205128205128205,1,1.0,0.0,Missing
2025-11-30,HistGBM,Unknown,151412,Unknown,0,5,0.003205128205128205,0.0031785716251948558,0.003205128205128205,1,1.0,0.0,Missing
2025-11-30,HistGBM,Unknown,120264,Unknown,0,5,0.003205128205128205,0.0,0.003205128205128205,1,1.0,0.0,Missing
2025-11-30,HistGBM,Unknown,148990,Unknown,0,5,0.003205128205128205,0.0031785716251948558,0.003205128205128205,1,1.0,0.0,Missing
2025-11-30,HistGBM,Unknown,133839,Unknown,0,5,0.003205128205128205,0.0031785716251948558,0.003205128205128205,1,1.0,0.0,Missing
2025-11-30,HistGBM,Unknown,118275,Unknown,0,5,0.003205128205128205,0.0,0.003205128205128205,1,1.0,0.0,Missing
2025-11-30,HistGBM,Unknown,119589,Unknown,0,5,0.004273504273504273,0.004238095500259807,0.004273504273504273,1,1.0,0.0,Missing
2025-11-30,HistGBM,Unknown,150915,Unknown,0,5,0.004273504273504273,0.0,0.004273504273504273,1,1.0,0.0,Missing
2025-11-30,HistGBM,Unknown,149019,Unknown,0,5,0.004273504273504273,0.004238095500259807,0.004273504273504273,1,1.0,0.0,Missing
2025-11-30,HistGBM,Unknown,147946,Unknown,0,5,0.004273504273504273,0.00429959631236064,0.0042161629329333355,1,0.9865821263064006,-0.013417873693599367,OK
2025-11-30,HistGBM,Unknown,152939,Unknown,0,5,0.004273504273504273,0.0,0.004273504273504273,1,1.0,0.0,Missing
2025-11-30,HistGBM,Unknown,145137,Unknown,0,5,0.004273504273504273,0.004238095500259807,0.004273504273504273,1,1.0,0.0,Missing
2025-11-30,HistGBM,Unknown,152354,Unknown,0,5,0.003663003663003663,0.0036326532859369777,0.003663003663003663,1,1.0,0.0,Missing
2025-11-30,HistGBM,Unknown,150797,Unknown,0,5,0.003663003663003663,0.0036326532859369777,0.003663003663003663,1,1.0,0.0,Missing
2025-11-30,HistGBM,Unknown,138312,Unknown,0,5,0.003663003663003663,0.0,0.003663003663003663,1,1.0,0.0,Missing
2025-11-30,HistGBM,Unknown,118825,Unknown,0,5,0.003663003663003663,0.0036326532859369777,0.003663003663003663,1,1.0,0.0,Missing
2025-11-30,HistGBM,Unknown,118479,Unknown,0,5,0.003663003663003663,0.0038086845468841826,0.0036475124491955023,1,0.9957708986303722,-0.004229101369627812,OK
2025-11-30,HistGBM,Unknown,118633,Unknown,0,5,0.003663003663003663,0.0036326532859369777,0.003663003663003663,1,1.0,0.0,Missing
2025-11-30,HistGBM,Unknown,118632,Unknown,0,5,0.003663003663003663,0.0036326532859369777,0.003663003663003663,1,1.0,0.0,Missing
2025-11-30,HistGBM,Unknown,151214,Unknown,0,5,0.01282051282051282,0.013166321191263104,0.012874538038169741,1,1.0042139669772399,0.0042139669772397696,OK
2025-11-30,HistGBM,Unknown,152520,Unknown,0,5,0.01282051282051282,0.013117954110216327,0.012911750455549742,1,1.00711653553288,0.007116535532880003,OK
2025-11-30,HistGBM,Unknown,119501,Unknown,0,5,0.005128205128205128,0.005085714600311769,0.005128205128205128,1,1.0,0.0,Missing
2025-11-30,HistGBM,Unknown,120676,Unknown,0,5,0.005128205128205128,0.005085714600311769,0.005128205128205128,1,1.0,0.0,Missing
2025-11-30,HistGBM,Unknown,146075,Unknown,0,5,0.005128205128205128,0.005085714600311769,0.005128205128205128,1,1.0,0.0,Missing
2025-11-30,HistGBM,Unknown,144754,Unknown,0,5,0.005128205128205128,0.0,0.005152748408556572,1,1.0047859396685315,0.00478593966853157,OK
2025-11-30,HistGBM,Unknown,143494,Unknown,0,5,0.005128205128205128,0.005085714600311769,0.005128205128205128,1,1.0,0.0,Missing
2025-11-30,HistGBM,Unknown,118656,Unknown,0,5,0.008547008547008546,0.008476191000519615,0.008547008547008546,1,1.0,0.0,Missing
2025-11-30,HistGBM,Unknown,147269,Unknown,0,5,0.008547008547008546,0.008476191000519615,0.008547008547008546,1,1.0,0.0,Missing
2025-11-30,HistGBM,Unknown,118508,Unknown,0,5,0.008547008547008546,0.008476191000519615,0.008547008547008546,1,1.0,0.0,Missing
2025-11-30,HistGBM,Unknown,152226,Unknown,0,5,0.003663003663003663,0.004238095500259807,0.003663003663003663,1,1.0,0.0,Missing
2025-11-30,HistGBM,Unknown,120357,Unknown,0,5,0.003663003663003663,0.0,0.003663003663003663,1,1.0,0.0,Missing
2025-11-30,HistGBM,Unknown,118510,Unknown,0,5,0.003663003663003663,0.004238095500259807,0.003663003663003663,1,1.0,0.0,Missing
2025-11-30,HistGBM,Unknown,118419,Unknown,0,5,0.003663003663003663,0.0044414119250439235,0.0036420079044582675,1,0.994268157917107,-0.005731842082893053,OK
2025-11-30,HistGBM,Unknown,118678,Unknown,0,5,0.003663003663003663,0.0,0.003663003663003663,1,1.0,0.0,Missing
2025-11-30,HistGBM,Unknown,118834,Unknown,0,5,0.003663003663003663,0.004238095500259807,0.003663003663003663,1,1.0,0.0,Missing
2025-11-30,HistGBM,Unknown,152941,Unknown,0,5,0.003663003663003663,0.0,0.003663003663003663,1,1.0,0.0,Missing
2025-11-30,HistGBM,Unknown,151849,Unknown,0,5,0.003663003663003663,0.003775294883878479,0.0036793879557675355,1,1.0044729119245372,0.004472911924537355,OK
2025-11-30,HistGBM,Unknown,147196,Unknown,0,5,0.003663003663003663,0.003774272415900977,0.0036794508166608304,1,1.0044900729484068,0.004490072948406862,OK
2025-11-30,HistGBM,Unknown,145810,Unknown,0,5,0.003663003663003663,0.0037742518537420113,0.0036793606229175314,1,1.004465450056486,0.0044654500564859576,OK
2025-11-30,HistGBM,Unknown,147214,Unknown,0,5,0.003663003663003663,0.0,0.003679470632676046,1,1.0044954827205606,0.004495482720560603,OK
2025-11-30,HistGBM,Unknown,146980,Unknown,0,5,0.003663003663003663,0.0037742874876980194,0.0036794648099329453,1,1.004493893111694,0.004493893111693918,OK
2025-11-30,HistGBM,Unknown,147951,Unknown,0,5,0.003663003663003663,0.003774446633352695,0.003679492080654002,1,1.0045013380185426,0.0045013380185426185,OK
2025-11-30,HistGBM,Unknown,147003,Unknown,0,5,0.003663003663003663,0.0,0.0036792047987599607,1,1.0044229100614692,0.004422910061469281,OK
2025-11-30,HistGBM,Unknown,120480,Unknown,0,5,0.00641025641025641,0.0,0.0064166564871571685,1,1.0009984119965183,0.0009984119965182163,OK
2025-11-30,HistGBM,Unknown,120705,Unknown,0,5,0.00641025641025641,0.0063571432503897116,0.00641025641025641,1,1.0,0.0,Missing
2025-11-30,HistGBM,Unknown,120616,Unknown,0,5,0.00641025641025641,0.0,0.00641025641025641,1,1.0,0.0,Missing
2025-11-30,HistGBM,Unknown,119839,Unknown,0,5,0.00641025641025641,0.0,0.006385791579603883,1,0.9961834864182058,-0.003816513581794214,OK
2025-11-30,HistGBM,Unknown,143079,Unknown,0,5,0.008547008547008546,0.008476191000519615,0.008547008547008546,1,1.0,0.0,Missing
2025-11-30,HistGBM,Unknown,142153,Unknown,0,5,0.008547008547008546,0.008476191000519615,0.008547008547008546,1,1.0,0.0,Missing
2025-11-30,HistGBM,Unknown,144315,Unknown,0,5,0.008547008547008546,0.0,0.008547008547008546,1,1.0,0.0,Missing
2025-12-31,HistGBM,Unknown,152939,Unknown,0,5,0.004273504273504273,0.004236600003593425,0.004273504273504273,1,1.0,0.0,Missing
2025-12-31,HistGBM,Unknown,147946,Unknown,0,5,0.004273504273504273,0.004354851122994967,0.004103340171813668,1,0.9601816002043985,-0.03981839979560157,OK
2025-12-31,HistGBM,Unknown,152614,Unknown,0,5,0.004273504273504273,0.0,0.004273504273504273,1,1.0,0.0,Missing
2025-12-31,HistGBM,Unknown,119589,Unknown,0,5,0.004273504273504273,0.004236600003593425,0.004273504273504273,1,1.0,0.0,Missing
2025-12-31,HistGBM,Unknown,150915,Unknown,0,5,0.004273504273504273,0.004236600003593425,0.004273504273504273,1,1.0,0.0,Missing
2025-12-31,HistGBM,Unknown,149019,Unknown,0,5,0.004273504273504273,0.004236600003593425,0.004273504273504273,1,1.0,0.0,Missing
2025-12-31,HistGBM,Unknown,149219,Unknown,0,5,0.0005027652086475615,0.0005295750004491781,0.0005027652086475615,1,1.0,0.0,Missing
2025-12-31,HistGBM,Unknown,149373,Unknown,0,5,0.0005027652086475615,0.0005501478072024903,0.0004874561722632339,1,0.9695503266315723,-0.030449673368427743,OK
2025-12-31,HistGBM,Unknown,153132,Unknown,0,5,0.0005027652086475615,0.0,0.0005027652086475615,1,1.0,0.0,Missing
2025-12-31,HistGBM,Unknown,150639,Unknown,0,5,0.0005027652086475615,0.0005295750004491781,0.0005027652086475615,1,1.0,0.0,Missing
2025-12-31,HistGBM,Unknown,153150,Unknown,0,5,0.0005027652086475615,0.0,0.0005027652086475615,1,1.0,0.0,Missing
2025-12-31,HistGBM,Unknown,152870,Unknown,0,5,0.0005027652086475615,0.0,0.0005027652086475615,1,1.0,0.0,Missing
2025-12-31,HistGBM,Unknown,151814,Unknown,0,5,0.0005027652086475615,0.0,0.0005027652086475615,1,1.0,0.0,Missing
2025-12-31,HistGBM,Unknown,149250,Unknown,0,5,0.0005027652086475615,0.0005295750004491781,0.0005027652086475615,1,1.0,0.0,Missing
2025-12-31,HistGBM,Unknown,151769,Unknown,0,5,0.0005027652086475615,0.0,0.00048537177551197545,1,0.9654044614933193,-0.03459553850668076,OK
2025-12-31,HistGBM,Unknown,148381,Unknown,0,5,0.0005027652086475615,0.0005295750004491781,0.0005027652086475615,1,1.0,0.0,Missing
2025-12-31,HistGBM,Unknown,152431,Unknown,0,5,0.0005027652086475615,0.0,0.0005027652086475615,1,1.0,0.0,Missing
2025-12-31,HistGBM,Unknown,152936,Unknown,0,5,0.0005027652086475615,0.0005295750004491781,0.0005027652086475615,1,1.0,0.0,Missing
2025-12-31,HistGBM,Unknown,146376,Unknown,0,5,0.0005027652086475615,0.0005295750004491781,0.0005027652086475615,1,1.0,0.0,Missing
2025-12-31,HistGBM,Unknown,151762,Unknown,0,5,0.0005027652086475615,0.0005295750004491781,0.0005027652086475615,1,1.0,0.0,Missing
2025-12-31,HistGBM,Unknown,152793,Unknown,0,5,0.0005027652086475615,0.0005500216443981941,0.0005028297960043643,1,1.0001284642526806,0.00012846425268062562,OK
2025-12-31,HistGBM,Unknown,141877,Unknown,0,5,0.0005027652086475615,0.0005295750004491781,0.0005027652086475615,1,1.0,0.0,Missing
2025-12-31,HistGBM,Unknown,151157,Unknown,0,5,0.0005027652086475615,0.0005295750004491781,0.0005027652086475615,1,1.0,0.0,Missing
2025-12-31,HistGBM,Unknown,148555,Unknown,0,5,0.0005027652086475615,0.0005295750004491781,0.0005027652086475615,1,1.0,0.0,Missing
2025-12-31,HistGBM,Unknown,152577,Unknown,0,5,0.0005027652086475615,0.0005295750004491781,0.0005027652086475615,1,1.0,0.0,Missing
2025-12-31,HistGBM,Unknown,119827,Unknown,0,5,0.0005027652086475615,0.0005501072572449117,0.0004874047362625579,1,0.9694480204262278,-0.030551979573772224,OK
2025-12-31,HistGBM,Unknown,152742,Unknown,0,5,0.0005027652086475615,0.0,0.0005027652086475615,1,1.0,0.0,Missing
2025-12-31,HistGBM,Unknown,118482,Unknown,0,5,0.0005027652086475615,0.0005501436176224838,0.00048744602317161425,1,0.9695301400883408,-0.03046985991165918,OK
2025-12-31,HistGBM,Unknown,149107,Unknown,0,5,0.0005027652086475615,0.0005295750004491781,0.0005027652086475615,1,1.0,0.0,Missing
2025-12-31,HistGBM,Unknown,118741,Unknown,0,5,0.0005027652086475615,0.0005295750004491781,0.0005027652086475615,1,1.0,0.0,Missing
2025-12-31,HistGBM,Unknown,118742,Unknown,0,5,0.0005027652086475615,0.0005295750004491781,0.0005027652086475615,1,1.0,0.0,Missing
2025-12-31,HistGBM,Unknown,152864,Unknown,0,5,0.0005027652086475615,0.0005295750004491781,0.0005027652086475615,1,1.0,0.0,Missing
2025-12-31,HistGBM,Unknown,151739,Unknown,0,5,0.0005027652086475615,0.0,0.0005027652086475615,1,1.0,0.0,Missing
2025-12-31,HistGBM,Unknown,150892,Unknown,0,5,0.0005027652086475615,0.0,0.0005027652086475615,1,1.0,0.0,Missing
2025-12-31,HistGBM,Unknown,148978,Unknown,0,5,0.0005027652086475615,0.0005295750004491781,0.0005027652086475615,1,1.0,0.0,Missing
2025-12-31,HistGBM,Unknown,118881,Unknown,0,5,0.0005027652086475615,0.0005295750004491781,0.0005027652086475615,1,1.0,0.0,Missing
2025-12-31,HistGBM,Unknown,120307,Unknown,0,5,0.0005027652086475615,0.0005295750004491781,0.0005027652086475615,1,1.0,0.0,Missing
2025-12-31,HistGBM,Unknown,149039,Unknown,0,5,0.0005027652086475615,0.0005295750004491781,0.0005027652086475615,1,1.0,0.0,Missing
2025-12-31,HistGBM,Unknown,150428,Unknown,0,5,0.0005027652086475615,0.0,0.0005027652086475615,1,1.0,0.0,Missing
2025-12-31,HistGBM,Unknown,152389,Unknown,0,5,0.0005027652086475615,0.0005295750004491781,0.0005027652086475615,1,1.0,0.0,Missing
2025-12-31,HistGBM,Unknown,118581,Unknown,0,5,0.0005027652086475615,0.0005295750004491781,0.0005027652086475615,1,1.0,0.0,Missing
2025-12-31,HistGBM,Unknown,152990,Unknown,0,5,0.0005027652086475615,0.0,0.000516710594863216,1,1.0277373731829367,0.027737373182936627,OK
2025-12-31,HistGBM,Unknown,149832,Unknown,0,5,0.0005027652086475615,0.0,0.0004881534852070056,1,0.9709372820767342,-0.029062717923265778,OK
2025-12-31,HistGBM,Unknown,153015,Unknown,0,5,0.0005027652086475615,0.0005434531056356544,0.0004690836481179737,1,0.9330073761066497,-0.06699262389335026,OK
2025-12-31,HistGBM,Unknown,152949,Unknown,0,5,0.0005027652086475615,0.0,0.0005169325604196006,1,1.0281788626745856,0.02817886267458559,OK
2025-12-31,HistGBM,Unknown,152654,Unknown,0,5,0.0005027652086475615,0.0005295750004491781,0.0005027652086475615,1,1.0,0.0,Missing
2025-12-31,HistGBM,Unknown,149858,Unknown,0,5,0.0005027652086475615,0.0005295750004491781,0.0005027652086475615,1,1.0,0.0,Missing
2025-12-31,HistGBM,Unknown,149804,Unknown,0,5,0.0005027652086475615,0.0005295750004491781,0.0005027652086475615,1,1.0,0.0,Missing
2025-12-31,HistGBM,Unknown,152972,Unknown,0,5,0.0005027652086475615,0.0005295750004491781,0.0005027652086475615,1,1.0,0.0,Missing
2025-12-31,HistGBM,Unknown,147794,Unknown,0,5,0.0005027652086475615,0.0005295750004491781,0.0005027652086475615,1,1.0,0.0,Missing
2025-12-31,HistGBM,Unknown,152329,Unknown,0,5,0.0005027652086475615,0.0005295750004491781,0.0005027652086475615,1,1.0,0.0,Missing
2025-12-31,HistGBM,Unknown,152370,Unknown,0,5,0.0005027652086475615,0.0005533796385843939,0.0004933028619824262,1,0.981179392483046,-0.01882060751695398,OK
2025-12-31,HistGBM,Unknown,119648,Unknown,0,5,0.0005027652086475615,0.0005295750004491781,0.0005027652086475615,1,1.0,0.0,Missing
2025-12-31,HistGBM,Unknown,152629,Unknown,0,5,0.0005027652086475615,0.0005500162126405206,0.000502875834365799,1,1.0002200345535743,0.00022003455357440534,OK
2025-12-31,HistGBM,Unknown,147666,Unknown,0,5,0.0005027652086475615,0.0,0.0004881124665394515,1,0.9708556959469692,-0.02914430405303086,OK
2025-12-31,HistGBM,Unknown,120716,Unknown,0,5,0.0005027652086475615,0.0005295750004491781,0.0005027652086475615,1,1.0,0.0,Missing
2025-12-31,HistGBM,Unknown,150515,Unknown,0,5,0.0005027652086475615,0.0005295750004491781,0.0005027652086475615,1,1.0,0.0,Missing
2025-12-31,HistGBM,Unknown,119544,Unknown,0,5,0.003205128205128205,0.00317745000269507,0.003205128205128205,1,1.0,0.0,Missing
2025-12-31,HistGBM,Unknown,118803,Unknown,0,5,0.003205128205128205,0.0,0.003205128205128205,1,1.0,0.0,Missing
2025-12-31,HistGBM,Unknown,135781,Unknown,0,5,0.003205128205128205,0.00317745000269507,0.003205128205128205,1,1.0,0.0,Missing
2025-12-31,HistGBM,Unknown,135654,Unknown,0,5,0.003205128205128205,0.0,0.003205128205128205,1,1.0,0.0,Missing
2025-12-31,HistGBM,Unknown,151611,Unknown,0,5,0.003205128205128205,0.0,0.003205128205128205,1,1.0,0.0,Missing
2025-12-31,HistGBM,Unknown,120847,Unknown,0,5,0.003205128205128205,0.0,0.003205128205128205,1,1.0,0.0,Missing
2025-12-31,HistGBM,Unknown,118620,Unknown,0,5,0.003205128205128205,0.00317745000269507,0.003205128205128205,1,1.0,0.0,Missing
2025-12-31,HistGBM,Unknown,150159,Unknown,0,5,0.003205128205128205,0.00317745000269507,0.003205128205128205,1,1.0,0.0,Missing
2025-12-31,HistGBM,Unknown,149190,Unknown,0,5,0.005128205128205128,0.005083920004312112,0.005128205128205128,1,1.0,0.0,Missing
2025-12-31,HistGBM,Unknown,151493,Unknown,0,5,0.005128205128205128,0.005083920004312112,0.005128205128205128,1,1.0,0.0,Missing
2025-12-31,HistGBM,Unknown,150002,Unknown,0,5,0.005128205128205128,0.005083920004312112,0.005128205128205128,1,1.0,0.0,Missing
2025-12-31,HistGBM,Unknown,150316,Unknown,0,5,0.005128205128205128,0.005083920004312112,0.005128205128205128,1,1.0,0.0,Missing
2025-12-31,HistGBM,Unknown,149924,Unknown,0,5,0.005128205128205128,0.005083920004312112,0.005128205128205128,1,1.0,0.0,Missing
2025-12-31,HistGBM,Unknown,119735,Unknown,0,5,0.008547008547008546,0.0,0.008547008547008546,1,1.0,0.0,Missing
2025-12-31,HistGBM,Unknown,120430,Unknown,0,5,0.008547008547008546,0.00847320000718685,0.008547008547008546,1,1.0,0.0,Missing
2025-12-31,HistGBM,Unknown,119069,Unknown,0,5,0.008547008547008546,0.0,0.008547008547008546,1,1.0,0.0,Missing
2025-12-31,HistGBM,Unknown,120166,Unknown,0,5,0.003205128205128205,0.00317745000269507,0.003205128205128205,1,1.0,0.0,Missing
2025-12-31,HistGBM,Unknown,140353,Unknown,0,5,0.003205128205128205,0.0,0.003205128205128205,1,1.0,0.0,Missing
2025-12-31,HistGBM,Unknown,143793,Unknown,0,5,0.003205128205128205,0.0,0.003205128205128205,1,1.0,0.0,Missing
2025-12-31,HistGBM,Unknown,151412,Unknown,0,5,0.003205128205128205,0.00317745000269507,0.003205128205128205,1,1.0,0.0,Missing
2025-12-31,HistGBM,Unknown,120264,Unknown,0,5,0.003205128205128205,0.00317745000269507,0.003205128205128205,1,1.0,0.0,Missing
2025-12-31,HistGBM,Unknown,148990,Unknown,0,5,0.003205128205128205,0.00317745000269507,0.003205128205128205,1,1.0,0.0,Missing
2025-12-31,HistGBM,Unknown,129046,Unknown,0,5,0.003205128205128205,0.0,0.003205128205128205,1,1.0,0.0,Missing
2025-12-31,HistGBM,Unknown,152135,Unknown,0,5,0.003205128205128205,0.00317745000269507,0.003205128205128205,1,1.0,0.0,Missing
2025-12-31,HistGBM,Unknown,119028,Unknown,0,5,0.0006253908692933083,0.0006689368426726463,0.0006253908692933083,1,1.0,0.0,Missing
2025-12-31,HistGBM,Unknown,152321,Unknown,0,5,0.0006253908692933083,0.0006689368426726463,0.0006253908692933083,1,1.0,0.0,Missing
2025-12-31,HistGBM,Unknown,151816,Unknown,0,5,0.0006253908692933083,0.0006925886442631577,0.0006156600484188452,1,0.9844404174217334,-0.015559582578266609,OK
2025-12-31,HistGBM,Unknown,152697,Unknown,0,5,0.0006253908692933083,0.0,0.0006253908692933083,1,1.0,0.0,Missing
2025-12-31,HistGBM,Unknown,119364,Unknown,0,5,0.0006253908692933083,0.0,0.0006253908692933083,1,1.0,0.0,Missing
2025-12-31,HistGBM,Unknown,134017,Unknown,0,5,0.0006253908692933083,0.0006689368426726463,0.0006253908692933083,1,1.0,0.0,Missing
2025-12-31,HistGBM,Unknown,149318,Unknown,0,5,0.0006253908692933083,0.0,0.0006253908692933083,1,1.0,0.0,Missing
2025-12-31,HistGBM,Unknown,150716,Unknown,0,5,0.0006253908692933083,0.0006996740432441154,0.0005997522397858815,1,0.9590038314176246,-0.04099616858237539,OK
2025-12-31,HistGBM,Unknown,153118,Unknown,0,5,0.0006253908692933083,0.0,0.0006253908692933083,1,1.0,0.0,Missing
2025-12-31,HistGBM,Unknown,149321,Unknown,0,5,0.0006253908692933083,0.0006689368426726463,0.0006253908692933083,1,1.0,0.0,Missing
2025-12-31,HistGBM,Unknown,151901,Unknown,0,5,0.0006253908692933083,0.0006689368426726463,0.0006253908692933083,1,1.0,0.0,Missing
2025-12-31,HistGBM,Unknown,152607,Unknown,0,5,0.0006253908692933083,0.0006900306546920998,0.0005946782780431055,1,0.9508905665909257,-0.04910943340907424,OK
2025-12-31,HistGBM,Unknown,152679,Unknown,0,5,0.0006253908692933083,0.0006689368426726463,0.0006253908692933083,1,1.0,0.0,Missing
2025-12-31,HistGBM,Unknown,151791,Unknown,0,5,0.0006253908692933083,0.0006689368426726463,0.0006253908692933083,1,1.0,0.0,Missing
2025-12-31,HistGBM,Unknown,151853,Unknown,0,5,0.0006253908692933083,0.0,0.0006253908692933083,1,1.0,0.0,Missing
2025-12-31,HistGBM,Unknown,119732,Unknown,0,5,0.0006253908692933083,0.0,0.0006448077353084953,1,1.0310475687582838,0.031047568758283767,OK
2025-12-31,HistGBM,Unknown,150685,Unknown,0,5,0.0006253908692933083,0.0006689368426726463,0.0006253908692933083,1,1.0,0.0,Missing
2025-12-31,HistGBM,Unknown,118469,Unknown,0,5,0.0006253908692933083,0.0,0.0005948460343272062,1,0.9511588088892028,-0.04884119111079724,OK
2025-12-31,HistGBM,Unknown,118868,Unknown,0,5,0.0006253908692933083,0.0,0.0006253908692933083,1,1.0,0.0,Missing
2025-12-31,HistGBM,Unknown,151384,Unknown,0,5,0.0006253908692933083,0.0006689368426726463,0.0006253908692933083,1,1.0,0.0,Missing
2025-12-31,HistGBM,Unknown,148623,Unknown,0,5,0.0006253908692933083,0.0006689368426726463,0.0006253908692933083,1,1.0,0.0,Missing
2025-12-31,HistGBM,Unknown,135813,Unknown,0,5,0.0006253908692933083,0.0,0.0006253908692933083,1,1.0,0.0,Missing
2025-12-31,HistGBM,Unknown,120385,Unknown,0,5,0.0006253908692933083,0.0006689368426726463,0.0006253908692933083,1,1.0,0.0,Missing
2025-12-31,HistGBM,Unknown,119597,Unknown,0,5,0.0006253908692933083,0.0006689368426726463,0.0006253908692933083,1,1.0,0.0,Missing
2025-12-31,HistGBM,Unknown,148539,Unknown,0,5,0.0006253908692933083,0.0006689368426726463,0.0006253908692933083,1,1.0,0.0,Missing
2025-12-31,HistGBM,Unknown,152728,Unknown,0,5,0.0006253908692933083,0.0,0.0006253908692933083,1,1.0,0.0,Missing
2025-12-31,HistGBM,Unknown,151142,Unknown,0,5,0.0006253908692933083,0.0,0.0006253908692933083,1,1.0,0.0,Missing
2025-12-31,HistGBM,Unknown,151040,Unknown,0,5,0.0006253908692933083,0.0,0.0006253908692933083,1,1.0,0.0,Missing
2025-12-31,HistGBM,Unknown,150539,Unknown,0,5,0.0006253908692933083,0.0,0.0006253908692933083,1,1.0,0.0,Missing
2025-12-31,HistGBM,Unknown,149841,Unknown,0,5,0.0006253908692933083,0.0006689368426726463,0.0006253908692933083,1,1.0,0.0,Missing
2025-12-31,HistGBM,Unknown,120621,Unknown,0,5,0.0006253908692933083,0.0,0.0006253908692933083,1,1.0,0.0,Missing
2025-12-31,HistGBM,Unknown,152657,Unknown,0,5,0.0006253908692933083,0.0007107331153249656,0.0005956095777457113,1,0.9523797148153924,-0.04762028518460762,OK
2025-12-31,HistGBM,Unknown,119333,Unknown,0,5,0.0006253908692933083,0.0,0.0006253908692933083,1,1.0,0.0,Missing
2025-12-31,HistGBM,Unknown,152067,Unknown,0,5,0.0006253908692933083,0.0,0.0006253908692933083,1,1.0,0.0,Missing
2025-12-31,HistGBM,Unknown,119705,Unknown,0,5,0.0006253908692933083,0.0,0.0006270006579230156,1,1.002574052018902,0.0025740520189019883,OK
2025-12-31,HistGBM,Unknown,152158,Unknown,0,5,0.0006253908692933083,0.0006689368426726463,0.0006253908692933083,1,1.0,0.0,Missing
2025-12-31,HistGBM,Unknown,147662,Unknown,0,5,0.0006253908692933083,0.0006689368426726463,0.0006253908692933083,1,1.0,0.0,Missing
2025-12-31,HistGBM,Unknown,152169,Unknown,0,5,0.0006253908692933083,0.0006689368426726463,0.0006253908692933083,1,1.0,0.0,Missing
2025-12-31,HistGBM,Unknown,125597,Unknown,0,5,0.0006253908692933083,0.0006689368426726463,0.0006253908692933083,1,1.0,0.0,Missing
2025-12-31,HistGBM,Unknown,120731,Unknown,0,5,0.0006253908692933083,0.0006689368426726463,0.0006253908692933083,1,1.0,0.0,Missing
2025-12-31,HistGBM,Unknown,120733,Unknown,0,5,0.0006253908692933083,0.0006689368426726463,0.0006253908692933083,1,1.0,0.0,Missing
2025-12-31,HistGBM,Unknown,131865,Unknown,0,5,0.0015082956259426846,0.001495270589503562,0.0015082956259426846,1,1.0,0.0,Missing
2025-12-31,HistGBM,Unknown,149441,Unknown,0,5,0.0015082956259426846,0.001495270589503562,0.0015082956259426846,1,1.0,0.0,Missing
2025-12-31,HistGBM,Unknown,149381,Unknown,0,5,0.0015082956259426846,0.0,0.0015082956259426846,1,1.0,0.0,Missing
2025-12-31,HistGBM,Unknown,150688,Unknown,0,5,0.0015082956259426846,0.0,0.0015082956259426846,1,1.0,0.0,Missing
2025-12-31,HistGBM,Unknown,148822,Unknown,0,5,0.0015082956259426846,0.001495270589503562,0.0015082956259426846,1,1.0,0.0,Missing
2025-12-31,HistGBM,Unknown,148928,Unknown,0,5,0.0015082956259426846,0.0,0.0015082956259426846,1,1.0,0.0,Missing
2025-12-31,HistGBM,Unknown,120242,Unknown,0,5,0.0015082956259426846,0.0,0.0015082956259426846,1,1.0,0.0,Missing
2025-12-31,HistGBM,Unknown,148666,Unknown,0,5,0.0015082956259426846,0.001495270589503562,0.0015082956259426846,1,1.0,0.0,Missing
2025-12-31,HistGBM,Unknown,148747,Unknown,0,5,0.0015082956259426846,0.001495270589503562,0.0015082956259426846,1,1.0,0.0,Missing
2025-12-31,HistGBM,Unknown,152770,Unknown,0,5,0.0015082956259426846,0.001495270589503562,0.0015082956259426846,1,1.0,0.0,Missing
2025-12-31,HistGBM,Unknown,152459,Unknown,0,5,0.0015082956259426846,0.001495270589503562,0.0015082956259426846,1,1.0,0.0,Missing
2025-12-31,HistGBM,Unknown,152718,Unknown,0,5,0.0015082956259426846,0.0,0.0015082956259426846,1,1.0,0.0,Missing
2025-12-31,HistGBM,Unknown,119777,Unknown,0,5,0.0015082956259426846,0.001495270589503562,0.0015082956259426846,1,1.0,0.0,Missing
2025-12-31,HistGBM,Unknown,129193,Unknown,0,5,0.0015082956259426846,0.001495270589503562,0.0015082956259426846,1,1.0,0.0,Missing
2025-12-31,HistGBM,Unknown,149790,Unknown,0,5,0.0015082956259426846,0.001495270589503562,0.0015082956259426846,1,1.0,0.0,Missing
2025-12-31,HistGBM,Unknown,147648,Unknown,0,5,0.0015082956259426846,0.001495270589503562,0.0015082956259426846,1,1.0,0.0,Missing
2025-12-31,HistGBM,Unknown,152645,Unknown,0,5,0.0015082956259426846,0.001495270589503562,0.0015082956259426846,1,1.0,0.0,Missing
2025-12-31,HistGBM,Unknown,146721,Unknown,0,5,0.004273504273504273,0.004236600003593425,0.004273504273504273,1,1.0,0.0,Missing
2025-12-31,HistGBM,Unknown,146716,Unknown,0,5,0.004273504273504273,0.0,0.004273504273504273,1,1.0,0.0,Missing
2025-12-31,HistGBM,Unknown,146575,Unknown,0,5,0.004273504273504273,0.004236600003593425,0.004273504273504273,1,1.0,0.0,Missing
2025-12-31,HistGBM,Unknown,152102,Unknown,0,5,0.004273504273504273,0.004409461435998533,0.004188162041565182,1,0.9800299177262528,-0.019970082273747157,OK
2025-12-31,HistGBM,Unknown,150554,Unknown,0,5,0.004273504273504273,0.004236600003593425,0.004273504273504273,1,1.0,0.0,Missing
2025-12-31,HistGBM,Unknown,152628,Unknown,0,5,0.004273504273504273,0.004236600003593425,0.004273504273504273,1,1.0,0.0,Missing
2025-12-31,HistGBM,Unknown,120520,Unknown,0,5,0.005128205128205128,0.005083920004312112,0.005128205128205128,1,1.0,0.0,Missing
2025-12-31,HistGBM,Unknown,120447,Unknown,0,5,0.005128205128205128,0.005321677006225775,0.005129209495248832,1,1.0001958515735223,0.00019585157352237698,OK
2025-12-31,HistGBM,Unknown,119099,Unknown,0,5,0.005128205128205128,0.0,0.005128205128205128,1,1.0,0.0,Missing
2025-12-31,HistGBM,Unknown,119953,Unknown,0,5,0.005128205128205128,0.005083920004312112,0.005128205128205128,1,1.0,0.0,Missing
2025-12-31,HistGBM,Unknown,151014,Unknown,0,5,0.005128205128205128,0.0,0.005128205128205128,1,1.0,0.0,Missing
2025-12-31,HistGBM,Unknown,118719,Unknown,0,5,0.005128205128205128,0.005083920004312112,0.005128205128205128,1,1.0,0.0,Missing
2025-12-31,HistGBM,Unknown,119424,Unknown,0,5,0.005128205128205128,0.005083920004312112,0.005145490100177851,1,1.003370569534681,0.003370569534681002,OK
2025-12-31,HistGBM,Unknown,118715,Unknown,0,5,0.005128205128205128,0.005083920004312112,0.005128205128205128,1,1.0,0.0,Missing
2025-12-31,HistGBM,Unknown,118506,Unknown,0,5,0.005128205128205128,0.0,0.005128205128205128,1,1.0,0.0,Missing
2025-12-31,HistGBM,Unknown,147567,Unknown,0,5,0.005128205128205128,0.005322621762899226,0.005146194861261212,1,1.0035079979459365,0.0035079979459364643,OK
2025-12-31,HistGBM,Unknown,131670,Unknown,0,5,0.003663003663003663,0.0036313714316515084,0.003663003663003663,1,1.0,0.0,Missing
2025-12-31,HistGBM,Unknown,152194,Unknown,0,5,0.003663003663003663,0.0036313714316515084,0.003663003663003663,1,1.0,0.0,Missing
2025-12-31,HistGBM,Unknown,151885,Unknown,0,5,0.003663003663003663,0.0036313714316515084,0.003663003663003663,1,1.0,0.0,Missing
2025-12-31,HistGBM,Unknown,151267,Unknown,0,5,0.003663003663003663,0.0036313714316515084,0.003663003663003663,1,1.0,0.0,Missing
2025-12-31,HistGBM,Unknown,145396,Unknown,0,5,0.003663003663003663,0.0036313714316515084,0.003663003663003663,1,1.0,0.0,Missing
2025-12-31,HistGBM,Unknown,127850,Unknown,0,5,0.003663003663003663,0.0,0.003663003663003663,1,1.0,0.0,Missing
2025-12-31,HistGBM,Unknown,150470,Unknown,0,5,0.003663003663003663,0.0036313714316515084,0.003663003663003663,1,1.0,0.0,Missing
2025-12-31,HistGBM,Unknown,118305,Unknown,0,5,0.003205128205128205,0.0,0.003205128205128205,1,1.0,0.0,Missing
2025-12-31,HistGBM,Unknown,119568,Unknown,0,5,0.003205128205128205,0.003327400410478451,0.003205128205128205,1,1.0,0.0,Missing
2025-12-31,HistGBM,Unknown,119861,Unknown,0,5,0.003205128205128205,0.0033275938554982957,0.003205128205128205,1,1.0,0.0,Missing
2025-12-31,HistGBM,Unknown,120389,Unknown,0,5,0.003205128205128205,0.0033275222759935282,0.003205128205128205,1,1.0,0.0,Missing
2025-12-31,HistGBM,Unknown,140196,Unknown,0,5,0.003205128205128205,0.0033275124467132206,0.003205128205128205,1,1.0,0.0,Missing
2025-12-31,HistGBM,Unknown,119135,Unknown,0,5,0.003205128205128205,0.003327421185502474,0.003205128205128205,1,1.0,0.0,Missing
2025-12-31,HistGBM,Unknown,118577,Unknown,0,5,0.003205128205128205,0.0033274862136267137,0.003205128205128205,1,1.0,0.0,Missing
2025-12-31,HistGBM,Unknown,149664,Unknown,0,5,0.003205128205128205,0.0033272291809545045,0.003205128205128205,1,1.0,0.0,Missing
2025-12-31,HistGBM,Unknown,120158,Unknown,0,5,0.003663003663003663,0.0,0.003663003663003663,1,1.0,0.0,Missing
2025-12-31,HistGBM,Unknown,152226,Unknown,0,5,0.003663003663003663,0.0036313714316515084,0.003663003663003663,1,1.0,0.0,Missing
2025-12-31,HistGBM,Unknown,118510,Unknown,0,5,0.003663003663003663,0.0036313714316515084,0.003663003663003663,1,1.0,0.0,Missing
2025-12-31,HistGBM,Unknown,118834,Unknown,0,5,0.003663003663003663,0.0036313714316515084,0.003663003663003663,1,1.0,0.0,Missing
2025-12-31,HistGBM,Unknown,118419,Unknown,0,5,0.003663003663003663,0.003761809603893079,0.003550418029807343,1,0.9692641221374046,-0.03073587786259534,OK
2025-12-31,HistGBM,Unknown,119350,Unknown,0,5,0.003663003663003663,0.0,0.003663003663003663,1,1.0,0.0,Missing
2025-12-31,HistGBM,Unknown,152941,Unknown,0,5,0.003663003663003663,0.0036313714316515084,0.003663003663003663,1,1.0,0.0,Missing
2025-12-31,HistGBM,Unknown,148595,Unknown,0,5,0.005128205128205128,0.005083920004312112,0.005128205128205128,1,1.0,0.0,Missing
2025-12-31,HistGBM,Unknown,135341,Unknown,0,5,0.005128205128205128,0.0,0.005128205128205128,1,1.0,0.0,Missing
2025-12-31,HistGBM,Unknown,151113,Unknown,0,5,0.005128205128205128,0.005083920004312112,0.005128205128205128,1,1.0,0.0,Missing
2025-12-31,HistGBM,Unknown,145473,Unknown,0,5,0.005128205128205128,0.005083920004312112,0.005128205128205128,1,1.0,0.0,Missing
2025-12-31,HistGBM,Unknown,118935,Unknown,0,5,0.005128205128205128,0.005083920004312112,0.005128205128205128,1,1.0,0.0,Missing
2025-12-31,HistGBM,Unknown,153102,Unknown,0,5,0.01282051282051282,0.0,0.01282051282051282,1,1.0,0.0,Missing
2025-12-31,HistGBM,Unknown,151214,Unknown,0,5,0.01282051282051282,0.013298038364603075,0.012824092569443547,1,1.0002792204165967,0.00027922041659677764,OK
2025-12-31,HistGBM,Unknown,140382,Unknown,0,5,0.004273504273504273,0.004406901309408186,0.004188869400595784,1,0.9801954397394137,-0.019804560260586336,OK
2025-12-31,HistGBM,Unknown,144394,Unknown,0,5,0.004273504273504273,0.0,0.004167962790146499,1,0.9753032928942809,-0.0246967071057191,OK
2025-12-31,HistGBM,Unknown,143163,Unknown,0,5,0.004273504273504273,0.004236600003593425,0.004273504273504273,1,1.0,0.0,Missing
2025-12-31,HistGBM,Unknown,134813,Unknown,0,5,0.004273504273504273,0.004236600003593425,0.004273504273504273,1,1.0,0.0,Missing
2025-12-31,HistGBM,Unknown,120819,Unknown,0,5,0.004273504273504273,0.004236600003593425,0.004273504273504273,1,1.0,0.0,Missing
2025-12-31,HistGBM,Unknown,147446,Unknown,0,5,0.004273504273504273,0.004236600003593425,0.004273504273504273,1,1.0,0.0,Missing
2025-12-31,HistGBM,Unknown,118709,Unknown,0,5,0.00641025641025641,0.00635490000539014,0.00641025641025641,1,1.0,0.0,Missing
2025-12-31,HistGBM,Unknown,120513,Unknown,0,5,0.00641025641025641,0.0,0.006428738204126575,1,1.0028831598437458,0.0028831598437458667,OK
2025-12-31,HistGBM,Unknown,118702,Unknown,0,5,0.00641025641025641,0.00635490000539014,0.00641025641025641,1,1.0,0.0,Missing
2025-12-31,HistGBM,Unknown,133810,Unknown,0,5,0.00641025641025641,0.00635490000539014,0.00641025641025641,1,1.0,0.0,Missing
2025-12-31,HistGBM,Unknown,134387,Unknown,0,5,0.008547008547008546,0.00847320000718685,0.008547008547008546,1,1.0,0.0,Missing
2025-12-31,HistGBM,Unknown,119741,Unknown,0,5,0.008547008547008546,0.0,0.008547008547008546,1,1.0,0.0,Missing
2025-12-31,HistGBM,Unknown,120711,Unknown,0,5,0.008547008547008546,0.00847320000718685,0.008547008547008546,1,1.0,0.0,Missing
2025-12-31,HistGBM,Unknown,131373,Unknown,0,5,0.005128205128205128,0.005083920004312112,0.005128205128205128,1,1.0,0.0,Missing
2025-12-31,HistGBM,Unknown,140347,Unknown,0,5,0.005128205128205128,0.005083920004312112,0.005128205128205128,1,1.0,0.0,Missing
2025-12-31,HistGBM,Unknown,140444,Unknown,0,5,0.005128205128205128,0.005083920004312112,0.005128205128205128,1,1.0,0.0,Missing
2025-12-31,HistGBM,Unknown,144490,Unknown,0,5,0.005128205128205128,0.005083920004312112,0.005128205128205128,1,1.0,0.0,Missing
2025-12-31,HistGBM,Unknown,145693,Unknown,0,5,0.005128205128205128,0.0,0.005128205128205128,1,1.0,0.0,Missing
2025-12-31,HistGBM,Unknown,149230,Unknown,0,5,0.002564102564102564,0.0,0.002564102564102564,1,1.0,0.0,Missing
2025-12-31,HistGBM,Unknown,150751,Unknown,0,5,0.002564102564102564,0.0,0.002645264817703585,1,1.0316532789043982,0.03165327890439827,OK
2025-12-31,HistGBM,Unknown,149298,Unknown,0,5,0.002564102564102564,0.0,0.002564102564102564,1,1.0,0.0,Missing
2025-12-31,HistGBM,Unknown,148614,Unknown,0,5,0.002564102564102564,0.0,0.002564102564102564,1,1.0,0.0,Missing
2025-12-31,HistGBM,Unknown,140296,Unknown,0,5,0.002564102564102564,0.002541960002156056,0.002564102564102564,1,1.0,0.0,Missing
2025-12-31,HistGBM,Unknown,119779,Unknown,0,5,0.002564102564102564,0.002541960002156056,0.002564102564102564,1,1.0,0.0,Missing
2025-12-31,HistGBM,Unknown,149059,Unknown,0,5,0.002564102564102564,0.0,0.002564102564102564,1,1.0,0.0,Missing
2025-12-31,HistGBM,Unknown,138528,Unknown,0,5,0.002564102564102564,0.0,0.002564102564102564,1,1.0,0.0,Missing
2025-12-31,HistGBM,Unknown,149830,Unknown,0,5,0.002564102564102564,0.0,0.002564102564102564,1,1.0,0.0,Missing
2025-12-31,HistGBM,Unknown,152090,Unknown,0,5,0.002564102564102564,0.002541960002156056,0.002564102564102564,1,1.0,0.0,Missing
2025-12-31,HistGBM,Unknown,149431,Unknown,0,5,0.002564102564102564,0.0026610840376943613,0.002564102564102564,1,1.0,0.0,Missing
2025-12-31,HistGBM,Unknown,149345,Unknown,0,5,0.002564102564102564,0.002660465666633165,0.002564102564102564,1,1.0,0.0,Missing
2025-12-31,HistGBM,Unknown,149307,Unknown,0,5,0.002564102564102564,0.002660729558393348,0.002564102564102564,1,1.0,0.0,Missing
2025-12-31,HistGBM,Unknown,151485,Unknown,0,5,0.002564102564102564,0.002541960002156056,0.002564102564102564,1,1.0,0.0,Missing
2025-12-31,HistGBM,Unknown,151681,Unknown,0,5,0.002564102564102564,0.0,0.002564102564102564,1,1.0,0.0,Missing
2025-12-31,HistGBM,Unknown,149460,Unknown,0,5,0.002564102564102564,0.0,0.002564102564102564,1,1.0,0.0,Missing
2025-12-31,HistGBM,Unknown,149878,Unknown,0,5,0.002564102564102564,0.002661746675479614,0.002564102564102564,1,1.0,0.0,Missing
2025-12-31,HistGBM,Unknown,149993,Unknown,0,5,0.002564102564102564,0.0,0.002564102564102564,1,1.0,0.0,Missing
2025-12-31,HistGBM,Unknown,149917,Unknown,0,5,0.002564102564102564,0.002541960002156056,0.002564102564102564,1,1.0,0.0,Missing
2025-12-31,HistGBM,Unknown,150627,Unknown,0,5,0.002564102564102564,0.0,0.002564102564102564,1,1.0,0.0,Missing
2025-12-31,HistGBM,Unknown,118508,Unknown,0,5,0.008547008547008546,0.00847320000718685,0.008547008547008546,1,1.0,0.0,Missing
2025-12-31,HistGBM,Unknown,118656,Unknown,0,5,0.008547008547008546,0.00847320000718685,0.008547008547008546,1,1.0,0.0,Missing
2025-12-31,HistGBM,Unknown,147269,Unknown,0,5,0.008547008547008546,0.00847320000718685,0.008547008547008546,1,1.0,0.0,Missing
2025-12-31,HistGBM,Unknown,147951,Unknown,0,5,0.003663003663003663,0.0038005267999306064,0.003663003663003663,1,1.0,0.0,Missing
2025-12-31,HistGBM,Unknown,151849,Unknown,0,5,0.003663003663003663,0.0038004192499174845,0.003663003663003663,1,1.0,0.0,Missing
2025-12-31,HistGBM,Unknown,145810,Unknown,0,5,0.003663003663003663,0.0038003910179695193,0.003663003663003663,1,1.0,0.0,Missing
2025-12-31,HistGBM,Unknown,147214,Unknown,0,5,0.003663003663003663,0.00380050464643408,0.003663003663003663,1,1.0,0.0,Missing
2025-12-31,HistGBM,Unknown,147736,Unknown,0,5,0.003663003663003663,0.0,0.003663003663003663,1,1.0,0.0,Missing
2025-12-31,HistGBM,Unknown,147196,Unknown,0,5,0.003663003663003663,0.003800484178582745,0.003663003663003663,1,1.0,0.0,Missing
2025-12-31,HistGBM,Unknown,146980,Unknown,0,5,0.003663003663003663,0.0038004986321552837,0.003663003663003663,1,1.0,0.0,Missing
2025-12-31,HistGBM,Unknown,119581,Unknown,0,5,0.004273504273504273,0.004236600003593425,0.004273504273504273,1,1.0,0.0,Missing
2025-12-31,HistGBM,Unknown,148733,Unknown,0,5,0.004273504273504273,0.0,0.004273504273504273,1,1.0,0.0,Missing
2025-12-31,HistGBM,Unknown,120403,Unknown,0,5,0.004273504273504273,0.0,0.004273504273504273,1,1.0,0.0,Missing
2025-12-31,HistGBM,Unknown,147445,Unknown,0,5,0.004273504273504273,0.004236600003593425,0.004273504273504273,1,1.0,0.0,Missing
2025-12-31,HistGBM,Unknown,150584,Unknown,0,5,0.004273504273504273,0.004236600003593425,0.004273504273504273,1,1.0,0.0,Missing
2025-12-31,HistGBM,Unknown,127042,Unknown,0,5,0.004273504273504273,0.0,0.004273504273504273,1,1.0,0.0,Missing
2025-12-31,HistGBM,Unknown,152849,Unknown,0,5,0.004273504273504273,0.004236600003593425,0.004273504273504273,1,1.0,0.0,Missing
2025-12-31,HistGBM,Unknown,120401,Unknown,0,5,0.004273504273504273,0.004236600003593425,0.004273504273504273,1,1.0,0.0,Missing
2025-12-31,HistGBM,Unknown,119526,Unknown,0,5,0.004273504273504273,0.0,0.004273504273504273,1,1.0,0.0,Missing
2025-12-31,HistGBM,Unknown,153187,Unknown,0,5,0.004273504273504273,0.0,0.004273504273504273,1,1.0,0.0,Missing
2025-12-31,HistGBM,Unknown,153043,Unknown,0,5,0.004273504273504273,0.004236600003593425,0.004273504273504273,1,1.0,0.0,Missing
2025-12-31,HistGBM,Unknown,147617,Unknown,0,5,0.004273504273504273,0.004236600003593425,0.004273504273504273,1,1.0,0.0,Missing
2025-12-31,HistGBM,Unknown,120152,Unknown,0,5,0.003663003663003663,0.0,0.003663003663003663,1,1.0,0.0,Missing
2025-12-31,HistGBM,Unknown,118479,Unknown,0,5,0.003663003663003663,0.0037674952173790467,0.0035519329579909507,1,0.9696776975315295,-0.03032230246847044,OK
2025-12-31,HistGBM,Unknown,152783,Unknown,0,5,0.003663003663003663,0.0,0.003663003663003663,1,1.0,0.0,Missing
2025-12-31,HistGBM,Unknown,118825,Unknown,0,5,0.003663003663003663,0.0036313714316515084,0.003663003663003663,1,1.0,0.0,Missing
2025-12-31,HistGBM,Unknown,118632,Unknown,0,5,0.003663003663003663,0.0036313714316515084,0.003663003663003663,1,1.0,0.0,Missing
2025-12-31,HistGBM,Unknown,118633,Unknown,0,5,0.003663003663003663,0.0036313714316515084,0.003663003663003663,1,1.0,0.0,Missing
2025-12-31,HistGBM,Unknown,119160,Unknown,0,5,0.003663003663003663,0.0,0.003663003663003663,1,1.0,0.0,Missing
2025-12-31,HistGBM,Unknown,151810,Unknown,0,5,0.004273504273504273,0.004236600003593425,0.004273504273504273,1,1.0,0.0,Missing
2025-12-31,HistGBM,Unknown,149185,Unknown,0,5,0.004273504273504273,0.004236600003593425,0.004273504273504273,1,1.0,0.0,Missing
2025-12-31,HistGBM,Unknown,151443,Unknown,0,5,0.004273504273504273,0.0,0.004273504273504273,1,1.0,0.0,Missing
2025-12-31,HistGBM,Unknown,152739,Unknown,0,5,0.004273504273504273,0.004236600003593425,0.004273504273504273,1,1.0,0.0,Missing
2025-12-31,HistGBM,Unknown,152071,Unknown,0,5,0.004273504273504273,0.004236600003593425,0.004273504273504273,1,1.0,0.0,Missing
2025-12-31,HistGBM,Unknown,153034,Unknown,0,5,0.004273504273504273,0.0,0.004273504273504273,1,1.0,0.0,Missing
2025-12-31,HistGBM,Unknown,134494,Unknown,0,5,0.005128205128205128,0.005083920004312112,0.005128205128205128,1,1.0,0.0,Missing
2025-12-31,HistGBM,Unknown,120451,Unknown,0,5,0.005128205128205128,0.00531093898611731,0.005126142449082034,1,0.9995977775709967,-0.00040222242900336775,OK
2025-12-31,HistGBM,Unknown,120084,Unknown,0,5,0.005128205128205128,0.0,0.005128205128205128,1,1.0,0.0,Missing
2025-12-31,HistGBM,Unknown,119505,Unknown,0,5,0.005128205128205128,0.005083920004312112,0.005128205128205128,1,1.0,0.0,Missing
2025-12-31,HistGBM,Unknown,119755,Unknown,0,5,0.005128205128205128,0.0,0.005128205128205128,1,1.0,0.0,Missing
2025-12-31,HistGBM,Unknown,152443,Unknown,0,5,0.005128205128205128,0.005083920004312112,0.005128205128205128,1,1.0,0.0,Missing
2025-12-31,HistGBM,Unknown,152324,Unknown,0,5,0.005128205128205128,0.0,0.005271365208996923,1,1.0279162157544,0.027916215754399898,OK
2025-12-31,HistGBM,Unknown,148457,Unknown,0,5,0.005128205128205128,0.005083920004312112,0.005128205128205128,1,1.0,0.0,Missing
2025-12-31,HistGBM,Unknown,152064,Unknown,0,5,0.005128205128205128,0.005083920004312112,0.005128205128205128,1,1.0,0.0,Missing
2025-12-31,HistGBM,Unknown,152056,Unknown,0,5,0.005128205128205128,0.005083920004312112,0.005128205128205128,1,1.0,0.0,Missing
2025-12-31,HistGBM,Unknown,120338,Unknown,0,5,0.005128205128205128,0.0,0.005128205128205128,1,1.0,0.0,Missing
2025-12-31,HistGBM,Unknown,151107,Unknown,0,5,0.005128205128205128,0.005083920004312112,0.005128205128205128,1,1.0,0.0,Missing
2025-12-31,HistGBM,Unknown,123693,Unknown,0,5,0.005128205128205128,0.005083920004312112,0.005128205128205128,1,1.0,0.0,Missing
2025-12-31,HistGBM,Unknown,129008,Unknown,0,5,0.005128205128205128,0.005083920004312112,0.005128205128205128,1,1.0,0.0,Missing
2025-12-31,HistGBM,Unknown,128629,Unknown,0,5,0.005128205128205128,0.0,0.005128205128205128,1,1.0,0.0,Missing
2025-12-31,HistGBM,Unknown,118569,Unknown,0,5,0.005128205128205128,0.0,0.005128205128205128,1,1.0,0.0,Missing
2025-12-31,HistGBM,Unknown,141588,Unknown,0,5,0.005128205128205128,0.005299932806425805,0.0051272434626663576,1,0.9998124752199397,-0.00018752478006035624,OK
2025-12-31,HistGBM,Unknown,150996,Unknown,0,5,0.005128205128205128,0.005083920004312112,0.005128205128205128,1,1.0,0.0,Missing
2025-12-31,HistGBM,Unknown,138330,Unknown,0,5,0.005128205128205128,0.0,0.005128205128205128,1,1.0,0.0,Missing
2025-12-31,HistGBM,Unknown,150237,Unknown,0,5,0.005128205128205128,0.005083920004312112,0.005128205128205128,1,1.0,0.0,Missing
2025-12-31,HistGBM,Unknown,118692,Unknown,0,5,0.004273504273504273,0.004236600003593425,0.004273504273504273,1,1.0,0.0,Missing
2025-12-31,HistGBM,Unknown,151777,Unknown,0,5,0.004273504273504273,0.004236600003593425,0.004273504273504273,1,1.0,0.0,Missing
2025-12-31,HistGBM,Unknown,119564,Unknown,0,5,0.004273504273504273,0.004236600003593425,0.004273504273504273,1,1.0,0.0,Missing
2025-12-31,HistGBM,Unknown,148481,Unknown,0,5,0.004273504273504273,0.0,0.004273504273504273,1,1.0,0.0,Missing
2025-12-31,HistGBM,Unknown,152358,Unknown,0,5,0.004273504273504273,0.0,0.004273504273504273,1,1.0,0.0,Missing
2025-12-31,HistGBM,Unknown,147473,Unknown,0,5,0.004273504273504273,0.004236600003593425,0.004273504273504273,1,1.0,0.0,Missing
2025-12-31,HistGBM,Unknown,143494,Unknown,0,5,0.005128205128205128,0.005083920004312112,0.005128205128205128,1,1.0,0.0,Missing
2025-12-31,HistGBM,Unknown,144754,Unknown,0,5,0.005128205128205128,0.005322245024791105,0.005146056394755667,1,1.003480996977355,0.003480996977354967,OK
2025-12-31,HistGBM,Unknown,119501,Unknown,0,5,0.005128205128205128,0.005083920004312112,0.005128205128205128,1,1.0,0.0,Missing
2025-12-31,HistGBM,Unknown,152825,Unknown,0,5,0.005128205128205128,0.0,0.005128205128205128,1,1.0,0.0,Missing
2025-12-31,HistGBM,Unknown,120676,Unknown,0,5,0.005128205128205128,0.005083920004312112,0.005128205128205128,1,1.0,0.0,Missing
2025-12-31,HistGBM,Unknown,119539,Unknown,0,5,0.008547008547008546,0.0,0.008547008547008546,1,1.0,0.0,Missing
2025-12-31,HistGBM,Unknown,128006,Unknown,0,5,0.008547008547008546,0.00847320000718685,0.008547008547008546,1,1.0,0.0,Missing
2025-12-31,HistGBM,Unknown,130050,Unknown,0,5,0.008547008547008546,0.00847320000718685,0.008547008547008546,1,1.0,0.0,Missing
2025-12-31,HistGBM,Unknown,120510,Unknown,0,5,0.005128205128205128,0.00530731582478112,0.005131806705549002,1,1.0007023075820554,0.0007023075820554192,OK
2025-12-31,HistGBM,Unknown,119816,Unknown,0,5,0.005128205128205128,0.0053028406971541075,0.0051318883364804375,1,1.0007182256136853,0.0007182256136853015,OK
2025-12-31,HistGBM,Unknown,118796,Unknown,0,5,0.005128205128205128,0.005083920004312112,0.005128205128205128,1,1.0,0.0,Missing
2025-12-31,HistGBM,Unknown,142641,Unknown,0,5,0.005128205128205128,0.005083920004312112,0.005128205128205128,1,1.0,0.0,Missing
2025-12-31,HistGBM,Unknown,119498,Unknown,0,5,0.005128205128205128,0.005083920004312112,0.005128205128205128,1,1.0,0.0,Missing
2025-12-31,HistGBM,Unknown,153171,Unknown,0,5,0.01282051282051282,0.0,0.01282051282051282,1,1.0,0.0,Missing
2025-12-31,HistGBM,Unknown,148490,Unknown,0,5,0.01282051282051282,0.012762528471007393,0.012574396758374146,1,0.9808029471531835,-0.01919705284681646,OK
2025-12-31,HistGBM,Unknown,120480,Unknown,0,5,0.00641025641025641,0.006627728613307642,0.006370487281358839,1,0.993796015891979,-0.006203984108021055,OK
2025-12-31,HistGBM,Unknown,119839,Unknown,0,5,0.00641025641025641,0.006595848422845921,0.006363517960135552,1,0.9927088017811461,-0.007291198218853935,OK
2025-12-31,HistGBM,Unknown,118491,Unknown,0,5,0.00641025641025641,0.0,0.006370087229082542,1,0.9937336077368766,-0.00626639226312337,OK
2025-12-31,HistGBM,Unknown,120705,Unknown,0,5,0.00641025641025641,0.00635490000539014,0.00641025641025641,1,1.0,0.0,Missing
2025-12-31,HistGBM,Unknown,144315,Unknown,0,5,0.008547008547008546,0.00847320000718685,0.008547008547008546,1,1.0,0.0,Missing
2025-12-31,HistGBM,Unknown,142138,Unknown,0,5,0.008547008547008546,0.0,0.008375889936173624,1,0.9799791225323141,-0.020020877467685896,OK
2025-12-31,HistGBM,Unknown,143079,Unknown,0,5,0.008547008547008546,0.00847320000718685,0.008547008547008546,1,1.0,0.0,Missing
