scheme_code,scheme_name,isin_growth,plan_class
120547,Aditya Birla Sun Life MIP - Direct Plan - Monthly Payment,,Ambiguous
100972,Aditya Birla Sun Life MIP - Regular Plan - Monthly Payment,INF209K01710,Ambiguous
101712,Aditya Birla Sun Life MIP II - Savings 5 Plan - Monthly Growth /Payment,INF209K01744,Ambiguous
108625,IDFC - SSIF - ST -Plan B - Growth,INF194K01HM1,Ambiguous
112367,IDFC - SSIF - Short Term- Plan F Growth,INF194K01IH9,Ambiguous
108786,IDFC Dynamic Bond Fund - Growth,INF194K01PZ6,Ambiguous
108738,IDFC Money Manager Fund-Investment Plan-Regular Plan-Annual Div.,INF194K01NQ0,Ambiguous
108742,IDFC Money Manager Fund-Investment Plan-Regular Plan-Daily Div.,INF194K01NW8,Ambiguous
108739,IDFC Money Manager Fund-Investment Plan-Regular Plan-Monthly Div.,INF194K01OC8,Ambiguous
108737,IDFC Money Manager Fund-Investment Plan-Regular Plan-Qtrly Div.,INF194K01NT4,Ambiguous
108740,IDFC Money Manager Fund-Investment Plan-Regular Plan-Weekly Div.,INF194K01NZ1,Ambiguous
108732,IDFC-Money Manager Fund-Investment Plan-Growth,INF194K01MY6,Ambiguous
111922,IDFC-Money Manager Fund-Treasury  Plan D-Growth,INF194K01MN9,Ambiguous
108676,IDFC-Money Manager Fund-Treasury Plan-Plan B - Growth,INF194K01LT8,Ambiguous
112364,IDFC-Money Manager Fund-Treasury Plan-Plan F  Growth,INF194K01MU4,Ambiguous
111681,IDFC SSIF - MT (Plan B)Inst- Growth Plan,INF194K01KK9,Ambiguous
112398,IDFC Super Saver Income Fund- IP-Plan F Growth,INF194K01JQ8,Ambiguous
112397,IDFC Super Saver Income Fund- MT-Plan F Growth,INF194K01LF7,Ambiguous
111529,IDFC-SSIF-Investment Plan B- GROWTH,INF194K01IV0,Ambiguous
112314,Baroda Pioneer PSU Bond Fund - Plan A - Growth Option,INF955L01245,Ambiguous
117411,BNP Paribas Income and Gold Fund - Growth,INF251K01FU6,Ambiguous
111879,Canara Robeco Short Term Fund- Institutional Plan - Growth,INF760K01688,Ambiguous
114529,Daiwa Treasury Advantage Fund - Growth,INF752K01040,Ambiguous
121270,DWS Banking and PSU Debt fund -Growth,INF223J01SW6,Ambiguous
106881,DWS Income Advantage Fund - Growth,INF223J01BZ5,Ambiguous
104425,DWS Low Duration Fund - Growth,,Ambiguous
110073,DWS Low Duration Fund - Regular Plan - Bonus,INF223J01CJ7,Ambiguous
101732,DWS Premier Bond Fund - Growth,INF223J01DB2,Ambiguous
111554,DWS Premier Bond Fund - Institutional Plan - Growth,INF223J01CT6,Ambiguous
111723,DWS Premier Bond Fund - Premium Plus Plan - Growth,INF223J01CQ2,Ambiguous
101627,DWS Short Maturity Fund - Growth,INF223J01DT4,Ambiguous
111556,DWS Short Maturity Fund - Institutional Plan - Growth,INF223J01DG1,Ambiguous
114749,DWS Short Maturity Fund - Premium Plus - Growth,INF223J01DN7,Ambiguous
109302,DWS Ultra Short Term Fund - Growth,INF223J01FK8,Ambiguous
116376,DWS Ultra Short Term Fund - Premium Plus Plan - Growth,INF223J01FT9,Ambiguous
110072,DWS Ultra Short Term Fund - Regular Plan - Bonus,INF223J01GA7,Ambiguous
104142,DSP BlackRock Ultra Short Fund - Institutional Plan - Growth,INF740K01FS2,Ambiguous
103277,DSP Credit Risk Fund - Institutional Plan-Growth,INF740K01FN3,Ambiguous
109955,Edelweiss Bond Fund  - Growth Option,INF754K01AH7,Ambiguous
110285,Edelweiss Short Term Income Fund - Growth Option,INF754K01822,Ambiguous
110286,Edelweiss Short Term Income Fund - Institutional Plan - Growth Option,INF754K01855,Ambiguous
100552,Templeton India Childrenâs Asset Plan-Gift Plan - Growth,INF090I01AI8,Ambiguous
115752,Goldman Sachs Short Term Fund - Growth Option,INF732E01235,Ambiguous
119079,HDFC Regular Savings Fund -Direct Plan - Growth Option,INF179K01YP0,Ambiguous
120072,HSBC MIP-Regular Plan-Growth Direct,INF336L01DR4,Ambiguous
103061,ICICI Prudential Blended Plan B -  Growth Option - I,INF109K01AR3,Ambiguous
120691,ICICI Prudential Child Care Plan Study - Direct Plan- Cumulative,INF109K01Y56,Ambiguous
111996,ICICI Prudential Dynamic Bond Fund - Growth,INF109K01CB3,Ambiguous
112002,ICICI Prudential Dynamic Bond Fund - Premium Plus Growth,INF109K01RW7,Ambiguous
106291,ICICI Prudential Interval Fund Annual Interval Plan I -  Growth,INF109K01KN1,Ambiguous
106761,ICICI Prudential Interval Fund Annual Interval Plan II - Growth,INF109K01KR2,Ambiguous
106779,ICICI Prudential Interval Fund Annual Interval Plan III - Growth,INF109K01KV4,Ambiguous
106831,ICICI Prudential Interval Fund Annual Interval Plan IV - Growth,INF109K01KJ9,Ambiguous
112291,ICICI Prudential Interval Fund Half Yearly Interval Plan II - Growth,INF109K01LH1,Ambiguous
111405,ICICI Prudential Interval Fund Quarterly Interval Plan 1 - Growth,INF109K01LP4,Ambiguous
110204,ICICI Prudential Interval Fund II Quarterly Interval - Growth,INF109K01LX8,Ambiguous
110555,ICICI Prudential Interval Fund III Quarterly Interval - Growth,INF109K01MF3,Ambiguous
121127,ICICI Prudential Interval Fund - Series VI - Annual Interval Plan - A - Direct Plan - Cumulative,INF109K013G7,Ambiguous
121362,ICICI Prudential Interval Fund - Series VI - Annual Interval Plan - C - Direct Plan - Cumulative,INF109K016Q9,Ambiguous
121440,ICICI Prudential Interval Fund - Series VI - Annual Interval Plan - D - Direct Plan - Cumulative,INF109K010R0,Ambiguous
111316,ICICI Prudential Interval Fund II Quarterly Interval Plan B - Growth,INF109K01MZ1,Ambiguous
109854,ICICI Prudential Interval Fund II Quarterly Interval Plan C - Growth,INF109K01ND6,Ambiguous
110013,ICICI Prudential Interval Fund II Quarterly Interval Plan D - Growth,INF109K01NL9,Ambiguous
110383,ICICI Prudential Interval Fund II Quarterly Interval Plan F - Growth,INF109K01NX4,Ambiguous
110346,ICICI Prudential Interval Fund IV Quarterly Interval Plan B - Growth,INF109K01OB8,Ambiguous
110045,ICICI Prudential Interval Fund V Monthly Interval Plan A - Growth,INF109K01OP8,Ambiguous
100952,ICICI Prudential MIP - Growth,INF109K01555,Ambiguous
119964,ING Income Fund - Regular Plan - Direct Plan - Growth Option,INF084M01CM1,Ambiguous
100187,ING Income Fund-Institutional Plan - Growth Option,INF084M01788,Ambiguous
102232,ING MIP Fund-Growth Option,INF084M01929,Ambiguous
101288,ING Short Term Income Fund-Growth Option,INF084M01689,Ambiguous
105207,ING Treasury Advantage Fund - Institutional Growth Option,INF084M01614,Ambiguous
112886,Religare Invesco Monthly Income Plan - Growth Option,INF205K01TU3,Ambiguous
102027,JM MIP FUND-Growth,INF192K01AK4,Ambiguous
109176,JPMorgan India Active Bond Fund - Institutional Plan - Growth Option,INF843K01377,Ambiguous
117759,JPMorgan India Active Bond Fund - Retail Plan - Bonus Option,INF843K01930,Ambiguous
119927,JPMorgan India Treasury Fund - Direct Plan - Bonus Option,INF843K01BW5,Ambiguous
110156,JPMorgan India Treasury Fund - Super Institutional Plan - Growth Option,INF843K01245,Ambiguous
114382,Kotak Multi Asset Allocation Fund-Growth,INF174K01922,Ambiguous
106661,Kotak Quarterly Interval Plan Series 1 - Growth,INF174K01BI4,Ambiguous
110674,Kotak Quarterly Interval Plan Series 10 - Growth,INF174K01CJ0,Ambiguous
106735,Kotak Quarterly Interval Plan Series 2 - Growth,INF174K01BL8,Ambiguous
107093,Kotak Quarterly Interval Plan Series 3 - Growth,INF174K01BO2,Ambiguous
107212,Kotak Quarterly Interval Plan Series 4 - Growth,INF174K01BR5,Ambiguous
107485,Kotak Quarterly Interval Plan Series 5-Growth,INF174K01BU9,Ambiguous
107632,Kotak Quarterly Interval Plan Series 6 - Growth,INF174K01BX3,Ambiguous
109981,Kotak Quarterly Interval Plan Series 7 - Growth,INF174K01CA9,Ambiguous
110259,Kotak Quarterly Interval Plan Series 8 - Growth,INF174K01CD3,Ambiguous
110570,Kotak Quarterly Interval Plan Series 9 - Growth,INF174K01CG6,Ambiguous
102816,LIC NOMURA MF Floater MIP - Growth,INF767K01600,Ambiguous
111953,Morgan Stanley Short Term Bond Fund- Institutional Plus- Growth,INF063A01175,Ambiguous
120956,Reliance Yearly Interval Fund - Series 2 - Growth Plan - Growth Option,INF204K01R42,Ambiguous
121699,Reliance Yearly Interval Fund - Series 5 - Growth Plan - Growth Option,INF204K01T24,Ambiguous
116044,DHFL Pramerica Credit Opportunities Fund - Growth Option,INF663L01443,Ambiguous
114804,DHFL Pramerica Dynamic Monthly Income Fund - Growth Option,INF663L01310,Ambiguous
116685,DHFL PRAMERICA SHORT TERM FLOATING RATE FUND - GROWTH,INF663L01559,Ambiguous
114587,DHFL Pramerica Short Term Income Fund - Growth Option,INF663L01211,Ambiguous
115340,DHFL Pramerica Treasury Advantage Fund - Growth Option,INF663L01377,Ambiguous
113359,DHFL Pramerica Ultra Short Term Bond Fund - Growth Option,INF663L01146,Ambiguous
119388,PineBridge India Short Term Fund- Direct Plan- Bonus Option,INF178L01BB8,Ambiguous
107718,PineBridge India Short Term Fund- Standard Plan-Growth Option,INF178L01202,Ambiguous
119373,PineBridge India Total Return Bond Fund- Direct Plan- Bonus Option,INF178L01CH3,Ambiguous
106523,PineBridge India Total Return Bond Fund- Institutional Plan-Growth Option,INF178L01921,Ambiguous
106533,PineBridge India Total Return Bond Fund- Standard Plan-Growth Option,INF178L01BO1,Ambiguous
106891,Principal Bank CD Fund - Growth Option,INF173K01BE5,Ambiguous
107233,Sahara Classic Fund- Growth Option,INF515L01437,Ambiguous
101404,Sahara Income Fund-Growth,INF515L01031,Ambiguous
110260,SAHARA INTERVAL FUND QUARTERLY PLAN-SERIES 1 GROWTH,INF515L01528,Ambiguous
111782,SAHARA SHORT TERM BOND FUND-GROWTH,INF515L01544,Ambiguous
106555,SUNDARAM FIXED INCOME INTERVAL FUND QTRLY PLAN A INST  GROWTH,INF903J01BU3,Ambiguous
106703,SUNDARAM FIXED INCOME INTERVAL FUND QTRLY PLAN B INST GROWTH,INF903J01BY5,Ambiguous
107120,Tata Fixed Income Portfolio Fund - Scheme A1 - Institutional Plan - Growth,INF277K01JE7,Ambiguous
107121,Tata Fixed Income Portfolio Fund Scheme A1 Plan A - Growth,INF277K01JB3,Ambiguous
107123,Tata Fixed Income Portfolio Fund Scheme A2 Plan A - Growth,INF277K01JH0,Ambiguous
106136,Tata Treasury Manager Fund Super High Investment Plan Growth,INF277K01AG1,Ambiguous
113072,Taurus MIP Advantage - Growth Option,INF044D01AG0,Ambiguous
104588,UTI - CRTS 81 - Growth Option,,Ambiguous
101608,UTI - MIS-Growth,INF789F01AA8,Ambiguous
120775,UTI - MIS-Income-Direct,INF789F01UT6,Ambiguous
112066,UTI Smart Woman Savings Plan - Growth Option,,Ambiguous
111353,Bsl Comm Eq Fund-Global Multi Comm Plan - Growth,INF209K01223,Ambiguous
111346,Bsl Comm Eq Fund-Global Prec Metals Plan - Growth,INF209K01181,Ambiguous
112921,Aditya Birla Sun Life India Reforms Fund-GROWTH,INF209K01EK8,Ambiguous
104339,Aditya Birla Sun Life Long Term Fund- Growth Option,INF209K01SD3,Ambiguous
107504,Aditya Birla Sun Life Special Situations Fund - Growth,INF209K01561,Ambiguous
112069,IDFC Equity Fund -Plan B-Growth,INF194K01235,Ambiguous
111865,IDFC Imperial Equity Fund-Plan B - Growth,INF194K01433,Ambiguous
111862,IDFC Premier Equity Fund_Plan B - Growth,INF194K01425,Ambiguous
111867,IDFC Strategic Sector (50-50) Equity Fund-Plan B - GROWTH,INF194K01151,Ambiguous
114527,Daiwa Industry Leaders Fund - Growth,INF752K01016,Ambiguous
101629,DWS Alpha Equity Fund - Growth,INF223J01234,Ambiguous
111920,DWS Alpha Equity Fund Wealth Plan - Growth Option,INF223J01267,Ambiguous
102196,DWS Equity Income Fund - Growth Option,INF223J01FB7,Ambiguous
102204,DWS Investment Opportunity Fund - Growth Option,INF223J01291,Ambiguous
111917,DWS Investment Opportunity Fund Wealth Plan- Growth Option,INF223J01325,Ambiguous
105876,DSP BlackRock Equity Fund - Institutional Plan - Growth,INF740K01FY0,Ambiguous
105874,DSP India T.I.G.E.R. Fund - Institutional Plan - Growth,INF740K01GB6,Ambiguous
105872,DSP Top 100 Equity Fund - Institutional  Plan - Growth,INF740K01GE0,Ambiguous
115631,Edelweiss Emerging Leaders Fund - Growth,INF754K01764,Ambiguous
112387,Edelweiss Equity Savings Advantage Fund - Growth Option,INF754K01475,Ambiguous
102320,Franklin India Index Fund - BSE Plan - Growth Plan,INF090I01924,Ambiguous
115748,Goldman Sachs CNX 500 Fund - Growth Option,INF732E01193,Ambiguous
115740,Goldman Sachs Derivative Fund - Growth Plan,INF732E01136,Ambiguous
115745,Goldman Sachs Equity & Derivatives Opportunities Fund - Growth Option,INF732E01169,Ambiguous
117993,Goldman Sachs India Equity Fund - Growth Plan,INF457M01018,Ambiguous
103469,HDFC Focused Large-Cap Fund-Growth,INF179K01K73,Ambiguous
119064,HDFC Index Fund Sensex Plus Plan-Direct Plan,INF179K01WO7,Ambiguous
103027,ICICI Prudential Blended Plan A - Growth,INF109K01AP7,Ambiguous
100189,ING Core Equity Fund-Growth Option,INF084M01184,Ambiguous
102242,ING Large Cap Equity Fund-Growth Option,INF084M01275,Ambiguous
102931,ING Midcap Fund-Growth Option,INF084M01242,Ambiguous
105620,ING Multi Manager Equity Fund - Option A- Growth,INF084M01AW4,Ambiguous
106867,Religare Invesco AGILE Fund - Growth Option,INF205K01098,Ambiguous
104671,LIC NOMURA MF INDIA VISION FUND - GROWTH OPTION,INF767K01675,Ambiguous
102901,LIC NOMURA MF Opportunities Fund-Growth,INF767K01220,Ambiguous
106693,LIC NOMURA MF SYSTEMATIC ASSET ALLOCATION FUND - GROWTH OPTION,INF767K01766,Ambiguous
107338,LIC NOMURA MF TOP 100 FUND - GROWTH OPTION,INF767K01790,Ambiguous
109138,Mirae Asset Global Commodity Stocks - Growth Option,INF769K01044,Ambiguous
103748,Reliance Focused Large Cap Fund-Growth Plan-Bonus Option,INF204K01679,Ambiguous
103747,Reliance Focused Large Cap Fund-Growth Plan-Growth Option,INF204K01687,Ambiguous
111943,Reliance Infrastructure Fund -Growth Option,INF204K01AM3,Ambiguous
111946,Reliance Infrastructure Fund- Institutional Plan-Growth Option,INF204K01AI1,Ambiguous
118755,Reliance Natural Resources Fund - Direct Plan Bonus Plan - Bonus,INF204K01H85,Ambiguous
107635,Reliance Natural Resources Fund-Growth Plan-Bonus Option,INF204K01836,Ambiguous
107636,Reliance Natural Resources Fund-Growth Plan-Growth Option,INF204K01844,Ambiguous
114309,DHFL Pramerica Dynamic Asset Allocation Fund - Growth Option,INF663L01047,Ambiguous
114307,DHFL Pramerica Large Cap Equity Fund - Growth Option,INF663L01013,Ambiguous
105598,PineBridge India Equity Fund- Standard Plan- Growth Option,INF178L01038,Ambiguous
107406,PineBridge Infrastructure & Economic Reform Fund - Institutional Plan-Growth,INF178L01129,Ambiguous
107405,PineBridge Infrastructure & Economic Reform Fund - Standard Plan-Growth,INF178L01095,Ambiguous
119434,Principal Retail Equity Savings Fund - Direct Plan - Growth Option,,Ambiguous
109493,SAHARA BANKING & FINANCIAL SERVICES FUND- GROWTH OPTION,INF515L01494,Ambiguous
101528,Sahara Growth Fund-Growth,INF515L01171,Ambiguous
103731,Sahara Infrastructure Fund ---FIXED PRICING OPTION-Growth Option,INF515L01346,Ambiguous
103733,Sahara Infrastructure Fund ---VARIABLE PRICING OPTION-Growth Option,INF515L01379,Ambiguous
120296,Sahara Midcap Fund-Bonus- Direct,INF515L01858,Ambiguous
100796,Sahara Midcap Fund-Growth Plan,INF515L01239,Ambiguous
108321,Sahara Power & Natural resources Fund- Growth Option,INF515L01460,Ambiguous
106745,Sahara R.E.A.L Fund - Growth  Fund,INF515L01403,Ambiguous
112105,Sahara Star Value Fund-Growth Option,INF515L01601,Ambiguous
112037,Sahara Super 20 Fund - Growth Option,INF515L01577,Ambiguous
103120,Sahara Wealth Plus Fund-Fixed Pricing Option-Growth Option,INF515L01288,Ambiguous
103122,Sahara Wealth Plus Fund-Variable Pricing Option-Growth Option,INF515L01312,Ambiguous
103211,Sundaram CAPEX Opportunities Fund-Growth,INF903J01231,Ambiguous
112065,Sundaram CAPEX Opportunities Fund-Inst Growth,INF903J01264,Ambiguous
107351,Sundaram Energy Opportunities Fund Growth,INF903J01DW5,Ambiguous
109130,Sundaram Entertainment Opportunities Fund - Inst  Growth,INF903J01710,Ambiguous
100613,Sundaram Growth Fund-Growth,INF903J01355,Ambiguous
102482,Sundaram India Leadership Fund-Growth,INF903J01413,Ambiguous
111921,Sundaram India Leadership Fund-Inst Growth,INF903J01447,Ambiguous
103336,Tata Contra Fund Plan A -  Growth,INF277K01AN7,Ambiguous
103761,Tata Equity Management Fund Plan A - Growth,INF277K01402,Ambiguous
107623,Tata Growing Economies Infrastructure Fund Scheme A  Plan A - Growth,INF277K01592,Ambiguous
107625,Tata Growing Economies Infrastructure Fund Scheme B Plan A - Growth,INF277K01618,Ambiguous
106482,Tata Indo-Global Infrastructure Fund Plan A - Growth,INF277K01BE4,Ambiguous
120659,TI - Master Plus Unit Scheme-Income Option - Direct,INF789F01UN9,Ambiguous
100656,UTI - Master Plus Unit Scheme-Growth Option,INF789F01943,Ambiguous
100751,UTI - Master Value Fund-Growth Option,INF789F01AD2,Ambiguous
120698,UTI - Master Value Fund-Income Option - Direct,INF789F01UW0,Ambiguous
103534,UTI Contra Fund-Growth-Growth Option,INF789F01430,Ambiguous
100122,HDFC Balanced Fund - Growth Option,INF179K01392,Ambiguous
101977,HDFC Prudence Fund - Growth Option,INF179K01AV8,Ambiguous
100203,ING Balanced Fund-Growth Option,INF084M01AB8,Ambiguous
118029,Union KBC Asset Allocation Fund - Conservative Plan - Growth Option,INF582M01534,Ambiguous
114515,Daiwa Liquid Fund - Institutional - Growth,INF752K01206,Ambiguous
105672,DWS INSTA CASH PLUS FUND - Regular Plan BONUS OPTION,INF223J01BH3,Ambiguous
106471,DWS Insta Cash Plus Fund -Growth,INF223J01BP6,Ambiguous
101719,DWS Insta Cash Plus Fund-Growth-GROWTH,INF223J01BJ9,Ambiguous
101721,DWS Insta Cash Plus Fund-Institutional Plan-Growth,INF223J01BB6,Ambiguous
119014,DWS Treasury Fund - Cash Plan - Direct Plan - Bonus,INF223J01PE0,Ambiguous
112221,DWS Treasury Fund - Cash Plan - Growth,INF223J01SC8,Ambiguous
112222,DWS Treasury Fund - Cash Plan - Institiutional - Growth,INF223J01EA2,Ambiguous
112223,DWS Treasury Fund - Investment Plan - Growth,INF223J01EY2,Ambiguous
112224,DWS Treasury Fund - Investment Plan - Institiutional - Growth,INF223J01EP0,Ambiguous
109946,Edelweiss Liquid Fund - Growth Option,INF754K01BC6,Ambiguous
109945,Edelweiss Liquid Fund - Institutional Plan - Growth Option,INF754K01AV8,Ambiguous
100196,ING Liquid Fund-Institutional Growth Option,INF084M01465,Ambiguous
100199,ING Liquid Fund-Super Institutional Growth Option,INF084M01507,Ambiguous
106501,Religare Invesco Overnight Fund - Growth,INF205K01HR4,Ambiguous
101421,JM Floater Short Term Fund - Growth Option,INF192K01775,Ambiguous
110150,JPMorgan India Liquid Fund - Super Institutional Plan - Growth Option,INF843K01146,Ambiguous
107659,Mirae Asset Liquid Fund- Institutional Plan - Growth,INF769K01648,Ambiguous
113183,DHFL Pramerica Liquid Fund - Growth Option,INF663L01070,Ambiguous
119356,PineBridge India Liquid Fund- Direct Plan- Bonus Option,INF178L01AW6,Ambiguous
106508,PineBridge India Liquid Fund- Standard Plan-Growth Option,INF178L01715,Ambiguous
106511,PineBridge India Liquid Fund-Institutional Plan-Growth Option,INF178L01632,Ambiguous
101394,Sahara Liquid Fund-Fixed Pricing - Growth option,INF515L01056,Ambiguous
101402,Sahara Liquid Fund-Variable Pricing - Growth option,INF515L01114,Ambiguous
101860,Tata Liquid High Investment Plan - Growth,INF277K01LN4,Ambiguous
101982,Tata Liquid Retail Investment PLan - Daily,,Ambiguous
101983,Tata Liquid Retail Investment Plan - Fortnightly,,Ambiguous
108752,BANDHAN GSF - Investment Plan - Growth,INF194K01DP3,Ambiguous
108659,IDFC GSF-Provident Fund-Inst Plan B-Growth,INF194K01ET3,Ambiguous
115055,Daiwa Government Securities Fund - Short Term Plan - Growth Option,INF752K01099,Ambiguous
110706,DWS Gilt Fund - Growth,INF223J01AQ6,Ambiguous
112054,Edelweiss Gilt Fund - Growth Option,INF754K01434,Ambiguous
101082,HDFC Gilt Fund-Short Term-Growth,INF179K01806,Ambiguous
102066,HSBC Gilt Fund  - Growth,INF336L01719,Ambiguous
102060,ICICI Prudential Gilt Fund Investment Plan PF Option - Growth,INF109K01JS2,Ambiguous
102248,ICICI Prudential Gilt Fund Treasury Plan PF Option - Growth,INF109K01KA8,Ambiguous
102381,ING Gilt Fund Provident Fund - Dynamic Plan-Growth Option,INF084M01853,Ambiguous
119969,ING Gilt Fund- Provident Fund -Dynamic Plan - Direct Plan  - Cyclical Series Option 2012,,Ambiguous
122154,ING Gilt Fund- Provident Fund -Dynamic Plan - Direct Plan  - Cyclical Series Option 2013,,Ambiguous
107481,Religare Invesco GILT Fund - Short Duration Plan - Growth,INF205K01SZ4,Ambiguous
116203,MOSt 10 Year Gilt Fund - Growth,INF247L01049,Ambiguous
101118,Principal Government Securities Fund-Growth,INF173K01AM0,Ambiguous
101170,Sahara Gilt Fund-Growth,INF515L01148,Ambiguous
101956,Tata Gilt Retirement Plan (28-2-13) Growth,,Ambiguous
102088,Tata Gilt Retirement Plan (28-2-14) Growth,,Ambiguous
102126,Tata Gilt Retirement Plan (28-2-15) Growth,,Ambiguous
102116,Tata Gilt Retirement Plan (28-2-16) Growth,,Ambiguous
101095,Taurus Gilt Fund-Growth,INF044D01AN6,Ambiguous
103558,DWS TAX SAVING FUND-GROWTH,INF223J01358,Ambiguous
119918,ING Tax Savings Fund - Direct Plan - Bonus Option,INF084M01BX0,Ambiguous
102315,ING Tax Savings Fund-Growth Option,INF084M01309,Ambiguous
100338,SaharaTax Gain-Growth,INF515L01205,Ambiguous
101671,HDFC Floating Rate Income Fund-Long Term Plan-GROWTH,INF179K01624,Ambiguous
102829,HSBC Floating Rate Fund - Long Term - Growth,INF336L01685,Ambiguous
120321,LIC NOMURA MF Floating Rate Fund - Short Term Plan - Direct Plan Daily Weekly Option,INF767K01FR7,Ambiguous
102268,LIC NOMURA MF Floating Rate Fund - Short Term Plan-Growth,INF767K01477,Ambiguous
102185,Aditya Birla Sun Life Asset Allocation Fund-Aggressive Plan-Growth Plan,INF209K01AS9,Ambiguous
102189,Aditya Birla Sun Life Asset Allocation Fund-Conservative Plan-Growth Plan,INF209K01AW1,Ambiguous
102187,Aditya Birla Sun Life Asset Allocation Fund-Moderate Plan-Growth Plan,INF209K01AU5,Ambiguous
104756,ING 5 Star Multi-Manager FoF Scheme - Growth,INF084M01AQ6,Ambiguous
104650,ING Active Debt Multi-Manager FoF Scheme- Growth,INF084M01AH5,Ambiguous
104175,ING Asset Allocator Multi-Manager FoF Scheme - Growth,INF084M01AE2,Ambiguous
115221,ING FINANCIAL PLANNING FUND - Aggressive Plan - Growth Option,INF084M01101,Ambiguous
115217,ING FINANCIAL PLANNING FUND - Cautious Plan - Growth Option,INF084M01010,Ambiguous
115219,ING FINANCIAL PLANNING FUND - Conservative Plan - Growth Option,INF084M01044,Ambiguous
115122,ING FINANCIAL PLANNING FUND - Prudent Plan - Growth Option,INF084M01077,Ambiguous
103740,ING Income Growth Multi-Manager FoF Scheme Option A -15% Equity Plan-Growth,INF084M01AK9,Ambiguous
103742,ING Income Growth Multi-Manager FoF Scheme-30% Equity Plan Option A -Growth,INF084M01AN3,Ambiguous
115912,IIFL NIFTY ETF-GROWTH,INF579M01019,Ambiguous
112853,DWS Global Agribusiness Fund - Growth,INF223J01AU8,Ambiguous
106667,DWS Top Euroland Offshore Fund - Growth,INF223J01AY0,Ambiguous
110105,ING Global Commodities Fund-Growth Option,INF084M01AT0,Ambiguous
120017,ING Global Real Estate Fund - Retail Plan - Direct Plan - Growth Option,INF084M01EH7,Ambiguous
109696,ING Latin America Equity Fund - Growth Option,INF084M01BF7,Ambiguous
108169,PineBridge World Gold Fund - Standard Plan - Growth Option,INF178L01152,Ambiguous
119987,BNP Paribas MULTI CAP Fund - Direct Plan - Income Distribution cum Capital Withdrawal Option,INF251K01HI7,Ambiguous
113460,BNP PARIBAS MULTI CAP Fund-Growth Option,INF251K01951,Ambiguous
101228,ICICI Prudential Multicap Fund - Growth,INF109K01613,Ambiguous
106253,Nippon India Multi Cap Fund Institutional Plan Growth Plan Growth Option,INF204K01448,Ambiguous
101162,Nippon India Multi Cap Fund-Growth Plan-Bonus Option,INF204K01471,Ambiguous
101161,Nippon India Multi Cap Fund-Growth Plan-Growth Option,INF204K01489,Ambiguous
100966,Principal Multi Cap Growth Fund- Half Yearly Income Distribution CUM Capital Withdrawal Option,INF173K01957,Ambiguous
100967,Principal Multi Cap Growth Fund-Growth Option,INF173K01940,Ambiguous
103174,Aditya Birla Sun Life Large Cap Fund-Growth,INF209K01BR9,Ambiguous
112943,Baroda Large cap Fund - Plan A - Growth Option,INF955L01633,Ambiguous
119894,BNP Paribas LARGE CAP Fund - Direct Plan - Income Distribution cum Capital Withdrawal Option,INF251K01HL1,Ambiguous
113544,BNP PARIBAS LARGE CAP Fund-Growth Option,INF251K01894,Ambiguous
111935,Edelweiss Large Cap Fund -Plan B - Growth option,INF754K01087,Ambiguous
111937,Edelweiss Large Cap Fund -Plan C - Growth option,INF754K01129,Ambiguous
100471,Franklin India Large Cap Fund-Growth,INF090I01171,Ambiguous
108467,ICICI Prudential Bluechip Fund - Institutional Option - I - Growth,INF109K01BN0,Ambiguous
108466,ICICI Prudential Large Cap Fund (erstwhile Bluechip Fund)  - Growth,INF109K01BL4,Ambiguous
117311,IDBI India Top 100 Equity Fund Growth,INF397L01869,Ambiguous
114458,Kotak Large Cap Fund - Growth,INF174K01153,Ambiguous
107578,Mirae Asset Large Cap Fund - Growth Plan,INF769K01010,Ambiguous
115790,Navi Large Cap Equity Fund - Growth Option,INF959L01080,Ambiguous
106235,Nippon India Large Cap  Fund- Growth Plan -Growth Option,INF204K01562,Ambiguous
106240,Nippon India Large Cap Fund- Growth Plan Bonus Option,INF204K01554,Ambiguous
106238,Nippon India Large Cap Fund-Institutional Plan Growth Plan Bonus Option,INF204K01513,Ambiguous
111863,IDFC Core Equity Fund-Plan B- Growth,INF194K01177,Ambiguous
110599,BANK OF INDIA Large & Mid Cap Fund Eco Plan- Growth,INF761K01041,Ambiguous
110606,BANK OF INDIA Large & Mid Cap Fund Regular Plan-Bonus,INF761K01074,Ambiguous
102883,Franklin India Large & Mid Cap Fund - Growth Plan,INF090I01205,Ambiguous
100349,ICICI Prudential Large & Mid Cap Fund - Growth,INF109K01431,Ambiguous
100350,ICICI Prudential Large & Mid Cap Fund - Institutional Option - I - Growth,INF109K01456,Ambiguous
100379,Nippon India Vision Large & Midcap Fund-GROWTH PLAN-Bonus Option,INF204K01398,Ambiguous
100380,Nippon India Vision Large & Midcap Fund-GROWTH PLAN-Growth Option,INF204K01406,Ambiguous
106256,Reliance Vision Fund Institutional Plan Growth Plan Growth Option,INF204K01364,Ambiguous
119440,Principal Emerging Bluechip Fund - Direct Plan - Half Yearly Income Distribution CUM Capital Withdrawal Option,INF173K01EI0,Ambiguous
111381,Principal Emerging Bluechip Fund - Growth Option,INF173K01155,Ambiguous
104515,quant Large & Mid Cap Fund - Bonus Option - Regular Plan,INF966L01424,Ambiguous
120824,quant Large & Mid Cap Fund - Bonus Option-Direct Plan,INF966L01655,Ambiguous
104513,quant Large & Mid Cap Fund - Growth Option,INF966L01341,Ambiguous
101592,Aditya Birla Sun Life MIDCAP Fund-Growth,INF209K01363,Ambiguous
113327,Baroda Mid-cap Fund- Plan A - Growth Option,INF955L01609,Ambiguous
120001,BNP Paribas Mid Cap Fund - Direct Plan - Income Distribution cum Capital Withdrawal Option,INF251K01HO5,Ambiguous
113566,BNP Paribas Mid Cap Fund-Growth Option,INF251K01AW3,Ambiguous
100473,Franklin India Mid Cap Fund-Growth,INF090I01809,Ambiguous
105758,HDFC Mid Cap Fund - Growth Plan,INF179K01CR2,Ambiguous
102528,ICICI Prudential MidCap Fund - Growth,INF109K01AN2,Ambiguous
100376,Nippon India Growth Mid Cap Fund-Growth Plan-Bonus Option,INF204K01315,Ambiguous
100377,Nippon India Growth Mid Cap Fund-Growth Plan-Growth Option,INF204K01323,Ambiguous
106258,Reliance Growth Fund Institutional Plan Growth Plan Growth Option,INF204K01281,Ambiguous
111941,Sundaram Mid Cap Fund Institutional Plan - Growth,INF903J01207,Ambiguous
102394,UTI Mid Cap Fund-Growth Option,INF789F01810,Ambiguous
105804,Aditya Birla Sun Life Small Cap Fund - GROWTH,INF209K01EN2,Ambiguous
103360,Franklin India Small Cap Fund-Growth,INF090I01569,Ambiguous
106823,ICICI Prudential Smallcap Fund - Growth,INF109K01BI0,Ambiguous
106821,ICICI Prudential Smallcap Fund - Institutional Growth,INF109K01BK6,Ambiguous
102875,Kotak-Small Cap Fund - Growth,INF174K01211,Ambiguous
113178,Nippon India Small Cap Fund - Growth Plan - Bonus Option,INF204K01HZ0,Ambiguous
113177,Nippon India Small Cap Fund - Growth Plan - Growth Option,INF204K01HY3,Ambiguous
112064,Sundaram Small Cap Fund Institutional Plan - Growth,INF903J01504,Ambiguous
108167,Aditya Birla Sun Life Value Fund - Growth Option,INF209K01LF3,Ambiguous
100496,Templeton India Value Fund - Growth Plan,INF090I01296,Ambiguous
101764,HDFC Value Fund - Growth Plan,INF179K01426,Ambiguous
102596,ICICI Prudential Value Discovery Fund - Institutional Option - I - Growth,INF109K01AE1,Ambiguous
102594,ICICI Prudential Value Fund (erstwhile Value Discovery Fund) - Growth,INF109K01AF8,Ambiguous
103085,Nippon India Value Fund- Growth Plan,INF204K01GB3,Ambiguous
103309,Aditya Birla Sun Life Focused Fund -Growth Option,INF209K01462,Ambiguous
105817,Franklin India Focused Equity Fund - Growth Plan,INF090I01981,Ambiguous
102760,HDFC Focused Fund - GROWTH PLAN,INF179K01574,Ambiguous
111957,ICICI Prudential Focused Equity Fund - Growth,INF109K01BZ4,Ambiguous
104637,Nippon India Focused Fund -Growth Plan -Growth Option,INF204K01GE7,Ambiguous
119465,Principal Focused Multicap Fund- Direct Plan - Half Yearly Income Distribution CUM Capital Withdrawal Option,INF173K01EM2,Ambiguous
103335,Principal Focused Multicap Fund-Growth Option,INF173K01189,Ambiguous
108305,Sundaram Select Focus Institutional Plan - Growth,INF903J01140,Ambiguous
103111,Aditya Birla Sun Life Consumption Fund-Growth Option,INF209K01447,Ambiguous
103476,Aditya Birla Sun Life Infrastructure Fund-Growth,INF209K01504,Ambiguous
112359,BANK OF INDIA Manufacturing & Infrastructure Fund-Growth,INF761K01199,Ambiguous
112150,Canara Robeco Consumer Trends Fund - Institutional Plan - Growth Option,INF760K01217,Ambiguous
106979,Franklin Asian Equity Fund - Growth Plan,INF090I01AB3,Ambiguous
112092,Franklin Build India Fund Growth Plan,INF090I01AE7,Ambiguous
103151,Franklin India Opportunities Fund - Growth,INF090I01841,Ambiguous
100522,Franklin India Technology Fund-Growth,INF090I01742,Ambiguous
107524,HDFC Infrastructure Fund - Growth Plan,INF179K01GF8,Ambiguous
109445,ICICI Prudential Banking and Financial Services Fund -  Growth,INF109K01BU5,Ambiguous
103312,ICICI Prudential Exports & Services Fund - Growth,INF109K01BB5,Ambiguous
100352,ICICI Prudential FMCG Fund - Growth,INF109K01415,Ambiguous
103149,ICICI Prudential Infrastructure Fund - Growth,INF109K01AV5,Ambiguous
105602,ICICI Prudential Infrastructure Fund - Institutional Option - I - Growth,INF109K01AU7,Ambiguous
100363,ICICI Prudential Technology Fund - Growth,INF109K01506,Ambiguous
117620,ICICI Prudential US Bluechip Equity Fund - Growth,INF109K01E35,Ambiguous
101863,Nippon India Banking & Financial Services Fund-Growth Plan-Bonus Option,INF204K01919,Ambiguous
101862,Nippon India Banking & Financial Services Fund-Growth Plan-Growth Option,INF204K01927,Ambiguous
102752,Nippon India Consumption Fund-Growth Plan-Bonus Option,INF204K01AP6,Ambiguous
102751,Nippon India Consumption Fund-Growth Plan-Growth Option,INF204K01AQ4,Ambiguous
102432,Nippon India Pharma Fund-Growth Plan-Bonus Option,INF204K01950,Ambiguous
102431,Nippon India Pharma Fund-Growth Plan-Growth Option,INF204K01968,Ambiguous
101262,Nippon India Power & Infra Fund-Growth Plan -Growth Option,INF204K01AE0,Ambiguous
101263,Nippon India Power & Infra Fund-Growth Plan-Bonus Option,INF204K01AD2,Ambiguous
108249,Nippon India Quant Fund -Growth Plan - Growth Option,INF204K01760,Ambiguous
108258,Nippon India Quant Fund -Growth Plan -Bonus Option,INF204K01737,Ambiguous
106170,quant Infrastructure Fund - Growth Option,INF966L01523,Ambiguous
112294,Sundaram PSU Opportunities Growth Option,INF903J01884,Ambiguous
109061,Sundaram Financial Services Opportunities Fund Institutional Plan - Growth,INF903J01652,Ambiguous
111903,Taurus Ethical Fund -  Regular Plan - Bonus Option,INF044D01823,Ambiguous
100805,UTI Energy Fund-Growth Option,INF789F01497,Ambiguous
120769,UTI Energy Fund-Income Option-Direct,INF789F01SX2,Ambiguous
100809,UTI Services Industries Fund-Growth Option,INF789F01729,Ambiguous
120768,UTI Services Industries Fund-Income Option-Direct,INF789F01TP6,Ambiguous
102395,UTI Infrastructure Fund-Growth Option,INF789F01752,Ambiguous
102398,UTI-Transportation and Logistics  Fund-Growth Option,INF789F01299,Ambiguous
107745,Aditya Birla Sun Life ELSS Tax Saver Fund - Growth Option,INF209K01108,Ambiguous
111709,BANK OF INDIA ELSS Tax Saver -ECO Plan-Growth,INF761K01157,Ambiguous
120146,BNP Paribas Long Term Equity Fund - Direct Plan - Income Distribution cum Capital Withdrawal Option,INF251K01HH9,Ambiguous
113463,BNP Paribas Long Term Equity Fund - Growth Option,INF251K01985,Ambiguous
100526,Franklin India ELSS Tax Saver Fund-Growth,INF090I01775,Ambiguous
101979,HDFC ELSS Tax saver - Growth Plan,INF179K01BB8,Ambiguous
100998,HDFC Long Term Advantage Plan - Growth Plan,INF179K01996,Ambiguous
104707,HSBC Tax Saver Equity Fund - Growth,INF336L01BA4,Ambiguous
100354,ICICI Prudential ELSS Tax Saver Fund - Growth,INF109K01464,Ambiguous
103339,Kotak ELSS Tax Saver Fund-Growth,INF174K01369,Ambiguous
103196,Nippon India ELSS Tax Saver Fund-Growth Plan-Growth Option,INF204K01GK4,Ambiguous
119486,Principal Personal Tax Saver Fund - Direct Plan,INF173K01FA4,Ambiguous
119489,Principal Tax Savings Fund - Direct Plan,INF173K01HZ7,Ambiguous
116051,Union ELSS Tax Saver Fund - Growth Option,INF582M01302,Ambiguous
101996,HDFC Overnight Fund - Growth Option,INF179KB1HS3,Ambiguous
118059,L&T Cash Fund - Institutional Plan - Growth Option,INF677K01AP3,Ambiguous
100047,Aditya Birla Sun Life Liquid Fund - Growth,INF209K01RU9,Ambiguous
100043,Aditya Birla Sun Life Liquid Fund-Institutional (Growth),INF209K01RT1,Ambiguous
108778,BANDHAN Liquid Fund-Plan A-Growth,INF194K01UX1,Ambiguous
109256,BANK OF INDIA Liquid Fund- Institutional Plan-Growth,INF761K01314,Ambiguous
101408,Baroda BNP Paribas LIQUID FUND- Defunct Plan -Growth Option,INF955L01575,Ambiguous
117941,BNP PARIBAS LIQUID FUND  GROWTH OPTION,INF251K01CM0,Ambiguous
101362,Canara Robeco Liquid Fund- INSTITUTIONAL-Growth,INF760K01CD9,Ambiguous
101364,Canara Robeco Liquid Fund-Retail-DRI,,Ambiguous
100546,Franklin India Liquid Fund - Super Institutional Plan - Growth,INF090I01BG0,Ambiguous
102441,Franklin India Liquid Fund - Institution-Growth,INF090I01BD7,Ambiguous
100868,HDFC Liquid Fund - Growth Plan,INF179KB1HK0,Ambiguous
100873,HDFC Liquid Fund-PREMIUM- Growth,INF179KB1HN4,Ambiguous
118910,HSBC Cash Fund - Institutional Plan - Growth,INF336L01BT4,Ambiguous
118907,HSBC Liquid Fund - Growth,INF336L01BL1,Ambiguous
100362,ICICI Prudential Liquid Institutional Plus Fund - Growth,INF109K01VK4,Ambiguous
103340,ICICI Prudential Liquid Fund - Growth,INF109K01VQ1,Ambiguous
101751,ICICI Prudential Liquid Institutional Fund - Growth,INF109K01VF4,Ambiguous
113096,IDBI Liquid Fund-Growth,INF397L01984,Ambiguous
104486,Invesco India Liquid Fund - Growth,INF205K01HM5,Ambiguous
104491,Religare Invesco Liquid Fund - Institutional - Growth,INF205K01HI3,Ambiguous
100237,JM High Liquidity Fund-- Institutional Plan - Growth,INF192K01940,Ambiguous
120410,JM Liquid Fund (Direct) - Bonus Option - Bonus Option - Principal units,INF192K01CN4,Ambiguous
120409,JM Liquid Fund (Direct) - Bonus Option - Principal Units,,Ambiguous
100234,JM Liquid Fund - Growth Option,INF192K01882,Ambiguous
101549,JM Liquid Fund (Regular) - Bonus Option - Principal Units,INF192K01890,Ambiguous
100830,Kotak Liquid-Institutional Plan  (Growth),INF174K01FZ9,Ambiguous
112442,L&T Liquid Fund-Regular Cumulative,INF917K01BF2,Ambiguous
112640,Navi Liquid Fund-Institutional Plan-Growth,INF959L01247,Ambiguous
100851,Nippon India Liquid Fund -Growth Plan,INF204K01UN9,Ambiguous
100845,Reliance Liquid Fund-Cash Plan-Growth Plan,,Ambiguous
119467,Principal Cash Management Fund - Direct Plan - Income Distribution CUM Capital Withdrawal Option - Daily,,Ambiguous
119469,Principal Cash Management Fund - Direct Plan - Income Distribution CUM Capital Withdrawal Option - Weekly,,Ambiguous
119466,Principal Cash Management Fund -Direct Plan - Income Distribution CUM Capital Withdrawal Option - Monthly,INF173K01GV8,Ambiguous
100898,Principal Cash Management Fund -Growth Option,INF173K01DA9,Ambiguous
105274,SBI Liquid Fund - Institutional - Growth,INF200K01LU1,Ambiguous
119690,Sundaram Money Fund Direct Plan - Bonus,INF903J01RL8,Ambiguous
102703,Sundaram Money Fund Institutional Plan - Growth,INF903J01GN7,Ambiguous
111760,Taurus Liquid Fund Insti Growth,INF044D01500,Ambiguous
104241,Taurus Liquid Fund-Growth,INF044D01575,Ambiguous
115398,Union Liquid Fund - Growth Option,INF582M01013,Ambiguous
109265,BANK OF INDIA Ultra Short Duration Fund- Institutional Plan- Growth,INF761K01264,Ambiguous
106330,Canara Robeco Ultra Short Term Fund - Institutional Plan- Growth option,INF760K01CN8,Ambiguous
106324,Canara Robeco Ultra Short Term Fund - Retail Plan- Income option,INF760K01DQ9,Ambiguous
107248,Franklin India Ultra Short Bond Fund - Institutional - Growth,INF090I01CG8,Ambiguous
107249,Franklin India Ultra Short Bond Fund - Super Institutional - Growth,INF090I01CN4,Ambiguous
116424,Indiabulls Ultra Short Term Fund - Growth Option,INF666M01097,Ambiguous
115092,ICICI Prudential Ultra Short Term Fund - Growth,INF109K01TP7,Ambiguous
113251,IDBI UST Growth,INF397L01745,Ambiguous
104269,JM Money Manager Fund - Super Plan - Growth Plan,,Ambiguous
104267,JM Money Manager Fund - Super Plus Plan - Growth option,,Ambiguous
104271,JM Ultra Short Duration Fund - Growth option,INF192K01AQ1,Ambiguous
112422,L&T Ultra Short Term Fund -Regular - Cumulative,INF917K01AN8,Ambiguous
119475,Principal Ultra Short Term Fund- Direct Plan - Income Distribution CUM Capital Withdrawal Option - Monthly,INF173K01HK9,Ambiguous
107328,Principal Ultra Short Term Fund-Growth Option,INF173K01CU9,Ambiguous
112083,UTI Ultra Short Duration Fund - Discontinued - INSTN GROWTH OPTION,INF789F01PM1,Ambiguous
103195,Aditya Birla Sun Life Low Duration Fund - Institutional Plan - Growth,INF209K01KE8,Ambiguous
112029,Baroda Treasury Advantage Fund- Plan A- Growth Option,INF955L01310,Ambiguous
120007,BNP Paribas LOW DURATION Fund - Direct Plan - Daily Income Distribution cum Capital Withdrawal Option,,Ambiguous
120009,BNP Paribas LOW DURATION Fund - Direct Plan - Monthly Income Distribution cum Capital Withdrawal Option,INF251K01GN9,Ambiguous
120010,BNP Paribas LOW DURATION Fund - Direct Plan - Weekly Income Distribution cum Capital Withdrawal Option,INF251K01GL3,Ambiguous
117945,BNP PARIBAS LOW DURATION FUND GROWTH OPTION,INF251K01DQ9,Ambiguous
113478,BNP PARIBAS LOW DURATION Fund-Regular Plan-Monthly Income Distribution cum Capital Withdrawal Option,INF251K01DO4,Ambiguous
113477,BNP PARIBAS LOW DURATION Fund-Regular Plan-Weekly Income Distribution cum Capital Withdrawal Option,,Ambiguous
113135,Franklin India Low Duration Fund - Growth Plan,INF090I01BU1,Ambiguous
102452,HDFC Low Duration  Fund - Growth,INF179K01442,Ambiguous
105544,HDFC Low Duration Fund- Wholesale- Growth,INF179K01491,Ambiguous
104344,HSBC Low Duration Fund  - Growth,INF336L01AH1,Ambiguous
104347,HSBC Ultra Short Term Bond Fund - Inst. Plus - Growth,INF336L01AR0,Ambiguous
101619,ICICI Prudential Savings Fund - Growth,INF109K01746,Ambiguous
104726,Invesco India Low Duration Fund - Growth,INF205K01HY0,Ambiguous
120569,Invesco India Treasury Advantage Fund - Direct Plan - Bonus,INF205K01NU6,Ambiguous
104724,Invesco India Ultra Short Term Fund - Regular - Bonus,INF205K01HX2,Ambiguous
111746,Nippon India Low Duration Fund -Growth Plan -Bonus Option,INF204K01EW4,Ambiguous
111753,Nippon India Low Duration Fund- Growth Plan - Growth Option,INF204K01EV6,Ambiguous
119445,Principal Low Duration Fund - Direct Plan - Daily Income Distribution CUM Capital Withdrawal Option,,Ambiguous
119447,Principal Low Duration Fund - Direct Plan - Monthly Income Distribution CUM Capital Withdrawal Option,INF173K01FT4,Ambiguous
119446,Principal Low Duration Fund - Direct Plan - Weekly Income Distribution CUM Capital Withdrawal Option,,Ambiguous
102722,Principal Low Duration Fund- Growth Option,INF173K01DG6,Ambiguous
106217,SBI Short Horizon Debt Fund - Ultra Short Term Fund - Institutional Plan - Growth,INF200K01MG8,Ambiguous
105562,Sundaram Low Duration Fund Institutional Plan - Growth,INF903J01EG6,Ambiguous
102540,UTI Low Duration Fund - Discontinued Growth Option,INF789F01331,Ambiguous
102545,UTI Low Duration Fund - Regular Plan - Bonus Option,INF789F01OS1,Ambiguous
101976,Aditya Birla Sun Life Money Manager Fund - Growth,INF209K01RV7,Ambiguous
111808,Birla Sun Life Floating Rate - Long Term - Growth,,Ambiguous
108697,Bandhan Money Market Fund - Growth,INF194K01MD0,Ambiguous
101357,Franklin India Money Market Fund - Growth Option,INF090I01CA1,Ambiguous
101358,Franklin India Money Market Fund - Institutional Option - Growth,INF090I01BX5,Ambiguous
105654,Templeton Floating Rate Income Fund -  Super Institutional Plan - Growth,INF090I01CB9,Ambiguous
101993,HDFC Money Market Fund - Growth Option,INF179KB1HR5,Ambiguous
103633,ICICI Prudential Money Market Fund Option - Growth,INF109K01TX1,Ambiguous
112123,Invesco India Money Market Fund - Growth,INF205K01SD1,Ambiguous
103049,Nippon India Money Market Fund-Growth Plan-Bonus Option,INF204K01UX8,Ambiguous
103048,Nippon India Money Market Fund-Growth Plan-Growth Option,INF204K01VA4,Ambiguous
103464,Quant Money Market Fund-Growth Option,INF966L01408,Ambiguous
109213,Aditya Birla Sun Life Short Term Fund-Institutional Growth Plan,INF209K01967,Ambiguous
108717,Bandhan Short Duration Fund - Plan C  - Growth,INF194K01HT6,Ambiguous
108719,Bandhan Short Duration Fund - Plan D - Growth,INF194K01IA4,Ambiguous
111586,BANK OF INDIA Short Term Income Fund-Institutional Plan- Growth,INF761K01512,Ambiguous
120135,BNP Paribas Short Term Fund - Direct Plan - Daily Income Distribution cum Capital Withdrawal Option,,Ambiguous
120132,BNP Paribas Short Term Fund - Direct Plan - Monthly Income Distribution cum Capital Withdrawal Option,INF251K01GF5,Ambiguous
120133,BNP Paribas Short Term Fund - Direct Plan - Quarterly Income Distribution cum Capital Withdrawal Option,INF251K01GH1,Ambiguous
120134,BNP Paribas Short Term Fund - Direct Plan - Weekly Income Distribution cum Capital Withdrawal Option,,Ambiguous
117953,BNP PARIBAS SHORT TERM FUND GROWTH OPTION,INF251K01CX7,Ambiguous
113553,BNP PARIBAS Short Term Fund-Institutional Plus Plan-Growth Option,INF251K01DE5,Ambiguous
113548,BNP PARIBAS Short Term Fund-Regular Plan-Monthly Income Distribution cum Capital Withdrawal Option,INF251K01CT5,Ambiguous
113557,BNP PARIBAS Short Term Fund-Regular Plan-Quarterly Income Distribution cum Capital Withdrawal Option,INF251K01CV1,Ambiguous
113549,BNP PARIBAS Short Term Fund-Regular Plan-Weekly Income Distribution cum Capital Withdrawal Option,,Ambiguous
101232,Franklin India Short-Term Income Plan-Growth,INF090I01304,Ambiguous
101244,Franklin India Short-Term Income Plan-Institutional Plan - Growth,INF090I01361,Ambiguous
113047,HDFC Short Term  Debt Fund - Growth Option,INF179K01CU6,Ambiguous
101597,HSBC Income Fund - Short Term - Inst. - Growth,INF336L01966,Ambiguous
108363,HSBC Income Fund - Short Term - Inst. Plus - Growth,INF336L01925,Ambiguous
101758,ICICI Prudential Short Term Fund - Growth Option,INF109K01654,Ambiguous
101231,ICICI Prudential Short Term Fund-Institutional Growth,INF109K01696,Ambiguous
115005,IDBI Short Term Bond Fund Growth,INF397L01463,Ambiguous
105189,Invesco India Short Duration Fund - Plan B - Growth,INF205K01UR7,Ambiguous
101521,JM Short Term Fund - Growth Option,INF192K01BG0,Ambiguous
116296,L&T Short Term Bond Fund - Regular Plan - Bonus,INF917K01CM6,Ambiguous
119855,L&T Short Term Bond Fund -Direct Plan - Bonus Option,,Ambiguous
113172,Essel Short Term Fund-Growth,INF959L01189,Ambiguous
101665,Nippon India Short Duration  Fund-Growth Plan,INF204K01FL4,Ambiguous
119463,Principal Short Term Debt Fund - Direct Plan - Income Distribution CUM Capital Withdrawal Plan - Monthly,INF173K01GQ8,Ambiguous
101465,Principal Short Term Debt Fund- Growth Plan,INF173K01BA3,Ambiguous
111439,Taurus Ultra Short Term Bond Fund - Institutional Growth,INF044D01666,Ambiguous
117281,Union Short Term Fund - Growth Option,INF582M01377,Ambiguous
111804,Aditya Birla Sun Life Medium Term Plan - Institutional - Growth Plan,INF209K01660,Ambiguous
100078,DSP Bond Fund - Growth,INF740K01557,Ambiguous
112304,Franklin India Income Opportunities Fund - Growth,INF090I01445,Ambiguous
101989,HDFC Medium Term Debt Fund - Growth Option,INF179K01913,Ambiguous
102741,ICICI Prudential Medium Term Bond Fund - Growth,INF109K01AH4,Ambiguous
102743,ICICI Prudential Medium Term Bond Fund-Plan B-Growth,INF109K01AJ0,Ambiguous
100608,Sundaram Medium Duration Fund (Formerly Known as Sundaram Medium Term Bond Fund) Institutional Plan - Growth,INF903J01FY6,Ambiguous
100611,Sundaram Medium Duration Fund (Formerly Known as Sundaram Medium Term Bond Fund) Institutional Plan -Growth,INF903J01GF3,Ambiguous
101704,Tata Medium Term Fund B - Growth Option,INF277K01733,Ambiguous
111715,BANK OF INDIA Conservative Hybrid Fund-ECO Plan-Growth,INF761K01397,Ambiguous
101154,BARODA INCOME FUND - Plan A - Growth Option,INF955L01237,Ambiguous
100124,HDFC Income Fund - Growth Option,INF179K01962,Ambiguous
101687,HSBC Income Fund - Investment - Inst. - Growth,INF336L01826,Ambiguous
109740,ICICI Prudential Bond Fund - Growth,INF109K01BO8,Ambiguous
109742,ICICI Prudential Bond Fund- Institutional Growth,INF109K01BQ3,Ambiguous
120428,JM Medium to Long Duration Fund (Direct) - Bonus Option - Principal Units,INF192K01CX3,Ambiguous
101181,JM Medium to Long Duration Fund (Regular) - Bonus Option- Principal Units,INF192K01AC1,Ambiguous
100301,Kotak Bond Regular Plan Bonus Plan,INF174K01ER9,Ambiguous
100292,Kotak Bond-Deposit-Growth,INF174K01EJ6,Ambiguous
100388,Nippon India Medium to Long Duration  Fund - Growth Plan Bonus Option,INF204K01CM9,Ambiguous
100387,Nippon India Medium to Long Duration  Fund - Growth Plan Growth Option,INF204K01CL1,Ambiguous
119712,SBI Medium to Long Duration Fund-DIRECT PLAN - Bonus,INF200K01SO9,Ambiguous
100640,SBI Medium to Long Duration Fund-REGULAR PLAN-Bonus,INF200K01602,Ambiguous
119879,Tata Income Fund - Direct Plan - Bonus,INF277K01OZ2,Ambiguous
101419,Tata Long Term Debt Fund - Regular Plan  -Bonus,INF277K01691,Ambiguous
100365,ICICI Prudential Long Term Bond Fund - Growth,INF109K01365,Ambiguous
101643,ICICI Prudential Long Term Bond Fund-Institutional Option-Growth,INF109K01407,Ambiguous
111848,Aditya Birla Sun Life Dynamic Bond Fund-Discipline Advantage Plan-Growth,INF209K01JW2,Ambiguous
117631,Baroda Dynamic Bond Fund - Plan A - Growth Option,INF955L01906,Ambiguous
119991,BNP Paribas Flexi Debt Fund - Direct Plan - Daily Income Distribution cum Capital Withdrawal Option,,Ambiguous
119993,BNP Paribas Flexi Debt Fund - Direct Plan - Half Yearly Income Distribution cum Capital Withdrawal Option,INF251K01HD8,Ambiguous
119994,BNP Paribas Flexi Debt Fund - Direct Plan - Monthly Income Distribution cum Capital Withdrawal Option,INF251K01GZ3,Ambiguous
119995,BNP Paribas Flexi Debt Fund - Direct Plan - Quarterly Income Distribution cum Capital Withdrawal Option,INF251K01HB2,Ambiguous
119996,BNP Paribas Flexi Debt Fund - Direct Plan - Weekly Income Distribution cum Capital Withdrawal Option,,Ambiguous
117957,BNP Paribas Flexi Debt Fund Growth Option,INF251K01DW7,Ambiguous
100499,Franklin India Dynamic Accrual Fund-Growth,INF090I01BP1,Ambiguous
101872,HDFC Dynamic Debt Fund - Growth Option,INF179K01848,Ambiguous
106736,HSBC Dynamic Bond Fund - Growth,INF336L01545,Ambiguous
112096,ICICI Prudential All Seasons Bond Fund - Growth,INF109K01GN9,Ambiguous
112094,ICICI Prudential All Seasons Bond Fund - Premium Growth Option,INF109K01GM1,Ambiguous
101350,ICICI Prudential All Seasons Bond Fund Retail - Cumulative,INF109K01712,Ambiguous
116583,IDBI Dynamic Bond Fund Growth,INF397L01661,Ambiguous
101808,JM Dynamic Bond Fund - Premium Plan - Growth Option,INF192K01759,Ambiguous
119753,Kotak Dynamic Bond Fund - Direct Plan - Standard Income Distribution cum capital withdrawal option,INF174K01JX6,Ambiguous
117998,Kotak Dynamic Bond Fund Regular Plan - Standard Income Distribution cum capital withdrawal option,INF174K01IY6,Ambiguous
117810,ESSEL FLEXIBLE INCOME FUND-GROWTH,INF959L01494,Ambiguous
102849,Nippon India Dynamic Bond Fund-Growth Plan-Growth Option,INF204K01FI0,Ambiguous
116485,PGIM India Dynamic Bond Fund - Growth Option,INF663L01484,Ambiguous
100963,Principal Dynamic Bond Fund - Growth Option,INF173K01AT5,Ambiguous
120831,Quant Dynamic Bond-Bonus Option-Direct Plan,INF966L01762,Ambiguous
100172,Quant Dynamic Bond-Growth,INF966L01093,Ambiguous
101910,Tata Dynamic Bond Fund B - Growth,INF277K01386,Ambiguous
116555,Union Dynamic Bond Fund - Growth Option,INF582M01336,Ambiguous
119983,BNP Paribas Corporate Bond Fund - Direct Plan - Annual Income Distribution cum Capital Withdrawal Option,INF251K01GU4,Ambiguous
119985,BNP Paribas Corporate Bond Fund - Direct Plan - Monthly Income Distribution cum Capital Withdrawal Option,INF251K01GQ2,Ambiguous
119986,BNP Paribas Corporate Bond Fund - Direct Plan - Quarterly Income Distribution cum Capital Withdrawal Option,INF251K01GS8,Ambiguous
114100,BNP PARIBAS Corporate Bond Fund - Regular Plan - Annual-Income Distribution cum Capital Withdrawal Option,INF251K01EN4,Ambiguous
114105,BNP PARIBAS Corporate Bond Fund - Regular Plan - Monthly-Income Distribution cum Capital Withdrawal Option,INF251K01EJ2,Ambiguous
114097,BNP PARIBAS Corporate Bond Fund - Regular Plan - Quarterly-Income Distribution cum Capital Withdrawal Option,INF251K01EL8,Ambiguous
117951,BNP PARIBAS CORPORATE BOND FUND GROWTH OPTION,INF251K01EP9,Ambiguous
119289,Franklin India Corporate Debt Fund - Direct - Bonus,INF090I01KC0,Ambiguous
100528,Franklin India Corporate Debt Fund - Growth,INF090I01DG6,Ambiguous
113070,HDFC Corporate Bond Fund - Growth Option,INF179K01DC2,Ambiguous
111987,ICICI Prudential Corporate Bond Fund - Growth,INF109K01CQ1,Ambiguous
111981,ICICI Prudential Corporate Bond Fund - Premium Growth,INF109K01CK4,Ambiguous
111993,ICICI Prudential Corporate Bond Fund - Super Premium Growth,INF109K01CU3,Ambiguous
120498,Religare Invesco Active Income Fund - Direct Plan - Bonus,INF205K01RC5,Ambiguous
106173,Religare Invesco Active Income Fund - Plan B - Growth,INF205K01RR3,Ambiguous
112420,L&T Triple Ace Bond Fund -Regular Plan - Bonus,INF917K01AK4,Ambiguous
100859,Nippon India Corporate Bond Fund - Growth Plan - Bonus Option,INF204KA12N8,Ambiguous
100856,Nippon India Corporate Bond Fund - Growth Plan - Growth Option,INF204K01EF9,Ambiguous
102171,Principal Corporate Bond Fund -Growth,INF173K01288,Ambiguous
119623,Sundaram Corporate Bond Fund Direct Plan - Bonus,INF903J01RH6,Ambiguous
100792,Sundaram Corporate Bond Fund Institutional Plan - Growth,INF903J01IF9,Ambiguous
116153,Franklin India Credit Risk Fund - Growth,INF090I01ET7,Ambiguous
114239,ICICI Prudential Credit Risk Fund - Growth,INF109K01GU4,Ambiguous
117716,Kotak Credit Risk Fund - Growth,INF174K01DY7,Ambiguous
117715,Kotak Credit Risk Fund - Regular Plan - Standard Income Distribution cum capital withdrawal option,INF174K01EG2,Ambiguous
112630,L&T Credit Risk Fund- Regular Plan - Bonus,INF917K01CU9,Ambiguous
112628,L&T Credit Risk Retail -Cumulative,INF917K01106,Ambiguous
112938,Nippon India Credit Risk Fund  - Growth Plan,INF204K01FQ3,Ambiguous
112939,Nippon India Credit Risk Fund  - Institutional Growth Plan,INF204K01FT7,Ambiguous
119634,Sundaram Short Term Credit Risk Fund  - Direct Plan - Bonus Option,INF903J01RK0,Ambiguous
112015,Aditya Birla Sun Life Treasury Optimizer Plan - Discipline Advantage Plan - Growth,INF209K01KM1,Ambiguous
103187,Aditya Birla Sun Life Banking & PSU Debt Fund - Regular Plan,INF209K01BE7,Ambiguous
112342,ICICI Prudential Banking and PSU Debt Fund - Growth,INF109K01RT3,Ambiguous
118071,L&T Banking and PSU Debt Fund - Institutional Plan - Growth Option,INF677K01981,Ambiguous
119629,Sundaram Banking & PSU Fund (Formerly Known as Sundaram Banking and PSU Debt Fund) Direct Plan - Bonus,INF903J01RI4,Ambiguous
100493,Franklin India Government Securities Fund - Growth,INF090I01CU9,Ambiguous
119295,Franklin India GOVERNMENT SECURITIES FUND - Long Term Plan - Direct - Bonus,INF090I01KG1,Ambiguous
100485,Franklin India Govt.Sec. Fund-Composite Plan - Growth,INF090I01CR5,Ambiguous
100490,Franklin India Govt.Sec. Fund-PF Plan - Growth,INF090I01CY1,Ambiguous
100489,Franklin India Govt.Sec. Fund-Treasury Plan(Growth Option),INF090I01DB7,Ambiguous
118819,Indiabulls Gilt Fund - Direct Plan - Bonus Option,INF666M01360,Ambiguous
101083,HDFC Gilt Fund - Growth Plan,INF179K01756,Ambiguous
100369,ICICI Prudential Gilt Fund - Growth,INF109K01JR4,Ambiguous
100371,ICICI Prudential Short Term Gilt Fund - Growth,INF109K01JX2,Ambiguous
118030,IDBI Gilt Fund Growth,INF397L01AD2,Ambiguous
120419,JM G-Sec Fund - (Direct) Bonus Option - Principal Units,INF192K01CT1,Ambiguous
100250,JM G-Sec Fund - Growth Option,INF192K01809,Ambiguous
100281,Kotak Gilt-Investment  Provident Fund and Trust-Growth,INF174K01FL9,Ambiguous
119759,Kotak Gilt-Investment Regular-Growth - Direct,INF174K01KE4,Ambiguous
100262,Kotak Gilt-Savings-Growth,,Ambiguous
100319,LIC MF Gilt Fund-PF Plan-Growth,INF767K01733,Ambiguous
109717,Nippon India Gilt  Fund - Institutional Plan-Growth Plan -Growth Option,INF204K01BX8,Ambiguous
109720,Nippon India Gilt  Fund -Growth Plan - Growth Option,INF204K01BU4,Ambiguous
118674,Nippon India Gilt Fund - Direct Plan - P F Option - Automatic Annual Reinvest Option,,Ambiguous
102061,SBI GILT FUND -  GROWTH - PF (Fixed Period - 1 Yr) Option,INF200K01AB4,Ambiguous
101933,SBI GILT FUND -  GROWTH - PF (Fixed Period - 2 Yrs) Option,INF200K01AE8,Ambiguous
101934,SBI GILT FUND -  GROWTH - PF (Fixed Period - 3 Yrs) Option,INF200K01AH1,Ambiguous
101092,SUNDARAM GILT FUND (Growth. OPTION),INF903J01FA6,Ambiguous
119607,Sundaram Gilt Fund - Direct Plan - Bonus Option,INF903J01RJ2,Ambiguous
102016,Tata Gilt High Fund - Growth,INF277K01550,Ambiguous
101945,Tata Gilt Retirement Plan- 28/2/25 Growth Option,,Ambiguous
102512,UTI - GILT FUND - Discontinued PF Plan - Growth Option,INF789F01PT6,Ambiguous
101048,Franklin India Floating Rate Fund - Growth Plan,INF090I01LM7,Ambiguous
106841,HDFC Floating Rate Debt Fund - Growth Option,INF179K01707,Ambiguous
101802,ICICI Prudential Floating Interest Fund - Growth,INF109K01AX1,Ambiguous
101795,ICICI Prudential Floating Interest Fund Plan A - Growth,INF109K01936,Ambiguous
101793,ICICI Prudential Floating Interest Fund Plan B - Growth,INF109K01977,Ambiguous
101797,ICICI Prudential Savings Fund Plan C - Growth,INF109K01AB7,Ambiguous
102673,Nippon India Floater Fund - Growth Plan-Growth Option,INF204K01CG1,Ambiguous
120705,Aditya Birla Sun Life Regular Savings Fund - Growth / Payment - Direct Plan,INF209K01XH4,Ambiguous
120551,Birla Sun Life Regular Savings Fund - Direct Plan - Monthly Payment,,Ambiguous
101817,Birla Sun Life Regular Savings Fund - Regular Plan - Monthly Payment,,Ambiguous
120479,Axis Conservative Hybrid Fund - Direct Plan - Quarterly,INF846K01ED2,Ambiguous
102661,BARODA CONSERVATIVE HYBRID FUND - Plan A - Growth Option,INF955L01161,Ambiguous
120083,BNP Paribas Conservative Hybrid Fund - Direct Plan - Monthly Income Distribution cum Capital Withdrawal Option,INF251K01HS6,Ambiguous
120111,BNP Paribas Conservative Hybrid Fund - Direct Plan - Quarterly Income Distribution cum Capital Withdrawal Option,INF251K01HU2,Ambiguous
113561,BNP PARIBAS Conservative hybrid Fund-Regular Plan-Monthly Income Distribution cum Capital Withdrawal Option,INF251K01852,Ambiguous
113562,BNP PARIBAS Conservative Hybrid Fund-Regular Plan-Quarterly Income Distribution cum Capital Withdrawal Option,INF251K01878,Ambiguous
118994,DSP Regular Savings Fund - Direct Plan - Growth,INF740K01NO5,Ambiguous
119294,Franklin India Conservative Hybrid Fund - Direct - Bonus,INF090I01KE6,Ambiguous
100948,Franklin India Conservative Hybrid Fund - Growth,INF090I01EA7,Ambiguous
102147,HDFC Hybrid Debt Fund - Growth Plan,INF179K01AE4,Ambiguous
102144,HDFC MF Monthly Income Plan-Short Term Plan-Growth Option,INF179K01AF1,Ambiguous
120616,ICICI Prudential Regular Savings Fund - Direct Plan - Growth,INF109K01S39,Ambiguous
120554,Invesco India Regular Savings Fund - Direct Plan  - Growth,INF205K01TX7,Ambiguous
114859,Kotak Debt Hybrid - Growth,INF174K01393,Ambiguous
113142,Navi Conservative Hybrid Fund-Growth,INF959L01130,Ambiguous
102172,Nippon India Conservative Hybrid  Fund-Growth Plan,INF204K01FD1,Ambiguous
119653,Sundaram Monthly Income Plan - Moderate Plan - Direct Plan - Bonus  Option,INF903J01RO2,Ambiguous
102178,Sundaram Monthly Income Plan-Growth,INF903J01HP0,Ambiguous
119639,Sundaram Conservative Hybrid Fund (Formerly Known as Sundaram Debt Oriented Hybrid Fund) Direct Plan - Bonus,INF903J01RM6,Ambiguous
118330,Sundaram Regular Savings Fund - Bonus Option,INF903J01MD6,Ambiguous
119643,Sundaram Regular Savings Fund - Direct Plan - Bonus  Option,INF903J01RN4,Ambiguous
119644,Sundaram Regular Savings Fund - Direct Plan - Growth Option,INF903J01OF7,Ambiguous
102533,UTI Conservative Hybrd Fund - Regular Plan - Monthly Payment Option,INF789F01927,Ambiguous
101912,BARODA  HYBRID EQUITY FUND - Plan A - Growth Option,INF955L01708,Ambiguous
112012,Edelweiss Aggressive Hybrid Fund- Plan B-Growth Option,INF754K01160,Ambiguous
112110,Edelweiss Multi-Asset Allocation Fund- Plan C-Growth Option,INF754K01244,Ambiguous
100550,Franklin India Aggressive Hybrid Fund - Growth Plan,INF090I01817,Ambiguous
102948,HDFC Hybrid Equity Fund - Growth Plan,INF179K01AS4,Ambiguous
100356,ICICI Prudential Equity & Debt Fund - Growth,INF109K01480,Ambiguous
112936,Nippon India Aggressive Hybrid Fund - Growth Plan,INF204K01FW1,Ambiguous
119485,Principal Hybrid Equity Fund-Direct Plan - Monthly Income Distribution CUM Capital Withdrawal Option,INF173K01FB2,Ambiguous
101265,Principal Hybrid Equity Fund-Growth,INF173K01CL8,Ambiguous
100119,HDFC Balanced Advantage Fund - Growth Plan,INF179K01830,Ambiguous
106670,HSBC Dynamic Asset Allocation Fund - Growth,INF336L01412,Ambiguous
104685,ICICI Prudential Balanced Advantage Fund - Growth,INF109K01BH2,Ambiguous
102847,Nippon India Balanced Advantage Fund-Growth Plan-Bonus Option,INF204K01596,Ambiguous
102846,Nippon India Balanced Advantage Fund-Growth Plan-Growth Option,INF204K01604,Ambiguous
119483,Principal Balanced Advantage Fund - Direct Plan - Monthly Income Distribution CUM Capital Withdrawal Option,INF173K01FF3,Ambiguous
114301,Principal Balanced Advantage Fund - Growth Option,INF173K01585,Ambiguous
120784,UTI - Unit Linked Insurance Plan- Direct,,Ambiguous
103131,HDFC Multi-Asset Fund - Growth Option,INF179K01AP0,Ambiguous
101144,ICICI Prudential Multi-Asset Fund - Growth,INF109K01761,Ambiguous
115269,ICICI Prudential Multi-Asset Fund- Institutional Growth Option,INF109K01TN2,Ambiguous
114855,Navi 3 in 1 Fund-Growth,INF959L01015,Ambiguous
115241,Sundaram Multi Asset Fund Growth,INF903J01CK2,Ambiguous
117393,Union Asset Allocation Fund - Growth Option,INF582M01468,Ambiguous
108846,BANDHAN Arbitrage Fund - Plan B - Growth,INF194K01615,Ambiguous
104683,ICICI Prudential Arbitrage Fund - Growth,INF109K01BF6,Ambiguous
104684,ICICI Prudential Equity - Arbitrage Fund-Institutional Growth Option,INF109K01BD1,Ambiguous
113345,Nippon India Arbitrage Fund - Growth Plan - Growth Option,INF204K01IY1,Ambiguous
119574,SBI Arbitrage Opportunities Fund - Direct Plan - Gr,INF200K01QU0,Ambiguous
104457,SBI Arbitrage Opportunities Fund - Regular Plan - Gr,INF200K01156,Ambiguous
108994,BANDHAN Equity Savings Fund -B-GROWTH,INF194K01557,Ambiguous
101585,HDFC Equity Savings Fund - GROWTH PLAN,INF179K01AM7,Ambiguous
114982,IDBI Equity Savings Fund Growth Option,INF397L01315,Ambiguous
118454,IDBI Equity Savings Fund Option Direct,INF397L01BD0,Ambiguous
119470,Principal Equity Savings Fund - Direct Plan - Income Distribution CUM Capital Withdrawal Option - Half Yearly,INF173K01HC6,Ambiguous
101498,Principal Equity Savings Fund - Growth Option,INF173K01213,Ambiguous
119471,Principal Equity Savings Fund- Direct Plan - Income Distribution CUM Capital Withdrawal Option - Quaterly,INF173K01HF9,Ambiguous
100536,Franklin India Retirement Fund - Growth,INF090I01510,Ambiguous
100682,UTI Retirement Fund - Regular Plan,INF789F1AA56,Ambiguous
120766,UTI Retirement Fund- Direct Plan,INF789F1AA64,Ambiguous
119066,HDFC Childrens Fund - Direct Plan,INF179KC1IX0,Ambiguous
100900,HDFC Childrens Fund - Growth Plan,INF179KC1IY8,Ambiguous
119067,HDFC Childrens Fund Savings Plan-Direct Plan,,Ambiguous
120579,ICICI Prudential Children's Fund - Direct Plan,INF109K01Y49,Ambiguous
101127,ICICI Prudential Children's Fund - Regular Plan,INF109K01605,Ambiguous
101490,Tata Young Citizen Fund [>3 years upto 7 years] Regular Plan,,Ambiguous
101489,Tata Young Citizen Fund [Upto 3 years] Regular Plan,,Ambiguous
120771,UTI Children's Hybrid Fund - Direct Plan,INF789F1AZR8,Ambiguous
100678,UTI Children's Hybrid Fund - Regular Plan,INF789F1AZP2,Ambiguous
100484,Franklin India Index Fund- NSE Nifty 50 Index Fund - Growth,INF090I01890,Ambiguous
119065,HDFC BSE Sensex Index Fund - Direct Plan,INF179K01WN9,Ambiguous
101281,HDFC BSE Sensex Index Fund - Growth Plan,INF179K01LA9,Ambiguous
119063,HDFC Nifty 50 Index Fund - Direct Plan,INF179K01WM1,Ambiguous
101525,HDFC Nifty 50 Index Fund - Growth Plan,INF179K01KZ8,Ambiguous
120620,ICICI Prudential Nifty 50 Index Fund - Direct Plan Cumulative Option,INF109K012M7,Ambiguous
112957,ICICI Prudential Nifty Next 50 Index Fund - Growth,INF109K01IF1,Ambiguous
113063,IDBI NIFTY 50 Index Fund Growth,INF397L01091,Ambiguous
113249,IDBI Nifty Next 50 Index Fund Growth,INF397L01174,Ambiguous
101203,LIC MF Index Fund-Sensex Advantage-Growth,INF767K01196,Ambiguous
113270,Nippon India Index Fund - BSE Sensex Plan - Growth Plan - Bonus Option,INF204K01IN4,Ambiguous
113269,Nippon India Index Fund - BSE Sensex Plan - Growth Plan - Growth Option,INF204K01IM6,Ambiguous
113297,Nippon India Index Fund - Nifty 50 Plan - Growth Plan - Bonus Option,INF204K01IF0,Ambiguous
113296,Nippon India Index Fund - Nifty 50 Plan - Growth Plan - Growth Option,INF204K01IE3,Ambiguous
119487,Principal Nifty 100 Equal Weight Fund- Direct Plan - Income Distribution CUM Capital Withdrawal Option,INF173K01EW1,Ambiguous
100153,Principal Nifty 100 Equal Weight Fund-Growth,INF173K01AG2,Ambiguous
119287,Tata S&P BSE Sensex Index Fund - Direct Plan,INF277K01PK1,Ambiguous
101746,Tata S&P BSE Sensex Index Fund -Regular Plan,INF277K01758,Ambiguous
119288,Tata Nifty 50 Index Fund -Direct Plan,INF277K01PJ3,Ambiguous
101659,Tata Nifty 50 Index Fund -Regular Plan,INF277K01741,Ambiguous
113049,HDFC Gold ETF - Growth Option,INF179KC1981,Ambiguous
116633,Franklin U.S. Opportunities Equity Active Fund of Funds - Growth,INF090I01EW1,Ambiguous
115116,HSBC Brazil Fund-Growth,INF336L01164,Ambiguous
107988,HSBC Global Emerging Markets Fund - Growth,INF336L01446,Ambiguous
106441,Kotak Global Emerging Market Overseas Equity Omni FOF- Growth,INF174K01DV3,Ambiguous
119458,Principal Global Opportunities Fund- Direct Plan - Income Distribution CUM Capital Withdrawal Option,INF173K01FJ5,Ambiguous
102337,Principal Global Opportunities Fund-Growth Option,INF173K01CT1,Ambiguous
116796,Aditya Birla Sun Life Gold Fund-Growth,INF209K01PF4,Ambiguous
101656,Franklin India Dynamic Asset Allocation Active Fund of Funds-Growth,INF090I01262,Ambiguous
119132,HDFC Gold ETF Fund of Fund - Direct Plan,INF179K01VX0,Ambiguous
115934,HDFC Gold ETF Fund of Fund - Growth Option,INF179K01LC5,Ambiguous
102135,ICICI Prudential Aggressive Hybrid Active FOF - Growth,INF109K01852,Ambiguous
102141,ICICI Prudential Diversified Debt Strategy Active FOF - Growth,INF109K01878,Ambiguous
102137,ICICI Prudential Dynamic Asset Allocation Active FOF - Growth,INF109K01837,Ambiguous
115833,ICICI Prudential Gold ETF FOF - Growth,INF109K01TK8,Ambiguous
102139,ICICI Prudential Income Plus Arbitrage Omni FOF - Growth,INF109K01811,Ambiguous
102133,ICICI Prudential Multi Sector Passive FOF - Growth,INF109K01795,Ambiguous
118343,IDBI GOLD FUND Direct,INF397L01BU4,Ambiguous
114758,Kotak Gold Fund Growth,INF174K01AT3,Ambiguous
114616,Nippon India Gold Savings Fund-Growth plan- Growth Option,INF204K01KN0,Ambiguous
100520,Franklin India Flexi Cap Fund - Growth,INF090I01239,Ambiguous
101762,HDFC Flexi Cap Fund - Growth Plan,INF179K01608,Ambiguous
112090,Kotak Flexicap Fund - Growth,INF174K01336,Ambiguous
115270,Union Flexi Cap Fund - Growth Option,INF582M01104,Ambiguous
100669,UTI - Flexi Cap Fund-Growth Option,INF789F01513,Ambiguous
102591,Kotak Savings Fund -Growth,INF174K01FD6,Ambiguous
101893,Kotak Money Market Fund - (Growth),INF174K01NA6,Ambiguous
101373,Kotak Bond Short Term Plan-(Growth),INF174K01ES7,Ambiguous
116534,IIFL FMP Series 1 - Growth,INF579M01027,Ambiguous
116907,IIFL Fixed Maturity Plan - Series 2 - Growth,INF579M01043,Ambiguous
117182,IIFL Fixed Maturity Plan-Series 3 - Growth,INF579M01068,Ambiguous
117636,Aditya Birla Sun Life Capital Protection Oriented Fund - Series 10-Growth,INF209K01RY1,Ambiguous
117926,Aditya Birla Sun Life Capital Protection Oriented Fund - Series 11- Growth,INF209K01TF6,Ambiguous
117801,Aditya Birla Sun Life Capital Protection Oriented Fund - Series 12 - Growth,INF209KA17K2,Ambiguous
117985,Aditya Birla Sun Life Capital Protection Oriented Fund - Series 13 - Growth,INF209K01TK6,Ambiguous
118027,Aditya Birla Sun Life Capital Protection Oriented Fund - Series 14 - Growth,INF209K01TP5,Ambiguous
112892,Birla Sun Life Capital Protection Oriented Fund - Series 2 - Growth,INF209K01EJ0,Ambiguous
114469,Birla Sun Life Capital Protection Oriented Fund-Series 3-Growth,INF209K01FS8,Ambiguous
114470,Birla Sun Life Capital Protection Oriented Fund-Series 4-Growth,INF209K01FR0,Ambiguous
114735,Birla Sun Life Capital Protection Oriented Fund - Series 5 - Growth,INF209K01GV0,Ambiguous
115226,Birla Sun Life Capital Protection Oriented Fund-Series 6-Growth,INF209K01IE2,Ambiguous
115707,Birla Sun Life Capital Protection Oriented Fund-Series 7-Growth,INF209K01JK7,Ambiguous
116188,Birla Sun Life Capital Protection Oriented Fund-Series 8-Growth,INF209K01MV8,Ambiguous
116893,Aditya Birla Sun Life Capital Protection Oriented Fund-Series 9-Growth,INF209KA1K39,Ambiguous
115145,Birla Sun Life Fixed Term Plan - Series DA - Growth,INF209K01HY2,Ambiguous
115877,Birla Sun Life Fixed Term Plan-Series DP-Growth,INF209K01JR2,Ambiguous
116229,Birla Sun Life Fixed Term Plan-Series DU-Growth,INF209K01MY2,Ambiguous
116231,Birla Sun Life Fixed Term Plan-Series DV-Growth,INF209K01NA0,Ambiguous
116259,Birla Sun Life Fixed Term Plan-Series DW-Growth,INF209K01NI3,Ambiguous
116444,Birla Sun Life Fixed Term Plan-Series EB-Growth,INF209K01NT0,Ambiguous
116446,Birla Sun Life Fixed Term Plan-Series EC-Growth,INF209K01NV6,Ambiguous
116448,Birla Sun Life Fixed Term Plan-Series ED-Growth,INF209K01NX2,Ambiguous
116497,Birla Sun Life Fixed Term Plan-Series EE-Growth,INF209K01OB6,Ambiguous
116535,Birla Sun Life Fixed Term Plan-Series EF-Growth,,Ambiguous
116564,Birla Sun Life Fixed Term Plan-Series EG-Growth,INF209K01OF7,Ambiguous
116567,Birla Sun Life Fixed Term Plan-Series EH-Growth,INF209KA1A98,Ambiguous
116626,Birla Sun Life Fixed Term Plan-Series EI-Growth,INF209K01OL5,Ambiguous
116628,Birla Sun Life Fixed Term Plan-Series EJ-Growth,INF209K01OJ9,Ambiguous
116655,Birla Sun Life Fixed Term Plan-Series EK-Growth,,Ambiguous
116729,Birla Sun Life Fixed Term Plan-Series EL-Growth,INF209K01OP6,Ambiguous
116731,Birla Sun Life Fixed Term Plan-Series EM-Growth,INF209K01OR2,Ambiguous
116500,Aditya Birla Sun Life Fixed Term Plan-Series EN-Growth,INF209K01NZ7,Ambiguous
116734,Birla Sun Life Fixed Term Plan-Series EO-Growth,INF209K01OT8,Ambiguous
116759,Birla Sun Life Fixed Term Plan-Series EP-Growth,INF209K01OW2,Ambiguous
116779,Birla Sun Life Fixed Term Plan-Series EQ-Growth,INF209K01OX0,Ambiguous
116815,Aditya Birla Sun Life Fixed Term Plan-Series ER-Growth,INF209K01OZ5,Ambiguous
116828,Birla Sun Life Fixed Term Plan-Series ES-Growth,INF209K01PB3,Ambiguous
116831,Birla Sun Life Fixed Term Plan-Series ET-Growth,INF209K01PD9,Ambiguous
116889,Birla Sun Life Fixed Term Plan-Series EU-Growth,INF209K01PN8,Ambiguous
116918,Birla Sun Life Fixed Term Plan-Series EV-Growth,INF209K01PP3,Ambiguous
117012,Birla Sun Life Fixed Term Plan-Series EW-Growth,INF209K01PX7,Ambiguous
117013,Birla Sun Life Fixed Term Plan-Series EX-Growth,INF209K01PV1,Ambiguous
117016,Birla Sun Life Fixed Term Plan-Series EY-Growth,INF209K01PT5,Ambiguous
117018,Birla Sun Life Fixed Term Plan-Series EZ-Growth,INF209K01PR9,Ambiguous
117109,Birla Sun Life Fixed Term Plan-Series FA-Growth,INF209K01QD7,Ambiguous
117113,Birla Sun Life Fixed Term Plan-Series FB-Growth,INF209KA1S64,Ambiguous
117115,Birla Sun Life Fixed Term Plan-Series FC-Growth,INF209K01PZ2,Ambiguous
117203,Birla Sun Life Fixed Term Plan-Series FD-Growth,INF209K01QH8,Ambiguous
117265,Aditya Birla Sun Life Fixed Term Plan-Series FE-Growth,,Ambiguous
117634,Birla Sun Life Fixed Term Plan - Series FF-Growth,INF209K01RZ8,Ambiguous
117270,Birla Sun Life Fixed Term Plan-Series FH-Growth,INF209K01QL0,Ambiguous
117275,Birla Sun Life Fixed Term Plan-Series FI-Growth,INF209K01QN6,Ambiguous
117392,Birla Sun Life Fixed Term Plan-Series FJ-Growth,INF209K01QP1,Ambiguous
117389,Birla Sun Life Fixed Term Plan-Series FK-Growth,INF209K01QR7,Ambiguous
117437,Birla Sun Life Fixed Term Plan - Series FL - Growth,INF209K01QV9,Ambiguous
117439,Birla Sun Life Fixed Term Plan - Series FM - Growth,INF209K01QT3,Ambiguous
117512,Birla Sun Life Fixed Term Plan-Series FN-Growth,INF209K01RF0,Ambiguous
117526,Birla Sun Life Fixed Term Plan-Series FO-Growth,INF209K01QZ0,Ambiguous
117584,Birla Sun Life Fixed Term Plan-Series FP-Growth,INF209K01RP9,Ambiguous
117587,Birla Sun Life Fixed Term Plan-Series FQ-Growth,INF209K01RR5,Ambiguous
117632,Birla Sun Life Fixed Term Plan - Series FR(366 days)-Growth,,Ambiguous
117697,Birla Sun Life Fixed Term Plan - Series FS (368 days)- Growth,INF209K01SB7,Ambiguous
117762,Birla Sun Life Fixed Term Plan - Series FT (367 days) - Growth,INF209K01SL6,Ambiguous
118201,Birla Sun Life Fixed Term Plan-Series FU (366 days)-Growth,INF209K01TN0,Ambiguous
118203,Birla Sun Life Fixed Term Plan-Series FV (367 days)-Growth,INF209K01TQ3,Ambiguous
117803,Aditya Birla Sun Life Fixed Term Plan - Series FW (1105 days) - Growth,INF209KA17J4,Ambiguous
117845,Aditya Birla Sun Life Fixed Term Plan - Series FX (1093 days) - Growth,INF209K01TB5,Ambiguous
117929,Aditya Birla Sun Life Fixed Term Plan - Series FZ (1093 days) - Growth,INF209K01TI0,Ambiguous
118006,Birla Sun Life Fixed Term Plan - Series GA (518 days) - Growth,INF209K01TL4,Ambiguous
118241,Birla Sun Life Fixed Term Plan-Series GB (541 days)-Growth,INF209K01TS9,Ambiguous
118243,Aditya Birla Sun Life Fixed Term Plan-Series GC (1217 days)-Growth,INF209KA1X18,Ambiguous
106414,Aditya Birla Sun Life Interval Income Fund - Quarterly Series I- Institutional Growth,INF209K01HQ8,Ambiguous
107307,Aditya Birla Sun Life Quarterly Interval Fund - Series 4 GROWTH,INF209K01HK1,Ambiguous
116111,Axis Capital protection Oriented Fund - Series 1 - Growth Option,INF846K01QN5,Ambiguous
116159,Axis Capital Protection Oriented Fund - Series 2 - Growth Option,INF846K01QV8,Ambiguous
116177,Axis Capital Protection Oriented Fund - Series 3 - Growth Option,INF846K01AV2,Ambiguous
116543,Axis Capital Protection Oriented Fund - Series 4 - Growth Option,INF846K01RF9,Ambiguous
117979,Axis Capital Protection Oriented Fund - Series 5 - Growth Option,INF846K01XN1,Ambiguous
116663,Axis Fixed Term Plan - Series 18 (15 months) - Growth option,INF846K01BE6,Ambiguous
116853,Axis Fixed Term Plan - Series 21 (394 Days) - Growth Option,INF846K01BM9,Ambiguous
117105,Axis Fixed Term Plan - Series 22 (374 days) - Growth Option,INF846K01BU2,Ambiguous
115613,Axis Hybrid Fund -  Series 1 - Growth Option,INF846K01990,Ambiguous
115705,Axis Hybrid Fund - Series 2 - Growth Option,INF846K01AB4,Ambiguous
115847,Axis Hybrid Fund - Series 3- Growth Option,INF846K01AG3,Ambiguous
112665,IDFC Capital Protection Oriented Fund - Series I Growth,INF194K01789,Ambiguous
112935,IDFC Capital Protection Oriented Fund - Series II-Growth,INF194K01888,Ambiguous
113083,IDFC Capital Protection Oriented Fund - Series III - Growth Plan,INF194K01904,Ambiguous
117260,IDFC FMP -366 DS 71 -Growth,INF194K01ZK7,Ambiguous
117315,IDFC FMP 366 DS 72-Growth,INF194K01ZS0,Ambiguous
117378,IDFC FMP 366 DS 73 -Growth,INF194K01ZW2,Ambiguous
117604,IDFC FMP 366 DS 74 - Growth,INF194K01B91,Ambiguous
117659,IDFC FMP 366 DS 75 -Growth,INF194K01C74,Ambiguous
117685,IDFC FMP 366 DS 76 -Growth,INF194K01D16,Ambiguous
117445,IDFC FMP 366 DS 78 -GROWTH,INF194K01A50,Ambiguous
117454,IDFC FMP 366 DS 79 - GROWTH,,Ambiguous
118042,IDFC FMP 366 DS 82 - Growth,INF194K01H20,Ambiguous
118204,IDFC FMP 366 DS 83 - Growth,INF194K01H79,Ambiguous
115985,IDFC FMP -EMS 9 -Growth,INF194K01SV9,Ambiguous
116477,IDFC FMP EMS 10 - Growth,INF194K01UL6,Ambiguous
117278,IDFC FMP- EMS 11 -Growth,INF194K01ZH3,Ambiguous
117096,IDFC FMP 13 MS 11 -Growth,INF194K01YQ7,Ambiguous
116882,IDFC FMP 13 MS 7 -Growth,INF194K01YE3,Ambiguous
116940,IDFC FMP 13 MS 8 -Growth,INF194K01YL8,Ambiguous
117244,IDFC FMP 13 MS 9 -Growth,INF194K01ZC4,Ambiguous
114428,IDFC FMP - 36 MS 2 - Growth,INF194K01BI2,Ambiguous
116552,IDFC FMP YS 47 - Growth,INF194K01UU7,Ambiguous
116590,IDFC FMP YS 48 - Growth,INF194K01WO6,Ambiguous
116645,IDFC FMP YS 49 - Growth,INF194K01WU3,Ambiguous
116690,IDFC FMP -YS 50  -Growth,INF194K01XI6,Ambiguous
116743,IDFC FMP YS 51 - Growth,INF194K01XO4,Ambiguous
116389,IDFC FMP YS 60 - Growth,INF194K01UD3,Ambiguous
116432,IDFC FMP YS 61 - Growth,INF194K01UG6,Ambiguous
116822,IDFC FMP YS-62 - Growth,INF194K01XW7,Ambiguous
116874,IDFC FMP YS 63 - Growth,INF194K01XZ0,Ambiguous
116919,IDFC FMP YS 64 - Growth,INF194K01YG8,Ambiguous
117004,IDFC FMP YS 65 -Growth,INF194K01YN4,Ambiguous
117067,IDFC FMP YS 66 - Growth,INF194K01YX3,Ambiguous
116797,IDFC FMP YS 67 - Growth,INF194K01XR7,Ambiguous
116054,IDFC FMP 2YS1 -Growth,INF194K01TB9,Ambiguous
116132,IDFC FMP 2YS2 - Growth,INF194K01TM6,Ambiguous
116087,IDFC FMP 3YS5(28 Days) - Growth,INF194K01TH6,Ambiguous
117773,IDFC FTP SERIES I (36 Months) - Growth,INF194K01E56,Ambiguous
117792,IDFC FTP SERIES - 2 (1 Year) - Growth,INF194KA1RH7,Ambiguous
117932,IDFC FTP S4 (36 Months) -Growth,INF194K01G21,Ambiguous
113391,IDFC Savings Scheme - Series I Growth,INF194K01AQ7,Ambiguous
116925,Baroda Pioneer 367 Day Fixed Maturity Plan - Series 3 - Growth Option Option,INF955L01765,Ambiguous
117372,Baroda Pioneer 367 Day Fixed Maturity Plan - Series 4 - Growth Option,INF955L01823,Ambiguous
117199,Baroda Pioneer 370 Day Fixed Maturity Plan - Series 1 - Growth Option,INF955L01807,Ambiguous
121657,Baroda Pioneer Fixed Maturity Plan- Series A- Plan A- Growth Option,INF955L01864,Ambiguous
122019,Baroda Fixed Maturity Plan - Series B-Plan A-Growth Option,INF955L01BT1,Ambiguous
115579,BNP Paribas Fixed Term Fund-Sr 22 C-Growth,INF251K01CD9,Ambiguous
117158,BNP Paribas Fixed Term Fund Series - 23 A - Growth Option,INF251K01FD2,Ambiguous
117161,BNP Paribas Fixed Term Fund Series - 23 B - Growth Option,INF251K01FH3,Ambiguous
117169,BNP Paribas Fixed Term Fund Series - 23 C - Growth Option,INF251K01FL5,Ambiguous
117289,BNP Paribas Fixed Term Fund Series - 23 D - Growth Option,INF251K01FP6,Ambiguous
117382,BNP Paribas Fixed Term Fund Series - 23 E - Growth Option,INF251K01FT8,Ambiguous
121405,BNP Paribas Fixed Term Fund Series - 24 A - Growth Option,INF251K01IC8,Ambiguous
121508,BNP Paribas Fixed Term Fund Series - 25 A - Growth Option,INF251K01IK1,Ambiguous
121782,BNP Paribas Fixed Term Fund Series - 25 B - Growth Option,INF251K01IS4,Ambiguous
114657,Canara Capital Protection Oriented Fund- Series 1- 36 Months (Plan A) - Growth,INF760K01AZ6,Ambiguous
117148,Canara Robeco Fixed Maturity Plan - Series 7- (Plan A) - Growth,INF760K01BT7,Ambiguous
116526,DWS Fixed Maturity Plan - Series 1 (DFMP - 1) - Growth,INF223J01HC1,Ambiguous
117051,DWS Fixed Maturity Plan - Series 10 (DFMP - 10) - Growth,INF223J01IA3,Ambiguous
117053,DWS Fixed Maturity Plan - Series 11 (DFMP - 11) - Growth,INF223J01HW9,Ambiguous
117132,DWS Fixed Maturity Plan - Series 12 (DFMP - 12) - Growth,INF223J01IE5,Ambiguous
117426,DWS Fixed Maturity Plan - Series 14 (DFMP - 14) - Growth,INF223J01LD1,Ambiguous
117887,DWS Fixed Maturity Plan - Series 16 (DFMP - 16) - Growth,INF223JA1KR9,Ambiguous
117597,DWS Fixed Maturity Plan - Series 18 (DFMP - 18) - Growth,INF223J01LM2,Ambiguous
116614,DWS Fixed Maturity Plan - Series 2 (DFMP - 2) - Growth,INF223J01HG2,Ambiguous
116657,DWS Fixed Maturity Plan - Series 3 (DFMP - 3) - Growth,INF223J01HE7,Ambiguous
116679,DWS Fixed Maturity Plan - Series 4 (DFMP - 4) - Growth,INF223JA1AT6,Ambiguous
116766,DWS Fixed Maturity Plan - Series 5 (DFMP - 5) - Growth,INF223J01HM0,Ambiguous
116821,DWS Fixed Maturity Plan - Series 6 (DFMP - 6) - Growth,INF223J01HO6,Ambiguous
117037,DWS Fixed Maturity Plan - Series 7 (DFMP - 7) - Growth,INF223J01HS7,Ambiguous
117039,DWS Fixed Maturity Plan - Series 8 (DFMP - 8) - Growth,INF223J01HU3,Ambiguous
117047,DWS Fixed Maturity Plan - Series 9 (DFMP - 9) - Growth,INF223J01IC9,Ambiguous
121077,DWS Fixed Maturity Plan - Series 23 (DFMP - 23) - Growth,INF223J01RT4,Ambiguous
115928,DWS Fixed Term Fund - Series 91 (DFTF - 91)- Growth,INF223J019Y1,Ambiguous
116136,DWS Fixed Term Fund - Series 93 (DFTF - 93)- Growth,INF223J01GM2,Ambiguous
116414,DWS Fixed Term Fund - Series 96 (DFTF - 96) - Growth,INF223JA1636,Ambiguous
113206,DWS Hybrid Fixed Term Fund - Series 1 - Growth,INF223J01523,Ambiguous
117891,DWS Hybrid Fixed Term Fund - Series 10 - Growth,INF223J01MI8,Ambiguous
114454,DWS Hybrid Fixed Term Fund - Series 2- Growth,INF223J01630,Ambiguous
115931,DWS Hybrid Fixed Term Fund - Series 3- Growth,INF223J011Z5,Ambiguous
116416,DWS Hybrid Fixed Term Fund - Series 4- Growth,INF223JA1651,Ambiguous
116683,DWS Hybrid Fixed Term Fund - Series 5 - Growth,INF223JA1AV2,Ambiguous
117135,DWS Hybrid Fixed Term Fund - Series 6 - Growth,INF223JA1KH0,Ambiguous
117568,DWS Hybrid Fixed Term Fund - Series 7 - Growth,INF223JA1KV1,Ambiguous
117819,DWS Hybrid Fixed Term Fund - Series 8 - Growth,INF223JA1KN8,Ambiguous
117884,DWS Hybrid Fixed Term Fund - Series 9 - Growth,INF223JA1KJ6,Ambiguous
116713,DSP BlackRock Dual Advantage Fund - Series 1 - 36M (Maturity Date 12-Mar-2015) - Growth Option,INF740K018Q0,Ambiguous
116902,DSP BlackRock Dual Advantage Fund - Series 2 - 36M - Growth Option,INF740K01JF1,Ambiguous
117304,DSP BlackRock Dual Advantage Fund - Series 3 - 36M - Growth Option,INF740K01KJ1,Ambiguous
117527,DSP BlackRock Dual Advantage Fund - Series 4 - 36M - Growth Option,INF740K01KX2,Ambiguous
117657,DSP BlackRock Dual Advantage Fund - Series 5 - 36M - Growth Options,INF740KO1LN1,Ambiguous
116419,DSP BlackRock FMP - Series 27 - 12M - Growth,INF740K01HZ3,Ambiguous
116557,DSP BlackRock FMP - Series 31 - 12M - Growth Option,INF740K01IL1,Ambiguous
116637,DSP BlackRock FMP - Series 32 - 12M - Growth Option,INF740K01IP2,Ambiguous
116711,DSP BlackRock FMP - Series 34 - 12M - Growth,INF740K01IT4,Ambiguous
116761,DSP BlackRock FMP - Series 36 - 12M - Growth Option,INF740K01IX6,Ambiguous
116849,DSP BlackRock FMP - Series 37 - 13M - Growth Option,INF740K01IZ1,Ambiguous
116879,DSP BlackRock FMP - Series 38 - 12.5M - Growth Option,INF740K01JD6,Ambiguous
116980,DSP BlackRock FMP - Series 39 - 12M - Growth Option,INF740K01JL9,Ambiguous
116984,DSP BlackRock FMP - Series 41 - 12.5M - Growth Option,INF740K01JI5,Ambiguous
117085,DSP BlackRock FMP - Series 43 - 12M - Growth option,INF740K01JP0,Ambiguous
117173,DSP BlackRock FMP - Series 44 - 12M - Growth Option,INF740K01JR6,Ambiguous
117268,DSP BlackRock FMP - Series 47 - 12M - Growth option,INF740K01KH5,Ambiguous
117356,DSP BlackRock FMP - Series 48 - 12M - Growth Option,INF740K01KN3,Ambiguous
117410,DSP BlackRock FMP - Series 51 - 12M - Growth,,Ambiguous
117427,DSP BlackRock FMP - Series 52 - 9M - Growth Option,INF740K01KR4,Ambiguous
117469,DSP BlackRock FMP - Series 53 - 9M - Growth Option,INF740K01KV6,Ambiguous
117542,DSP BlackRock FMP - Series 54 - 12M - Growth Option,INF740K01KZ7,Ambiguous
117569,DSP BlackRock FMP - Series 55 - 12M - Growth Option,INF740K01LB6,Ambiguous
117615,DSP BlackRock FMP - Series 57 - 12M - Growth Option,INF740K01LH3,Ambiguous
117640,DSP BlackRock FMP - Series 59 - 12M - Growth Option,INF740K01LL5,Ambiguous
117724,DSP BlackRock FMP - Series 61 -12M - Growth Options,INF740K01LS0,Ambiguous
117747,DSP BlackRock FMP - Series 62 -12M - Growth Option,INF740K01LW2,Ambiguous
117787,DSP BlackRock FMP - Series 63 -12M - Growth Option,INF740K01LY8,Ambiguous
117806,DSP BlackRock FMP - Series 64 - 12M - Growth Option,INF740K01ME8,Ambiguous
117834,DSP BlackRock FMP - Series 66 -12M - Growth Option,INF740K01MG3,Ambiguous
117908,DSP BlackRock FMP - Series 68 -12M - Growth Option,INF740K01MI9,Ambiguous
118189,DSP BlackRock FMP - Series 81 - 12M - Growth Option,INF740K01MM1,Ambiguous
118197,DSP BlackRock FMP - Series 82 -12M - Growth Option,INF740K01MP4,Ambiguous
116038,DSP BlackRock FTP - Series 1 - 24M - Growth,INF740K01FC6,Ambiguous
117808,DSP BlackRock FTP - Series 11 - 36M - Growth Option,INF740K01MA6,Ambiguous
118264,DSP BlackRock FTP - Series 13 - 15M - Growth Option,INF740K01MX8,Ambiguous
116151,DSP BlackRock FTP - Series 2 - 24M - Growth Option,INF740K01HJ7,Ambiguous
116191,DSP BlackRock FTP - Series 3 - 24M - Growth Option,INF740K01HL3,Ambiguous
116238,DSP BlackRock FTP - Series 4 - 36M - Growth Option,INF740K01HP4,Ambiguous
116459,DSP BlackRock FTP - Series 5 - 18M - Growth Option,INF740K01IB2,Ambiguous
116514,DSP BlackRock FTP - Series 6 - 24M - Growth,INF740K01IH9,Ambiguous
116851,DSP BlackRock FTP - Series 7 - 24M - Growth Option,INF740K01JB0,Ambiguous
112659,Franklin India Fixed Tenure Fund - Series XII - Plan C (5 Year Plan) - Growth,INF090I01403,Ambiguous
116630,Franklin India Fixed Tenure Fund - Series XVI - Growth,INF090I01FA4,Ambiguous
117977,Franklin India Fixed Tenure Fund - Series XVII - Growth,INF090I01FC0,Ambiguous
114499,Franklin Templeton Fixed Tenure Fund-Series XV(3 year plan) - Growth,INF090I01494,Ambiguous
108225,Franklin Templeton Fixed Tenure Fund - Series IX - Plan B - Growth,INF090I01AR9,Ambiguous
109118,Franklin Templeton Fixed Tenure Fund - Series X - Plan C - Growth,INF090I01AV1,Ambiguous
109677,Franklin Templeton Fixed Tenure Fund - Series X - Plan D - Growth,INF090I01AZ2,Ambiguous
112311,Franklin Templeton Fixed Tenure Fund - Series XIII - Plan A - Growth,INF090I01130,Ambiguous
113392,Franklin Templeton Fixed Tenure Fund - Series XIV - Plan B- Growth,INF090I01478,Ambiguous
112947,Franklin Templeton Fixed Tenure Fund-Series XIV-Plan A(3 year plan) - Growth,INF090I01429,Ambiguous
117733,Indiabulls FMP 370 Days Series 1 - Growth,INF666M01261,Ambiguous
117178,Indiabulls FMP 377 Days March 2012 (2) - Growth,INF666M01238,Ambiguous
116950,Indiabulls FMP 387 Days March 2012 (1) - Growth,INF666M01204,Ambiguous
121544,HDFC Annual Interval Fund - Series I - Plan A-Direct Option-Flexi Option,INF179K01F47,Ambiguous
121540,HDFC Annual Interval Fund - Series I - Plan A-Regular Option-Flexi Option,INF179K01F96,Ambiguous
121549,HDFC Annual Interval Fund - Series I - Plan B-Direct Option-Flexi Option,INF179K01G46,Ambiguous
121555,HDFC Annual Interval Fund - Series I - Plan B-Regular Option-Flexi Option,INF179K01G95,Ambiguous
117589,HDFC FMP 1120D June 2012 (1)-Growth Option,INF179K01SB2,Ambiguous
120998,HDFC FMP 1198D February 2013 (1)-Direct Plan-Flexi Option,INF179K01C99,Ambiguous
120999,HDFC FMP 1198D February 2013 (1)-Regular Plan-Flexi Option,INF179K01C57,Ambiguous
116588,HDFC FMP 1203D January 2012 (1) Growth Option,INF179K01NX7,Ambiguous
116786,HDFC FMP 18M February 2012 (1) - Growth Option,INF179K01OR7,Ambiguous
120092,HDFC FMP 1919D January 2013 (1) Direct Plan Flexi Option,INF179K01ZH4,Ambiguous
120089,HDFC FMP 1919D January 2013 (1) Growth Option,INF179K01ZA9,Ambiguous
117301,HDFC FMP 24M April 2012 (1)-Growth Option,INF179K01QM3,Ambiguous
116168,HDFC FMP 24M November 2011 (1) Growth Option,INF179K01MJ8,Ambiguous
115890,HDFC FMP 24M September 2011 (1) - Growth Option,INF179K01LF8,Ambiguous
117033,HDFC FMP 366D March 2012 (1)-Growth Option,INF179K01QB6,Ambiguous
118256,HDFC FMP 369D December 2012 (1)-Growth Option,INF179K01UP8,Ambiguous
112899,HDFC FMP 36M April 2010- Growth Option,INF179K01CC4,Ambiguous
116166,HDFC FMP 36M November 2011 (1) Growth Option,INF179K01MG4,Ambiguous
116029,HDFC FMP 36M October 2011 (1) - Growth Option,INF179K01LQ5,Ambiguous
117231,HDFC FMP 370D April 2012 (1)-Growth Option,INF179K01QH3,Ambiguous
117298,HDFC FMP 370D April 2012 (2)-Growth Option,INF179K01QP6,Ambiguous
116336,HDFC FMP 370D December 2011 (3) Growth Option,INF179K01MW1,Ambiguous
118212,HDFC FMP 370D December 2012 (1)-Growth Option,INF179K01UD4,Ambiguous
118252,HDFC FMP 370D December 2012 (2)-Growth Option,INF179K01UL7,Ambiguous
116620,HDFC FMP 370D February 2012 (1) - Growth Option,INF179K01OA3,Ambiguous
116719,HDFC FMP 370D February 2012 (2) - Growth Option,INF179K01OH8,Ambiguous
116788,HDFC FMP 370D February 2012 (3) - Growth Option,INF179K01OO4,Ambiguous
116437,HDFC FMP 370D January 2012 (1) - Growth Option,INF179K01MZ4,Ambiguous
116442,HDFC FMP 370D January 2012 (2) - Growth Option,INF179K01NE7,Ambiguous
116511,HDFC FMP 370D JANUARY 2012 (3) - Growth Option,INF179K01NH0,Ambiguous
116573,HDFC FMP 370D January 2012 (4) - Growth Option,INF179K01NR9,Ambiguous
117030,HDFC FMP 370D March 2012 (1)-Growth Option,INF179K01PY0,Ambiguous
117197,HDFC FMP 370D March 2012 (2)-Growth Option,INF179K01QE0,Ambiguous
117348,HDFC FMP 370D May 2012 (1)-Growth Option,INF179K01QU6,Ambiguous
117397,HDFC FMP 370D May 2012 (2)-Growth Option,INF179K01QZ5,Ambiguous
117402,HDFC FMP 370D May 2012 (3)-Growth Option,INF179K01RE8,Ambiguous
117970,HDFC FMP 370D October 2012 (1)-Growth Option,INF179K01TK1,Ambiguous
117830,HDFC FMP 371D August 2012 (1)-Growth Option,INF179K01TB0,Ambiguous
118628,HDFC FMP 371D December 2012 (1)-Growth Option,INF179K01YW6,Ambiguous
121115,HDFC FMP 371D February 2013 (1)-Direct Option-Flexi Option,INF179K01E55,Ambiguous
121111,HDFC FMP 371D February 2013 (1)-Regular Option-Flexi Option,INF179K01E14,Ambiguous
117665,HDFC FMP 371D July 2012 (1)-Growth Option,INF179K01SG1,Ambiguous
117673,HDFC FMP 371D July 2012 (2)-Growth Option,INF179K01SO5,Ambiguous
117679,HDFC FMP 371D July 2012 (3)-Growth Option,INF179K01ST4,Ambiguous
117485,HDFC FMP 371D June 2012 (1) - Growth Option,INF179K01RW0,Ambiguous
117999,HDFC FMP 371D November 2012 (1)-Growth Option,INF179K01TR6,Ambiguous
118015,HDFC FMP 371D November 2012 (2)-Growth Option,INF179K01TW6,Ambiguous
117989,HDFC FMP 371D October 2012 (1)-Growth Option,INF179K01TN5,Ambiguous
117869,HDFC FMP 371D September 2012 (1)-Growth Option,INF179K01TE4,Ambiguous
121123,HDFC FMP 372D February 2013 (1)-Direct Option-Flexi Option,INF179K01D72,Ambiguous
121119,HDFC FMP 372D February 2013 (1)-Regular Option-Flexi Option,INF179K01D31,Ambiguous
120861,HDFC FMP 372D January 2013 (2)-Direct Plan-Flexi Option,INF179K01A18,Ambiguous
120863,HDFC FMP 372D January 2013 (2)-Growth Option,INF179K01A26,Ambiguous
120982,HDFC FMP 372D January 2013 (3)-Direct Plan-Flexi Option,INF179K01C16,Ambiguous
120977,HDFC FMP 372D January 2013 (3)-Growth Option,INF179K01B41,Ambiguous
117668,HDFC FMP 372D July 2012 (1)-Growth Option,INF179K01SJ5,Ambiguous
117488,HDFC FMP 372D June 2012 (1) - Growth Option,INF179K01RH1,Ambiguous
117494,HDFC FMP 372D June 2012 (2) - Growth Option,INF179K01RM1,Ambiguous
117498,HDFC FMP 372D June 2012 (3)-Growth Option,INF179K01RR0,Ambiguous
117782,HDFC FMP 373D August 2012 (1)-Growth Option,INF179K01SY4,Ambiguous
117912,HDFC FMP 373D September 2012 (1)-Growth Option,INF179K01TH7,Ambiguous
121579,HDFC FMP 384D March 2013 (1)-Direct Option-Flexi Option,INF179K01I93,Ambiguous
121575,HDFC FMP 384D March 2013 (1)-Regular Option-Flexi Option,INF179K01J35,Ambiguous
116967,HDFC FMP 390D March 2012 (1)-Growth Option,INF179K01PS2,Ambiguous
116867,HDFC FMP 391D March 2012 (1) Growth Option,INF179K01PG7,Ambiguous
116865,HDFC FMP 392D March 2012 (1) Growth Option,INF179K01PA0,Ambiguous
116862,HDFC FMP 392D March 2012 (2) Growth Option,INF179K01PD4,Ambiguous
121561,HDFC FMP 398D March 2013 (1)-Direct Option-Flexi Option,INF179K01H37,Ambiguous
121559,HDFC FMP 398D March 2013 (1)-Regular Option-Flexi Option,INF179K01H78,Ambiguous
116972,HDFC FMP 399D March 2012 (1)-Growth Option,INF179K01PP8,Ambiguous
116856,HDFC FMP 400D February 2012 (1) Growth Option,INF179K01OU1,Ambiguous
116859,HDFC FMP 400D March 2012 (1) Growth Option,INF179K01OX5,Ambiguous
121571,HDFC FMP 400D March 2013 (1)-Direct Option-Flexi Option,INF179K01I10,Ambiguous
121567,HDFC FMP 400D March 2013 (1)-Regular Option-Flexi Option,INF179K01I51,Ambiguous
122000,HDFC FMP 403D March 2013 (1) - Direct Option - Flexi Option,INF179K01J76,Ambiguous
122003,HDFC FMP 403D March 2013 (1) - Regular Option - Flexi Option,INF179K01K16,Ambiguous
120138,HDFC FMP 462D January 2013 (1) Direct Plan Flexi Option,INF179K01ZP7,Ambiguous
120144,HDFC FMP 462D January 2013 (1) Growth Option,INF179K01ZI2,Ambiguous
116517,HDFC FMP 463D January 2012 (1) Growth Option,INF179K01NM0,Ambiguous
118248,HDFC FMP 526D December 2012 (1)-Growth Option,INF179K01UH5,Ambiguous
118183,HDFC FMP 566D December 2012 (1)-Growth Option,INF179K01TZ9,Ambiguous
117027,HDFC FMP 772D March 2012 (1)-Growth Option,INF179K01PV6,Ambiguous
116584,HDFC FMP 846D January 2012 (1) Growth Option,INF179K01NU3,Ambiguous
118996,HDFC Quarterly Interval Fund - Plan A-Direct Plan - Retail Growth Option,INF179K01YD6,Ambiguous
119004,HDFC Quarterly Interval Fund - Plan B-Direct Plan - Retail Growth Option,INF179K01YH7,Ambiguous
105759,HDFC QUARTERLY INTERVAL FUND - PLAN C - WHOLESALE PLAN - Growth Option,INF179K01HI0,Ambiguous
119007,HDFC Quarterly Interval Fund - Plan C-Direct Plan - Retail Growth Option,INF179K01YL9,Ambiguous
116529,HSBC Fixed Term Series 82-Growth,INF336L01BE6,Ambiguous
116532,HSBC Fixed Term Series 83-Growth,INF336L01BG1,Ambiguous
117049,HSBC Fixed Term Series 86-Growth,INF336L01BI7,Ambiguous
122055,HSBC Fixed Term Series 89-Growth,INF336L01EW2,Ambiguous
122058,HSBC Fixed Term Series 90-Growth,INF336L01ES0,Ambiguous
118900,ICICI Prudential Capital Protection Oriented Fund III - PLAN D - 36 Months - Direct Plan - Cumulative,INF109K01I98,Ambiguous
120814,ICICI Prudential Capital Protection Oriented Fund III - PLAN E - 60 Months - Direct Plan - Cumulative,INF109K01K29,Ambiguous
121087,ICICI Prudential Capital Protection Oriented Fund III - PLAN F - 36 Months - Direct Plan - Cumulative,INF109K013F9,Ambiguous
121144,ICICI Prudential Capital Protection Oriented Fund III - PLAN G - 60 Months - Direct Plan - Cumulative,INF109K019I0,Ambiguous
118916,ICICI Prudential Fixed Maturity Plan-Series 65-366 Days Plan I - Direct Plan - Cumulative,INF109K01J22,Ambiguous
118914,ICICI Prudential Fixed Maturity Plan-Series 65-366 Days Plan I - Regular Plan - Cumulative,INF109K01J48,Ambiguous
120804,ICICI Prudential Fixed Maturity Plan-Series 65-505 Days Plan J - Direct Plan - Cumulative,INF109K01J63,Ambiguous
120805,ICICI Prudential Fixed Maturity Plan-Series 65-505 Days Plan J - Regular Plan - Cumulative,INF109K01J89,Ambiguous
121165,ICICI Prudential Fixed Maturity Plan-Series 66-366 Days Plan D - Direct Plan - Cumulative,INF109K013H5,Ambiguous
121167,ICICI Prudential Fixed Maturity Plan-Series 66-366 Days Plan D - Regular Plan - Cumulative,INF109K011H9,Ambiguous
121199,ICICI Prudential Fixed Maturity Plan-Series 66-366 Days Plan F - Direct Plan - Cumulative,INF109K019G4,Ambiguous
121200,ICICI Prudential Fixed Maturity Plan-Series 66-366 Days Plan F - Regular Plan - Cumulative,INF109K017G8,Ambiguous
121290,ICICI Prudential Fixed Maturity Plan-Series 66-366 Days Plan H - Direct Plan - Cumulative,INF109K012P0,Ambiguous
121289,ICICI Prudential Fixed Maturity Plan-Series 66-366 Days Plan H - Regular Plan - Cumulative,INF109K014P6,Ambiguous
121068,ICICI Prudential Fixed Maturity Plan-Series 66-368 Days Plan B - Direct Plan - Cumulative,INF109K017F0,Ambiguous
121067,ICICI Prudential Fixed Maturity Plan-Series 66-368 Days Plan B - Regular Plan - Cumulative,INF109K015F4,Ambiguous
121706,ICICI Prudential Fixed Maturity Plan-Series 66-404 Days Plan L - Direct Plan - Cumulative,INF109K013S2,Ambiguous
121704,ICICI Prudential Fixed Maturity Plan-Series 66-404 Days Plan L - Regular Plan - Cumulative,INF109K011S6,Ambiguous
121358,ICICI Prudential Fixed Maturity Plan-Series 66-405 Days Plan J - Direct Plan - Cumulative,INF109K018O0,Ambiguous
121361,ICICI Prudential Fixed Maturity Plan-Series 66-405 Days Plan J - Regular Plan - Cumulative,INF109K010P4,Ambiguous
121499,ICICI Prudential Fixed Maturity Plan-Series 66-405 Days Plan K - Direct Plan - Cumulative,INF109K015R9,Ambiguous
121500,ICICI Prudential Fixed Maturity Plan-Series 66-405 Days Plan K - Regular Plan - Cumulative,INF109K013R4,Ambiguous
121133,ICICI Prudential Fixed Maturity Plan-Series 66-407 Days Plan C - Direct Plan - Cumulative,INF109K019F6,Ambiguous
121130,ICICI Prudential Fixed Maturity Plan-Series 66-407 Days Plan C - Regular Plan - Cumulative,INF109K011G1,Ambiguous
121275,ICICI Prudential Fixed Maturity Plan-Series 66-407 Days Plan I - Direct Plan - Cumulative,INF109K016P1,Ambiguous
121277,ICICI Prudential Fixed Maturity Plan-Series 66-407 Days Plan I - Regular Plan - Cumulative,INF109K018P7,Ambiguous
121213,ICICI Prudential Fixed Maturity Plan-Series 66-412 Days Plan E - Direct Plan - Cumulative,INF109K011I7,Ambiguous
121214,ICICI Prudential Fixed Maturity Plan-Series 66-412 Days Plan E - Regular Plan - Cumulative,INF109K019H2,Ambiguous
120971,ICICI Prudential Fixed Maturity Plan-Series 66-420 Days Plan A - Direct Plan - Cumulative,INF109K01S13,Ambiguous
120972,ICICI Prudential Fixed Maturity Plan-Series 66-420 Days Plan A - Regular Plan - Cumulative,INF109K01R97,Ambiguous
121875,ICICI Prudential Fixed Maturity Plan-Series 67-3 Year Plan F - Direct Plan - Cumulative,INF109K011V0,Ambiguous
121723,ICICI Prudential Fixed Maturity Plan-Series 67-366 Days Plan B - Direct Plan - Cumulative,INF109K017S3,Ambiguous
121725,ICICI Prudential Fixed Maturity Plan-Series 67-366 Days Plan B - Regular Plan - Cumulative,INF109K015S7,Ambiguous
121882,ICICI Prudential Fixed Maturity Plan-Series 67-366 Days Plan D - Direct Plan - Cumulative,INF109K019T7,Ambiguous
121880,ICICI Prudential Fixed Maturity Plan-Series 67-366 Days Plan D - Regular Plan - Cumulative,INF109K017T1,Ambiguous
121717,ICICI Prudential Fixed Maturity Plan-Series 67-378 Days Plan A - Direct Plan - Cumulative,INF109K015T5,Ambiguous
121719,ICICI Prudential Fixed Maturity Plan-Series 67-378 Days Plan A - Regular Plan - Cumulative,INF109K013T0,Ambiguous
117293,IDBI Fixed Maturity Plan - 366 Days Series II (April 2012) - H Growth,INF397L01877,Ambiguous
116805,IDBI Fixed Maturity Plan - 369 Days Series II (February 2012) - C Growth,INF397L01687,Ambiguous
117081,IDBI Fixed Maturity Plan - 380 Days Series II (March 2012) - E Growth,INF397L01794,Ambiguous
117092,IDBI Fixed Maturity Plan - 380 Days Series II (March 2012) - G Growth,INF397L01810,Ambiguous
116995,IDBI Fixed Maturity Plan Series II - 370 Days (March 2012) - D Growth,INF397L01752,Ambiguous
116226,IDBI FMP Series II - 540 Days (December 2011) - A Growth,INF397L01570,Ambiguous
116341,IDBI Fixed Maturity Plan Series II - 550 Days (December 2011) - B Growth,INF397L01596,Ambiguous
121198,IDBI FMP Series III 367 Days(Feb 2013)- A Growth,INF397L01CP2,Ambiguous
117530,IDBI FMP-Series II-366 Days (May 2012)- I-Growth,INF397L01893,Ambiguous
116275,Religare Fixed Maturity Plan - Series XI - Plan C (13 Months)Growth option,INF205K01FZ1,Ambiguous
116468,Religare Fixed Maturity Plan - Series XI - Plan F (15 Months) - Growth Option,,Ambiguous
116541,Religare Fixed Maturity Plan - Series XII - Plan A (370 Days) - Growth Option,,Ambiguous
116569,Religare Fixed Maturity Plan - Series XII Plan B (14 Months) - Growth,,Ambiguous
116599,Religare Fixed Maturity Plan - Series XII - Plan C (368 Days) - Growth Option,INF205K01GL9,Ambiguous
116658,Religare Fixed Maturity Plan - Series XII - Plan D (14 Months) - Growth,INF205K01GN5,Ambiguous
116755,Religare Fixed Maturity Plan - Series XII - Plan E (369 Days) - Growth Option,INF205K01GP0,Ambiguous
116757,Religare Fixed Maturity Plan - Series XII - Plan F (14 Months) - Growth Option,INF205K01GR6,Ambiguous
116777,Religare Fixed Maturity Plan - Series XIII - Plan A (370 Days) - Growth Option,INF205K01GT2,Ambiguous
116813,Religare Fixed Maturity Plan - Series XIII - Plan B (14 Months) - Growth Option,INF205K01GV8,Ambiguous
116898,Religare Fixed Maturity Plan - Series XIII - Plan C (13 Months) - Growth Option,INF205K01GX4,Ambiguous
116891,Religare Fixed Maturity Plan - Series XIII - Plan D (386 Days) - Growth Option,INF205K01GZ9,Ambiguous
116978,Religare Fixed Maturity Plan - Series XIII - Plan E (13 Months) - Growth Option,INF205K01HB8,Ambiguous
117094,Religare Fixed Maturity Plan - Series XIV - Plan A (373 Days) - Growth Option,INF205K01II1,Ambiguous
117180,Religare Fixed Maturity Plan - Series XIV - Plan B (378 Days) - Growth Option,INF205K01IK7,Ambiguous
116078,Religare Invesco Fixed Maturity Plan - Series X - Plan D (18 Months) - Growth,INF205K01FN7,Ambiguous
117365,Religare Invesco Fixed Maturity Plan - Series XIV - Plan E 370 Days - Growth,INF205K01IQ4,Ambiguous
117478,Religare Invesco Fixed Maturity Plan - Series XV - Plan B - Growth Option,INF205K01IW2,Ambiguous
117828,Religare Invesco Fixed Maturity Plan - Series XV - Plan E (367 days) - Growth Option,INF205K01JC2,Ambiguous
117879,Religare Invesco Fixed Maturity Plan - Series XV - Plan F (369 days) - Growth Option,INF205K01JE8,Ambiguous
118033,Religare Invesco Fixed Maturity Plan - Series XVI - Plan C (367 days) - Growth Option,INF205K01JK5,Ambiguous
118195,Religare Invesco Fixed Maturity Plan - Series XVI - Plan D (370 days) - Growth Option,INF205K01JM1,Ambiguous
121080,Religare Invesco Fixed Maturity Plan - Series XVII - Plan A - Growth Option,INF205K01OE8,Ambiguous
121140,Religare Invesco Fixed Maturity Plan - Series XVII - Plan B - Growth,INF205K01OI9,Ambiguous
121430,Religare Invesco Fixed Maturity Plan - Series XVII - Plan D (399 days) - Growth Option,INF205K01OQ2,Ambiguous
121533,Religare Invesco Fixed Maturity Plan - Series XVII - Plan E (369 Days) - Growth,INF205K01OU4,Ambiguous
121615,Religare Invesco Fixed Maturity Plan - Series XVII - Plan F (392 days) - Growth Option,INF205K01OY6,Ambiguous
121618,Religare Invesco Fixed Maturity Plan - Series XVIII - Plan A (369 days) - Growth Option,INF205K01PC9,Ambiguous
121864,Religare Invesco Fixed Maturity Plan - Series XVIII - Plan B (386 days) - Growth Option,INF205K01PG0,Ambiguous
121368,JM Fixed Maturity Fund - Series XXIII - Plan A (JM FMF - XXIII - A) - Growth option,,Ambiguous
114254,JPMorgan India Capital Protection Oriented Fund - Growth Option,INF843K01468,Ambiguous
117850,JPMorgan India Fixed Maturity Plan - Series 302 - Growth Option,INF843K01AH8,Ambiguous
117852,JPMorgan India Fixed Maturity Plan - Series 502 - Growth Option,INF843K01AJ4,Ambiguous
116834,JPMorgan India Fixed Maturity Plan Series 6 - Growth Option,INF843K01658,Ambiguous
117126,JPMorgan India Fixed Maturity Plan Series 8 - Growth Option,INF843K01690,Ambiguous
117331,JPMorgan India Hybrid Fund - Series 1 - Growth Option,INF843K01732,Ambiguous
117720,JPMorgan India Income Fund - Series 301 - Growth Option,INF843K01LC6,Ambiguous
117722,JPMorgan India Income Fund - Series 501 - Growth Option,INF843K01773,Ambiguous
114952,Kotak FMP 24M Series 4 - Growth,INF174K01AY3,Ambiguous
121971,Kotak FMP Series 100 - Growth,,Ambiguous
121973,Kotak FMP Series 103 Growth,,Ambiguous
115186,Kotak FMP Series 47 (24M) - Growth,INF174K01CU7,Ambiguous
115358,Kotak FMP Series 50 (24M) - Growth,INF174K01DA7,Ambiguous
115627,Kotak FMP Series 55 (24M) - Growth,INF174K01DK6,Ambiguous
115853,Kotak FMP Series 58 (24) - Growth,INF174K01DQ3,Ambiguous
115966,FMP Series 61 (18M) - Growth,INF174K01GI3,Ambiguous
115971,FMP Series 63 (24M) - Growth,INF174K01GM5,Ambiguous
116042,FMP Series 64 (17M) - Growth,INF174K01GO1,Ambiguous
116115,FMP Series 65 (18M) - Growth,INF174K01GQ6,Ambiguous
116209,FMP Series 67 (18M) - Growth,INF174K01GU8,Ambiguous
116502,Kotak FMP Series 70 (370 Days) - Growth,INF174K01HD2,Ambiguous
116504,Kotak FMP Series 71 (18M) - Growth,INF174K01HF7,Ambiguous
116579,Kotak FMP Series 72 (370 Days) - Growth,INF174K01HI1,Ambiguous
116581,Kotak FMP Series 73 (18M) - Growth,INF174K01HG5,Ambiguous
116641,Kotak FMP Series 74 (370 Days) - Growth,INF174K01HK7,Ambiguous
116769,Kotak FMP Series 75 (370 Days) - Growth,INF174K01HM3,Ambiguous
116771,Kotak FMP Series 76 (13M) - Growth,INF174K01HO9,Ambiguous
116772,Kotak FMP Series 77 (13M) - Growth,INF174K01HQ4,Ambiguous
116775,Kotak FMP Series 78 (370 Days) - Growth,INF174K01HS0,Ambiguous
116870,Kotak FMP Series 79 (370 Dyas) - Growth,INF174K01HU6,Ambiguous
116998,Kotak FMP Series 80 (380 Days) - Growth,INF174K01HW2,Ambiguous
117020,Kotak FMP Series 81 (378 Days) - Growth,INF174K01HY8,Ambiguous
117077,Kotak FMP Series 82 (378 Days) - Growth,INF174K01IA6,Ambiguous
117080,Kotak FMP Series 83 (366 Days) - Growth,INF174K01IC2,Ambiguous
117154,Kotak FMP Series 84 (376 Days) - Growth,INF174K01IE8,Ambiguous
117156,Kotak FMP Series 85 (36 Months) - Growth,INF174K01IG3,Ambiguous
117240,Kotak FMP Series 86 (370 Days) - Growth,INF174K01II9,Ambiguous
117334,Kotak FMP Series 87 (370 Days) - Growth,INF174K01IK5,Ambiguous
117433,Kotak FMP Series 88 (370 Days) - Growth,INF174K01IM1,Ambiguous
117574,Kotak FMP Series 89 (370 Days) - Growth,INF174K01IO7,Ambiguous
117684,Kotak FMP Series 90 (370 Days) - Growth,INF174K01IQ2,Ambiguous
117746,Kotak FMP Series 91 (370 Days) - Growth,INF174K01IS8,Ambiguous
117826,Kotak FMP Series 93 (496 Days) - Growth,INF174K01IW0,Ambiguous
121163,Kotak FMP Series 94 - Growth,,Ambiguous
121299,Kotak FMP Series 95 - Growth,,Ambiguous
121432,Kotak FMP Series 96 - Growth,,Ambiguous
121628,Kotak FMP Series 97 - Growth,INF174K01NZ3,Ambiguous
118340,Kotak FMP Series 98 (496 Days) - Growth,,Ambiguous
120921,Kotak FMP Series 99 - Growth,,Ambiguous
116428,Kotak Hybrid Fixed Term Plan - Series I - Growth,INF174K01HA8,Ambiguous
118166,L&T Fixed Maturity Plan Series VI - Plan B - Growth Option,,Ambiguous
118173,L&T Fixed Maturity Plan Series VI - Plan F - Growth Option,,Ambiguous
118170,L&T Fixed Maturity Plan Series VI-Plan D-Growth Option,INF677K01BM8,Ambiguous
118172,L&T Fixed Maturity Plan Series VI-Plan E-Growth Option,,Ambiguous
115607,L&T FMP - IV (July24M A) - Growth,INF917K01932,Ambiguous
116354,L&T FMP - V (December366D A) - Growth,INF917K01CY1,Ambiguous
116762,L&T FMP - V (February368D A) - Growth,INF917K01DD3,Ambiguous
116886,L&T FMP - V (March367D A) - Growth,INF917K01DF8,Ambiguous
116959,L&T FMP - V (March395D A) - Growth,INF917K01DI2,Ambiguous
117144,L&T FMP - VI (Macrh371D A) - Growth,INF917K01DK8,Ambiguous
117324,L&T FMP - VI (May369D A) - Growth,INF917K01DN2,Ambiguous
117451,L&T FMP - VI (May371D A) - Growth,INF917K01DT9,Ambiguous
118287,L&T FMP - VII (December369D A) - Growth,INF917K01DZ6,Ambiguous
115818,LIC NOMURA MF FIXED MATURITY PLAN SERIES 49 - GROWTH OPTION,INF767K01428,Ambiguous
117147,LIC NOMURA MF FIXED MATURITY PLAN SERIES 52 - GROWTH OPTION,,Ambiguous
117694,LIC NOMURA MF FIXED MATURITY PLAN  SERIES 53 - GROWTH OPTION,,Ambiguous
120930,LIC NOMURA MF FIXED MATURITY PLAN SERIES 56 - GROWTH,INF767K01BI5,Ambiguous
121258,LIC NOMURA MF FIXED MATURITY PLAN SERIES 54 - GROWTH,INF767K01BA2,Ambiguous
120931,LIC NOMURA MF FIXED MATURITY PLAN SERIES 57 - GROWTH,INF767K01BM7,Ambiguous
121942,LIC NOMURA MF FIXED MATURITY PLAN SERIES 59 - GROWTH,INF767K01CC6,Ambiguous
121947,LIC NOMURA MF FIXED MATURITY PLAN SERIES 60 - GROWTH,INF767K01CG7,Ambiguous
122138,LIC NOMURA MF FIXED MATURITY PLAN SERIES 61 - GROWTH,INF767K01CK9,Ambiguous
121746,LIC NOMURA MF FIXED MATURITY PLAN SERIES 58 - GROWTH,INF767K01BY2,Ambiguous
114842,Reliance Dual Advantage Fixed Tenure Fund - I - Plan I - Growth Option,INF204K01LC1,Ambiguous
114844,Reliance Dual Advantage Fixed Tenure Fund - I - Plan J - Growth Option,INF204K01LE7,Ambiguous
114846,Reliance Dual Advantage Fixed Tenure Fund - I - Plan K - Growth Option,INF204K01LG2,Ambiguous
114848,Reliance Dual Advantage Fixed Tenure Fund - I - Plan L - Growth Option,INF204K01LI8,Ambiguous
116670,Reliance Dual Advantage Fixed Tenure Fund - II - Plan A - Growth Option,INF204KA1H50,Ambiguous
112913,Reliance Dual Advantage Fixed Tenure Fund - Plan A - Growth option,INF204K01HG0,Ambiguous
113352,Reliance Dual Advantage Fixed Tenure Fund - Plan B - Growth Option,INF204K01JF8,Ambiguous
116932,Reliance Dual Advantge Fixed Tenure Fund II - Plan B - Growth Option,INF204K01RR6,Ambiguous
117223,Reliance Dual Advantage Fixed Tenure Fund II - Plan C - Growth Option,INF204KA1X50,Ambiguous
117561,Reliance Dual Advantage Fixed Tenure Fund II - Plan D - Growth Option,INF204K01RV8,Ambiguous
117705,Reliance Dual Advantage Fixed Tenure Fund II - Plan E - Growth Option,INF204K01RX4,Ambiguous
117339,Reliance Dual Advantage Fixed Tenure Fund II - Plan G - Growth Option,INF204K01SB8,Ambiguous
117600,Reliance Dual Advantage Fixed Tenure Fund II - Plan H - Growth Option,INF204K01SD4,Ambiguous
121097,Reliance Dual Advantage Fixed Tenure Fund III - Plan A - Growth Option,INF204K01M62,Ambiguous
115110,Reliance Fixed Horizon Fund - XIX - Series 19 - Growth Option,INF204K01MG0,Ambiguous
115232,Reliance Fixed Horizon Fund - XIX - Series 20 - Growth Option,INF204K01MO4,Ambiguous
115377,Reliance Fixed Horizon Fund - XIX - Series 21 - Growth Option,INF204K01MW7,Ambiguous
115562,Reliance Fixed Horizon Fund - XIX - Series 22 - Growth Option,INF204K01NO2,Ambiguous
114441,Reliance Fixed Horizon Fund - XVII - Series 13 - Growth Option,INF204K01KD1,Ambiguous
115761,Reliance Fixed Horizon Fund - XX - Series 31 - Growth Option,INF204K01OA9,Ambiguous
115895,Reliance Fixed Horizon Fund - XX - Series 32-Growth Option,INF204K01OV5,Ambiguous
116883,Reliance Fixed Horizon Fund - XXI - Series 18 - Growth Option,INF204K01QV0,Ambiguous
116256,Reliance Fixed Horizon Fund - XXI - Series 20 - Growth Option,INF204K01PX8,Ambiguous
116291,Reliance Fixed Horizon Fund - XXI - Series 21 - Growth Option,INF204K01PV2,Ambiguous
116070,Reliance Fixed Horizon Fund - XXI - Series 25 - Growth Option,INF204K01PF5,Ambiguous
117224,Reliance Fixed Horizon Fund - XXI - Series 26 - Growth Option,INF204K01RD6,Ambiguous
116184,Reliance Fixed Horizon Fund - XXI - Series 29 - Growth Option,INF204K01PR0,Ambiguous
116660,Reliance Fixed Horizon Fund XXI - Series 30 - Growth Option,INF204K01RJ3,Ambiguous
116482,Reliance Fixed Horizon Fund - XXI - Series 5 - Growth Option,INF204K01QD8,Ambiguous
116480,Reliance Fixed Horizon Fund - XXI - Series 6 - Growth Option,INF204K01QF3,Ambiguous
116693,Reliance Fixed Horizon Fund - XXI - Series 8 - Growth Option,INF204K01QL1,Ambiguous
116826,Reliance Fixed Horizon Fund - XXI - Series 9 - Growth Option,INF204K01QN7,Ambiguous
117532,Reliance Fixed Horizon Fund - XXII - Series 10 - Growth Option,INF204K01TB6,Ambiguous
117534,Reliance Fixed Horizon Fund - XXII - Series 11 - Growth Option,INF204K01TD2,Ambiguous
117537,Reliance Fixed Horizon Fund - XXII - Series 12 - Growth Option,INF204K01TF7,Ambiguous
117627,Reliance Fixed Horizon Fund - XXII - Series 13 - Growth Option,INF204K01TH3,Ambiguous
117645,Reliance Fixed Horizon Fund - XXII - Series 14 - Growth Option,INF204K01TJ9,Ambiguous
117656,Reliance Fixed Horizon Fund - XXII - Series 15 - Growth Option,INF204K01TL5,Ambiguous
117741,Reliance Fixed Horizon Fund - XXII - Series 16 - Growth Option,INF204K01TN1,Ambiguous
117776,Reliance Fixed Horizon Fund XXII - Series 17 - Growth Option,INF204K01TP6,Ambiguous
117185,Reliance Fixed Horizon Fund - XXII - Series 2 - Growth Option,INF204K01SL7,Ambiguous
117763,Reliance Fixed Horizon Fund - XXII - Series 20 - Growth Option,INF204K01VF3,Ambiguous
117778,Reliance Fixed Horizon Fund - XXII - Series 21 - Growth Option,INF204KA1TR0,Ambiguous
117794,Reliance Fixed Horizon Fund - XXII - Series 22 - Growth Option,INF204KA1VI5,Ambiguous
117796,Reliance Fixed Horizon Fund - XXII - Series 23 - Growth Option,INF204K01VL1,Ambiguous
117814,Reliance Fixed Horizon Fund - XXII - Series 24 - Growth Option,INF204K01VN7,Ambiguous
117843,Reliance Fixed Horizon Fund - XXII - Series 25 - Growth Option,INF204K01VP2,Ambiguous
117848,Reliance Fixed Horizon Fund - XXII - Series 26 - Growth Option,INF204KA1VW6,Ambiguous
117899,Reliance Fixed Horizon Fund - XXII - Series 27 - Growth Option,INF204K01VT4,Ambiguous
117965,Reliance Fixed Horizon Fund - XXII - Series 28 - Growth Option,INF204K01VV0,Ambiguous
117966,Reliance Fixed Horizon Fund - XXII - Series 29 - Growth Option,INF204KA1XE0,Ambiguous
117975,Reliance Fixed Horizon Fund XXII - Series 30 - Growth Option,INF204K01VZ1,Ambiguous
118014,Reliance Fixed Horizon Fund - XXII - Series 31 - Growth Option,INF204K01WB0,Ambiguous
118222,Reliance Fixed Horizon Fund - XXII -Series -34 Growth Option,INF204K01WH7,Ambiguous
118335,Reliance Fixed Horizon Fund - XXII - Series 36 - Growth Option,INF204K01WL9,Ambiguous
118337,Reliance Fixed Horizon Fund - XXII - Series 37 - Growth Option,INF204K01WN5,Ambiguous
120148,Reliance Fixed Horizon Fund - XXII - Series 39 - Growth Option,INF204K01WR6,Ambiguous
117248,Reliance Fixed Horizon Fund-XXII - Series 4 -Growth Option,INF204K01SP8,Ambiguous
117318,Reliance Fixed Horizon Fund - XXII - Series 6 - Growth Option,INF204K01SU8,Ambiguous
117320,Reliance Fixed Horizon Fund - XXII - Series 7 - Growth Option,INF204K01SV6,Ambiguous
117385,Reliance Fixed Horizon Fund - XXII - Series 8 -  Growth Option,INF204K01SX2,Ambiguous
117423,Reliance Fixed Horizon Fund - XXII - Series 9 - Growth Option,INF204K01SZ7,Ambiguous
120964,Reliance Fixed Horizon Fund - XXIII - Series 1 - Growth Option,INF204K01X44,Ambiguous
121071,Reliance Fixed Horizon Fund - XXIII - Series 2 - Growth Option,INF204K01X85,Ambiguous
121392,Reliance Fixed Horizon Fund - XXIII - Series 3 - Growth Option,INF204K01Y27,Ambiguous
121416,Reliance Fixed Horizon Fund - XXIII - Series 4 - Growth Option,INF204K01Y68,Ambiguous
121751,Reliance Fixed Horizon Fund - XXIII - Series 7 - Growth Option,INF204K01Z83,Ambiguous
115937,Reliance Fixed Horizon Fund XX - Series 33 - Growth Option,INF204K01PB4,Ambiguous
116838,Reliance Fixed Horizon Fund XXI - Series 10 - Growth Option,INF204K01QP2,Ambiguous
116904,Reliance Fixed Horizon Fund XXI - Series 11 - Growth Option,INF204K01QR8,Ambiguous
117074,Reliance Fixed Horizon Fund XXI - Series 12 - Growth Option,INF204K01QT4,Ambiguous
116460,Reliance Fixed Horizon Fund XXI - Series 17 - Growth Option,INF204K01QH9,Ambiguous
116106,Reliance Fixed Horizon Fund XXI - Series 19 - Growth Option,INF204K01PH1,Ambiguous
116420,Reliance Fixed Horizon Fund XXI - Series 4 - Growth Option,INF204K01QB2,Ambiguous
118024,Reliance Fixed Horizon Fund XXII - Series 32 - Growth Option,INF204K01WD6,Ambiguous
118260,Reliance Fixed Horizon Fund XXII - Series 35 - Growth Option,INF204K01WJ3,Ambiguous
118353,Reliance Fixed Horizon Fund - XXII - Series 38 - Growth Option,INF204K01WP0,Ambiguous
121419,Reliance Fixed Horizon Fund - XXIII - Series 5 - Growth Option,INF204K01Z00,Ambiguous
121180,Reliance Yearly Interval Fund - Series 3 - Growth Plan - Growth Option,INF204K01S09,Ambiguous
121288,Reliance Yearly Interval Fund - Series 4- Growth Plan - Growth Option,INF204K01S66,Ambiguous
109661,PineBridge Quarterly Interval Fund Series I- Standard Plan- Growth Option,INF178L01251,Ambiguous
109818,PineBridge Quarterly Interval Fund II- Standard Plan- Growth,INF178L01277,Ambiguous
117150,Principal Pnb Fixed Maturity Plan - Series A4 - Growth Option,INF173K01DU7,Ambiguous
117648,Principal Pnb Fixed Maturity Plan - Series B1-Growth Option,,Ambiguous
117911,Principal Pnb Fixed Maturity Plan - Series B2 - Growth Option,INF173K01EA7,Ambiguous
109071,Escorts Fixed Maturity Plan - Growth Option,,Ambiguous
109515,Escorts Fixed Maturity Plan - Institutional Growth,,Ambiguous
114876,Escorts Fixed Maturity Plan Series II - Growth,INF966L01010,Ambiguous
115824,SBI Capital Protection Oriented Fund - Series III - Growth,INF200K01IH4,Ambiguous
116873,SBI DEBT FUND SERIES - 13 MONTHS - 12 - GROWTH,INF200K01KV1,Ambiguous
117055,SBI DEBT FUND SERIES - 13 MONTHS - 13 - GROWTH,INF200K01KX7,Ambiguous
117111,SBI DEBT FUND SERIES - 15 MONTHS - 10 - GROWTH,INF200K01LF2,Ambiguous
116506,SBI DEBT FUND SERIES - 15 MONTHS - 7 - GROWTH,INF200K01KZ2,Ambiguous
116545,SBI DEBT FUND SERIES - 15 MONTHS - 8 - GROWTH,INF200K01LB1,Ambiguous
116751,SBI DEBT FUND SERIES - 15 MONTHS - 9 - GROWTH,INF200K01LD7,Ambiguous
116407,SBI DEBT FUND SERIES - 18 MONTHS - 10 - GROWTH,INF200K01LH8,Ambiguous
117984,SBI DEBT FUND SERIES - 18 MONTHS - 11 - GROWTH,INF200K01PV0,Ambiguous
115900,SBI DEBT FUND SERIES - 18 Months - 7 - GROWTH,INF200K01GW7,Ambiguous
116017,SBI DEBT FUND SERIES - 18 Months - 8 - GROWTH,INF200K01GZ0,Ambiguous
116399,SBI DEBT FUND SERIES - 18 MONTHS - 9 - GROWTH,INF200K01JH2,Ambiguous
115262,SBI SDFS - 36 MONTHS - 1 - GROWTH,INF200K01EB6,Ambiguous
117253,SBI DEBT FUND SERIES - 366 DAYS - 1 - GROWTH,INF200K01MZ8,Ambiguous
117740,SBI DEBT FUND SERIES - 366 DAYS - 10 - GROWTH,INF200K01NX1,Ambiguous
117781,SBI DEBT FUND SERIES - 366 DAYS - 11 - GROWTH,INF200K01OX9,Ambiguous
117821,SBI DEBT FUND SERIES - 366 DAYS - 12 - GROWTH,INF200K01OZ4,Ambiguous
117832,SBI DEBT FUND SERIES - 366 DAYS - 13 - GROWTH,INF200K01PB2,Ambiguous
117858,SBI DEBT FUND SERIES - 366 DAYS - 14 - GROWTH,INF200K01PD8,Ambiguous
117918,SBI DEBT FUND SERIES - 366 DAYS - 15 - GROWTH,INF200K01PF3,Ambiguous
117986,SBI DEBT FUND SERIES - 366 DAYS - 16 - GROWTH,INF200K01PH9,Ambiguous
117996,SBI DEBT FUND SERIES - 366 DAYS - 17 - GROWTH,INF200K01PJ5,Ambiguous
118012,SBI DEBT FUND SERIES - 366 DAYS - 18 - GROWTH,INF200K01PL1,Ambiguous
118219,SBI DEBT FUND SERIES - 366 DAYS - 19 - GROWTH,INF200K01PN7,Ambiguous
117295,SBI DEBT FUND SERIES - 366 DAYS - 2 - GROWTH,INF200K01NB7,Ambiguous
118351,SBI DEBT FUND SERIES - 366 DAYS - 20 - GROWTH,INF200K01PP2,Ambiguous
118334,SBI DEBT FUND SERIES - 366 DAYS - 21 - GROWTH,INF200K01PR8,Ambiguous
117336,SBI DEBT FUND SERIES - 366 DAYS - 3 - GROWTH,INF200K01ND3,Ambiguous
117407,SBI DEBT FUND SERIES - 366 DAYS - 4 - GROWTH,INF200K01NF8,Ambiguous
117476,SBI DEBT FUND SERIES - 366 DAYS - 5 - GROWTH,INF200K01NH4,Ambiguous
117558,SBI DEBT FUND SERIES - 366 DAYS - 6 - GROWTH,INF200K01NP7,Ambiguous
117626,SBI DEBT FUND SERIES - 366 DAYS - 7 - GROWTH,INF200K01NR3,Ambiguous
117696,SBI DEBT FUND SERIES - 366 DAYS - 8 - GROWTH,INF200K01NT9,Ambiguous
117708,SBI DEBT FUND SERIES - 366 DAYS - 9 - GROWTH,INF200K01NV5,Ambiguous
116467,SBI DEBT FUND SERIES - 367 DAYS - 13 - GROWTH,INF200K01KH0,Ambiguous
116603,SBI DEBT FUND SERIES - 367 DAYS - 14 - GROWTH,INF200K01KJ6,Ambiguous
116625,SBI DEBT FUND SERIES - 367 DAYS - 15 - GROWTH,INF200K01KL2,Ambiguous
116686,SBI DEBT FUND SERIES - 367 DAYS - 16 - GROWTH,INF200K01KN8,Ambiguous
117143,SBI DEBT FUND SERIES - 367 DAYS - 17 - GROWTH,INF200K01KP3,Ambiguous
117183,SBI DEBT FUND SERIES - 367 DAYS - 18 - GROWTH,INF200K01KR9,Ambiguous
117190,SBI DEBT FUND SERIES - 367 DAYS - 19 - GROWTH,INF200K01KT5,Ambiguous
113401,SBI Debt Fund Series - 60 Months - 1 - Growth,INF200K01CP0,Ambiguous
118221,SBI DEBT FUND SERIES - 60 MONTHS - 2 - GROWTH,INF200K01QC8,Ambiguous
118217,SBI DEBT FUND SERIES - 90 DAYS - 72 - GROWTH,INF200K01OF6,Ambiguous
118290,SBI DEBT FUND SERIES - 90 DAYS - 73 - GROWTH,INF200K01OH2,Ambiguous
115408,Sundaram Capital Protection Oriented Fund 2 Years (Series 1) - Growth Option,INF903J01CT3,Ambiguous
115624,Sundaram Capital Protection Oriented Fund 2 Years (Series 2) - Growth Option,INF903J01CX5,Ambiguous
115721,Sundaram Capital Protection Oriented Fund 2 Years (Series 3) - Growth Option,INF903J01DF0,Ambiguous
116139,Sundaram Capital Protection Oriented Fund 2 Years (Series 4) - Growth Option,INF903J01JR2,Ambiguous
115159,Sundaram Capital Protection Oriented Fund 3 Years (Series 3) - Growth Option,INF903J01BQ1,Ambiguous
115626,Sundaram Capital Protection Oriented Fund 3 Years (Series 4) - Growth Option,INF903J01DD5,Ambiguous
115722,Sundaram Capital Protection Oriented Fund 3 Years (Series 5) - Growth Option,INF903J01DN4,Ambiguous
116011,Sundaram Capital Protection Oriented Fund 3 Years (Series 6) - Growth Option,INF903J01DR5,Ambiguous
116221,Sundaram Capital Protection Oriented Fund 3 Years (Series 7) - Growth Option,INF903J016B2,Ambiguous
118021,Sundaram Capital Protection Oriented Fund 3 Years (Series 9) - Growth Option,INF903J01LV0,Ambiguous
116009,Sundaram Capital Protection Oriented Fund 5 Years (Series 3) - Growth Option,INF903J01JG5,Ambiguous
116142,Sundaram Capital Protection Oriented Fund 5 Years (Series 4) - Growth Option,INF903J01JX0,Ambiguous
115015,Sundaram Capital Protection Oriented Fund Series 2-5 years - Growth Option,INF903J01BC1,Ambiguous
107001,SUNDARAM FIXED INCOME INTERVAL FUND QTRLY PLAN C INST  GROWTH,INF903J01CC9,Ambiguous
106999,SUNDARAM FIXED INCOME INTERVAL FUND QTRLY PLAN C REG GROWTH,INF903J01CA3,Ambiguous
109961,SUNDARAM FIXED INCOME INTERVAL FUND QTRLY PLAN E INST   GROWTH,INF903J01CG0,Ambiguous
109964,SUNDARAM FIXED INCOME INTERVAL FUND QTRLY PLAN E REG  GROWTH,INF903J01CE5,Ambiguous
115304,Sundaram Fixed Term Plan AT - Growth,INF903J01CN6,Ambiguous
114668,Sundaram Fixed Term Plan -AD- Growth Option,INF903J01BA5,Ambiguous
114671,Sundaram Fixed Term Plan -AE- Growth Option,INF903J01AU5,Ambiguous
114664,Sundaram Fixed Term Plan -AF- Growth Option,INF903J01AS9,Ambiguous
114666,Sundaram Fixed Term Plan -AG- Growth Option,INF903J01AZ4,Ambiguous
114419,Sundaram Fixed Term Plan -AH- Growth Option,INF903J01AE9,Ambiguous
114425,Sundaram Fixed Term Plan -AI- Growth Option,INF903J01AG4,Ambiguous
114421,Sundaram Fixed Term Plan -AJ- Growth Option,INF903J01AI0,Ambiguous
114670,Sundaram Fixed Term Plan -AK- Growth Option,INF903J01AW1,Ambiguous
114423,Sundaram Fixed Term Plan -AL- Growth Option,INF903J01AK6,Ambiguous
114427,Sundaram Fixed Term Plan -AM- Growth Option,INF903J01AM2,Ambiguous
114341,Sundaram Fixed Term Plan -AS- Growth Option,INF903J01AC3,Ambiguous
115239,Sundaram Fixed Term Plan -AU- Growth Option,INF903J01CP1,Ambiguous
114599,Sundaram Fixed Term Plan -AV- Growth Option,INF903J01AO8,Ambiguous
114662,Sundaram Fixed Term Plan -AW- Growth Option,INF903J01AQ3,Ambiguous
114673,Sundaram Fixed Term Plan -AX- Growth Option,INF903J01BE7,Ambiguous
115082,Sundaram Fixed Term Plan -AY- Growth Option,INF903J01BG2,Ambiguous
115087,Sundaram Fixed Term Plan -AZ- Growth Option,INF903J01BK4,Ambiguous
115089,Sundaram Fixed Term Plan -BA- Growth Option,INF903J01BI8,Ambiguous
115236,Sundaram Fixed Term Plan -BB- Growth Option,INF903J01CI6,Ambiguous
115404,Sundaram Fixed Term Plan -BC- Growth Option,INF903J01CR7,Ambiguous
115406,Sundaram Fixed Term Plan -BD- Growth Option,INF903J01CV9,Ambiguous
115622,Sundaram Fixed Term Plan -BE- Growth Option,INF903J01CZ0,Ambiguous
115714,Sundaram Fixed Term Plan -BF- Growth Option,INF903J01DJ2,Ambiguous
115717,Sundaram Fixed Term Plan -BG- Growth Option,INF903J01DL8,Ambiguous
115719,Sundaram Fixed Term Plan -BH- Growth Option,INF903J01DP9,Ambiguous
115620,Sundaram Fixed Term Plan -BI- Growth Option,INF903J01DB9,Ambiguous
115713,Sundaram Fixed Term Plan -BJ- Growth Option,INF903J01DH6,Ambiguous
115988,Sundaram Fixed Term Plan -BK- Growth Option,INF903J01IU8,Ambiguous
116001,Sundaram Fixed Term Plan -BM- Growth Option,INF903J01JA8,Ambiguous
116002,Sundaram Fixed Term Plan -BN- Growth Option,INF903J01JE0,Ambiguous
116005,Sundaram Fixed Term Plan -BO- Growth Option,INF903J01IY0,Ambiguous
116138,Sundaram Fixed Term Plan -BP- Growth Option,INF903J01JT8,Ambiguous
115990,Sundaram Fixed Term Plan -BQ- Growth Option,INF903J01IS2,Ambiguous
116007,Sundaram Fixed Term Plan -BR- Growth Option,INF903J01JC4,Ambiguous
116143,Sundaram Fixed Term Plan -CA- Growth Option,INF903J01JV4,Ambiguous
116145,Sundaram Fixed Term Plan -CB- Growth Option,INF903J01JZ5,Ambiguous
116223,Sundaram Fixed Term Plan -CC- Growth Option,INF903J01KD0,Ambiguous
116463,Sundaram Fixed Term Plan -CD- Growth Option,INF903J01KH1,Ambiguous
116148,Sundaram Fixed Term Plan -CF- Growth Option,INF903J01KB4,Ambiguous
116348,Sundaram Fixed Term Plan -CG- Growth Option,INF903J01KJ7,Ambiguous
116699,Sundaram Fixed Term Plan -CH- Growth Option,INF903J01KR0,Ambiguous
116523,Sundaram Fixed Term Plan -CJ- Growth Option,INF903J01KN9,Ambiguous
116597,Sundaram Fixed Term Plan -CK- Growth Option,INF903J01KP4,Ambiguous
116701,Sundaram Fixed Term Plan -CL- Growth Option,INF903J01KT6,Ambiguous
116992,Sundaram Fixed Term Plan -CM- Growth Option,INF903J01KV2,Ambiguous
116989,Sundaram Fixed Term Plan -CO- Growth Option,INF903J01KZ3,Ambiguous
117217,Sundaram Fixed Term Plan -CP- Growth Option,INF903J01LB2,Ambiguous
117219,Sundaram Fixed Term Plan -CQ- Growth Option,INF903J01LD8,Ambiguous
117221,Sundaram Fixed Term Plan -CR- Growth Option,INF903J01LF3,Ambiguous
117323,Sundaram Fixed Term Plan -CS- Growth Option,INF903J01LH9,Ambiguous
117373,Sundaram Fixed Term Plan -CT- Growth Option,INF903J01LJ5,Ambiguous
117481,Sundaram Fixed Term Plan -CU- Growth Option,INF903J01LL1,Ambiguous
117582,Sundaram Fixed Term Plan -CV- Growth Option,INF903J01LN7,Ambiguous
117614,Sundaram Fixed Term Plan -CW- Growth Option,INF903J01LP2,Ambiguous
117732,Sundaram Fixed Term Plan -CX- Growth Option,INF903J01LR8,Ambiguous
109542,SUNDARAM INTERVAL FUND QUARTERLY SERIES PLAN  D INST  GROWTH,INF903J01BO6,Ambiguous
109544,SUNDARAM INTERVAL FUND QUARTERLY SERIES PLAN  D REG GROWTH,INF903J01BM0,Ambiguous
117414,Tata Capital Protection Oriented Fund Series I -3 years  -Growth,INF277K01Y11,Ambiguous
117711,Tata Capital Protection Oriented Fund Series II- Growth option,INF277K01Y78,Ambiguous
115471,TFMP 32- Growth Option,INF277K01EP4,Ambiguous
115682,TFMP 38 A Growth Option,INF277K01EY6,Ambiguous
116083,TFMP 38 Scheme B- Growth Option,INF277K01FV9,Ambiguous
115955,TFMP 38 Scheme E - Growth Option,INF277K01FL0,Ambiguous
116216,TFMP 38 Scheme F Growth option,INF277K01GB9,Ambiguous
116412,TFMP 38 Scheme H -   Growth,INF277K01GG8,Ambiguous
116451,Tata FMP 38 Scheme I- Growth,INF277K01GI4,Ambiguous
116560,TFMP39 Scheme A-Growth Option,INF277K01GO2,Ambiguous
116561,TFMP 39 Scheme B- Growth Option,INF277K01GQ7,Ambiguous
116549,TFMP 39 Scheme D - Growth Option,INF277K01GU9,Ambiguous
116677,Tata Fixed Maturity Plan Series 39 Scheme E-Growth,INF277K01GW5,Ambiguous
116926,TFMP Series 39 Scheme F-Growth,INF277K01GY1,Ambiguous
116928,TFMP Series 39 Scheme G-Growth,INF277K01HA9,Ambiguous
116954,TFMP 39 Scheme H - Growth Option,INF277K01HC5,Ambiguous
116958,TFMP 39 Scheme J- Growth Option,INF277K01HG6,Ambiguous
116952,TFMP Series 39 Scheme I-Growth,INF277K01HE1,Ambiguous
117165,TFMP Series 40 Scheme A- Growth Option,INF277K01HI2,Ambiguous
117460,TFMP Series 40 Scheme B Growth Option,INF277K01HL6,Ambiguous
117343,TFMP Series 40 Scheme C - Growth Option,INF277K01HN2,Ambiguous
117609,TFMP Series  40 Scheme F - Growth Option,INF277K01HT9,Ambiguous
117611,TFMP Series 40  Scheme H   - Growth Option,INF277K01HX1,Ambiguous
121193,TFMP Series 42 Scheme A- Plan A- Growth Option,,Ambiguous
121665,Tata FMP Series 42 Scheme B- Plan A -Growth Option,,Ambiguous
121687,Tata FMP Series 42 Scheme C- Plan A -Growth Option,,Ambiguous
121692,Tata FMP Series 42 Scheme F- Plan A -Growth Option,,Ambiguous
120960,Tata FMP 42 Scheme G- Plan A- Growth,INF277K01SH1,Ambiguous
121528,Tata FMP Series 42 Scheme H- Plan A -Growth Option,,Ambiguous
113024,Tata Fixed Tenure Fund Series 1 - Growth Option,INF277K01AR8,Ambiguous
115465,Tata Fixed Tenure Fund Series 2 Scheme A Growth,INF277K01ER0,Ambiguous
115697,Tata Fixed Tenure Fund Series 2 Scheme B- Growth,INF277K01FA3,Ambiguous
116595,Taurus Fixed Maturity Plan Series M - Growth Option,INF044D01AW7,Ambiguous
116794,Taurus Fixed Maturity Plan Series O - Growth Option,INF044D01AY3,Ambiguous
117000,Taurus Fixed Maturity Plan Series P - Growth Option,INF044D01BC7,Ambiguous
117370,Taurus Fixed Maturity Plan Series S - Growth Option,,Ambiguous
117593,Taurus Fixed Maturity Plan Series U - Growth Option,,Ambiguous
117847,Union KBC Capital Protection Oriented Fund - Series 1 - Growth Option,INF582M01500,Ambiguous
106339,UTI F I I F-Annual Interval Plan Series - II - Institutional  Growth Option,INF789F01FP5,Ambiguous
111467,UTI Fixed Interval Income Fund (Annual Interval Plan) Series IV - Instn Growth Option,INF789F01GB3,Ambiguous
106550,UTI - Fixed Income Interval Fund - Monthly Interval Plan - Institutional Growth Option,INF789F01EX2,Ambiguous
106368,UTI Fixed  Income Interval Fund ( Quarterly Interval Plan - III) - Inst Growth Plan,INF789F01GN8,Ambiguous
109466,UTI F I I F Series II -Quarterly Interval Plan - IV -Instn. Growth  Option,INF789F01GT5,Ambiguous
106185,UTI Annual Interval Fund - I - ( Instn Growth Option ),INF789F01FJ8,Ambiguous
106709,UTI Fixed Interval Income Fund (Annual Interval Fund)  Series III - Instn Growth Option,INF789F01FV3,Ambiguous
117896,UTI FTIF Series XII - IX (368 DAYS) - Growth Option,INF789F01QR8,Ambiguous
117937,UTI FTIF Series XII - X ( 1096 DAYS) - Growth Option,INF789F01QX6,Ambiguous
118247,UTI FTIF Series XIII - I (368 DAYS) - Growth Option,INF789F01RH7,Ambiguous
118355,UTI FTIF Series XIII - II (368 DAYS) - Growth Option,INF789F01RS4,Ambiguous
118362,UTI FTIF Series XIII - III (549 DAYS) - Growth Option,INF789F01RM7,Ambiguous
120200,UTI FTIF Series XIII -IV (546 DAYS) - Growth Option,INF789F01RY2,Ambiguous
121036,UTI FTIF Series XIV -I (366 DAYS) - Growth Option,INF789F01YJ9,Ambiguous
121586,UTI FTIF Series XIV -II (366 DAYS) - Growth Option,INF789F01ZF4,Ambiguous
121598,UTI FTIF Series XIV -III (407 DAYS) - Growth Option,INF789F01ZR9,Ambiguous
121605,UTI FTIF Series XIV -IV (408 DAYS) - Growth Option,INF789F01A33,Ambiguous
121901,UTI FTIF Series XIV -V (366 DAYS) - Growth Option,INF789F01B57,Ambiguous
121915,UTI FTIF Series XIV -VI (366 DAYS) - Growth Option,INF789F01C72,Ambiguous
122100,UTI FTIF Series XIV -VII (367 DAYS) - Growth Option,INF789F01D97,Ambiguous
109620,UTI F I I F Series II -Quarterly Interval Plan - V - Instn Growth Option,INF789F01GZ2,Ambiguous
110023,UTI F I I F Series II -Quarterly Interval Plan - VI-Institutional Growth Option,INF789F01HF2,Ambiguous
116845,UTI-FMP-Yearly Series Feb 2012- Growth Option	,INF789F01LD9,Ambiguous
121136,UTI-FMP-Yearly Series Feb 2013 - Growth Option,INF789F01YW2,Ambiguous
116607,UTI-FMP-Yearly Series Jan 2012 - Growth Option,INF789F01JW3,Ambiguous
116609,UTI-FMP-Yearly Series Jan 2012 - Instn. Growth Option,INF789F01JZ6,Ambiguous
122094,UTI-FMP-Yearly Series Mar 2013 - Growth Option,INF789F01G60,Ambiguous
117208,UTI-FMP-Yearly Series Mar 2012 - Growth Option,INF789F01MK2,Ambiguous
117209,UTI-FMP-Yearly Series Mar 2012 - Instn Growth Option,INF789F01ML0,Ambiguous
117552,UTI-FMP-Yearly Series May 2012 - Growth Option,INF789F01MZ0,Ambiguous
117550,UTI-FMP-Yearly Series May 2012 - Instn Growth Option,INF789F01NA1,Ambiguous
116962,UTI-FTIF Series-XI  Plan I (369 Days) - Growth Option,INF789F01LA5,Ambiguous
116963,UTI-FTIF Series-XI  Plan II (400 Days) - Growth Option,INF789F01LP3,Ambiguous
117355,UTI-FTIF Series-XI  Plan IX(368 Days) - Growth Option,INF789F01MW7,Ambiguous
117119,UTI-FTIF Series-XI Plan III (368 Days) - Growth Option,INF789F01LV1,Ambiguous
117070,UTI-FTIF Series-XI Plan IV (367 Days)- Growth Option,INF789F01LS7,Ambiguous
117120,UTI-FTIF Series-XI Plan V (1120 Days) - Growth Option,INF789F01LY5,Ambiguous
117187,UTI-FTIF Series-XI Plan VI (367 Days) - Growth Option	,INF789F01MH8,Ambiguous
117211,UTI-FTIF Series-XI Plan VII (366 Days)- Growth Option,INF789F01MQ9,Ambiguous
117309,UTI-FTIF Series-XI Plan VIII(366 Days) - Growth Option,INF789F01MT3,Ambiguous
117505,UTI-FTIF Series-XI Plan X (366 Days) - Growth Option,INF789F01NF0,Ambiguous
117599,UTI-FTIF Series-XII Plan I  (368 Days) - Growth Option,INF789F01NI4,Ambiguous
117643,UTI-FTIF Series-XII Plan II  (368 Days) - Growth Option,INF789F01NL8,Ambiguous
117690,UTI-FTIF Series-XII Plan III (366 Days) - Growth Option,INF789F01NO2,Ambiguous
117702,UTI-FTIF Series-XII Plan IV (369 Days) - Growth Option	,INF789F01NR5,Ambiguous
117738,UTI-FTIF Series-XII Plan V (367 Days) - Growth Option,INF789F01NW5,Ambiguous
117765,UTI-FTIF Series-XII Plan VI (366 Days) - Growth Option,INF789F01OD3,Ambiguous
117862,UTI-FTIF Series-XII Plan VII (366 Days) - Growth Option	,INF789F01OJ0,Ambiguous
117865,UTI-FTIF Series-XII Plan VIII (1098 Days) - Growth Option,INF789F01QL1,Ambiguous
116922,UTI-FTIF Sr. X Plan IX (368 Days) - Growth Option	,INF789F01KU5,Ambiguous
116601,UTI-FTIF Sr. X Plan VI (368 Days) - Growth Option,INF789F01JT9,Ambiguous
116753,UTI-FTIF Sr. X Plan VII (368 Days) - Growth Option,INF789F01KO8,Ambiguous
116843,UTI-FTIF Sr. X Plan VIII (368 Days) - Growth Option,INF789F01KR1,Ambiguous
116946,UTI-FTIF Sr. X Plan X (367 Days)- Growth Option,INF789F01KX9,Ambiguous
121252,LIC NOMURA MF RGESS FUND Series 1 Growth Option,INF767K01BT2,Ambiguous
121175,UTI- Rajiv Gandhi Equity Saving Scheme - Growth Option,INF789F01YR2,Ambiguous
115872,Tata SIP Fund Series 3 - Growth,INF277K01FE5,Ambiguous
108865,IDFC Tax Saver (ELSS) Fund A GROWTH,INF194K01268,Ambiguous
112100,ICICI Prudential R.I.G.H.T. Fund Growth,INF109KA1XP2,Ambiguous
105325,ING RetireInvest Fund Series I - Growth,INF084M01135,Ambiguous
107773,Invesco India AGILE Tax Fund - Growth Option,INF205K01FS6,Ambiguous
107901,Reliance Equity Linked Saving Fund - Series I - Growth Plan,INF204K01OM4,Ambiguous
115085,SBI TAX ADVANTAGE FUND - REPURCHASE - GROWTH,,Ambiguous
108145,SBI TAX ADVANTAGE FUND - SERIES I - GROWTH,INF200K01IJ0,Ambiguous
116352,SBI TAX ADVANTAGE FUND - SERIES II - GROWTH,INF200K01JF6,Ambiguous
111778,Tata Infrastructure Tax Saving Fund - Growth,INF277K01808,Ambiguous
105498,UTI Long Term Advantage Fund  - Growth Option,,Ambiguous
108231,UTI-Long Term Advantage Fund Series -II - Growth Option,,Ambiguous
105663,Nippon India Interval Fund Annual Interval Fund Series-I- Growth Option,INF204K01EC6,Ambiguous
105229,Nippon India Interval Fund-Monthly Interval Fund-Series-I- Growth Option,INF204K01CV0,Ambiguous
105400,Nippon India Interval Fund-Monthly Interval Fund-Series-II -Growth Option,INF204K01DB0,Ambiguous
105399,Reliance Interval Fund-Monthly Interval Fund-Series-II-Institutional Plan-Growth Option,INF204K01DE4,Ambiguous
105689,Nippon India Interval Fund-Quarterly Interval Fund Series-II-Growth Option,INF204K01DN5,Ambiguous
105690,Reliance Interval Fund-Quarterly Interval Fund Serie-II-Institutional Plan Growth Option,INF204K01DQ8,Ambiguous
105433,Nippon India Interval Fund-Quarterly Interval Fund-Series-I - Growth Option,INF204K01DH7,Ambiguous
105435,Reliance Interval Fund-Quarterly Interval Fund-Series-I-Institutional Plan-Growth Option,INF204K01DK1,Ambiguous
105884,Nippon India Interval Fund-Quarterly Interval Fund-Series-III- Growth Option,INF204K01DT2,Ambiguous
105882,Nippon India Interval Fund-Quarterly Interval Fund-Series-III-Institutional Plan-Growth Option,INF204K01DW6,Ambiguous
120798,Nippon India Yearly Interval Fund - Series 1 - Growth Plan - Growth Option,INF204K01M05,Ambiguous
122219,DWS Banking and PSU Debt fund- Direct Plan-  Quarterly Bonus,INF223J01VG3,Ambiguous
122164,DWS Banking and PSU Debt fund- Direct Plan-  Regular Bonus,INF223J01VI9,Ambiguous
122211,DWS Cash Opportunities Fund - Direct Plan - Monthly Bonus,INF223J01VS8,Ambiguous
122216,DWS Low Duration Fund - Direct Plan -  Quarterly Bonus,INF223J01WK3,Ambiguous
122221,DWS Premier Bond Fund - Direct Plan - Half-Yearly Bonus,INF223J01WG1,Ambiguous
118981,DWS Short Maturity Fund - Direct Plan - Bonus,INF223J01OV7,Ambiguous
122218,DWS Short Maturity Fund - Direct Plan - Half Yearly Bonus,INF223J01WI7,Ambiguous
122677,DWS Ultra Short Term Fund - Direct Plan - Annual Bonus,INF223J01XI5,Ambiguous
119043,DWS Ultra Short Term Fund - Direct Plan - Bonus,INF223J01QK5,Ambiguous
122208,DWS Ultra Short Term Fund - Direct Plan - Monthly Bonus,INF223J01VK5,Ambiguous
122652,Reliance Yearly Interval Fund - Series 8 - Growth Plan - Growth Option,INF204K01V04,Ambiguous
122729,Reliance Yearly Interval Fund - Series 9 - Growth Plan - Growth Option,INF204K01V61,Ambiguous
122270,DHFL Pramerica Credit Opportunities Fund-Direct Plan-Bonus Option,INF663L01BQ7,Ambiguous
122265,DHFL Pramerica Dynamic Monthly Income Fund-Direct Plan-Bonus Option,INF663L01BM6,Ambiguous
122271,DHFL Pramerica Short Term Floating Rate Fund-Direct Plan-Bonus Option,INF663L01BS3,Ambiguous
122264,DHFL Pramerica Short Term Income Fund-Direct Plan-Bonus Option,INF663L01BK0,Ambiguous
122268,DHFL Pramerica Treasury Advantage Fund-Direct Plan-Bonus Option,INF663L01BO2,Ambiguous
122261,DHFL Pramerica Ultra Short Term Bond Fund-Direct Plan-Bonus Option,INF663L01BI4,Ambiguous
119003,DWS Insta Cash Plus Fund - Direct Plan -  Regular Bonus,INF223J01NQ9,Ambiguous
122205,DWS Insta Cash Plus Fund - Direct Plan -Monthly Bonus,INF223J01VE8,Ambiguous
122210,DWS Treasury Fund - Cash Plan - Direct Plan - Monthly Bonus,INF223J01VO7,Ambiguous
122214,DWS Treasury Fund - Investment Plan - Direct Plan -  Quarterly Bonus,INF223J01VQ2,Ambiguous
119021,DWS Treasury Fund - Investment Plan - Direct Plan - Bonus,INF223J01PP6,Ambiguous
122793,Religare Invesco Overnight Fund - Direct Plan - Bonus Option,INF205K01VH6,Ambiguous
122314,JM Floater Short Term Fund (Direct) - Bonus Option - Principal Units,INF192K01EV3,Ambiguous
122258,DHFL Pramerica Liquid Fund-Direct Plan-Bonus Option,INF663L01BE3,Ambiguous
122289,BNP Paribas Government Securities Fund - Growth Option,INF251K01JF9,Ambiguous
122224,DWS Gilt Fund - Direct Plan - Half Yearly Bonus,INF223J01VM1,Ambiguous
122801,Religare Invesco GILT Fund - Short Duration Plan - Direct Plan - Bonus Option,INF205K01VL8,Ambiguous
118878,Taurus Ethical Fund-Direct Plan-Bonus Option #,INF044D01CM4,Ambiguous
122787,Religare Invesco Liquid Fund - Direct Plan - Bonus Option,INF205K01VG8,Ambiguous
118328,Sundaram Money Fund Regular Plan - Bonus,INF903J01MB0,Ambiguous
122803,Religare Invesco Medium Term Bond Fund - Direct Plan - Bonus Option,INF205K01VM6,Ambiguous
122320,JM Money Manager Fund - Super Plus Plan (Direct) - Bonus Option - Principal units,,Ambiguous
122318,JM Money Manger Fund - Super Plan (Direct) Bonus Option Principal Units,,Ambiguous
122316,JM Ultra Short Duration Fund (Direct) - Bonus Option - Principal Units,INF192K01FD8,Ambiguous
122795,Religare Invesco Credit Opportunities Fund - Direct Plan - Bonus Option,INF205K01VI4,Ambiguous
122797,Religare Invesco Short Term Fund - Direct Plan - Bonus Option,INF205K01VJ2,Ambiguous
122711,360 ONE Dynamic Bond Fund Regular Plan Bonus,INF579M01191,Ambiguous
122323,JM Dynamic Bond Fund (Regular) - Bonus Option - Principal Units,INF192K01EX9,Ambiguous
122315,JM Dynamic Bond Fund - (Direct) - Bonus Option-Principal Units,INF192K01EZ4,Ambiguous
122259,DHFL Pramerica Dynamic Bond Fund-Direct Plan-Bonus Option,INF663L01BG8,Ambiguous
122805,Religare Invesco Bank Debt Fund - Direct Plan - Bonus Option,INF205K01VN4,Ambiguous
122798,Religare Invesco GILT Fund - Long Duration Plan - Direct Plan - Bonus Option,INF205K01VB9,Ambiguous
122784,Invesco India Arbitrage Fund - Direct Plan - Bonus Option,INF205K01VO2,Ambiguous
122088,Baroda Pioneer Fixed Maturity Plan - Series C - Plan A- Growth Option,INF955L01BX3,Ambiguous
122288,BNP Paribas Capital Protection Oriented Fund - Growth,INF251K01IX4,Ambiguous
122589,HDFC FMP 1107D May 2013 (1)-Direct Option-Flexi Option,INF179K01R68,Ambiguous
122584,HDFC FMP 1107D May 2013 (1)-Regular Option-Flexi Option,INF179K01S00,Ambiguous
122174,HDFC FMP 366D April 2013 (1)-Direct Option-Flexi Option,INF179K01K81,Ambiguous
122171,HDFC FMP 366D April 2013 (1)-Regular Option-Flexi Option,INF179K01L23,Ambiguous
122200,HDFC FMP 366D April 2013 (2)-Direct Option-Flexi Option,INF179K01N21,Ambiguous
122196,HDFC FMP 366D April 2013 (2)-Regular Option-Flexi Option,INF179K01N62,Ambiguous
122478,HDFC FMP 366D May 2013 (1)-Direct Option-Flexi Option,INF179K01Q02,Ambiguous
122476,HDFC FMP 366D May 2013 (1)-Regular Option-Flexi Option,INF179K01Q44,Ambiguous
122482,HDFC FMP 366D May 2013 (2)-Direct Option-Flexi Option,INF179K01P29,Ambiguous
122485,HDFC FMP 366D May 2013 (2)-Regular Option-Flexi Option,INF179K01P60,Ambiguous
122827,HDFC FMP 369D June 2013 (1)-Direct Option-Flexi Option,,Ambiguous
122822,HDFC FMP 369D June 2013 (1)-Regular Option-Flexi Option,,Ambiguous
122182,HDFC FMP 370D April 2013 (1)-Direct Option-Flexi Option,INF179K01L64,Ambiguous
122178,HDFC FMP 370D April 2013 (1)-Regular Option-Flexi Option,INF179K01M06,Ambiguous
122192,HDFC FMP 370D April 2013 (2)-Direct Option-Flexi Option,INF179K01M48,Ambiguous
122188,HDFC FMP 370D April 2013 (2)-Regular Option-Flexi Option,INF179K01M89,Ambiguous
122466,HDFC FMP 370D May 2013 (1)-Direct Option-Flexi Option,INF179K01Q85,Ambiguous
122470,HDFC FMP 370D May 2013 (1)-Regular Option-Flexi Option,INF179K01R27,Ambiguous
122638,HDFC FMP 372D May 2013 (1)-Direct Option-Flexi Option,INF179K01T41,Ambiguous
122634,HDFC FMP 372D May 2013 (1)-Regular Option-Flexi Option,INF179K01T82,Ambiguous
122335,HDFC FMP 405D April 2013 (1)-Direct Option-Flexi Option,INF179K01O04,Ambiguous
122333,HDFC FMP 405D April 2013 (1)-Regular Option-Flexi Option,INF179K01O87,Ambiguous
122379,HSBC Capital Protection Oriented Fund - Series I - Plan I - Growth,INF336L01FE7,Ambiguous
121794,ICICI Prudential Capital Protection Oriented Fund III - PLAN H - 60 Months - Direct Plan - Cumulative,INF109K015V1,Ambiguous
121968,ICICI Prudential Fixed Maturity Plan-Series 67-366 Days Plan G - Direct Plan - Cumulative,INF109K013W4,Ambiguous
121965,ICICI Prudential Fixed Maturity Plan-Series 67-366 Days Plan G - Regular Plan - Cumulative,INF109K011W8,Ambiguous
122246,ICICI Prudential Fixed Maturity Plan-Series 67-366 Days Plan J - Direct Plan - Cumulative,INF109K017X3,Ambiguous
122248,ICICI Prudential Fixed Maturity Plan-Series 67-366 Days Plan J - Regular Plan - Cumulative,INF109K019X9,Ambiguous
121731,ICICI Prudential Fixed Maturity Plan-Series 67-371 Days Plan C - Direct Plan - Cumulative,INF109K011T4,Ambiguous
121733,ICICI Prudential Fixed Maturity Plan-Series 67-371 Days Plan C - Regular Plan - Cumulative,INF109K019S9,Ambiguous
121887,ICICI Prudential Fixed Maturity Plan-Series 67-371 Days Plan E - Direct Plan - Cumulative,INF109K017U9,Ambiguous
121889,ICICI Prudential Fixed Maturity Plan-Series 67-371 Days Plan E - Regular Plan - Cumulative,INF109K015U3,Ambiguous
121955,ICICI Prudential Fixed Maturity Plan-Series 67-740 Days Plan H - Direct Plan - Cumulative,INF109K019V3,Ambiguous
122273,ICICI Prudential Fixed Maturity Plan-Series 67-745 Days Plan K - Direct Plan - Cumulative,INF109KB1FO1,Ambiguous
122694,ICICI Prudential Fixed Maturity Plan-Series 68-368 Days Plan D - Direct Plan - Cumulative,INF109KA1541,Ambiguous
122692,ICICI Prudential Fixed Maturity Plan-Series 68-368 Days Plan D - Regular Plan - Cumulative,INF109KA1525,Ambiguous
122773,ICICI Prudential Fixed Maturity Plan-Series 68-369 Days Plan E - Direct Plan - Cumulative,INF109KA1665,Ambiguous
122775,ICICI Prudential Fixed Maturity Plan-Series 68-369 Days Plan E - Regular Plan - Cumulative,INF109KA1640,Ambiguous
122608,ICICI Prudential Fixed Maturity Plan-Series 68-745 Days Plan C - Direct Plan - Cumulative,INF109KB1IN7,Ambiguous
121510,ICICI Prudential Multiple Yield Fund - Series 3 - Plan A - Direct Plan - Cumulative,INF109K019R1,Ambiguous
122249,ICICI Prudential Multiple Yield Fund - Series 3 - Plan B - Direct Plan - Cumulative,INF109K015X7,Ambiguous
122403,ICICI Prudential Multiple Yield Fund - Series 3 - Plan C - Direct Plan - Cumulative,INF109KA1079,Ambiguous
122439,ICICI Prudential Multiple Yield Fund - Series 3 - Plan D - Direct Plan - Cumulative,INF109KB1WO6,Ambiguous
122532,ICICI Prudential Multiple Yield Fund - Series 4 - 1825 Days - Plan A - Direct Plan - Cumulative,INF109KA1285,Ambiguous
122590,Religare Invesco Fixed Maturity Plan - Series XIX - Plan A (367 Days) - Growth,INF205K01QA1,Ambiguous
121867,Religare Invesco Fixed Maturity Plan - Series XVIII - Plan C (25 months) - Growth Option,INF205K012A5,Ambiguous
121874,Religare Invesco Fixed Maturity Plan - Series XVIII - Plan D (368 days) - Growth Option,INF205K01PO4,Ambiguous
122084,Religare Invesco Fixed Maturity Plan - Series XVIII - Plan E (374 days) - Growth Option,INF205K01PS5,Ambiguous
122008,Kotak FMP Series 101 - Growth,,Ambiguous
122108,Kotak FMP Series 102 - Growth,,Ambiguous
122770,Kotak FMP Series 104 Growth,,Ambiguous
122542,LIC MF FIXED MATURITY PLAN SERIES 64 - GROWTH,INF767K01NN0,Ambiguous
122547,LIC NOMURA MF FIXED MATURITY PLAN SERIES 55 - GROWTH,INF767K01BE4,Ambiguous
122143,LIC NOMURA MF FIXED MATURITY PLAN SERIES 62 - GROWTH,INF767K01CO1,Ambiguous
122461,LIC NOMURA MF FIXED MATURITY PLAN SERIES 63 - GROWTH,INF767K01CS2,Ambiguous
122783,LIC NOMURA MF FIXED MATURITY PLAN SERIES 66 - GROWTH,INF767K01DE0,Ambiguous
122237,Reliance Dual Advantage Fixed Tenure Fund III - Plan B - Growth Option,INF204K01N04,Ambiguous
122511,Reliance Dual Advantage Fixed Tenure Fund III - Plan C - Growth Option,INF204K01N46,Ambiguous
122457,Reliance Fixed Horizon Fund - XXIII - Series 11 - Growth Option,INF204K014B0,Ambiguous
122614,Reliance Fixed Horizon Fund - XXIII - Series 12 - Growth Option,INF204K018B1,Ambiguous
121727,Reliance Fixed Horizon Fund - XXIII - Series 6 - Growth Option,INF204K01Z42,Ambiguous
121758,Reliance Fixed Horizon Fund - XXIII - Series 8 - Growth Option,INF204K012A6,Ambiguous
121930,Reliance Fixed Horizon Fund - XXIII - Series 9 - Growth Option,INF204K016A7,Ambiguous
122327,Reliance Fixed Horizon Fund XXIII - Series 10 -Growth Option,INF204KA1Y91,Ambiguous
122080,Reliance Yearly Interval Fund - Series 6 - Growth Option,INF204K01T81,Ambiguous
122226,Reliance Yearly Interval Fund - Series 7- Growth Option,INF204K01U47,Ambiguous
121837,Tata FMP Series 42 Scheme D- Plan A -Growth Option,,Ambiguous
122740,Tata FMP Series 42 Scheme I- Plan A -Growth Option,,Ambiguous
122122,UTI FTIF Series XIV -VIII (371 DAYS) - Growth Option,INF789F01G37,Ambiguous
122367,UTI FTIF Series XV -I (368 DAYS) - Annual Div. Option - Direct,INF789F01J00,Ambiguous
122365,UTI FTIF Series XV -I (368 DAYS) - Growth Option,INF789F01I76,Ambiguous
122514,UTI FTIF Series XV -II (367 DAYS) - Growth Option,INF789F01J91,Ambiguous
122555,UTI FTIF Series XV -III (366 DAYS) - Growth Option,INF789F01L71,Ambiguous
122624,UTI FTIF Series XV -IV (368 DAYS) - Growth Option,INF789F01M96,Ambiguous
122760,UTI FTIF Series XV -V (366 DAYS) - Growth Option,INF789F01O11,Ambiguous
122373,UTI-FMP-Yearly Series Apr 2013 - Growth Option,INF789F01K80,Ambiguous
122683,DWS Short Maturity Fund - Direct Plan - Annual Bonus,INF223J01XC8,Ambiguous
109679,ICICI Prudential Interval Fund Monthly Interval Plan I - Growth,INF109K01OJ1,Ambiguous
122836,ICICI Prudential Interval Fund - Series VI - Annual Interval Plan - F - Direct Plan - Cumulative,INF109KA1707,Ambiguous
122838,ICICI Prudential Interval Fund - Series VI - Annual Interval Plan - F - Regular Plan - Cumulative,INF109KA1681,Ambiguous
110663,ICICI Prudential Interval Fund II Quarterly Interval Plan A - Growth,INF109K01MR8,Ambiguous
120325,LIC NOMURA MF Floater MIP - Direct Plan-Monthly Option,INF767K01FW7,Ambiguous
119055,DWS Gilt Fund - Direct Plan -  Regular Bonus,INF223J01NA3,Ambiguous
122909,ICICI Prudential Short Term Fund - Direct Plan - Bonus,INF109KA1368,Ambiguous
123690,Kotak Banking and PSU Debt - Growth,INF174K01FO3,Ambiguous
118673,Nippon India Gilt  Fund - Direct Plan - P F Option - Defined Maturity Date Option,INF204K01E88,Ambiguous
120478,Axis Conservative Hybrid Fund - Direct Plan - Half Yearly,INF846K01EB6,Ambiguous
123183,ICICI Prudential Regular Savings Fund - Direct Plan - Bonus,INF109KA1301,Ambiguous
123651,ICICI Prudential Global Stable Equity Fund (FOF) - Growth,INF109KA1CB6,Ambiguous
123900,Baroda Pioneer Fixed Maturity Plan Series D -Plan A- Growth,INF955L01CB7,Ambiguous
123908,Baroda Pioneer Fixed Maturity Plan Series E- Plan A- Growth,INF955L01EZ2,Ambiguous
124438,Baroda Pioneer Fixed Maturity Plan-Series F-Plan A- Growth,INF955L01CJ0,Ambiguous
124449,Baroda Pioneer Fixed Maturity Plan -Series G- Plan A- Growth,INF955L01CN2,Ambiguous
122856,BNP Paribas Capital Protection Oriented Fund Series II - Growth Option,INF251K01OF9,Ambiguous
123037,BNP Paribas Fixed Term Fund - Series 26 A - Growth option,INF251K01KA8,Ambiguous
123066,BNP Paribas Fixed Term Fund - Series 26 B - Growth option,INF251K01KG5,Ambiguous
123309,BNP Paribas Fixed Term Fund - Series 26 C - Growth option,INF251K01KM3,Ambiguous
123842,BNP Paribas Fixed Term Fund - Series 27 A - Growth option,INF251K01KU6,Ambiguous
123866,BNP Paribas Fixed Term Fund - Series 27 B - Growth option,INF251K01LC2,Ambiguous
123413,HDFC FMP 1001D August 2013 (1)-Direct Option-Flexi Option,INF179K014B1,Ambiguous
123416,HDFC FMP 1001D August 2013 (1)-Regular Option-Flexi Option,INF179K018B2,Ambiguous
123199,HDFC FMP 1143D July 2013 (1)-Direct Option-Flexi Option,INF179K01Y28,Ambiguous
123198,HDFC FMP 1143D July 2013 (1)-Regular Option-Flexi Option,INF179K01Y69,Ambiguous
123401,HDFC FMP 1846D August 2013 (1) - Growth Option,INF179KB15P8,Ambiguous
123404,HDFC FMP 1846D August 2013 (1)-Direct Option-Flexi Option,INF179KB14P1,Ambiguous
123407,HDFC FMP 1846D August 2013 (1)-Regular Option-Flexi Option,INF179K012A7,Ambiguous
123736,HDFC FMP 1875D August 2013 (1) - Direct Option - Flexi Option,INF179K017E8,Ambiguous
123739,HDFC FMP 1875D August 2013 (1) - Regular Option - Flexi Option,INF179K012F6,Ambiguous
123346,HDFC FMP 370D August 2013 (1)-Direct Option-Flexi Option,INF179K016A8,Ambiguous
123352,HDFC FMP 370D August 2013 (1)-Regular Option-Flexi Option,INF179KA1VE5,Ambiguous
123532,HDFC FMP 370D August 2013 (2) - Direct Option - Flexi Option,INF179K012C3,Ambiguous
123531,HDFC FMP 370D August 2013 (2) - Regular Option - Flexi Option,INF179KA1WG8,Ambiguous
123620,HDFC FMP 370D August 2013 (3) - Direct Option - Flexi Option,INF179K014D7,Ambiguous
123615,HDFC FMP 370D August 2013 (3) - Regular Option - Flexi Option,INF179KA1WQ7,Ambiguous
123958,HDFC FMP 370D August 2013 (4)-Direct Option-Flexi Option,INF179KA1XC5,Ambiguous
123955,HDFC FMP 370D August 2013 (4)-Regular Option-Flexi Option,INF179K010G8,Ambiguous
122875,HDFC FMP 370D July 2013 (1)-Direct Option-Flexi Option,INF179K01V05,Ambiguous
122872,HDFC FMP 370D July 2013 (1)-Regular Option-Flexi Option,INF179K01V47,Ambiguous
122930,HDFC FMP 370D July 2013 (2)-Direct Option-Flexi Option,INF179K01V88,Ambiguous
122929,HDFC FMP 370D July 2013 (2)-Regular Option-Flexi Option,INF179K01W20,Ambiguous
123176,HDFC FMP 370D July 2013 (3)-Direct Option-Flexi Option,INF179K01X45,Ambiguous
123173,HDFC FMP 370D July 2013 (3)-Regular Option-Flexi Option,INF179KA1VA3,Ambiguous
124164,HDFC FMP 370D September 2013 (1)-Direct Option-Flexi Option,INF179K015G7,Ambiguous
124161,HDFC FMP 370D September 2013 (1)-Regular Option-Flexi Option,INF179K019G9,Ambiguous
124342,HDFC FMP 370D September 2013 (2)-Direct Option-Flexi Option,INF179K011I2,Ambiguous
124346,HDFC FMP 370D September 2013 (2)-Regular Option-Flexi Option,INF179K017H1,Ambiguous
124508,HDFC FMP 370D September 2013 (3)-Direct Option-Flexi Option,INF179KA1YI0,Ambiguous
124503,HDFC FMP 370D September 2013 (3)-Regular Option-Flexi Option,INF179K019I5,Ambiguous
124514,HDFC FMP 370D September 2013 (4)-Direct Option-Flexi Option,INF179K017J7,Ambiguous
124513,HDFC FMP 370D September 2013 (4)-Regular Option-Flexi Option,INF179K011K8,Ambiguous
124711,HDFC FMP 370D September 2013 (5)-Direct Option-Flexi Option,INF179K011M4,Ambiguous
124715,HDFC FMP 370D September 2013 (5)-Regular Option-Flexi Option,INF179K015M5,Ambiguous
123396,HDFC FMP 371D August 2013 (1)-Direct Option-Flexi Option,INF179K01Z01,Ambiguous
123394,HDFC FMP 371D August 2013 (1)-Regular Option-Flexi Option,INF179KA1VQ9,Ambiguous
122986,HDFC FMP 371D July 2013 (1)-Direct Option-Flexi Option,INF179KA1UO6,Ambiguous
122988,HDFC FMP 371D July 2013 (1)-Regular Option-Flexi Option,INF179KA1US7,Ambiguous
124554,HDFC FMP 371D September 2013 (1)-Direct Option-Flexi Option,INF179K013L2,Ambiguous
124548,HDFC FMP 371D September 2013 (1)-Regular Option-Flexi Option,INF179K017L3,Ambiguous
124546,HDFC FMP 742D September 2013 (1)-Direct Option-Flexi Option,INF179K015K9,Ambiguous
124544,HDFC FMP 742D September 2013 (1)-Regular Option-Flexi Option,,Ambiguous
123253,HSBC Fixed Term Series 91-Growth,INF336L01FV1,Ambiguous
123716,HSBC Fixed Term Series 94-Growth,NF336L01FZ2,Ambiguous
123721,HSBC Fixed Term Series 95-Growth,INF336L01GD7,Ambiguous
124012,HSBC Fixed Term Series 96 - Growth Option,INF336L01GH8,Ambiguous
122954,ICICI Prudential Capital Protection Oriented Fund IV - PLAN A - 60 Months - Direct Plan - Cumulative,INF109KA1848,Ambiguous
123559,ICICI Prudential Capital Protection Oriented Fund IV - PLAN C - 60 Months - Direct Plan - Cumulative,INF109KA1BP8,Ambiguous
123543,ICICI Prudential Fixed Maturity Plan-Series 69-1821 Days Plan I - Direct Plan - Cumulative,INF109KA1BT0,Ambiguous
122892,ICICI Prudential Fixed Maturity Plan-Series 68-368 Days Plan G - Direct Plan - Cumulative,INF109KA1ZH4,Ambiguous
123000,ICICI Prudential Fixed Maturity Plan-Series 68-369 Days Plan I - Direct Plan - Cumulative,INF109KA1ZM4,Ambiguous
123074,ICICI Prudential Fixed Maturity Plan-Series 68-369 Days Plan K - Direct Plan - Cumulative,INF109KA1ZY9,Ambiguous
123110,ICICI Prudential Fixed Maturity Plan-Series 68-704 Days Plan L - Direct Plan - Cumulative,INF109KB1JT2,Ambiguous
122776,ICICI Prudential Fixed Maturity Plan-Series 68-745 Days Plan F - Direct Plan - Cumulative,INF109KB1KH5,Ambiguous
122896,ICICI Prudential Fixed Maturity Plan-Series 68-745 Days Plan H - Direct Plan - Cumulative,INF109KB1LF7,Ambiguous
122996,ICICI Prudential Fixed Maturity Plan-Series 68-745 Days Plan J - Direct Plan - Cumulative,INF109KB1LJ9,Ambiguous
123994,ICICI Prudential Fixed Maturity Plan-Series 69-1092 Days Plan L - Direct Plan - Cumulative,INF109KA1CX0,Ambiguous
123370,ICICI Prudential Fixed Maturity Plan-Series 69-1093 Days Plan F - Direct Plan - Cumulative,INF109KA1AN5,Ambiguous
123482,ICICI Prudential Fixed Maturity Plan-Series 69-1821 Days Plan H - Direct Plan - Cumulative,INF109KA1BL7,Ambiguous
123258,ICICI Prudential Fixed Maturity Plan-Series 69-219 Days Plan C - Direct Plan - Cumulative,INF109KA1AZ9,Ambiguous
123256,ICICI Prudential Fixed Maturity Plan-Series 69-219 Days Plan C - Regular Plan - Cumulative,INF109KA1BB8,Ambiguous
123184,ICICI Prudential Fixed Maturity Plan-Series 69-366 Days Plan A - Direct Plan - Cumulative,INF109KA1A25,Ambiguous
123478,ICICI Prudential Fixed Maturity Plan-Series 69-366 Days Plan G - Direct Plan - Cumulative,INF109KA1J42,Ambiguous
123627,ICICI Prudential Fixed Maturity Plan-Series 69-369 Days Plan J - Direct Plan - Cumulative,INF109KA1P28,Ambiguous
123944,ICICI Prudential Fixed Maturity Plan-Series 69-372 Days Plan K - Direct Plan - Cumulative,INF109KA1Q43,Ambiguous
123363,ICICI Prudential Fixed Maturity Plan-Series 69-433 Days Plan E - Direct Plan - Cumulative,INF109KA18C9,Ambiguous
123280,ICICI Prudential Fixed Maturity Plan-Series 69-693 Days Plan D - Direct Plan - Cumulative,INF109KB1KD4,Ambiguous
123259,ICICI Prudential Fixed Maturity Plan-Series 69-698 Days Plan B - Direct Plan - Cumulative,INF109KB1JP0,Ambiguous
124143,ICICI Prudential Fixed Maturity Plan-Series 70-366 Days Plan B - Direct Plan - Cumulative,INF109KA1Q84,Ambiguous
124495,ICICI Prudential Fixed Maturity Plan-Series 70-366 Days Plan I - Direct Plan - Cumulative,INF109KA1U62,Ambiguous
124215,ICICI Prudential Fixed Maturity Plan-Series 70-367 Days Plan C - Direct Plan - Cumulative,INF109KA1T08,Ambiguous
124361,ICICI Prudential Fixed Maturity Plan-Series 70-368 Days Plan J - Direct Plan - Cumulative,INF109KA1U21,Ambiguous
124079,ICICI Prudential Fixed Maturity Plan-Series 70-369 Days Plan E - Direct Plan - Cumulative,INF109KA1S66,Ambiguous
124219,ICICI Prudential Fixed Maturity Plan-Series 70-742 Days Plan D - Direct Plan - Cumulative,INF109KA1DR0,Ambiguous
123988,ICICI Prudential Fixed Maturity Plan-Series 70-745 Days Plan A - Direct Plan - Cumulative,INF109KB1NJ5,Ambiguous
124317,ICICI Prudential Fixed Maturity Plan-Series 70-745 Days Plan G - Direct Plan - Cumulative,INF109KA1EH9,Ambiguous
122661,ICICI Prudential Multiple Yield Fund - Series 4 - 1100 Days - Plan C - Direct Plan - Cumulative,INF109KA1467,Ambiguous
122850,ICICI Prudential Multiple Yield Fund - Series 4 - 1100 Days - Plan E - Direct Plan - Cumulative,INF109KA1822,Ambiguous
122659,ICICI Prudential Multiple Yield Fund - Series 4 - 1825 Days - Plan B - Direct Plan - Cumulative,INF109KA1509,Ambiguous
122754,ICICI Prudential Multiple Yield Fund - Series 4 - 1825 Days - Plan D - Direct Plan - Cumulative,INF109KA1582,Ambiguous
124140,ICICI Prudential Multiple Yield Fund - Series 5 - 1100 Days - Plan A - Direct Plan - Cumulative,INF109KA1DF5,Ambiguous
123082,Invesco India Fixed Maturity Plan - Series XIX - Plan C (367 Days) - Growth,INF205K01P76,Ambiguous
123375,Invesco India Fixed Maturity Plan - Series XIX - Plan E (3 Years) - Growth Option,INF205K01QQ7,Ambiguous
123540,Invesco India Fixed Maturity Plan - Series XIX - Plan F (370 Days) - Growth Option,INF205K01Q26,Ambiguous
123834,Invesco India Fixed Maturity Plan - Series XX - Plan B (601 Days) - Growth option,INF205K016A6,Ambiguous
123086,Religare Invesco Fixed Maturity Plan - Series XIX - Plan D (224 Days) - Growth,INF205K01QM6,Ambiguous
123887,Religare Invesco Fixed Maturity Plan - Series XX - Plan C (369 Days) - Growth,INF205K01VY1,Ambiguous
124478,Religare Invesco Fixed Maturity Plan - Series XX  - Plan F (370 Days) - Growth,INF205K01WK8,Ambiguous
123726,Religare Invesco Fixed Maturity Plan - Series XX - Plan A (90 Days) - Growth Option,INF205K01VQ7,Ambiguous
124244,Religare Invesco Fixed Maturity Plan - Series XX - Plan E (370 Days) - Growth Option,INF205K01WG6,Ambiguous
124499,JM Fixed Maturity Fund - Series XXIV - Plan A (JM FMF - XXIV - A) - Growth Option,INF192K01FO5,Ambiguous
123107,Kotak FMP Series 105 Growth,INF174K01YX5,Ambiguous
123190,Kotak FMP Series 106 Growth,INF174K01ZB8,Ambiguous
123194,Kotak FMP Series 107 Growth,INF174K01ZF9,Ambiguous
123328,Kotak FMP Series 108 Growth,INF174K01PJ2,Ambiguous
123427,Kotak FMP Series 109 Growth,INF174K01ZJ1,Ambiguous
123430,Kotak FMP Series 110 Growth,INF174K01ZN3,Ambiguous
123582,Kotak FMP Series 111 Growth,INF174K01ZR4,Ambiguous
123621,Kotak FMP Series 112 - Growth,INF174K01ZV6,Ambiguous
123790,Kotak FMP Series 113 (1094 Days) - Growth,INF174K01QD3,Ambiguous
123966,Kotak FMP Series 114 (370 Days) - Growth,INF174K01A39,Ambiguous
123970,Kotak FMP Series 115 (370 Days) - Growth,INF174K01A70,Ambiguous
124035,Kotak FMP Series 116 (370 Days) - Growth,INF174K01B12,Ambiguous
124038,Kotak FMP Series 117 (370 Days) - Growth,INF174K01B53,Ambiguous
124245,Kotak FMP Series 118 (370 Days) - Growth,INF174K01B95,Ambiguous
124396,Kotak FMP Series 119 (370 Days) - Growth,INF174K01C37,Ambiguous
124283,Kotak FMP Series 120 (180 Days) - Growth,,Ambiguous
122701,Reliance Dual Advantage Fixed Tenure Fund III - Plan D - Growth Option,INF204K01N87,Ambiguous
122910,Reliance Dual Advantage Fixed Tenure Fund IV - Plan A - Growth Option,INF204KA1644,Ambiguous
123452,Reliance Dual Advantage Fixed Tenure Fund IV - Plan B - Growth Option,INF204KA1685,Ambiguous
122846,Reliance Fixed Horizon Fund - XXIV - Series 1 - Growth Option,INF204K013W8,Ambiguous
123454,Reliance Fixed Horizon Fund - XXIV - Series 10 - Growth Option,INF204K019Z8,Ambiguous
123458,Reliance Fixed Horizon Fund - XXIV - Series 11 - Growth Option,INF204KA1TN9,Ambiguous
123502,Reliance Fixed Horizon Fund - XXIV - Series 12-Growth Option,INF204KA1081,Ambiguous
123567,Reliance Fixed Horizon Fund - XXIV - Series 13 -Growth Option,INF204KA1123,Ambiguous
123596,Reliance Fixed Horizon Fund - XXIV - Series 14-Growth Option,INF204KA1164,Ambiguous
123740,Reliance Fixed Horizon Fund - XXIV - Series 15-Growth Option,INF204KA1UJ5,Ambiguous
123985,Reliance Fixed Horizon Fund - XXIV - Series 16 - Growth Plan,INF204KA1UW8,Ambiguous
124096,Reliance Fixed Horizon Fund - XXIV - Series 17-Growth Option,INF204KA1VE4,Ambiguous
124210,Reliance Fixed Horizon Fund - XXIV - Series 18-Growth Option,INF204KA1VK1,Ambiguous
124223,Reliance Fixed Horizon Fund - XXIV - Series 19 -Growth Option,INF204KA1362,Ambiguous
122900,Reliance Fixed Horizon Fund - XXIV - Series 2 - Growth Option,INF204K017W9,Ambiguous
123052,Reliance Fixed Horizon Fund - XXIV - Series 3-Growth Option,INF204KA1SD2,Ambiguous
123070,Reliance Fixed Horizon Fund - XXIV - Series 4-Growth Option,INF204KA1TB4,Ambiguous
123150,Reliance Fixed Horizon Fund - XXIV - Series 5 - Growth Option,INF204K019X3,Ambiguous
123208,Reliance Fixed Horizon Fund - XXIV - Series 6 - Growth Option,INF204KA19A0,Ambiguous
123213,Reliance Fixed Horizon Fund - XXIV - Series 7 - Growth Option,INF204K017Y5,Ambiguous
123341,Reliance Fixed Horizon Fund - XXIV - Series 8-Growth Option,INF204K011Z5,Ambiguous
123372,Reliance Fixed Horizon Fund - XXIV - Series 9-Growth Option,INF204KA1TJ7,Ambiguous
124336,Reliance Interval Fund I - Half yearly Interval Fund - Series 2-Growth Plan,INF204K011O9,Ambiguous
122744,Tata Dual Advantage Fund Scheme A-Plan A:Growth,INF277K01ST6,Ambiguous
123157,Tata FMP Series 43 Scheme A- Plan A -Growth Option,INF277K01F55,Ambiguous
123158,Tata FMP Series 43 Scheme B- Plan A -Growth Option,INF277K01TO5,Ambiguous
123547,Tata FMP Series 43 Scheme C- Plan A -Growth Option,INF277K01G05,Ambiguous
123551,Tata FMP Series 43 Scheme D- Plan A -Growth Option,INF277K01G88,Ambiguous
124018,Tata FMP Series 44 Scheme A- Plan A -Growth Option,INF277K01H87,Ambiguous
124022,Tata FMP Series 44 Scheme B- Plan A -Growth Option,INF277K01H46,Ambiguous
123129,UTI FTIF Series XV -IX (366 DAYS)- Growth Option,INF789F01R75,Ambiguous
122828,UTI FTIF Series XV -VI (368 DAYS) - Growth Option,INF789F01P36,Ambiguous
122918,UTI FTIF Series XV -VII (369 DAYS) -Growth Option,INF789F01Q50,Ambiguous
123121,UTI FTIF Series XV -VIII (368 DAYS) - Growth Option,INF789FA1YD0,Ambiguous
123666,UTI FTIF Series XV -X (368 DAYS) - Growth Option,INF789FA1ZJ4,Ambiguous
123888,UTI FTIF Series XVI - I (366 DAYS) - Growth Option,INF789FA1B31,Ambiguous
123922,UTI FTIF Series XVI - II (1100 DAYS) - Growth Option,INF789F01V53,Ambiguous
123934,UTI FTIF Series XVI - III (368 DAYS) - Growth Option,INF789FA1C71,Ambiguous
124560,UTI FTIF Series XVI - IV (369 DAYS) - Growth Option,INF789FA1G51,Ambiguous
124675,UTI FTIF Series XVI - V (731 DAYS)- Growth Option,INF789F013A4,Ambiguous
122978,DWS Cash Opportunities Fund - Direct Plan -  Annual  Bonus,INF223J01WS6,Ambiguous
119046,DWS Cash Opportunities Fund - Direct Plan - Bonus,INF223J01MP3,Ambiguous
124678,Reliance Interval Fund - II - Series 1 -Growth Plan,INF204KA1AL3,Ambiguous
124748,Reliance Interval Fund - II - Series 2 - Growth Plan - Growth Option,INF204KA1AR0,Ambiguous
124752,Reliance Interval Fund - II - Series 3 - Growth Plan - Growth Option,INF204KA1AX8,Ambiguous
124874,Reliance Interval Fund - II - Series 4-Growth Plan-Growth Option,INF204KA1BD8,Ambiguous
122675,DWS Insta Cash Plus Fund - Direct Plan -  Annual Bonus Option,INF223J01WW8,Ambiguous
125385,PineBridge India - US Equity Fund - Standard Plan - Growth option,INF178L01CI1,Ambiguous
119300,BANK OF INDIA Large & Mid Cap Fund Direct Plan- Bonus,INF761K01629,Ambiguous
126163,IDBI Liquid Fund Bonus Direct,INF397L01FP5,Ambiguous
126164,IDBI Liquid Fund Bonus Regular,INF397L01FO8,Ambiguous
126166,IDBI UST Bonus Direct,INF397L01FN0,Ambiguous
126165,IDBI UST Bonus Regular,INF397L01FM2,Ambiguous
120738,UTI Low Duration Fund - Direct Plan - Bonus Option,INF789F01XH5,Ambiguous
118326,Sundaram Banking & PSU Fund (Formerly Known as Sundaram Banking and PSU Debt Fund) Regular Plan - Bonus,INF903J01LY4,Ambiguous
125675,Baroda Pioneer Fixed Maturity Plan Series H -Plan A- Growth,INF955L01CR3,Ambiguous
126090,Baroda Pioneer Fixed Maturity Plan Series J - Plan A - Growth,INF955L01EB3,Ambiguous
125010,BNP Paribas Dual Advantage Fund - Series I Growth Option,INF251K01LI9,Ambiguous
125996,HDFC FMP 369D December 2013 (1)-Direct Option-Flexi Option,INF179KA1P47,Ambiguous
125992,HDFC FMP 369D December 2013 (1)-Regular Option-Flexi Option,INF179KA1P88,Ambiguous
125545,HDFC FMP 370D November 2013 (1) - Direct Option-Flexi Option,INF179KA1K75,Ambiguous
125548,HDFC FMP 370D November 2013 (1) - Regular Option-Flexi Option,INF179K013X7,Ambiguous
124775,HDFC FMP 370D October 2013 (1) - Direct Option - Flexi Option,INF179K019M7,Ambiguous
124773,HDFC FMP 370D October 2013 (1) - Regular Option - Flexi Option,INF179KA1ZK3,Ambiguous
124882,HDFC FMP 370D October 2013 (2) - Direct Option - Flexi Option,INF179K017N9,Ambiguous
124880,HDFC FMP 370D October 2013 (2) - Regular Option - Flexi Option,INF179KA1A44,Ambiguous
125028,HDFC FMP 370D October 2013 (3) - Direct Option - Flexi Option,INF179K013R9,Ambiguous
125032,HDFC FMP 370D October 2013 (3) - Regular Option - Flexi Option,INF179K017R0,Ambiguous
125142,HDFC FMP 370D October 2013 (4) - Direct Option - Flexi Option,INF179K011S1,Ambiguous
125145,HDFC FMP 370D October 2013 (4) - Regular Option - Flexi Option,INF179KA1E81,Ambiguous
125238,HDFC FMP 370D October 2013 (5)-Direct Option-Flexi Option,INF179K019S4,Ambiguous
125236,HDFC FMP 370D October 2013 (5)-Regular Option-Flexi Option,INF179K013T5,Ambiguous
125704,HDFC FMP 371D December 2013 (1) - Direct Option-Flexi Option,INF179KA1N07,Ambiguous
125707,HDFC FMP 371D December 2013 (1) - Regular Option-Flexi Option,INF179K019Y2,Ambiguous
125874,HDFC FMP 371D December 2013 (2)-Direct Option-Flexi Option,INF179KA1N80,Ambiguous
125872,HDFC FMP 371D December 2013 (2)-Regular Option-Flexi Option,INF179KA1O22,Ambiguous
125322,HDFC FMP 371D November 2013 (1)-Direct Option-Flexi Option,INF179KA1H13,Ambiguous
125326,HDFC FMP 371D November 2013 (1)-Regular Option-Flexi Option,INF179K011U7,Ambiguous
125364,HDFC FMP 371D November 2013 (2)-Direct Option-Flexi Option,INF179K013V1,Ambiguous
125367,HDFC FMP 371D November 2013 (2)-Regular Option-Flexi Option,INF179K017V2,Ambiguous
126148,HDFC FMP 372D December 2013 (1)-Direct Option-Flexi Option,INF179KA1S28,Ambiguous
126152,HDFC FMP 372D December 2013 (1)-Regular Option-Flexi Option,INF179KA1306,Ambiguous
124969,HDFC FMP 372D October 2013 (1) - Direct Option - Flexi Option,INF179K015O1,Ambiguous
124965,HDFC FMP 372D October 2013 (1) - Regular Option - Flexi Option,INF179KA1C00,Ambiguous
125985,HDFC FMP 531D December 2013 (1)-Direct Option-Flexi Option,INF179KA1181,Ambiguous
125988,HDFC FMP 531D December 2013 (1)-Regular Option-Flexi Option,INF179KA1223,Ambiguous
125536,HDFC FMP 538D November 2013 (1) - Direct Option-Flexi Option,INF179KB1AR0,Ambiguous
125540,HDFC FMP 538D November 2013 (1) - Regular Option-Flexi Option,INF179KB1AV2,Ambiguous
125738,HDFC FMP 540D December 2013 (1) - Direct Option-Flexi Option,INF179KB1CT2,Ambiguous
125740,HDFC FMP 540D December 2013 (1) - Regular Option-Flexi Option,INF179KB1CX4,Ambiguous
125335,HDFC FMP 554D November 2013 (1)-Direct Option-Flexi Option,INF179KB1AJ7,Ambiguous
125331,HDFC FMP 554D November 2013 (1)-Regular Option-Flexi Option,INF179KB1AN9,Ambiguous
124987,HDFC FMP 572D October 2013 (1) - Direct Option - Flexi Option,INF179KB1537,Ambiguous
124984,HDFC FMP 572D October 2013 (1) - Regular Option - Flexi Option,INF179KB1578,Ambiguous
124998,HDFC FMP 737D October 2013 (1) - Direct Option - Flexi Option,INF179K011Q5,Ambiguous
125001,HDFC FMP 737D October 2013 (1) - Regular Option - Flexi Option,INF179K015Q6,Ambiguous
125453,HDFC FMP 923D November 2013 (1) - Direct Option-Flexi Option,INF179K011W3,Ambiguous
125458,HDFC FMP 923D November 2013 (1) - Regular Option-Flexi Option,INF179K015W4,Ambiguous
125681,HSBC Fixed Term Series 100 - Growth Option,INF336L01GU1,Ambiguous
125190,HSBC Fixed Term Series 97 - Growth Option,INF336L01GP1,Ambiguous
124996,HSBC Fixed Term Series 98 - Growth Option,INF336L01GL0,Ambiguous
125405,HSBC Fixed Term Series 99 - Growth Option,INF336L01GT3,Ambiguous
124467,ICICI Prudential Capital Protection Oriented Fund IV - PLAN D - 60 Months - Direct Plan - Cumulative,INF109KA1ED8,Ambiguous
124797,ICICI Prudential Capital Protection Oriented Fund IV - PLAN E - 36 Months - Direct Plan - Cumulative,INF109KA1FP9,Ambiguous
125184,ICICI Prudential Capital Protection Oriented Fund IV - PLAN F - 60 Months - Direct Plan - Cumulative,INF109KA1GP7,Ambiguous
125577,ICICI Prudential Capital Protection Oriented Fund IV - PLAN G - 60 Months Plan - Direct Plan - Cumulative,INF109KA1HT7,Ambiguous
125320,ICICI Prudential Fixed Maturity Plan-Series 71-366 Days Plan C - Direct Plan - Cumulative,INF109KA18G0,Ambiguous
125314,ICICI Prudential Fixed Maturity Plan-Series 71-547 Days Plan B - Direct Plan - Cumulative,INF109KB1FH5,Ambiguous
124397,ICICI Prudential Fixed Maturity Plan-Series 70-1095 Days Plan H - Direct Plan - Cumulative,INF109KA1DV2,Ambiguous
125023,ICICI Prudential Fixed Maturity Plan-Series 70-1285 Days Plan T - Direct Plan - Cumulative,INF109KA1GF8,Ambiguous
124718,ICICI Prudential Fixed Maturity Plan-Series 70-367 Days Plan N - Direct Plan - Cumulative,INF109KA1Y84,Ambiguous
124582,ICICI Prudential Fixed Maturity Plan-Series 70-368 Days Plan K - Direct Plan - Cumulative,INF109KA1V04,Ambiguous
124653,ICICI Prudential Fixed Maturity Plan-Series 70-368 Days Plan M - Direct Plan - Cumulative,INF109KA1Z18,Ambiguous
124723,ICICI Prudential Fixed Maturity Plan-Series 70-369 Days Plan O - Direct Plan - Cumulative,INF109KA10A0,Ambiguous
124725,ICICI Prudential Fixed Maturity Plan-Series 70-369 Days Plan O - Regular Plan - Cumulative,INF109KA1FH6,Ambiguous
124591,ICICI Prudential Fixed Maturity Plan-Series 70-372 Days Plan L - Direct Plan - Cumulative,INF109KA1Z59,Ambiguous
124920,ICICI Prudential Fixed Maturity Plan-Series 70-540 Days Plan S - Direct Plan - Cumulative,INF109KB1CB5,Ambiguous
124647,ICICI Prudential Fixed Maturity Plan-Series 70-745 Days Plan P - Direct Plan - Cumulative,INF109KB1OL9,Ambiguous
125865,ICICI Prudential Fixed Maturity Plan-Series 71-1095 Days Plan O - Direct Plan - Cumulative,INF109KA1IN8,Ambiguous
125663,ICICI Prudential Fixed Maturity Plan-Series 71-367 Days Plan G - Direct Plan - Cumulative,INF109KA1IB3,Ambiguous
125662,ICICI Prudential Fixed Maturity Plan-Series 71-367 Days Plan G - Regular Plan - Cumulative,INF109KA1HZ4,Ambiguous
125209,ICICI Prudential Fixed Maturity Plan-Series 71-368 Days Plan A - Direct Plan - Cumulative,INF109KA1GJ0,Ambiguous
125208,ICICI Prudential Fixed Maturity Plan-Series 71-368 Days Plan A - Regular Plan - Cumulative,INF109KA1GL6,Ambiguous
125897,ICICI Prudential Fixed Maturity Plan-Series 71-368 Days Plan K - Direct Plan - Cumulative,INF109KA1IV1,Ambiguous
125899,ICICI Prudential Fixed Maturity Plan-Series 71-368 Days Plan K - Regular Plan - Cumulative,INF109KA1IT5,Ambiguous
125436,ICICI Prudential Fixed Maturity Plan-Series 71-369 Days Plan E - Direct Plan - Cumulative,INF109KA10L7,Ambiguous
125594,ICICI Prudential Fixed Maturity Plan-Series 71-369 Days Plan F - Direct Plan - Cumulative,INF109KA1HP5,Ambiguous
125592,ICICI Prudential Fixed Maturity Plan-Series 71-369 Days Plan F - Regular Plan - Cumulative,INF109KA1HN0,Ambiguous
125976,ICICI Prudential Fixed Maturity Plan-Series 71-371 Days Plan M - Direct Plan - Cumulative,INF109KA1IZ2,Ambiguous
125973,ICICI Prudential Fixed Maturity Plan-Series 71-371 Days Plan M - Regular Plan - Cumulative,INF109KA1IX7,Ambiguous
125683,ICICI Prudential Fixed Maturity Plan-Series 71-505 Days Plan H - Direct Plan - Cumulative,INF109KB1ED7,Ambiguous
125432,ICICI Prudential Fixed Maturity Plan-Series 71-525 Days Plan D - Direct Plan - Cumulative,INF109KB1EH8,Ambiguous
125263,ICICI Prudential Multiple Yield Fund - Series 5 - 1100 Days - Plan B - Direct Plan - Cumulative,INF109KA1HB5,Ambiguous
124655,Kotak FMP series 122 (370 Days) - Growth,INF174K01D77,Ambiguous
124838,Kotak FMP Series 124 (370 Days) - Growth,INF174K01E19,Ambiguous
125401,Kotak FMP Series 127 (730 Days) - Growth,INF174K016A3,Ambiguous
125831,Kotak FMP Series 128 (371 Days) - Growth,INF174K01G09,Ambiguous
125851,Kotak FMP Series 129 (371 Days) - Growth,INF174K01G41,Ambiguous
124337,Reliance Dual Advantage Fixed Tenure Fund IV - Plan C - Growth Option,INF204KA1727,Ambiguous
124828,Reliance Dual Advantage Fixed Tenure Fund IV - Plan D - Growth Option,INF204KA1768,Ambiguous
125715,Reliance Dual Advantage Fixed Tenure Fund IV - Plan E - Growth Option,INF204KA1800,Ambiguous
124251,Reliance Fixed Horizon Fund - XXIV - Series 20 - Growth Option,INF204KA1404,Ambiguous
124261,Reliance Fixed Horizon Fund - XXIV - Series 21 - Growth Option,INF204KA1446,Ambiguous
124706,Reliance Fixed Horizon Fund - XXIV - Series 22 - Growth Option,INF204KA18D6,Ambiguous
124870,Reliance Fixed Horizon Fund - XXIV - Series 23-Growth Option,INF204KA1529,Ambiguous
125150,Reliance Fixed Horizon Fund - XXIV - Series 24 - Growth Option,INF204KA1560,Ambiguous
125193,Reliance Fixed Horizon Fund - XXIV - Series 25 - Growth Option,INF204KA1602,Ambiguous
125255,Reliance Fixed Horizon Fund - XXV - Series 1-Growth Option,INF204KA16H1,Ambiguous
125933,Reliance Fixed Horizon Fund - XXV - Series 11 - Growth Option,INF204KA1GH8,Ambiguous
125311,Reliance Fixed Horizon Fund - XXV - Series 2-Growth Option,INF204KA1EX0,Ambiguous
125356,Reliance Fixed Horizon Fund - XXV - Series 3 - Growth Option,INF204KA18G9,Ambiguous
125393,Reliance Fixed Horizon Fund - XXV - Series 4 - Growth Option,INF204KA1YM1,Ambiguous
125394,Reliance Fixed Horizon Fund - XXV - Series 5 - Growth Option,INF204KA1FJ6,Ambiguous
125527,Reliance Fixed Horizon Fund - XXV - Series 6 - Growth Option,INF204KA1FN8,Ambiguous
125665,Reliance Fixed Horizon Fund - XXV - Series 7 - Growth Option,INF204KA1FP3,Ambiguous
125779,Reliance Fixed Horizon Fund - XXV - Series 8 - Growth Option,INF204KA1FT5,Ambiguous
125847,Reliance Fixed Horizon Fund - XXV - Series 9 - Growth Option,INF204KA1FZ2,Ambiguous
124615,Tata FMP Series 44 Scheme D- Plan A -Growth Option,INF277K01S43,Ambiguous
124804,Tata FMP Series 45 Scheme A- Plan A -Growth Option,INF277K01I29,Ambiguous
124814,Tata FMP Series 45 Scheme C- Plan A -Growth Option,INF277K01K41,Ambiguous
125524,Tata FMP Series 46 Scheme A-Plan A -Growth Option,INF277K01K82,Ambiguous
125567,Tata FMP Series 46 Scheme B- Plan A -Growth Option,INF277K01L24,Ambiguous
125835,Tata FMP Series 46 Scheme C- Plan A -Growth Option,INF277K01WA8,Ambiguous
125843,Tata FMP Series 46 Scheme E- Plan A -Growth Option,INF277K01WI1,Ambiguous
125089,UTI FTIF Series XVI - IX (368 DAYS) - Growth Option,INF789FA19I3,Ambiguous
124868,UTI FTIF Series XVI - VI (369 DAYS)-  Growth Option,INF789F015D3,Ambiguous
124924,UTI FTIF Series XVI - VII (366 DAYS) -Growth Option,INF789FA1Y91,Ambiguous
124942,UTI FTIF Series XVI - VIII (368 DAYS)-Growth Option,INF789FA17D8,Ambiguous
125377,UTI FTIF Series XVI - X (369 DAYS) - Growth Option,INF789FA15O9,Ambiguous
125551,UTI FTIF Series XVII - I (369 DAYS) - Growth Option,INF789FA17X6,Ambiguous
125755,UTI FTIF Series XVII - II (369 DAYS) - Growth Option,INF789F019M6,Ambiguous
126097,UTI FTIF Series XVII - III (366 DAYS) - Growth Option,INF789F015O0,Ambiguous
125270,Reliance Close Ended Equity Fund - Series A - Growth Option,INF204K015R3,Ambiguous
126456,DWS Inflation Indexed Bond Fund - Direct Plan - Bonus,INF223J01I27,Ambiguous
126458,DWS Inflation Indexed Bond Fund - Regular Plan - Bonus,INF223J01H44,Ambiguous
127236,ICICI Prudential Interval Fund - Series VII - Annual Interval Plan - C - Direct Plan - Cumulative,INF109KA1NX7,Ambiguous
119903,JPMorgan India Liquid Fund - Direct Plan - Bonus Option,INF843K01BJ2,Ambiguous
128963,ING Gilt Fund- Provident Fund -Dynamic Plan - Direct Plan  - Cyclical Series Option 2014,INF084M01CZ3,Ambiguous
125111,Baroda ELSS 96 - Plan B (Direct)- Bonus Option,INF955L01DA7,Ambiguous
127315,BNP Paribas Medium Term Fund - Direct Plan - Annual Income Distribution cum Capital Withdrawal Option,INF251K01LY6,Ambiguous
127311,BNP Paribas Medium Term Fund - Direct Plan - Calendar Quarterly Income Distribution cum Capital Withdrawal Option,INF251K01LW0,Ambiguous
127313,BNP Paribas Medium Term Fund - Direct Plan - Half yearly Income Distribution cum Capital Withdrawal Option,INF251K01LX8,Ambiguous
127310,BNP Paribas Medium Term Fund - Direct Plan - Monthly Income Distribution cum Capital Withdrawal Option,INF251K01LV2,Ambiguous
127304,BNP Paribas Medium Term Fund - Growth Option,INF251K01LT6,Ambiguous
128079,Kotak Medium Term Fund - Direct - Standard Income Distribution cum capital withdrawal option,INF174K01VS1,Ambiguous
128009,Kotak Medium Term Fund - Growth,INF174K01VL6,Ambiguous
119737,Kotak Bond Regular Plan Bonus Plan - Direct,INF174K01JH9,Ambiguous
128053,HDFC Credit Risk Debt Fund - Growth Option,INF179KA1GC0,Ambiguous
119740,Kotak Credit Risk Fund - Direct Plan - Standard Income Distribution cum capital withdrawal option,INF174K01MG5,Ambiguous
128628,HDFC Banking and PSU Debt Fund - Growth Option,INF179KA1JC4,Ambiguous
128110,ICICI Prudential Regular Savings Fund - Plan - Bonus,INF109KA1319,Ambiguous
127782,IDFC FTP S-81(729 Days)_Regular Plan_Periodic Dividened,INF194KA1KN0,Ambiguous
126919,BOI AXA FIXED MATURITY PLAN SERIES 9 DIRECT PLAN GRWOTH,INF761K01BC1,Ambiguous
127626,Baroda Pioneer Fixed Maturity Plan Series K- Plan A- Growth,INF955L01EF4,Ambiguous
127803,Baroda Pioneer Fixed Maturity Plan Series L- Plan A- Growth,INF955L01EJ6,Ambiguous
128057,Baroda Pioneer Fixed Maturity Plan Series M- Plan A- Growth,INF955L01EN8,Ambiguous
128068,BNP Paribas Fixed Term Fund - Series 29 B - Growth option,,Ambiguous
127075,HDFC DEBT FUND FOR CANCER CURE 2014 - Direct Plan,INF179KB1E14,Ambiguous
127074,HDFC DEBT FUND FOR CANCER CURE 2014 - Regular Plan,INF179KB1E30,Ambiguous
128735,HDFC FMP 1095D March 2014 (1) - Direct Option-Flexi Option,INF179KA1HW6,Ambiguous
128740,HDFC FMP 1095D March 2014 (1) - Regular Option-Flexi Option,INF179KA1IA0,Ambiguous
128801,HDFC FMP 1127D March 2014 (1) - Direct Option-Flexi Option,INF179KA1JI1,Ambiguous
128805,HDFC FMP 1127D March 2014 (1) - Regular Option-Flexi Option,INF179KA1JM3,Ambiguous
126769,HDFC FMP 1175D January 2014 (1) - Direct Option-Flexi Option,INF179KB1K24,Ambiguous
126765,HDFC FMP 1175D January 2014 (1) - Regular Option-Flexi Option,INF179KA1AO8,Ambiguous
128539,HDFC FMP 3360D March 2014 (1) - Flexi Option - Direct Plan,INF179KA1IE2,Ambiguous
128542,HDFC FMP 3360D March 2014 (1) - Growth Option,INF179KA1IF9,Ambiguous
128709,HDFC FMP 366D March 2014 (1) - Direct Option-Flexi Option,INF179KA1HO3,Ambiguous
128712,HDFC FMP 366D March 2014 (1) - Regular Option-Flexi Option,INF179KA12L6,Ambiguous
128921,HDFC FMP 366D March 2014 (2)-Direct Option-Flexi Option,INF179KA1JY8,Ambiguous
128918,HDFC FMP 366D March 2014 (2)-Regular Option-Flexi Option,INF179KA1KC2,Ambiguous
127201,HDFC FMP 369D February 2014 (1) - Direct Option-Flexi Option,INF179KA12A9,Ambiguous
127205,HDFC FMP 369D February 2014 (1) - Regular Option-Flexi Option,INF179KA16A0,Ambiguous
127549,HDFC FMP 369D February 2014 (2) - Direct Option-Flexi Option,INF179KA10F2,Ambiguous
127553,HDFC FMP 369D February 2014 (2) - Regular Option-Flexi Option,INF179KA14F4,Ambiguous
126510,HDFC FMP 369D January 2014 (1) - Direct Option-Flexi Option,INF179KA1702,Ambiguous
126507,HDFC FMP 369D January 2014 (1) - Regular Option-Flexi Option,INF179KA1V49,Ambiguous
128244,HDFC FMP 369D March 2014 (1)-Direct Option-Flexi Option,INF179KA14H0,Ambiguous
128239,HDFC FMP 369D March 2014 (1)-Regular Option-Flexi Option,INF179KA18H1,Ambiguous
128613,HDFC FMP 369D March 2014 (2) - Direct Option-Flexi Option,INF179KA10K2,Ambiguous
128610,HDFC FMP 369D March 2014 (2) - Regular Option-Flexi Option,INF179KA14K4,Ambiguous
128793,HDFC FMP 369D March 2014 (3) - Direct Option-Flexi Option,INF179KA14M0,Ambiguous
128797,HDFC FMP 369D March 2014 (3) - Regular Option-Flexi Option,INF179KA18M1,Ambiguous
127364,HDFC FMP 370D February 2014 (1) - Direct Option-Flexi Option,INF179KA18B4,Ambiguous
127368,HDFC FMP 370D February 2014 (1) - Regular Option-Flexi Option,INF179KA12C5,Ambiguous
126705,HDFC FMP 370D January 2014 (1)- Direct Option-Flexi Option,INF179KA1942,Ambiguous
126712,HDFC FMP 370D January 2014 (1)- Regular Option-Flexi Option,INF179KA1983,Ambiguous
127927,HDFC FMP 370D March 2014 (1)-Direct Option-Flexi Option,INF179KA12I2,Ambiguous
127929,HDFC FMP 370D March 2014 (1)-Regular Option-Flexi Option,INF179KA16I3,Ambiguous
127374,HDFC FMP 371D February 2014 (1) - Direct Option-Flexi Option,INF179KA10B1,Ambiguous
127378,HDFC FMP 371D February 2014 (1) - Regular Option-Flexi Option,INF179KA14B3,Ambiguous
127755,HDFC FMP 371D February 2014 (2) - Direct Option-Flexi Option,INF179KA16G7,Ambiguous
127757,HDFC FMP 371D February 2014 (2) - Regular Option-Flexi Option,INF179KA10H8,Ambiguous
126399,HDFC FMP 371D January 2014 (1) - Direct Option-Flexi Option,INF179KA1504,Ambiguous
126404,HDFC FMP 371D January 2014 (1) - Regular Option-Flexi Option,INF179KA1546,Ambiguous
126878,HDFC FMP 371D January 2014 (2) - Direct Option-Flexi Option,INF179KA1AS9,Ambiguous
126882,HDFC FMP 371D January 2014 (2) - Regular Option-Flexi Option,INF179KA1AW1,Ambiguous
126247,HDFC FMP 372D December 2013 (2) - Direct Option-Flexi Option,INF179KA1T01,Ambiguous
126244,HDFC FMP 372D December 2013 (2) - Regular Option-Flexi Option,INF179KA1T43,Ambiguous
127019,HDFC FMP 372D February 2014 (1) - Direct Option-Flexi Option,INF179KA1Z45,Ambiguous
127023,HDFC FMP 372D February 2014 (1) - Regular Option-Flexi Option,INF179KA1Z86,Ambiguous
126608,HDFC FMP 372D January 2014 (1)-Direct Option-Flexi Option,INF179KA1X05,Ambiguous
126605,HDFC FMP 372D January 2014 (1)-Regular Option-Flexi Option,INF179KA1X47,Ambiguous
128783,HDFC FMP 378D March 2014 (1) - Direct Option-Flexi Option,INF179KA18Q2,Ambiguous
128780,HDFC FMP 378D March 2014 (1) - Regular Option-Flexi Option,INF179KA12R3,Ambiguous
128790,HDFC FMP 384D March 2014 (1) - Direct Option-Flexi Option,INF179KA10Q9,Ambiguous
128787,HDFC FMP 384D March 2014 (1) - Regular Option-Flexi Option,INF179KA14Q1,Ambiguous
128598,HDFC FMP 390D March 2014 (1) - Direct Option-Flexi Option,INF179KA12P7,Ambiguous
128603,HDFC FMP 390D March 2014 (1) - Regular Option-Flexi Option,INF179KA16P8,Ambiguous
128270,HDFC FMP 400D March 2014 (1)-Direct Option-Flexi Option,INF179KA1GQ0,Ambiguous
128274,HDFC FMP 400D March 2014 (1)-Regular Option-Flexi Option,INF179KA14U3,Ambiguous
127769,HDFC FMP 434D February 2014 (1)-Direct Option-Flexi Option,INF179KB1057,Ambiguous
127764,HDFC FMP 434D February 2014 (1)-Regular Option-Flexi Option,INF179KB1099,Ambiguous
127937,HDFC FMP 435D March 2014 (1)-Direct Option-Flexi Option,INF179KB1AB4,Ambiguous
127934,HDFC FMP 435D March 2014 (1)-Regular Option-Flexi Option,INF179KB1AF5,Ambiguous
127433,HDFC FMP 441D February 2014 (1) - Direct Option-Flexi Option,INF179KB1214,Ambiguous
127437,HDFC FMP 441D February 2014 (1) - Regular Option-Flexi Option,INF179KB1255,Ambiguous
127220,HDFC FMP 447D February 2014 (1) - Direct Option-Flexi Option,INF179KB1131,Ambiguous
127224,HDFC FMP 447D February 2014 (1) - Regular Option-Flexi Option,INF179KB1172,Ambiguous
127005,HDFC FMP 453D February 2014 (1) - Direct Option-Flexi Option,INF179KA16Z7,Ambiguous
127008,HDFC FMP 453D February 2014 (1) - Regular Option-Flexi Option,INF179KB1016,Ambiguous
126774,HDFC FMP 472D January 2014 (1) - Direct Option-Flexi Option,INF179KA1AC3,Ambiguous
126778,HDFC FMP 472D January 2014 (1) - Regular Option-Flexi Option,INF179KB1966,Ambiguous
126622,HDFC FMP 478D January 2014 (1) - Direct Option-Flexi Option,INF179KB1AZ3,Ambiguous
126625,HDFC FMP 478D January 2014 (1) - Regular Option-Flexi Option,INF179KB1BD8,Ambiguous
126493,HDFC FMP 491D January 2014 (1) - Direct Option-Flexi Option,INF179KA1587,Ambiguous
126490,HDFC FMP 491D January 2014 (1) - Regular Option-Flexi Option,INF179KA1629,Ambiguous
126140,HDFC FMP 504D December 2013 (1)-Direct Option-Flexi Option,INF179KA1348,Ambiguous
126144,HDFC FMP 504D December 2013 (1)-Regular Option-Flexi Option,INF179KB1800,Ambiguous
127556,HDFC FMP 793D February 2014 (1) - Direct Option-Flexi Option,INF179KB1PZ1,Ambiguous
127563,HDFC FMP 793D February 2014 (1) - Regular Option-Flexi Option,INF179KB1QD6,Ambiguous
126996,HDFC FMP 840D January 2014 (1) - Direct Option-Flexi Option,INF179KA1BI8,Ambiguous
126993,HDFC FMP 840D January 2014 (1) - Regular Option-Flexi Option,INF179KA1BM0,Ambiguous
126597,HSBC Fixed Term Series 101 - Growth Option,INF336L01GY3,Ambiguous
127185,HSBC Fixed Term Series 105 - Growth Option,INF336L01HI4,Ambiguous
127728,HSBC Fixed Term Series 106 - Growth Option,INF336L01HO2,Ambiguous
128245,HSBC Fixed Term Series 107 - Growth Option,INF336L01HS3,Ambiguous
125820,ICICI Prudential Capital Protection Oriented Fund IV - PLAN H - 36 Months Plan - Direct Plan - Cumulative,INF109KA1IR9,Ambiguous
126231,ICICI Prudential Capital Protection Oriented Fund V - PLAN A - 5 Years Plan - Direct Plan - Cumulative,INF109KA1KF0,Ambiguous
126564,ICICI Prudential Capital Protection Oriented Fund V - PLAN B - 1100 Days - Direct Plan - Cumulative,INF109KA1LH4,Ambiguous
126904,ICICI Prudential Capital Protection Oriented Fund V - PLAN C - 1825 Days - Direct Plan - Cumulative,INF109KA1ML4,Ambiguous
126815,ICICI Prudential Fixed Maturity Plan-Series 72-366 Days Plan K - Direct Plan - Cumulative,INF109KA10W4,Ambiguous
127724,ICICI Prudential Fixed Maturity Plan-Series 73-1140 Days Plan E - Direct Plan - Cumulative,INF109KA1OX5,Ambiguous
125969,ICICI Prudential Fixed Maturity Plan-Series 71-480 Days Plan L - Direct Plan - Cumulative,INF109KB1CF6,Ambiguous
127227,ICICI Prudential Fixed Maturity Plan-Series 72-1075 Days Plan Q - Direct Plan - Cumulative,INF109KA1NP3,Ambiguous
126475,ICICI Prudential Fixed Maturity Plan-Series 72-1092 Days Plan F - Direct Plan - Cumulative,INF109KA1LD3,Ambiguous
126324,ICICI Prudential Fixed Maturity Plan-Series 72-366 Days Plan C - Direct Plan - Cumulative,INF109KA14R6,Ambiguous
126590,ICICI Prudential Fixed Maturity Plan-Series 72-366 Days Plan I - Direct Plan - Cumulative,INF109KA1LP7,Ambiguous
126592,ICICI Prudential Fixed Maturity Plan-Series 72-366 Days Plan I - Regular Plan - Cumulative,INF109KA1LN2,Ambiguous
126927,ICICI Prudential Fixed Maturity Plan-Series 72-366 Days Plan M - Direct Plan - Cumulative,INF109KA14W6,Ambiguous
127351,ICICI Prudential Fixed Maturity Plan-Series 72-366 Days Plan T - Direct Plan - Cumulative,INF109KA10Y0,Ambiguous
127231,ICICI Prudential Fixed Maturity Plan-Series 72-367 Days Plan R - Direct Plan - Cumulative,INF109KA18W7,Ambiguous
126125,ICICI Prudential Fixed Maturity Plan-Series 72-368 Days Plan A - Direct Plan - Cumulative,INF109KA12Q2,Ambiguous
126332,ICICI Prudential Fixed Maturity Plan-Series 72-368 Days Plan D - Direct Plan - Cumulative,INF109KA13S6,Ambiguous
127050,ICICI Prudential Fixed Maturity Plan-Series 72-368 Days Plan P - Direct Plan - Cumulative,INF109KA14Y2,Ambiguous
126560,ICICI Prudential Fixed Maturity Plan-Series 72-370 Days Plan G - Direct Plan - Cumulative,INF109KA18U1,Ambiguous
127259,ICICI Prudential Fixed Maturity Plan-Series 72-409 Days Plan S - Direct Plan - Cumulative,INF109KB1AZ8,Ambiguous
127031,ICICI Prudential Fixed Maturity Plan-Series 72-425 Days Plan N - Direct Plan - Cumulative,INF109KB1BT9,Ambiguous
126802,ICICI Prudential Fixed Maturity Plan-Series 72-440 Days Plan L - Direct Plan - Cumulative,INF109KB1CJ8,Ambiguous
126641,ICICI Prudential Fixed Maturity Plan-Series 72-483 Days Plan J - Direct Plan - Cumulative,INF109KB1GA8,Ambiguous
126396,ICICI Prudential Fixed Maturity Plan-Series 72-500 Days Plan E - Direct Plan - Cumulative,INF109KB1HH1,Ambiguous
126167,ICICI Prudential Fixed Maturity Plan-Series 72-525 Days Plan B - Direct Plan - Cumulative,INF109KB1HL3,Ambiguous
126831,ICICI Prudential Fixed Maturity Plan-Series 72-785 Days Plan O - Direct Plan - Cumulative,INF109KA1MJ8,Ambiguous
126502,ICICI Prudential Fixed Maturity Plan-Series 72-823 Days Plan H - Direct Plan - Cumulative,INF109KA1KZ8,Ambiguous
127618,ICICI Prudential Fixed Maturity Plan-Series 73-366 Days Plan A - Direct Plan - Cumulative,INF109KB1011,Ambiguous
127712,ICICI Prudential Fixed Maturity Plan-Series 73-366 Days Plan B - Direct Plan - Cumulative,INF109KA16Z4,Ambiguous
127716,ICICI Prudential Fixed Maturity Plan-Series 73-368 Days Plan D - Direct Plan - Cumulative,INF109KB1094,Ambiguous
128354,ICICI Prudential Fixed Maturity Plan-Series 73-368 Days Plan M - Direct Plan - Cumulative,INF109KB1532,Ambiguous
128060,ICICI Prudential Fixed Maturity Plan-Series 73-369 Days Plan H - Direct Plan - Cumulative,INF109KB1052,Ambiguous
128350,ICICI Prudential Fixed Maturity Plan-Series 73-378 Days Plan N - Direct Plan - Cumulative,INF109KB1896,Ambiguous
128201,ICICI Prudential Fixed Maturity Plan-Series 73-383 Days Plan K - Direct Plan - Cumulative,INF109KB1854,Ambiguous
128076,ICICI Prudential Fixed Maturity Plan-Series 73-390 Days Plan I - Direct Plan - Cumulative,INF109KB1BL6,Ambiguous
128040,ICICI Prudential Fixed Maturity Plan-Series 73-391 Days Plan G - Direct Plan - Cumulative,INF109KB1813,Ambiguous
128042,ICICI Prudential Fixed Maturity Plan-Series 73-392 Days Plan F - Direct Plan - Cumulative,INF109KB1771,Ambiguous
127722,ICICI Prudential Fixed Maturity Plan-Series 73-407 Days Plan C - Direct Plan - Cumulative,INF109KB1BP7,Ambiguous
128112,ICICI Prudential Fixed Maturity Plan-Series 73-830 Days Plan J - Direct Plan - Cumulative,INF109KB1XR7,Ambiguous
126114,ICICI Prudential Multiple Yield Fund - Series 5 - 1100 Days - Plan D - Direct Plan - Cumulative,INF109KA1JP1,Ambiguous
126088,ICICI Prudential Multiple Yield Fund - Series 5 - 1825 Days - Plan C - Direct Plan - Cumulative,INF109KA1JL0,Ambiguous
127129,ICICI Prudential Multiple Yield Fund - Series 6 - 1100 Days - Plan A - Direct Plan - Cumulative,INF109KA1ND9,Ambiguous
128537,JM Fixed Maturity Fund - Series XXIV - Plan C (JM FMF - XXIV - C) - Growth option,,Ambiguous
126053,Kotak FMP Series 131 (1061 Days) - Growth,INF174K01SZ2,Ambiguous
126280,Kotak FMP Series 132 (546 Days) - Growth,INF174K01TD7,Ambiguous
126665,Kotak FMP Series 133 (524 Days) - Growth,INF174K01TL0,Ambiguous
126873,Kotak FMP Series 135 (455 Days) - Growth,INF174K01P65,Ambiguous
127126,Kotak FMP Series 136 (376 Days) - Growth,INF174K01H65,Ambiguous
127255,Kotak FMP Series 137 (371 Days) - Growth,INF174K01H24,Ambiguous
127383,Kotak FMP Series 138 (370 Days) - Growth,,Ambiguous
127440,Kotak FMP Series 139 (371 Days) - Growth,,Ambiguous
127387,Kotak FMP Series 140 (1095 Days) - Growth,INF174K01UN4,Ambiguous
127400,Kotak FMP Series 141 (454 Days) - Growth,INF174K01Q07,Ambiguous
127650,Kotak FMP Series 142 (420 Days) - Growth,INF174K01K86,Ambiguous
127806,Kotak FMP Series 143 (370 Days) - Growth,INF174K01J06,Ambiguous
128062,Kotak FMP Series 144 (371 Days) - Growth,,Ambiguous
128265,Kotak FMP Series 145 (390 Days) - Growth,INF174K01L51,Ambiguous
128364,Kotak FMP Series 146 (388 Days) - Growth,INF174K01M19,Ambiguous
128574,Kotak FMP Series 147 (384 Days) - Growth,INF174K01M50,Ambiguous
126496,Kotak Hybrid Fixed Term Plan Series 2 - Direct Plan - Diviedend,INF174K01TK2,Ambiguous
126480,Nippon India Fixed Horizon Fund - XXV - Series 15 - Growth Option,INF204KB1ZY2,Ambiguous
126898,Reliance Dual Advantage Fixed Tenure Fund V - Plan A - Growth Option,INF204KA1HT1,Ambiguous
127268,Reliance Dual Advantage Fixed Tenure Fund V - Plan B - Growth Option,INF204KA1IR3,Ambiguous
127525,Reliance Dual Advantage Fixed Tenure Fund V - Plan C -Growth Option,INF204KA1IV5,Ambiguous
125883,Reliance Fixed Horizon Fund - XXV - Series 10 - Growth Option,INF204KA1GD7,Ambiguous
125954,Reliance Fixed Horizon Fund - XXV - Series 12 - Growth Option,INF204KA1GL0,Ambiguous
126254,Reliance Fixed Horizon Fund - XXV - Series 13 - Growth Option,INF204KA1GP1,Ambiguous
126371,Reliance Fixed Horizon Fund - XXV - Series 14-Growth Option,INF204KA1GT3,Ambiguous
126484,Reliance Fixed Horizon Fund - XXV - Series 16 - Growth Option,INF204KA1HB9,Ambiguous
126701,Reliance Fixed Horizon Fund - XXV - Series 17 - Growth Option,INF204KA1HF0,Ambiguous
126889,Reliance Fixed Horizon Fund - XXV - Series 18 - Growth Option,INF204KA1E20,Ambiguous
126931,Reliance Fixed Horizon Fund - XXV - Series 19 - Growth Option,INF204KA1HN4,Ambiguous
126976,Reliance Fixed Horizon Fund - XXV - Series 20 - Growth Option,INF204KA1HR5,Ambiguous
127066,Reliance Fixed Horizon Fund - XXV - Series 21 - Growth Option,INF204KA1HZ8,Ambiguous
127080,Reliance Fixed Horizon Fund - XXV - Series 22 - Growth Option,INF204KA1ID3,Ambiguous
127239,Reliance Fixed Horizon Fund - XXV - Series 23 - Growth Option,INF204KA1IF8,Ambiguous
127266,Reliance Fixed Horizon Fund - XXV - Series 24 - Growth Option,INF204KA1F94,Ambiguous
127359,Reliance Fixed Horizon Fund - XXV - Series 25 - Growth Option,INF204KA1IN2,Ambiguous
127537,Reliance Fixed Horizon Fund - XXV - Series 26 - Growth Option,INF204KA1IZ6,Ambiguous
127540,Reliance Fixed Horizon Fund - XXV - Series 27 - Growth Option,INF204KA1JD1,Ambiguous
127546,Reliance Fixed Horizon Fund - XXV - Series 28 - Growth Option,INF204KA1JH2,Ambiguous
127578,Reliance Fixed Horizon Fund - XXV - Series 29 - Growth Option,INF204KA1JL4,Ambiguous
127732,Reliance Fixed Horizon Fund - XXV - Series 30 - Growth Option,INF204KA1JP5,Ambiguous
127843,Reliance Fixed Horizon Fund - XXV - Series 31 - Growth Option,INF204KA1JT7,Ambiguous
128180,Reliance Fixed Horizon Fund - XXV - Series 32 - Growth Option,INF204KA1KB3,Ambiguous
128183,Reliance Fixed Horizon Fund - XXV - Series 33 - Growth Option,INF204KA1KF4,Ambiguous
127910,Reliance Fixed Horizon Fund - XXVI - Series 1 - Growth Option,INF204KA1JX9,Ambiguous
128081,Reliance Fixed Horizon Fund - XXVI - Series 2 - Growth Option,INF204KA1KV1,Ambiguous
127404,Tata Dual Advantage Fund -Scheme B Plan A Growth,INF277K01SX8,Ambiguous
126260,Tata FMP Series 45 Scheme D- Plan A -Growth Option,INF277K01L99,Ambiguous
126962,Tata FMP Series 45 Scheme E- Plan A -Growth Option,INF277K01N30,Ambiguous
125842,Tata FMP Series 46 Scheme D- Plan A -Growth Option,INF277K01S76,Ambiguous
126266,Tata FMP Series 46 Scheme H- Plan A -Growth Option,INF277K01Y37,Ambiguous
126270,Tata FMP Series 46 Scheme I- Plan A -Growth Option,INF277K01M64,Ambiguous
126697,Tata FMP Series 46 Scheme K- Plan A -Growth Option,INF277K01T18,Ambiguous
126963,Tata FMP Series 46 Scheme L - Plan A -Growth Option,INF277K01N71,Ambiguous
126968,Tata FMP Series 46 Scheme M - Plan A -Growth Option,INF277K01T42,Ambiguous
126971,Tata FMP Series 46 Scheme N - Plan A -Growth Option,INF277K01T83,Ambiguous
127300,Tata FMP Series 46 Scheme O - Plan A -Growth Option,INF277K01O05,Ambiguous
127498,Tata FMP Series 46 Scheme P - Plan A -Growth Option,INF277K01O47,Ambiguous
127871,Tata FMP Series 46 Scheme Q - Plan A -Growth Option,INF277K01U23,Ambiguous
128302,Tata FMP Series 46 Scheme R - Plan A -Growth Option,INF277K01U64,Ambiguous
128309,Tata FMP Series 46 Scheme S - Plan A -Growth Option,INF277K01Q45,Ambiguous
127296,Tata FMP Series 46 Scheme T - Plan A -Growth Option,INF277K01V06,Ambiguous
128395,Tata Fixed Maturity Plan Series 47 Scheme A -Plan A -Growth,INF277K01P61,Ambiguous
127640,UTI FTIF Series XVII -XV (1825 DAYS)-Growth Option,INF789FA1933,Ambiguous
128573,UTI FTIF Series XVIII -II (1825 DAYS)- Growth Option,INF789FA1ED2,Ambiguous
126319,UTI FTIF Series XVII - IV (531 DAYS) - Growth Option,INF789FB1XE9,Ambiguous
126304,UTI FTIF Series XVII - V (366 DAYS) - Growth Option,INF789F017R9,Ambiguous
126628,UTI FTIF Series XVII -VI (366 DAYS)- Growth Option,INF789F013T4,Ambiguous
126783,UTI FTIF Series XVII -IX (466 DAYS)-Growth Option,INF789FB1TA5,Ambiguous
126645,UTI FTIF Series XVII -VII (465 DAYS)- Growth Option,INF789FB1UX5,Ambiguous
126655,UTI FTIF Series XVII -VIII (1096 DAYS)-Growth Option,INF789F019U9,Ambiguous
127115,UTI FTIF Series XVII -X (1152 DAYS)-Growth Option,INF789FB1BK2,Ambiguous
127216,UTI FTIF Series XVII -XI (430 DAYS)-Growth Option,INF789FB1NL5,Ambiguous
127452,UTI FTIF Series XVII - XII (1148 DAYS)-Growth Option,INF789FA1537,Ambiguous
127460,UTI FTIF Series XVII - XIII (369 DAYS)-Growth Option,INF789FB1CA1,Ambiguous
127630,UTI FTIF Series XVII -XIV (423 DAYS)- Growth Option,INF789FB1OB4,Ambiguous
128277,UTI FTIF Series XVII -XIX (398 DAYS) - Growth Option,INF789FB1MH5,Ambiguous
127815,UTI FTIF Series XVII -XVI (367 DAYS)- Growth Option,INF789FA1AJ7,Ambiguous
128127,UTI FTIF Series XVII -XVII (395 DAYS)-Growth Option,INF789FB1LB0,Ambiguous
128137,UTI FTIF Series XVII -XVIII (796 DAYS)-Growth Option,INF789FA1BP2,Ambiguous
128287,UTI FTIF Series XVII -XX (369 DAYS)-Growth Option,INF789FB1HH5,Ambiguous
128557,UTI FTIF Series XVIII -I (400 DAYS)-Growth Option,INF789FB1PH8,Ambiguous
128661,UTI FTIF Series XVIII -III (367 DAYS)- Growth Option,INF789FB1GQ8,Ambiguous
126676,ICICI Prudential Equity Savings Fund - Series 1 Direct Plan - Cumulative,INF109KA1LL6,Ambiguous
125887,Reliance Close Ended Equity Fund - Series B - Growth Option,INF204K019R5,Ambiguous
126532,Edelweiss Bond Fund  - Direct Plan- Bonus Option,INF754K01DU4,Ambiguous
126530,Edelweiss Short Term Income Fund - Direct Plan- Bonus Option,INF754K01DW0,Ambiguous
118938,DWS Alpha Equity Fund - Direct Plan - Bonus,INF223J01MM0,Ambiguous
126524,Edelweiss Liquid Fund -Direct Plan- Bonus Option,INF754K01DS8,Ambiguous
126522,Edelweiss Gilt Fund-Direct Plan-Bonus Option,INF754K01DO7,Ambiguous
118948,DWS Tax Saving Fund - Direct Plan - Bonus,INF223J01PD2,Ambiguous
118953,DWS Top Euroland Offshore Fund - Direct Plan - Bonus,INF223J01NI6,Ambiguous
128954,Axis Liquid Fund - Direct plan - Bonus Option,INF846K01NH4,Ambiguous
125129,Baroda BNP Paribas Liquid Fund - Plan B (Direct) - Bonus Option,INF955L01DS9,Ambiguous
129923,L&T Liquid Fund - Direct Plan - Bonus,INF917K01QI4,Ambiguous
129924,L&T Liquid Fund -Regular Plan - Bonus,INF917K01QH6,Ambiguous
129925,L&T Ultra Short Term Fund - Direct Plan - Bonus,INF917K01QK0,Ambiguous
129926,L&T Ultra Short Term Fund - Regular Plan - Bonus,INF917K01QJ2,Ambiguous
128961,Axis Treasury Advantage Fund - Direct Plan - Bonus Option,INF846K01NQ5,Ambiguous
128297,Essel Short Term Fund- Direct - Bonus,,Ambiguous
129006,Franklin India Banking & PSU Debt Fund - Growth,INF090I01KO5,Ambiguous
129438,Franklin India Feeder - Templeton European Opportunities Fund - Growth,INF090I01KU2,Ambiguous
129065,HSBC Aggressive Hybrid Active FOF - Growth,INF336L01IA9,Ambiguous
129195,HSBC Income Plus Arbitrage Active FOF - Growth,INF336L01IM4,Ambiguous
129191,HSBC Multi Asset Active FOF - Growth,INF336L01IG6,Ambiguous
128861,Baroda Pioneer Fixed Maturity Plan - Series N - Plan A - Growth,INF955L01ER9,Ambiguous
129168,HDFC FMP 1100D April 2014 (1)-Direct Option-Flexi Option,INF179KA1LN7,Ambiguous
129172,HDFC FMP 1100D April 2014 (1)-Regular Option-Flexi Option,INF179KA1LR8,Ambiguous
129770,HDFC FMP 366d May 2014 (1) - Direct Option - Flexi option,INF179KB1BH9,Ambiguous
129775,HDFC FMP 366DMay 2014 (1) - Regular Option - Flexi option,INF179KB1BL1,Ambiguous
129992,HDFC FMP 366D MAY 2014 (2)-Direct Option-Flexi Option,INF179KA1PT5,Ambiguous
129995,HDFC FMP 366D MAY 2014 (2)-Regular Option-Flexi Option,INF179KB1BZ1,Ambiguous
129446,HDFC FMP 367D April 2014 (1)-Direct Option-Flexi Option,INF179KA18Y6,Ambiguous
129448,HDFC FMP 367D April 2014 (1)-Regular Option-Flexi Option,INF179KA12Z6,Ambiguous
129588,HDFC FMP 367D May 2014 (1)-Direct Option-Flexi Option,INF179KB1453,Ambiguous
129583,HDFC FMP 367D May 2014 (1)-Regular Option-Flexi Option,INF179KB1495,Ambiguous
129783,HDFC FMP 367D MAY 2014 (2)-DIRECT OPTION-FLEXI OPTION,INF179KA1OJ9,Ambiguous
129779,HDFC FMP 367D MAY 2014 (2)-REGULAR OPTION-FLEXI OPTION,INF179KA1ON1,Ambiguous
129099,HDFC FMP 369D April 2014 (1) - Direct Option-Flexi Option,INF179KA14S7,Ambiguous
129096,HDFC FMP 369D April 2014 (1) - Regular Option-Flexi Option,INF179KA18S8,Ambiguous
129324,HDFC FMP 369D April 2014 (2)-Direct Option-Flexi Option,INF179KA1MD6,Ambiguous
129328,HDFC FMP 369D April 2014 (2)-Regular Option-Flexi Option,INF179KA1MH7,Ambiguous
129091,HDFC FMP 370D April 2014 (1) - Direct Option-Flexi Option,INF179KA18U4,Ambiguous
129088,HDFC FMP 370D April 2014 (1) - Regular Option-Flexi Option,INF179KA1LJ5,Ambiguous
129335,HDFC FMP 370D April 2014 (2)-Direct Option-Flexi Option,INF179KA14W9,Ambiguous
129332,HDFC FMP 370D April 2014 (2)-Regular Option-Flexi Option,INF179KA1LZ1,Ambiguous
129344,HDFC FMP 370D April 2014 (3)-Direct Option-Flexi Option,INF179KA10Y3,Ambiguous
129348,HDFC FMP 370D April 2014 (3)-Regular Option-Flexi Option,INF179KA14Y5,Ambiguous
129454,HDFC FMP 370D April 2014 (4)- Direct Option-Flexi Option,INF179KB1297,Ambiguous
129457,HDFC FMP 370D April 2014 (4)- Regular Option- Flexi Option,INF179KB1339,Ambiguous
130175,HDFC FMP 370D JUNE 2014(1) - Direct Option - Flexi Option,INF179KA1QB1,Ambiguous
130171,HDFC FMP 370D JUNE 2014(1) - Regular Option - Flexi Option,INF179KB1DQ6,Ambiguous
129628,HDFC FMP 370D May 2014 (1)-Direct Option-Flexi Option,INF179KB1610,Ambiguous
129624,HDFC FMP 370D May 2014 (1)-Regular Option-Flexi Option,INF179KA1OF7,Ambiguous
129898,HDFC FMP 370D MAY 2014 (2)-Direct Option-Flexi Option,INF179KB1BP2,Ambiguous
129901,HDFC FMP 370D MAY 2014 (2)-Regular Option-Flexi Option,INF179KA1PH0,Ambiguous
130150,HDFC FMP 371D JUNE 2014(1) - Direct Option - Flexi Option,INF179KA1QR7,Ambiguous
130154,HDFC FMP 371D JUNE 2014(1) - Regular Option - Flexi Option,INF179KA1QV9,Ambiguous
130214,HDFC FMP 371D June 2014 (2)-Direct Option-Flexi Option,INF179KB1EK7,Ambiguous
130212,HDFC FMP 371D June 2014 (2)-Regular Option-Flexi Option,INF179KA1RD5,Ambiguous
129908,HDFC FMP 371D MAY 2014 (1)-Direct Option-Flexi Option,INF179KA1PL2,Ambiguous
129906,HDFC FMP 371D MAY 2014 (1)-Regular Option-Flexi Option,INF179KB1CH7,Ambiguous
128928,HDFC FMP 377D March 2014 (1)-Direct Option-Flexi Option,INF179KA16R4,Ambiguous
128925,HDFC FMP 377D March 2014 (1)-Regular Option-Flexi Option,INF179KA10S5,Ambiguous
129475,HDFC FMP 730D APRIL 2014 (1) - Direct Option - Flexi Option,INF179KA1NJ1,Ambiguous
129481,HDFC FMP 730D APRIL 2014 (1) - Regular Option - Flexi Option,INF179KA1NN3,Ambiguous
130166,HDFC FMP 747D June 2014 (1)-Direct Option-Flexi Option,INF179KA1QJ4,Ambiguous
130162,HDFC FMP 747D June 2014 (1)-Regular Option-Flexi Option,INF179KA1QN6,Ambiguous
129523,HSBC Fixed Term Series 102 - Growth Option,INF336L01IS1,Ambiguous
128852,HSBC Fixed Term Series 109 - Growth Option,INF336L01HW5,Ambiguous
128212,ICICI Prudential Capital Protection Oriented Fund V - PLAN D - 1100 Days - Direct Plan - Cumulative,INF109KA1QH3,Ambiguous
129070,ICICI Prudential Capital Protection Oriented Fund V - PLAN E- 1100 Days - Direct Plan - Cumulative,INF109KA1SL1,Ambiguous
129738,ICICI Prudential Capital Protection Oriented Fund V -Plan F -1100 Days Direct Plan Cumulative Option,INF109KA1VL5,Ambiguous
129859,ICICI Prudential Capital Protection Oriented Fund Series VI- 1825 Days Plan A Direct Plan Cumulative option,INF109KA1VX0,Ambiguous
128991,ICICI Prudential Fixed Maturity Plan-Corporate Bond Series A-750 Days - Direct Plan-Cumulative Option,INF109KA1SH9,Ambiguous
130085,ICICI Prudential Fixed Maturity Plan - Series 74 -369 Days Plan T Direct Plan Cumulative Option,INF109KB1GL5,Ambiguous
129238,ICICI Prudential Fixed Maturity Plan - Series 74 - 780 Days Plan E Direct Plan Cumulative Option,INF109KB1XN6,Ambiguous
129854,ICICI Prudential Fixed Maturity Plan - Series 74 - 367 Days Plan N Direct Plan Cumulative Option,INF109KB1FS2,Ambiguous
128361,ICICI Prudential Fixed Maturity Plan-Series 73-1120 Days Plan L - Direct Plan - Cumulative,INF109KA1QL5,Ambiguous
128812,ICICI Prudential Fixed Maturity Plan-Series 73-368 Days Plan R - Direct Plan - Cumulative,INF109KB1615,Ambiguous
128650,ICICI Prudential Fixed Maturity Plan-Series 73-369 Days Plan P- Direct Plan - Cumulative,INF109KB1656,Ambiguous
128808,ICICI Prudential Fixed Maturity Plan-Series 73-369 Days Plan S- Direct Plan - Cumulative,INF109KB1938,Ambiguous
128816,ICICI Prudential Fixed Maturity Plan-Series 73-369 Days Plan T - Direct Plan - Cumulative,INF109KB1AN4,Ambiguous
128646,ICICI Prudential Fixed Maturity Plan-Series 73-376 Days Plan Q - Direct Plan - Cumulative,INF109KB1AJ2,Ambiguous
128496,ICICI Prudential Fixed Maturity Plan-Series 73-378 Days Plan O - Direct Plan - Cumulative,INF109KB1AR5,Ambiguous
130000,ICICI Prudential Fixed Maturity Plan -Series 74 -368 Days Plan R Direct Plan Cumulative Option,INF109KB1GT8,Ambiguous
129968,ICICI Prudential Fixed Maturity Plan - Series 74 -370 Days Plan Q Direct Plan Cumulative Option,INF109KB1GH3,Ambiguous
129252,ICICI Prudential Fixed Maturity Plan-Series 74-1092 Days Plan G - Direct Plan - Cumulative,INF109KA1TJ3,Ambiguous
129798,ICICI Prudential Fixed Maturity Plan - Series 74 - 1092 Days Plan P Direct Plan-Cumulative Option,INF109KA1VD2,Ambiguous
129240,ICICI Prudential Fixed Maturity Plan-Series 74-367 Days Plan C - Direct Plan - Cumulative,INF109KB1CR1,Ambiguous
129246,ICICI Prudential Fixed Maturity Plan-Series 74-367 Days Plan D - Direct Plan - Cumulative,INF109KB1EK2,Ambiguous
129410,ICICI Prudential Fixed Maturity Plan Series 74 368 Days Plan H Direct Plan Cumulative Option,INF109KB1DW9,Ambiguous
129643,ICICI Prudential Fixed Maturity Plan -Series 74 -368 Days Plan J Direct Plan-Cumulative Option,INF109KB1EZ0,Ambiguous
129028,ICICI Prudential Fixed Maturity Plan-Series 74-369 Days Plan B - Direct Plan - Cumulative,INF109KB1CV3,Ambiguous
129249,ICICI Prudential Fixed Maturity Plan-Series 74-369 Days Plan F - Direct Plan - Cumulative,INF109KB1CZ4,Ambiguous
129470,ICICI Prudential Fixed Maturity Plan -Series 74-369 Days Plan I Direct Plan Cumulative Option,INF109KB1FD4,Ambiguous
129718,ICICI Prudential Fixed Maturity Plan -Series 74 -369 Days Plan K Direct Plan Cumulative Option,INF109KB1FK9,Ambiguous
129915,ICICI Prudential Fixed Maturity Plan -Series 74 -369 Days Plan L Direct Plan Cumulative Option,INF109KB1GP6,Ambiguous
129022,ICICI Prudential Fixed Maturity Plan-Series 74-370 Days Plan A - Direct Plan - Cumulative,INF109KB1CN0,Ambiguous
130008,ICICI Prudential Fixed Maturity Plan -Series 74 -370 Days Plan S Direct Plan Cumulative Option,INF109KB1HX8,Ambiguous
129068,ICICI Prudential Multiple Yield Fund - Series 6 - 1100 Days - Plan E - Direct Plan - Cumulative,INF109KA1SP2,Ambiguous
128205,ICICI Prudential Multiple Yield Fund - Series 6 - 1125 Days - Plan B - Direct Plan - Cumulative,INF109KA1PR4,Ambiguous
128494,ICICI Prudential Multiple Yield Fund - Series 6 - 1825 Days - Plan C - Direct Plan - Cumulative,INF109KA1RF5,Ambiguous
129231,ICICI Prudential Multiple Yield Fund - Series 6 - 1825 Days Plan D Direct Plan Cumulative Option,INF109KA1TV8,Ambiguous
129741,ICICI Prudential Multiple Yield Fund - Series 6 - 1100 Days Plan F Direct Plan Cumulative Option,INF109KA1UZ7,Ambiguous
129084,JM Fixed Maturity Fund - Series XXV - Plan A (JM FMF - XXV - A) - Growth Option,,Ambiguous
128578,Kotak FMP Series 148 (388 Days) - Growth,INF174K01M92,Ambiguous
128756,Kotak FMP Series 149 (386 Days) - Growth,INF174K01N34,Ambiguous
128754,Kotak FMP Series 150 (1109 Days) - Growth,INF174K01WH2,Ambiguous
128868,Kotak FMP Series 151 (388 Days) - Growth,INF174K01N75,Ambiguous
128872,Kotak FMP Series 152 (368 Days) - Growth,,Ambiguous
128904,Kotak FMP Series 153 (790 Days) - Growth,INF174K01WX9,Ambiguous
128906,Kotak FMP Series 154 (390 Days) - Growth,INF174K01O17,Ambiguous
129030,Kotak FMP Series 155 (370 Days) - Growth,,Ambiguous
129036,Kotak FMP Series 156 (370 Days) - Growth,INF174K01O90,Ambiguous
129339,Kotak FMP Series 157 (370 Days) - Growth,INF174K01K60,Ambiguous
129351,Kotak FMP Series 158 (370 Days) - Growth,INF174K01L44,Ambiguous
129405,Kotak FMP Series 159 (370 Days) - Growth,INF174K01Q56,Ambiguous
129540,Kotak FMP Series 160 (1039 Days) - Growth,INF174K01XZ2,Ambiguous
129638,Kotak FMP Series 161 (370 Days) - Growth,INF174K01Q98,Ambiguous
129766,Kotak FMP Series 162 (370 Days) - Growth,INF174K01R30,Ambiguous
128175,Reliance Dual Advantage Fixed Tenure Fund V - Plan E - Growth Option,INF204KA1KR9,Ambiguous
128689,Reliance Dual Advantage Fixed Tenure Fund V - Plan F- Growth Option,INF204KA1LY3,Ambiguous
128984,Reliance Dual Advantage Fixed Tenure Fund V- Plan G- Growth Option,INF204KA1MX3,Ambiguous
129735,Reliance Dual Advantage Fixed Tenure Fund V- Plan H- Growth Option,INF204KA1PJ5,Ambiguous
128198,Reliance Fixed Horizon Fund - XXV - Series 34 - Growth Option,INF204KA1KJ6,Ambiguous
128319,Reliance Fixed Horizon Fund - XXV - Series 35- Growth Option,INF204KA1KZ2,Ambiguous
129113,Reliance Fixed Horizon Fund - XXVI - Series 14- Growth Option,INF204KA1NJ0,Ambiguous
129289,Reliance Fixed Horizon Fund - XXVI - Series 17- Growth Option,INF204KA1NV5,Ambiguous
129294,Reliance Fixed Horizon Fund - XXVI - Series 18- Growth Option,INF204KA1NZ6,Ambiguous
130189,Reliance Fixed Horizon Fund - XXVI - Series 29 - Growth Option,INF204KA1QL9,Ambiguous
128448,Reliance Fixed Horizon Fund - XXVI - Series 3-Growth Option,INF204KA1LE5,Ambiguous
128458,Reliance Fixed Horizon Fund - XXVI - Series 4-Growth Option,INF204KA1LI6,Ambiguous
129147,Reliance Fixed Horizon Fund XXVI- Series 15- Growth Option,INF204KA1NN2,Ambiguous
129508,Reliance Fixed Horizon Fund XXVI- Series 20- Growth Option,INF204KA1OH2,Ambiguous
129560,Reliance Fixed Horizon Fund XXVI- Series 22- Growth Option,INF204KA1OP5,Ambiguous
129683,Reliance Fixed Horizon Fund- XXVI- Series 24- Growth Option,INF204KA1PB2,Ambiguous
129839,Reliance Fixed Horizon Fund- XXVI- Series 26- Growth Option,INF204KA1PN7,Ambiguous
128850,Reliance Fixed Horizon Fund- XXVI- Series 11- Growth Option,INF204KA1MO2,Ambiguous
128964,Reliance Fixed Horizon Fund- XXVI- Series 12- Growth Option,INF204KA1NB7,Ambiguous
129018,Reliance Fixed Horizon Fund- XXVI- Series 13- Growth Option,INF204KA1NF8,Ambiguous
129183,Reliance Fixed Horizon Fund- XXVI- Series 16- Growth Option,INF204KA1NR3,Ambiguous
129420,Reliance Fixed Horizon Fund- XXVI- Series 19- Growth Option,INF204KA1OD1,Ambiguous
129519,Reliance Fixed Horizon Fund- XXVI- Series 21- Growth Option,INF204KA1OL4,Ambiguous
129680,Reliance Fixed Horizon Fund- XXVI- Series 23- Growth Option,INF204KA1OX9,Ambiguous
129729,Reliance Fixed Horizon Fund XXVI- Series 25- Growth Option,INF204KA12D9,Ambiguous
128590,Reliance Fixed Horizon Fund - XXVI- Series 5- Growth Option,INF204KA1LM8,Ambiguous
128635,Reliance Fixed Horizon Fund- XXVI- Series 6-  Growth Option,INF204KA1LQ9,Ambiguous
128687,Reliance Fixed Horizon Fund- XXVI- Series 7- Growth Option,INF204KA1LU1,Ambiguous
128836,Reliance Fixed Horizon Fund- XXVI- Series 8- Growth Option,INF204KA1MC7,Ambiguous
128843,Reliance Fixed Horizon Fund- XXVI- Series 9- Growth Option,INF204KA1MG8,Ambiguous
130009,Reliance Fixed Horizon Fund-XXVI-Series 28-Growth Option,INF204KA1PV0,Ambiguous
128406,Tata Fixed Maturity Plan Series 47 Scheme B-Plan A-Growth,INF277K01Q03,Ambiguous
128397,Tata Fixed Maturity Plan Series 47 Scheme C-Plan A -Growth,INF277K01R28,Ambiguous
128401,Tata Fixed Maturity Plan Series 47 Scheme D-Plan A -Growth,INF277K01R69,Ambiguous
128830,Tata Fixed Maturity Plan Series 47 Scheme E Plan A Growth,INF277K01V71,Ambiguous
129704,Tata FMP Series 47 Scheme M-Plan A-Growth,INF277K01X38,Ambiguous
129841,Tata FMP Series 47 Scheme N-Plan A -Growth Option,INF277K01X95,Ambiguous
129042,Tata FMP Series 47 Scheme F - Plan A -Growth Option,INF277K01W13,Ambiguous
129216,Tata FMP Series 47 Scheme H - Plan A -Growth Option,INF277K01W54,Ambiguous
128981,Tata FMP Series 47 Scheme J - Plan A -Growth Option,INF277K01S01,Ambiguous
129380,Tata FMP Series 47 Scheme I-Plan A -Growth,INF277K01W96,Ambiguous
130240,UTI FTIF Series XIX - III (368 Days)- Growth  Option,INF789FB1ZY2,Ambiguous
130250,UTI FTIF Series XIX - IV (366 Days)- Growth Option,INF789FB1C61,Ambiguous
130131,UTI FTIF Series XIX- I (369 Days) - Growth Option,INF789FB1XU5,Ambiguous
130135,UTI FTIF Series XIX- II (368 Days) - Growth Option,INF789FB1YL2,Ambiguous
129592,UTI FTIF Series XVIII - IX (733 Days) - Growth Option,INF789FA1JH2,Ambiguous
129550,UTI FTIF Series XVIII - VIII (366 days)- Growth Option,INF789FB1PX5,Ambiguous
129601,UTI FTIF Series XVIII - X (366 Days) - Growth Option,INF789FB1SL4,Ambiguous
129817,UTI FTIF Series XVIII - XI (1095 Days) - Growth Option,INF789FA1JX9,Ambiguous
129827,UTI FTIF Series XVIII - XII (366 Days) - Growth Option,INF789FB1TR9,Ambiguous
130079,UTI FTIF Series XVIII - XIV(368 Days) - Growth Option,INF789FB1VY1,Ambiguous
130089,UTI FTIF Series XVIII - XV (366 Days) - Growth Option,INF789FB1WO0,Ambiguous
130065,UTI FTIF Series XVIII - XIII(366 Days) - Growth Option,INF789FB1UH8,Ambiguous
128885,UTI FTIF Series XVIII -IV (366 DAYS)- Growth Option,INF789FB1HX2,Ambiguous
129256,UTI FTIF Series XVIII -V (370 DAYS)- Growth Option,INF789FB1LR6,Ambiguous
129274,UTI FTIF Series XVIII -VI (367 DAYS)- Growth Option,INF789FB1MW4,Ambiguous
129283,UTI FTIF Series XVIII -VII (368 DAYS)- Growth Option,INF789FB1OR0,Ambiguous
128886,UTI-FMP-Yearly Series March 2014 - Growth Option,INF789FB1QI4,Ambiguous
129234,ICICI Prudential Value Fund - Series 4 Direct Plan Cumulative Option,INF109KA1TR6,Ambiguous
129574,Reliance Close Ended Equity Fund II- Series A- Growth Option,INF204KA1OT7,Ambiguous
131199,ICICI Prudential Dynamic Bond Fund - Direct Plan - Bonus Option,INF109KA1343,Ambiguous
130958,ICICI Prudential Interval Fund Annual Interval Plan - I - Direct Plan Bonus,INF109KA1C80,Ambiguous
130949,ICICI Prudential Blended Plan A - Direct Plan Bonus,INF109KA1B65,Ambiguous
131163,UTI Multi Cap Fund - Growth Option,INF789FA1XX0,Ambiguous
122981,DWS Treasury Fund - Investment - Direct Plan - Annual Bonus,INF223J01XG9,Ambiguous
130954,ICICI Prudential Gilt Investment PF Option - Direct Plan Bonus,INF109KA1C23,Ambiguous
130496,HDFC Large and Mid Cap Fund - Growth Option,INF179KA1RT1,Ambiguous
130502,HDFC Small Cap Fund - Growth Option,INF179KA1RZ8,Ambiguous
130858,Nippon India Japan Equity Fund- Growth Plan- Bonus Option,INF204KA1SJ9,Ambiguous
130863,Nippon India Japan Equity Fund- Growth Plan- Growth Option,INF204KA1SH3,Ambiguous
130489,BNP PARIBAS LIQUID Fund - DIRECT PLAN - MONTHLY Income Distribution cum Capital Withdrawal OPTION,INF251K01NR6,Ambiguous
130486,BNP PARIBAS LIQUID FUND - DIRECT PLAN -- DAILY Income Distribution cum Capital Withdrawal OPTION,,Ambiguous
130472,BNP PARIBAS LIQUID FUND - GROWTH OPTION,INF251K01NJ3,Ambiguous
130465,BNP PARIBAS LIQUID FUND - REGULAR PLAN - WEEKLY Income Distribution cum Capital Withdrawal OPTION,,Ambiguous
130487,BNP PARIBAS LIQUID FUND -- DIRECT PLAN - WEEKLY Income Distribution cum Capital Withdrawal OPTION,,Ambiguous
130934,ICICI Prudential Liquid Fund - Direct Plan Bonus,INF109KA1G86,Ambiguous
126389,BANK OF INDIA Ultra Short Duration Fund- Direct Plan-Bonus,INF761K01CS5,Ambiguous
126390,BANK OF INDIA Ultra Short Duration Fund- Regular Plan- Bonus,INF761K01CV9,Ambiguous
128950,Axis Short Duration Fund - Regular Plan - Bonus Option,INF846K01NS1,Ambiguous
130052,Nippon India Medium Duration Fund - Direct Plan - Bonus Option,INF204KA1QG9,Ambiguous
130037,Nippon India Medium Duration Fund - Growth Option,INF204KA1PZ1,Ambiguous
130938,ICICI Prudential All Seasons Bond Fund - Direct Plan Bonus,INF109KA1H28,Ambiguous
130948,ICICI Prudential Corporate Bond Fund - Direct Plan Bonus,INF109KA1I76,Ambiguous
128952,Axis Banking & PSU Debt Fund - Direct Plan - Bonus Option,INF846K01NF8,Ambiguous
130955,ICICI Prudential Gilt Fund - Direct Plan Bonus,INF109KA1H02,Ambiguous
131051,ICICI Prudential Constant Maturity Gilt Fund - Growth,INF109KA1N46,Ambiguous
130953,ICICI Prudential Floating Interest Fund - Direct Plan Bonus,INF109KA1I35,Ambiguous
130904,JM Aggressive Hybrid Fund (Direct) - Annual Bonus Option,INF192K01HB8,Ambiguous
130208,Edelweiss Arbitrage Fund- Regular Plan -Bonus Option,INF754K01EJ5,Ambiguous
130951,ICICI Prudential Equity Arbitrage Fund - Direct Plan Bonus,INF109KA1C07,Ambiguous
130787,Invesco India Arbitrage Fund - Direct Plan - Annual Bonus,INF205K01P68,Ambiguous
130604,JM Arbitrage Fund (Direct) - Bonus Option - Principal Units,INF192K01GL9,Ambiguous
130603,JM Arbitrage Fund (Regular) - Bonus Option - Principal Units,INF192K01GJ3,Ambiguous
130453,L&T Arbitrage Opportunities Fund - Direct Plan - Bonus,INF917K01QW5,Ambiguous
130451,L&T Arbitrage Opportunities Fund - Regular Plan - Bonus,INF917K01QQ7,Ambiguous
130533,HDFC Income Plus Arbitrage Active FOF - Growth Option,INF179KA1SF8,Ambiguous
131183,HDFC FMP 1099D August 2014 (1) - Direct Option - Flexi Option,INF179KA1WV7,Ambiguous
131190,HDFC FMP 1099D August 2014 (1) - Regular Option - Flexi Option,INF179KA1WZ8,Ambiguous
131036,HDFC FMP 1113D August 2014 (1) - Direct Option - Flexi Option,INF179KA1VX5,Ambiguous
131041,HDFC FMP 1113D August 2014 (1) - Regular Option - Flexi Option,INF179KA1WB9,Ambiguous
130843,HDFC FMP 1116D JULY 2014(1) - Direct Option - Flexi Option,INF179KA1UJ6,Ambiguous
130841,HDFC FMP 1116D JULY 2014(1) - Regular Option - Flexi Option,INF179KA1UN8,Ambiguous
130799,HDFC FMP 1123D July 2014 (1) - Direct Option - Flexi Option,INF179KA1UB3,Ambiguous
130796,HDFC FMP 1123D July 2014 (1) - Regular Option - Flexi Option,INF179KA1UF4,Ambiguous
131279,HDFC FMP 1134D September 2014 (1) - Direct Option - Flexi Option,INF179KA1XL6,Ambiguous
131278,HDFC FMP 1134D September 2014 (1) - Regular Option - Flexi Option,INF179KA1XP7,Ambiguous
130338,HDFC FMP 370D June 2014 (2) Direct Option-Flexi Option,INF179KA1RL8,Ambiguous
130342,HDFC FMP 370D June 2014 (2) Regular Option-Flexi Option,INF179KA1RP9,Ambiguous
130432,HDFC FMP 371D June 2014 (3) - Direct Option - Flexi Option,INF179KB1FI8,Ambiguous
130435,HDFC FMP 371D June 2014 (3) - Regular Option - Flexi Option,INF179KB1FM0,Ambiguous
130421,HDFC FMP 750D June 2014 (1) - Direct Option - Flexi Option,INF179KA1TD1,Ambiguous
130423,HDFC FMP 750D June 2014 (1) - Regular Option - Flexi Option,INF179KA1TH2,Ambiguous
130183,ICICI Prudential Capital Protection Oriented Fund Series VI- 1100 Days Plan B Direct Plan Cumulative option,INF109KA1XF3,Ambiguous
130333,ICICI Prudential Capital Protection Oriented Fund - Series VI - 1100 Days Plan D Direct Plan Cumulative Option,INF109KA1XX6,Ambiguous
130641,ICICI Prudential Capital Protection Oriented Fund - Series VI - 1100 Days Plan E Direct Plan Cumulative Option,INF109KA1ZB7,Ambiguous
130834,ICICI Prudential Capital Protection Oriented Fund - Series VI - 1100 Days Plan F Direct Plan Cumulative Option,INF109KA1A82,Ambiguous
130870,ICICI Prudential Capital Protection Oriented Fund - Series VI - 1100 Days Plan G Direct Plan Cumulative Option,INF109KA1B24,Ambiguous
131175,ICICI Prudential Capital Protection Oriented Fund - Series VI - 1100 Days Plan H Direct Plan Cumulative Option,INF109KA1Q27,Ambiguous
130220,ICICI Prudential Capital Protection Oriented Fund Series VI -1825 Days Plan C Direct Plan Cumulative Option,INF109KA1XJ5,Ambiguous
130803,ICICI Prudential Fixed Maturity Plan - Corporate Bond Series B - 1100 Days - Direct Plan - Cumulative Option,INF109KA1ZW3,Ambiguous
130402,ICICI Prudential Fixed Maturity Plan - Series 74 - 367 Days Plan Z Direct Plan Cumulative Option,INF109KB1JH7,Ambiguous
130331,ICICI Prudential Fixed Maturity Plan - Series 74 - 368 Days Plan Y Direct Plan Cumulative Option,INF109KB1JD6,Ambiguous
130315,ICICI Prudential Fixed Maturity Plan - Series 74 - 370 Days Plan X Direct Plan Cumulative Option,INF109KB1JL9,Ambiguous
130064,ICICI Prudential Fixed Maturity Plan - Series 74 -9 Years Plan U Direct Plan Cumulative Option,INF109KA1WO7,Ambiguous
131014,ICICI Prudential Fixed Maturity Plan - Series 75 - 1100 Days Plan F Direct Plan Cumulative Option,INF109KA1K49,Ambiguous
131007,ICICI Prudential Fixed Maturity Plan - Series 75 - 1100 Days Plan G Direct Plan Cumulative Option,INF109KA1K80,Ambiguous
131111,ICICI Prudential Fixed Maturity Plan - Series 75 - 1100 Days Plan H Direct Plan Cumulative Option,INF109KA1P85,Ambiguous
130777,ICICI Prudential Fixed Maturity Plan - Series 75 - 1352 Days Plan E Direct Plan Cumulative Option,INF109KA1ZS1,Ambiguous
130177,ICICI Prudential Fixed Maturity Plan - Series 74 - 370 Days Plan V Direct Plan Cumulative Option,INF109KB1IJ5,Ambiguous
130438,ICICI Prudential Multiple Yield Fund - Series 7 - 1825 Days Plan B Direct Plan Cumulative Option,INF109KA1YN5,Ambiguous
130991,ICICI Prudential Multiple Yield Fund - Series 7 - 1825 Days Plan C Direct Plan Cumulative Option,INF109KA1K07,Ambiguous
130146,ICICI Prudential Multiple Yield Fund - Series 7 - 1100 Days Plan A Direct Plan Cumulative Option,INF109KA1WX8,Ambiguous
129287,IL&FS Infrastructure Debt Fund Series 1A - Growth,INF613Q01017,Ambiguous
129288,IL&FS Infrastructure Debt Fund Series 1C - Growth,INF613Q01058,Ambiguous
129286,IL&FS Infrastructure Debt Fund Series 1B - Growth,INF613Q01033,Ambiguous
131096,Kotak FMP Series 163 (1100 Days) - Growth,INF174K01ZZ7,Ambiguous
130631,Reliance Dual Advantage Fixed Tenure Fund VI- Plan A- Growth Option,INF204KA1RO1,Ambiguous
130882,Reliance Dual Advantage Fixed Tenure Fund VI- Plan B- Growth Option,INF204KA1SX0,Ambiguous
130193,Reliance Fixed Horizon Fund - XXVI - Series 30 - Growth Option,INF204KA1QP0,Ambiguous
130227,Reliance Fixed Horizon Fund - XXVI - Series 31 - Growth Option,INF204KA1QT2,Ambiguous
130264,Reliance Fixed Horizon Fund XXVI- Series 32- Growth Option,INF204KA1QX4,Ambiguous
130413,Reliance Fixed Horizon Fund XXVI- Series 33- Growth Option,INF204KA1RB8,Ambiguous
130635,Reliance Fixed Horizon Fund XXVI- Series 35- Growth Option,INF204KA1RJ1,Ambiguous
130874,Reliance Fixed Horizon Fund XXVII- Series 3- Growth Option,INF204KA1SP6,Ambiguous
131076,Reliance Fixed Horizon Fund XXVII- Series 4- Growth Option,INF204KA1TF5,Ambiguous
131218,Reliance Fixed Horizon Fund XXVII- Series 6- Growth Option,INF204KA1TX8,Ambiguous
130204,Tata Dual Advantage Fund Scheme C-Plan A-Growth,INF277K01TB2,Ambiguous
131043,Tata Dual Advantage Fund Series 2 Scheme A-Plan A Growth Option,INF277K01F14,Ambiguous
130646,UTI Capital Protection Oriented Scheme - Series IV - I (1103 Days) - Growth Option,INF789FA1TX8,Ambiguous
130458,UTI FTIF Series XIX - IX (369 Days) - Growth Option,INF789FA1RX2,Ambiguous
130357,UTI FTIF Series XIX - V (1095 Days) - Growth Option,INF789FA1PL1,Ambiguous
130360,UTI FTIF Series XIX - VI (366 Days) - Growth Option,INF789FB1ZE4,Ambiguous
130361,UTI FTIF Series XIX - VII (1095 Days) - Growth Option,INF789FA1QR6,Ambiguous
130363,UTI FTIF Series XIX - VIII ( 368 Days )- Growth Option,INF789FA1RH5,Ambiguous
130582,UTI FTIF Series XIX - X (367 Days) - Growth Option,INF789FA1SN1,Ambiguous
130668,UTI FTIF Series XIX - XI (366 Days) - Growth Option,INF789FA1TD0,Ambiguous
130678,UTI FTIF Series XIX - XII (366 Days) - Growth Option,INF789FA1TT6,Ambiguous
131080,UTI FTIF Series XIX - XIX (1101 Days) - Growth Option,INF789FA1ZB1,Ambiguous
130808,UTI FTIF Series XIX - XV (1101 Days) - Growth Option,INF789FA1VT2,Ambiguous
130980,UTI FTIF Series XIX -XVIII (1105 Days) - Growth Option,INF789FA1XP6,Ambiguous
131081,UTI FTIF Series XIX - XX (1099 Days) - Growth Option,INF789FA1A32,Ambiguous
130988,ICICI Prudential Value Fund - Series 5 Direct Plan Cumulative Option,INF109KA1J26,Ambiguous
130653,Reliance Capital Builder Fund- Series A- Growth Option,INF204KA1RV6,Ambiguous
130878,Reliance Capital Builder Fund- Series B- Growth Option,INF204KA1ST8,Ambiguous
130940,ICICI Prudential MIP - Direct Plan Bonus,INF109KA1H44,Ambiguous
131221,JPMorgan India Corporate Debt Opportunities Fund - Direct Plan - Bonus Option,INF843K01JJ5,Ambiguous
131415,JPMorgan India Equity Income Fund - Direct Plan - Bonus Option,INF843K01KD6,Ambiguous
131417,JPMorgan India Equity Income Fund - Regular Plan - Bonus Option,INF843K01KH7,Ambiguous
122679,DWS Treasury Fund - Cash Plan - Direct Plan - Annual Bonus,INF223J01XE4,Ambiguous
131741,Aditya Birla Sun Life Tax Savings Fund - Direct Plan - Bonus Option,INF084M01BX0,Ambiguous
131738,Aditya Birla Sun Life Tax Savings Fund - Regular Plan - Bonus Option,INF084M01333,Ambiguous
130942,ICICI Prudential Ultra Short Term Fund - Direct Plan Bonus,INF109KA1H69,Ambiguous
130946,ICICI Prudential Money Market Fund - Direct Plan Bonus,INF109KA1H85,Ambiguous
128958,Axis Strategic Bond Fund - Regular Plan - Bonus Option,INF846K01NO0,Ambiguous
130936,ICICI Prudential Medium Term Bond Fund - Direct Plan Bonus,INF109KA1B81,Ambiguous
130950,ICICI Prudential Banking and PSU Debt Fund - Direct Plan Bonus,INF109KA1B40,Ambiguous
133264,Nippon India Gilt  Fund- Growth Plan- Bonus Option,INF204KA1YU4,Ambiguous
133054,ICICI Prudential Equity Savings Fund - Direct Plan - Cumulative option,INF109KA11J9,Ambiguous
132009,Aditya Birla Sun Life Global Excellence Equity Fund Of Fund - Retail Plan - Direct Plan - Growth Option,INF084M01EH7,Ambiguous
132987,Franklin India Income Plus Arbitrage Active Fund of Funds- Growth Plan,INF090I01LE4,Ambiguous
131010,CANARA ROBECO CAPITAL PROTECTION ORIENTED FUND - SERIES 3-GROWTH PLAN,INF760K01HG1,Ambiguous
132932,HDFC FMP 1107D October 2014 (1)-Regular Option-Flexi Option,INF179KA1F72,Ambiguous
133191,HDFC FMP 1111D November 2014 (1) - Regular Option - Flexi Option,INF179KA1K42,Ambiguous
133085,HDFC FMP 1113D November 2014 (1) - Direct Option - Flexi Option,INF179KA1I04,Ambiguous
133081,HDFC FMP 1113D November 2014 (1) - Regular Option - Flexi Option,INF179KA1I46,Ambiguous
132790,HDFC FMP 1113D October 2014 (1)-Direct Option-Flexi Option,,Ambiguous
132794,HDFC FMP 1113D October 2014 (1)-Regular Option-Flexi Option,INF179KA1B35,Ambiguous
131517,HDFC FMP 1125D SEPTEMBER 2014 (1) - Direct Option - Flexi Option,INF179KA1ZP2,Ambiguous
131520,HDFC FMP 1125D SEPTEMBER 2014 (1) - Regular Option - Flexi Option,INF179KA1ZT4,Ambiguous
131432,HDFC FMP 1128D September 2014 (1)-Direct Plan-Fexli Option,INF179KA1YR1,Ambiguous
131429,HDFC FMP 1128D September 2014 (1)-Regular Plan-Flexi Option,INF179KA1YV3,Ambiguous
131454,ICICI Prudential Capital Protection Oriented Fund - Series VII - 1285 Days Plan A Direct Plan Cumulative Option,INF109KA1W45,Ambiguous
132875,ICICI Prudential Capital Protection Oriented Fund - Series VII - 1285 Days Plan B Direct Plan Cumulative Option,INF109KA16E9,Ambiguous
131197,ICICI Prudential Fixed Maturity Plan - Series 75 - 1100 Days Plan I Direct Plan Cumulative Option,INF109KA1R42,Ambiguous
131310,ICICI Prudential Fixed Maturity Plan - Series 75 - 1100 Days Plan J Direct Plan Cumulative Option,INF109KA1T65,Ambiguous
131599,ICICI Prudential Fixed Maturity Plan - Series 75 - 1100 Days Plan N Direct Plan Cumulative Option,INF109KA10B8,Ambiguous
131602,ICICI Prudential Fixed Maturity Plan - Series 75 - 1100 Days Plan O Direct Plan Cumulative Option,INF109KA14B0,Ambiguous
132834,ICICI Prudential Fixed Maturity Plan - Series 75 - 1100 Days Plan Q Direct Plan Cumulative Option,INF109KA12E8,Ambiguous
132900,ICICI Prudential Fixed Maturity Plan - Series 75 - 1100 Days Plan R Direct Plan Cumulative Option,INF109KA10F9,Ambiguous
133005,ICICI Prudential Fixed Maturity Plan - Series 75 - 1100 Days Plan T Direct Plan Cumulative Option,INF109KA12F5,Ambiguous
131460,ICICI Prudential Fixed Maturity Plan - Series 75 - 1103 Days Plan L Direct Plan Cumulative Option,INF109KA1W03,Ambiguous
132830,ICICI Prudential Fixed Maturity Plan - Series 75 - 1103 Days Plan P Direct Plan Cumulative Option,INF109KA18D7,Ambiguous
133041,ICICI Prudential Fixed Maturity Plan - Series 75 - 1246 Days Plan U Direct Plan Cumulative Option,INF109KA14H7,Ambiguous
131353,ICICI Prudential Multiple Yield Fund - Series 7 - 1100 Days Plan F Direct Plan Cumulative Option,INF109KA1U05,Ambiguous
131263,ICICI Prudential Multiple Yield Fund - Series 7 - 1338 Days Plan D Direct Plan Cumulative Option,INF109KA1R83,Ambiguous
131316,ICICI Prudential Multiple Yield Fund - Series 7 - 1825 Days Plan E Direct Plan Cumulative Option,INF109KA1S41,Ambiguous
132951,ICICI Prudential Multiple Yield Fund - Series 8 - 1103 Days Plan C Direct Plan Cumulative Option,INF109KA18F2,Ambiguous
133110,ICICI Prudential Multiple Yield Fund - Series 8 -1822 Days Plan D Direct Plan Cumulative Option,INF109KA10K9,Ambiguous
131577,ICICI Prudential Multiple Yield Fund - Series 8 - 1824 Days Plan A Direct Plan Cumulative Option,INF109KA18B1,Ambiguous
131305,Reliance Dual Advantage Fixed Tenure Fund VI- Plan C- Growth Option,INF204KA1UF3,Ambiguous
131342,Reliance Dual Advantage Fixed Tenure Fund VI Plan D- Growth Option,INF204KA1UO5,Ambiguous
131462,Reliance Dual Advantage Fixed Tenure Fund VI- Plan E - Growth Option,INF204KA1VS4,Ambiguous
132762,Reliance Dual Advantage Fixed Tenure Fund VI- Plan F- Growth Option,INF204KA1WK9,Ambiguous
133045,Reliance Dual Advantage Fixed Tenure Fund VII- Plan A- Growth Option,INF204KA1XX0,Ambiguous
131167,Reliance Fixed Horizon Fund - XXVII - Series 5 - Growth Option,INF204KA1TT6,Ambiguous
132859,Reliance Fixed Horizon Fund XXVII- Series 11- Growth Option,INF204KA1WW4,Ambiguous
131346,Reliance Fixed Horizon Fund XXVII- Series 7- Growth Option,INF204KA1US6,Ambiguous
131539,Reliance Fixed Horizon Fund XXVII- Series 8- Growth Option,INF204KA1US6,Ambiguous
131590,Reliance Fixed Horizon Fund XXVII- Series 9- Growth option,INF204KA1WG7,Ambiguous
131381,Reliance Interval Fund III- Series 1- Growth Option,INF204KA1VB0,Ambiguous
133007,Tata Dual Advantage Fund Series 2 Scheme B Plan A Growth,INF277K01J51,Ambiguous
132973,UTI - Capital Protection Oriented Scheme - Series - IV - III (1105 Days) - Growth Option,INF789FA19H5,Ambiguous
131340,UTI Capital Protection Oriented Scheme - Series IV-II (1104 Days)- Growth Option,INF789FA1F52,Ambiguous
131245,UTI FTIF Series XX - I (1099 Days) - Growth Option,INF789FA1F11,Ambiguous
131446,UTI FTIF Series XX - II (1103 Days) - Growth Option,INF789FA1I75,Ambiguous
131447,UTI FTIF Series XX - III (1100 Days) - Growth Option,INF789FA1X92,Ambiguous
133070,UTI FTIF Series XX - IX (1104 Days) - Growth Option,INF789FA17M9,Ambiguous
132810,UTI FTIF Series XX - V (1100 Days) - Growth Option,INF789FA17C0,Ambiguous
132827,UTI FTIF Series XX - VI (1100 Days) - Growth Option,INF789FA19F9,Ambiguous
132963,UTI FTIF Series XX - VII (1103 Days) - Growth Option,INF789FA15H3,Ambiguous
133092,UTI FTIF Series XX - X (1105 Days) - Growth Option,INF789FA18P0,Ambiguous
133156,UTI FTIF Series XX - XI (1100 Days) - Growth Option,INF789FA14R5,Ambiguous
133334,UTI FTIF Series XX - XII (1103 Days) - Growth Option,INF789FA10T9,Ambiguous
133026,UTI FTIF Series XX-VIII (1105 Days) - Growth Option,INF789FA11L4,Ambiguous
131270,Reliance Capital Builder Fund- Series C- Growth Option,INF204KA1UB2,Ambiguous
133415,JM MIP Fund (Direct) - Bonus Option - Principal Units,INF192K01GT2,Ambiguous
133391,JM Floater Short Term Fund - (Direct) - Half Yearly Bonus Option - Principal Units,INF192K01IX0,Ambiguous
133796,Kotak Infrastructure & Economic Reform Fund - Standard Plan-Growth,INF178L01095,Ambiguous
134044,Baroda ELSS 96 Plan A -Growth Option,INF955L01GD4,Ambiguous
125137,Baroda Pioneer Treasury Advantage Fund - Plan B (Direct) - Bonus Option,INF955L01EA5,Ambiguous
130952,ICICI Prudential Savings Fund - Direct Plan Bonus,INF109KA1I01,Ambiguous
133812,Kotak Low Duration Fund - Direct Plan- Standard Income Distribution cum capital withdrawal option,INF178L01AZ9,Ambiguous
133813,Kotak Low Duration Fund Direct Plan- Bonus Option,INF178L01BB8,Ambiguous
133809,Kotak Low Duration Fund- Regular Plan-Standard Income Distribution cum capital withdrawal option,INF178L01210,Ambiguous
133389,JM Dynamic Bond Fund (Regular) - Half Yearly Bonus Option - Principal Units,INF192K01IN1,Ambiguous
133388,JM Dynamic Bond Fund - (Direct) - Half Yearly Bonus Option - Principal Units,INF192K01IP6,Ambiguous
133868,BANK OF INDIA Credit Risk  Fund - Direct Plan,INF761K01DG8,Ambiguous
133867,BANK OF INDIA Credit Risk Fund - Regular Plan,INF761K01DH6,Ambiguous
133678,Baroda BNP Paribas Credit Risk Fund -Plan B(Direct)-Bonus Option,INF955L01FY2,Ambiguous
130944,ICICI Prudential Credit Risk Fund - Direct Plan Bonus,INF109KA1I19,Ambiguous
130956,ICICI Prudential Short Term Gilt Fund - Direct Plan Bonus,INF109KA1I50,Ambiguous
133401,JM Aggressive Hybrid Fund (Direct) - Bonus Option - Principal Units,INF192K01GP0,Ambiguous
133409,JM Aggressive Hybrid Fund (Direct) - Half Yearly Bonus Option - Principal Units,INF192K01HV6,Ambiguous
133411,JM Aggressive Hybrid Fund (Direct) - Quarterly Bonus Option - Principal Units,INF192K01HZ7,Ambiguous
133407,JM Aggressive Hybrid Fund (Regular) - Annual Bonus Option - Principal Units,INF192K01GZ9,Ambiguous
133400,JM Aggressive Hybrid Fund (Regular) - Bonus Option - Principal Units,INF192K01GN5,Ambiguous
133403,JM Aggressive Hybrid Fund (Regular) - Half Yearly Bonus Option - Principal Units,INF192K01HT0,Ambiguous
133410,JM Aggressive Hybrid Fund (Regular) - Quarterly Bonus Option - Principal Units,INF192K01HX2,Ambiguous
133395,JM Arbitrage Fund (Direct) - Annual Bonus Option - Principal Units,INF192K01GX4,Ambiguous
133397,JM Arbitrage Fund (Direct) - Half Yearly Bonus Option - Principal Units,INF192K01ID2,Ambiguous
133398,JM Arbitrage Fund (Direct) - Quarterly Bonus Option - Principal Units,INF192K01IH3,Ambiguous
133394,JM Arbitrage Fund (Regular) - Annual Bonus Option - Principal Units,INF192K01GV8,Ambiguous
133399,JM Arbitrage Fund (Regular) - Half Yearly Bonus Option - Principal Units,INF192K01IB6,Ambiguous
133396,JM Arbitrage Fund (Regular) - Quarterly Bonus Option - Principal Units,INF192K01IF7,Ambiguous
133628,Nippon India Retirement Fund- Income Generation Scheme- Growth Plan- Bonus Option,INF204KA1C48,Ambiguous
133572,Nippon India Retirement Fund- Income Generation Scheme-Growth Plan - Growth Option,INF204KA1C22,Ambiguous
133565,Nippon India Retirement Fund- Wealth Creation Scheme- Growth Plan - Growth Option,INF204KA1B64,Ambiguous
133631,Nippon India Retirement Fund- Wealth Creation Scheme- Growth Plan- Bonus Option,INF204KA1B80,Ambiguous
133713,HSBC Global Consumer Opportunities Fund - Growth,INF336L01JU5,Ambiguous
133833,Kotak US Equity Fund - Standard Plan - Growth option,INF178L01CI1,Ambiguous
133815,Kotak World Gold Fund - Standard Plan - Growth Option,INF178L01152,Ambiguous
133772,Kotak Corporate Bond Fund- Institutional Plan-Growth Option,INF178L01921,Ambiguous
133376,HDFC FMP 1107D December 2014 (1) - Regular Option - Flexi Option,INF179KA1P13,Ambiguous
133463,HDFC FMP 1115D JANUARY 2015(1) - REGULAR OPTION - FLEXI OPTION,INF179KA1R94,Ambiguous
134199,HDFC FMP 1135D March 2015 (1)-Regular Option-Flexi Option,INF179KA13J8,Ambiguous
133907,HDFC FMP 1157D February 2015 (1)-Direct Option-Flexi Option,INF179KA17C4,Ambiguous
133903,HDFC FMP 1157D February 2015 (1)-Regular Option-Flexi Option,INF179KA11D5,Ambiguous
133598,HDFC FMP 1184D January 2015 (1) - Regular Option - Flexi Option,INF179KA1W30,Ambiguous
133216,ICICI Prudential Capital Protection Oriented Fund - Series VII - 1284 Days Plan C Direct Plan Cumulative Option,INF109KA10N3,Ambiguous
133379,ICICI Prudential Capital Protection Oriented Fund - Series VII - 1284 Days Plan E Direct Plan Cumulative Option,INF109KA16P5,Ambiguous
133436,ICICI Prudential Capital Protection Oriented Fund - Series VII - 1288 Days Plan F Direct Plan Cumulative Option,INF109KA10R4,Ambiguous
133295,ICICI Prudential Capital Protection Oriented Fund - Series VII - 1822 Days Plan D Direct Plan Cumulative Option,INF109KA12P4,Ambiguous
133639,ICICI Prudential Capital Protection Oriented Fund - Series VII - 1285 Days Plan G Direct Plan Cumulative Option,INF109KA10U8,Ambiguous
133864,ICICI Prudential Capital Protection Oriented Fund - Series VII - 1284 Days Plan H Direct Plan Cumulative Option,INF109KA16X9,Ambiguous
133244,ICICI Prudential Fixed Maturity Plan - Series 76 - 1100 Days Plan D Direct Plan Cumulative Option,INF109KA14N5,Ambiguous
133458,ICICI Prudential Fixed Maturity Plan - Series 76 - 1100 Days Plan G Direct Plan Cumulative Option,INF109KA15S1,Ambiguous
133431,ICICI Prudential Fixed Maturity Plan - Series 76 - 1103 Days Plan F Direct Plan Cumulative Option,INF109KA16Q3,Ambiguous
134007,ICICI Prudential Fixed Maturity Plan - Series 76 - 1132 Days Plan P Direct Plan Cumulative Option,INF109KB1235,Ambiguous
133875,ICICI Prudential Fixed Maturity Plan - Series 76 - 1142 Days Plan M Direct Plan Cumulative Option,INF109KA18Y3,Ambiguous
133670,ICICI Prudential Fixed Maturity Plan - Series 76 - 1155 Days Plan K Direct Plan Cumulative Option,INF109KA16V3,Ambiguous
133504,ICICI Prudential Fixed Maturity Plan-Series 76 -1185 Days Plan H Direct Plan Cumulative Option,INF109KA18S5,Ambiguous
133174,ICICI Prudential Multiple Yield Fund - Series 8 -1101 Days Plan E Direct Plan Cumulative Option,INF109KA18L0,Ambiguous
133577,ICICI Prudential Multiple Yield Fund - Series 8 - 1103 Days Plan F Direct Plan Cumulative Option,INF109KA12T6,Ambiguous
133662,Kotak FMP Series 171 (1099 Days) - Growth,INF174K01G82,Ambiguous
133303,Reliance Dual Advantage Fixed Tenure Fund VII - Plan B - Growth Option,INF204KA1ZF2,Ambiguous
133531,Reliance Dual Advantage Fixed Tenure Fund VII- Plan C- Growth Option,INF204KA1B56,Ambiguous
133199,Reliance Fixed Horizon Fund XXVII- Series 15- Growth Option,INF204KA1YQ2,Ambiguous
134024,Reliance Fixed Horizon Fund XXVIII- Series 10- Growth Option,INF204KA1H19,Ambiguous
133326,Reliance Fixed Horizon Fund XXVIII- Series 2- Growth Option,INF204KA1ZO4,Ambiguous
133470,Reliance Fixed Horizon Fund XXVIII- Series 4- Growth Option,INF204KA1A81,Ambiguous
133840,Reliance Fixed Horizon Fund XXVIII- Series 7- Growth Option,INF204KA1E79,Ambiguous
133509,Tata Dual Advantage Fund Series 2 Scheme C Plan A Growth,INF277K01M15,Ambiguous
133575,UTI Capital Protection Oriented Scheme - Series V-I (1163 Days) - Growth Option,INF789FB1924,Ambiguous
134167,UTI Capital Protection Oriented Scheme Series V-II (1135 Days) - Growth Option,INF789FB1CK0,Ambiguous
133423,UTI Dual Advantage Fixed Term Fund Series I-I (1100 Days) - Growth Option,INF789FB1841,Ambiguous
133736,UTI Dual Advantage Fixed Term Fund Series I-II (1145 Days) - Growth Option,INF789FB1BA3,Ambiguous
133449,UTI FTIF Series XX - XVI (1100 Days) Growth Option,INF789FB1320,Ambiguous
133476,UTI FTIF Series XX - XVII (1102 Days) - Growth Option,INF789FB1486,Ambiguous
133540,UTI FTIF Series XXI - I (1100 Days) - Growth Option,INF789FB1643,Ambiguous
133656,UTI FTIF Series XXI - II (1100 Days) - Growth Option,INF789FB1908,Ambiguous
133683,UTI FTIF Series XXI-III (1158 Days) - Growth Option,INF789FB1AE7,Ambiguous
133698,UTI FTIF Series XXI-IV (1146 Days) - Growth Option,INF789FB1AO6,Ambiguous
134028,UTI FTIF Series XXI-VI (1145 Days) - Growth Option,INF789FB1CW5,Ambiguous
134088,UTI FTIF Series XXI-VII (1143 Days) - Growth Option,INF789FB1DG6,Ambiguous
134101,UTI FTIF Series XXI-VIII (1136 Days) - Growth Option,INF789FB1DQ5,Ambiguous
133260,Baroda Pioneer Equity Trigger Fund-Series I-Plan A-Growth Option,INF955L01FH7,Ambiguous
133308,Reliance Capital Builder Fund II - Series B - Growth Option,INF204KA1ZG0,Ambiguous
133134,Reliance Capital Builder Fund II- Series A- Growth Option,INF204KA1YI9,Ambiguous
133256,UTI Focussed Equity Fund - Series II (1102 Days) - Growth Option,INF789FA15T8,Ambiguous
116669,IDFC-Money Manager Fund-Investment -Regular Plan-Periodic Div.,INF194K01XL0,Ambiguous
134153,JPMorgan India Balanced Advantage Fund - Regular Plan - Bonus Option,INF843K01KV8,Ambiguous
125115,Baroda Pioneer Banking And Financial Services Fund - Plan B (Direct) - Bonus Option,INF955L01DE9,Ambiguous
134388,Aditya Birla Sun Life Credit Risk Fund - Direct Plan - Bonus,INF209KA1L12,Ambiguous
134384,Aditya Birla Sun Life Credit Risk Fund - Regular Plan - Bonus,INF209KA1K70,Ambiguous
128953,Axis Banking & PSU Debt Fund - Regular Plan - Bonus Option,INF846K01NG6,Ambiguous
134546,Nippon India Banking and PSU Fund- Growth Plan- Bonus Option,INF204KA1T64,Ambiguous
134545,Nippon India Banking and PSU Fund- Growth Plan- Growth Option,INF204KA1T56,Ambiguous
134355,Sundaram Banking & PSU Fund (Formerly Known as Sundaram Banking & PSU Debt Fund) - Regular Annual Bonus,INF903J016I7,Ambiguous
134361,Sundaram Banking & PSU Fund (Formerly Known as Sundaram Banking & PSU Debt Fund) - Regular Quarterly Bonus,INF903J014I2,Ambiguous
128957,Axis Gilt Fund - Direct Plan - Bonus Option,INF846K01NJ0,Ambiguous
134602,Nippon India Equity Savings Fund- Growth Plan- Bonus Option,INF204KA1W02,Ambiguous
134593,Nippon India Equity Savings Fund- Growth Plan- Growth Option,INF204KA1V94,Ambiguous
134736,Aditya Birla Sun Life Fixed Term Plan - Series MR (1153 days) - Regular Plan-Quarterly Plan,INF209KA13F1,Ambiguous
134122,Baroda Pioneer Hybrid Fund - Series 1- Plan A - Growth Option,INF955L01GF9,Ambiguous
134608,HDFC FMP 1106D May 2015 (1)-Direct Option-Flexi Option,INF179KB1370,Ambiguous
134610,HDFC FMP 1106D May 2015 (1)-Regular Option-Flexi Option,INF179KB1412,Ambiguous
134377,HDFC FMP 1115D March 2015 (1)-Direct Option-Flexi Option,INF179KA11O2,Ambiguous
134378,HDFC FMP 1115D March 2015 (1)-Regular Option-Flexi Option,INF179KA15O3,Ambiguous
134762,HDFC FMP 1127D May 2015 (1) - Direct Option - Flexi Option,INF179KB1DC6,Ambiguous
134759,HDFC FMP 1127D May 2015 (1) - Regular Option - Flexi Option,INF179KB1DG7,Ambiguous
134263,HSBC Capital Protection Oriented Fund - Series II - Plan I - Growth,INF336L01JX9,Ambiguous
134462,HSBC Capital Protection Oriented Fund - Series II - Plan II - Growth,INF336L01KB3,Ambiguous
134348,ICICI Prudential Capital Protection Oriented Fund - Series VIII - 1103 Days Plan B Direct Plan Cumulative Option,INF109KB1AV7,Ambiguous
134541,ICICI Prudential Capital Protection Oriented Fund - Series VIII - 1103 Days Plan C Direct Plan Cumulative Option,INF109KB1DD9,Ambiguous
134018,ICICI Prudential Capital Protection Oriented Fund - Series VIII - 1300 Days Plan A Direct Plan Cumulative Option,INF109KB1276,Ambiguous
134160,ICICI Prudential Fixed Maturity Plan - Series 76 - 1100 Days Plan T Direct Plan Cumulative Option,INF109KB1375,Ambiguous
134305,ICICI Prudential Fixed Maturity Plan - Series 76 - 1108 Days Plan V Direct Plan Cumulative Option,INF109KB1698,Ambiguous
134188,ICICI Prudential Fixed Maturity Plan - Series 76 - 1120 Days Plan U Direct Plan Cumulative Option,INF109KB1417,Ambiguous
134309,ICICI Prudential Fixed Maturity Plan - Series 76 - 1127 Days Plan W Direct Plan Cumulative Option,INF109KB1979,Ambiguous
134397,ICICI Prudential Fixed Maturity Plan - Series 76 - 1134 Days Plan Y Direct Plan Cumulative Option,INF109KB1BH4,Ambiguous
134461,ICICI Prudential Fixed Maturity Plan - Series 76 - 1135 Days Plan Z Direct Plan Cumulative Option,INF109KB1BD3,Ambiguous
134630,ICICI Prudential Fixed Maturity Plan - Series 77 - 1130 Days Plan D Direct Plan Cumulative Option,INF109KB1EN6,Ambiguous
134539,ICICI Prudential Fixed Maturity Plan - Series 77 - 1132 Days Plan A Direct Plan Cumulative Option,INF109KB1DH0,Ambiguous
134730,ICICI Prudential Fixed Maturity Plan - Series 77 - 1134 Plan H Direct Plan Cumulative Option,INF109KB1HD0,Ambiguous
134575,ICICI Prudential Fixed Maturity Plan - Series 77 - 1473 Days Plan C Direct Plan Cumulative Option,INF109KB1DP3,Ambiguous
134259,ICICI Prudential Multiple Yield Fund - Series 9 - 1140 Days Plan A Direct Plan Cumulative Option,INF109KB1730,Ambiguous
133984,Reliance Dual Advantage Fixed Tenure Fund VII- Plan D- Growth Option,INF204KA1G69,Ambiguous
134409,Reliance Dual Advantage Fixed Tenure Fund VII- Plan E- Growth Option,INF204KA1M04,Ambiguous
134183,Reliance Fixed Horizon Fund XXVIII- Series 14- Growth Option,INF204KA1J33,Ambiguous
134592,Reliance Fixed Horizon Fund XXVIII- Series 18- Growth Option,INF204KA1V52,Ambiguous
134635,Reliance Fixed Horizon Fund XXVIII- Series 19- Growth Option,INF204KA11A7,Ambiguous
134012,Tata Dual Advantage Fund Series 3 Scheme A Plan A Growth,INF277K01O70,Ambiguous
134211,UTI Dual Advantage Fixed Term Fund Series I-III (1111 Days) - Growth Option,INF789FB1EI0,Ambiguous
134274,UTI FTIF Series XXI-X (1112 Days) - Growth Option,INF789FB1FE6,Ambiguous
134277,UTI FTIF Series XXI-XI (1112 Days) - Growth Option,INF789FB1FO5,Ambiguous
134321,UTI FTIF Series XXI-XII (1106 Days) - Growth Option,INF789FB1IP6,Ambiguous
134434,UTI FTIF Series XXI-XIV (1103 Days) - Growth Option,INF789FB1JJ7,Ambiguous
134474,UTI FTIF Series XXI-XV (1103 Days) - Growth Option,INF789FB1JT6,Ambiguous
134645,UTI FTIF Series XXII-II (1099 Days) - Growth Option,INF789FB1RT9,Ambiguous
134189,ICICI Prudential Value Fund - Series 6 Direct Plan Cumulative Option,INF109KB1573,Ambiguous
133884,Reliance Capital Builder Fund II - Series C - Growth Option,INF204KA1F52,Ambiguous
134922,Nippon India US Equity Opportunities Fund- Growth Plan- Growth Option,INF204KA12G2,Ambiguous
134938,HDFC FMP 1112D June 2015 (1)-Direct Option-Flexi Option,INF179KB1FB3,Ambiguous
134934,HDFC FMP 1112D June 2015 (1)-Regular Option-Flexi Option,INF179KB1FF4,Ambiguous
134716,ICICI Prudential Capital Protection Oriented Fund - Series VIII -1101 Days Plan D Direct Plan Cumulative Option,INF109KB1GX0,Ambiguous
135109,ICICI Prudential Capital Protection Oriented Fund - Series VIII - 1101 Days Plan G Direct Plan Cumulative Option,INF109KB1KP8,Ambiguous
134844,ICICI Prudential Capital Protection Oriented Fund - Series VIII -1107 Days Plan E Direct Plan Cumulative Option,INF109KB1IB2,Ambiguous
134945,ICICI Prudential Capital Protection Oriented Fund - Series VIII - 1115 Days Plan F Direct Plan Cumulative Option,INF109KB1IZ1,Ambiguous
135181,ICICI Prudential Capital Protection Oriented Fund - Series VIII -1105 Days Plan H Direct Plan Cumulative Option,INF109KB1LB6,Ambiguous
135192,ICICI Prudential Capital Protection Oriented Fund - Series VIII - 1290 Days Plan I Direct Plan Cumulative Option,INF109KB1LN1,Ambiguous
135220,ICICI Prudential Capital Protection Oriented Fund - Series VIII -1284 Days Plan J Direct Plan Cumulative Option,INF109KB1LT8,Ambiguous
134929,ICICI Prudential Fixed Maturity Plan - Series 77 - 1100 Days Plan L Direct Plan Cumulative Option,INF109KB1IV0,Ambiguous
134930,ICICI Prudential Fixed Maturity Plan - Series 77 - 1100 Days Plan M Direct Plan Cumulative Option,INF109KB1IR8,Ambiguous
135316,ICICI Prudential Fixed Maturity Plan - Series 77 - 1144 Days Plan T Direct Plan Cumulative Option,INF109KB1MH1,Ambiguous
135286,ICICI Prudential Fixed Maturity Plan - Series 77 - 1151 Days Plan S Direct Plan Cumulative Option,INF109KB1MB4,Ambiguous
135012,ICICI Prudential Fixed Maturity Plan - Series 77 - 1105 Days Plan N - Direct Plan - Cumulative Option,INF109KB1JX4,Ambiguous
135087,Reliance Dual Advantage Fixed Tenure Fund VIII- Plan A- Growth Option,INF204KA13J4,Ambiguous
135228,Reliance Dual Advantage Fixed Tenure Fund VIII- Plan B-Growth Option,INF204KA11L4,Ambiguous
135092,Reliance Fixed Horizon Fund XXIX - Series 1- Growth Option,INF204KA14J2,Ambiguous
135212,Reliance Fixed Horizon Fund XXIX- Series 3- Growth Option,INF204KA12K4,Ambiguous
135332,Reliance Fixed Horizon Fund XXIX- Series 6- Growth Option,INF204KA14M6,Ambiguous
135322,ICICI Prudential India Recovery Fund - Series 3 Direct Plan Cumulative Option,INF109KB1ME8,Ambiguous
134774,Reliance Capital Builder Fund III - Series A - Growth Option,INF204KA13D7,Ambiguous
134891,Reliance Interval Fund -IV -Series 2 - Growth Option,INF204KA11F6,Ambiguous
135002,Reliance Interval Fund IV- Series 3- Growth option,INF204KA13I6,Ambiguous
135451,JPMorgan India Short Term Income Fund - Segregated Asset - Growth Option,INF843K01LF9,Ambiguous
135450,JPMorgan India Treasury Fund - Segregated Asset - Growth Option,INF843K01LE2,Ambiguous
120790,UTI Conservative Hybrid Fund - Direct Plan - Monthly Payment Option,INF789F01UM1,Ambiguous
135854,HDFC BSE Sensex ETF - Growth Plan,INF179KC1HX2,Ambiguous
135853,HDFC NIFTY 50 ETF - Growth Plan,INF179KC1965,Ambiguous
135495,ICICI Prudential Capital Protection Oriented Fund - Series IX - 1101 Days Plan A Direct Plan Cumulative Option,INF109KB1NV0,Ambiguous
135546,ICICI Prudential Capital Protection Oriented Fund - Series IX -1103 Days Plan B Direct Plan Cumulative Option,INF109KB1OD6,Ambiguous
135401,ICICI Prudential Fixed Maturity Plan - Series 77 - 1129 Days Plan W Direct Plan Cumulative Option,INF109KB1MT6,Ambiguous
135847,ICICI Prudential Fixed Maturity Plan - Series 78 - 1212 Days Plan A Direct Plan Cumulative Option,INF109KB1OT2,Ambiguous
135718,ICICI Prudential Multiple Yield Fund - Series 10 - 1775 Days Plan A Direct Plan Cumulative Option,INF109KB1OP0,Ambiguous
135747,Kotak Capital Protection Oriented Scheme - Series 2 - Growth,INF174K01Z89,Ambiguous
135432,Reliance Dual Advantage Fixed Tenure Fund VIII- Plan C- Growth Option,INF204KA14O2,Ambiguous
135481,Reliance Fixed Horizon Fund XXIX- Series 10- Growth Option,INF204KA11P5,Ambiguous
135560,Reliance Fixed Horizon Fund XXIX- Series 13- Growth Option,INF204KA13Q9,Ambiguous
135635,Reliance Fixed Horizon Fund XXIX- Series 14- Growth Option,INF204KA17Q0,Ambiguous
135770,Reliance Fixed Horizon Fund XXIX- Series 16- Growth Option,INF204KA19R4,Ambiguous
135392,Reliance Fixed Horizon Fund XXIX- Series 7- Growth Option,INF204KA16N9,Ambiguous
135417,Reliance Fixed Horizon Fund XXIX- Series 8- Growth Option,INF204KA10O0,Ambiguous
135442,Reliance Fixed Horizon Fund XXIX- Series 9- Growth Option,INF204KA10P7,Ambiguous
135404,ICICI Prudential Business Cycle Fund - Series 1 Direct Plan Cumulative Option,INF109KB1MV2,Ambiguous
135547,ICICI Prudential Business Cycle Fund - Series 2 Direct Plan Cumulative Option,INF109KB1OF1,Ambiguous
138314,PGIM India Large Cap Fund - Direct Plan - Bonus,INF223J01MM0,Ambiguous
138308,PGIM India Large Cap Fund - Growth,INF663L01GW4,Ambiguous
138310,PGIM India Large Cap Fund Wealth Plan - Growth Option,INF223J01267,Ambiguous
138396,PGIM India Tax Plan - Direct Plan - Bonus,INF223J01PD2,Ambiguous
138391,PGIM India Tax Plan-GROWTH,INF223J01358,Ambiguous
138305,PGIM India Insta Cash Fund - Direct Plan -  Annual Bonus Option,INF223J01WW8,Ambiguous
138302,PGIM India Insta Cash Fund - Direct Plan -  Regular Bonus,INF223J01NQ9,Ambiguous
138303,PGIM India Insta Cash Fund - Direct Plan -Monthly Bonus,INF223J01VE8,Ambiguous
138284,PGIM India INSTA CASH FUND - Regular Plan BONUS OPTION,INF223J01BH3,Ambiguous
138282,PGIM India Insta Cash Fund-Institutional Plan-Growth,INF223J01BB6,Ambiguous
138288,PGIM India Liquid Fund - Growth,INF223J01BP6,Ambiguous
138281,PGIM India Liquid Fund-Growth-GROWTH,INF223J01BJ9,Ambiguous
138343,PGIM India Ultra Short Duration Fund - Growth,INF223J01FK8,Ambiguous
138367,PGIM India Ultra Short Term Fund - Direct Plan - Annual Bonus,INF223J01XI5,Ambiguous
138363,PGIM India Ultra Short Term Fund - Direct Plan - Bonus,INF223J01QK5,Ambiguous
138366,PGIM India Ultra Short Term Fund - Direct Plan - Monthly Bonus,INF223J01VK5,Ambiguous
138346,PGIM India Ultra Short Term Fund - Regular Plan - Bonus,INF223J01GA7,Ambiguous
138449,PGIM India Low Duration Fund - Direct Plan -  Annual  Bonus,INF663L01JS6,Ambiguous
138447,PGIM India Low Duration Fund - Direct Plan - Monthly Bonus,INF663L01JR8,Ambiguous
138256,PGIM India Short Duration Fund - Growth,INF223J01DT4,Ambiguous
138276,PGIM India Short Maturity Fund - Direct Plan - Annual Bonus,INF223J01XC8,Ambiguous
138275,PGIM India Short Maturity Fund - Direct Plan - Half Yearly Bonus,INF223J01WI7,Ambiguous
138257,PGIM India Short Maturity Fund - Institutional Plan - Growth,INF223J01DG1,Ambiguous
138262,PGIM India Short Maturity Fund - Premium Plus - Growth,INF223J01DN7,Ambiguous
138662,DHFL Pramerica Strategic Debt Fund - Regular Plan - Bonus,INF223J01H44,Ambiguous
138318,PGIM India Corporate Bond Fund - Growth,INF223J01DB2,Ambiguous
138323,PGIM India Corporate Bond Fund - Premium Plus Plan - Growth,INF223J01CQ2,Ambiguous
138333,PGIM India Premier Bond Fund - Direct Plan - Half-Yearly Bonus,INF223J01WG1,Ambiguous
138566,PGIM India Banking and PSU Debt fund -Growth,INF223J01SW6,Ambiguous
138575,PGIM India Banking and PSU Debt fund- Direct Plan-  Quarterly Bonus,INF223J01VG3,Ambiguous
138574,PGIM India Banking and PSU Debt fund- Direct Plan-  Regular Bonus,INF223J01VI9,Ambiguous
138476,PGIM India Gilt Fund - Direct Plan - Half Yearly Bonus,INF223J01VM1,Ambiguous
138470,PGIM India Gilt Fund - Growth,INF223J01AQ6,Ambiguous
138518,DHFL Pramerica Floating Rate Fund - Direct Plan -  Quarterly Bonus,INF223J01VQ2,Ambiguous
138522,DHFL Pramerica Floating Rate FUnd - Direct Plan - Annual Bonus,INF223J01XG9,Ambiguous
138508,DHFL Pramerica Floating Rate Fund - Direct Plan - Bonus,INF663L01JX6,Ambiguous
138481,DHFL Pramerica Floating Rate Fund - Growth,INF663L01IT6,Ambiguous
138482,DHFL Pramerica Floating Rate Fund- Institiutional - Growth,INF223J01EP0,Ambiguous
138459,PGIM India Hybrid Debt Fund - Growth,INF223J01BZ5,Ambiguous
138382,PGIM India Aggressive Hybrid Equity Fund - Growth Option,INF663L01HC4,Ambiguous
138383,PGIM India Aggressive Hybrid Equity Fund Wealth Plan- Growth Option,INF223J01325,Ambiguous
138372,PGIM India Equity Savings Fund - Growth Option,INF223J01FB7,Ambiguous
136090,HDFC Retirement Savings Fund - Equity Plan - Growth Option,INF179KB1MG8,Ambiguous
136466,HDFC Retirement Savings Fund - Hybrid-Debt Plan - Growth Option,INF179KB1MK0,Ambiguous
136463,HDFC Retirement Savings Fund - Hybrid-Equity Plan - Growth Option,INF179KB1MI4,Ambiguous
138453,PGIM India Emerging Markets Equity Fund of Fund- Growth,INF223J01AY0,Ambiguous
138523,PGIM India Global Equity Opportunities Fund of Fund- Growth,INF223J01AU8,Ambiguous
136032,Axis Hybrid Fund Series - 29 (1275 Days) Growth,INF846K01WV6,Ambiguous
136130,Axis Hybrid Fund Series-30 (1297 Days) Growth,INF846K01WZ7,Ambiguous
134473,Baroda Pioneer Fixed Maturity Plan Series N - Plan A - Growth Option,INF955L01GN3,Ambiguous
134466,Baroda Pioneer Fixed Maturity Plan Series M - Plan A - Growth Option,INF955L01GJ1,Ambiguous
136116,HDFC FMP 1167D January 2016 (1) - Direct Option - Quarterly Option,INF179KB1LP1,Ambiguous
136118,HDFC FMP 1167D January 2016 (1) - Regular Option - Quarterly Option,INF179KB1LS5,Ambiguous
135849,ICICI Prudential Capital Protection Oriented Fund - Series IX - 1195 Days Plan C Direct Plan Cumulative Option,INF109KB1OX4,Ambiguous
135972,ICICI Prudential Capital Protection Oriented Fund - Series IX - 1378 Days Plan D Direct Plan Cumulative Option,INF109KB1PR3,Ambiguous
136295,ICICI Prudential Fixed Maturity Plan - Series 78 -1150 Days Plan N Direct Plan Cumulative Option,INF109KB1SD7,Ambiguous
136230,ICICI Prudential Fixed Maturity Plan - Series 78 - 1168 Days Plan J Direct Plan Cumulative Option,INF109KB1RR9,Ambiguous
136226,ICICI Prudential Fixed Maturity Plan - Series 78 - 1170 Days Plan I Direct Plan Cumulative Option,INF109KB1RF4,Ambiguous
136046,ICICI Prudential Fixed Maturity Plan - Series 78 - 1185 Days Plan F Direct Plan Cumulative Option,INF109KB1QD1,Ambiguous
135928,ICICI Prudential Fixed Maturity Plan - Series 78 - 1190 Days Plan C Direct Plan Cumulative Option,INF109KB1PJ0,Ambiguous
135992,ICICI Prudential Fixed Maturity Plan - Series 78 - 1190 Days Plan E Direct Plan Cumulative Option,INF109KB1PV5,Ambiguous
136238,ICICI Prudential Fixed Maturity Plan - Series 78 - 188 Days Plan L Direct Plan Cumulative Option,INF109KB1RV1,Ambiguous
136221,ICICI Prudential Fixed Maturity Plan - Series 78 - 95 Days Plan K Direct Plan Cumulative Option,INF109KB1VV3,Ambiguous
136300,ICICI Prudential Fixed Maturity Plan - Series 78 -95 Days Plan M Direct Plan Cumulative Option,INF109KB1RZ2,Ambiguous
135924,ICICI Prudential Multiple Yield Fund - Series 10 - 1825 Days Plan B Direct Plan Cumulative Option,INF109KB1PE1,Ambiguous
136248,Reliance Dual Advantage Fixed Tenure Fund IX- Plan A- Growth Option,INF204KA10X1,Ambiguous
135864,Reliance Fixed Horizon Fund XXIX- Series 18- Growth Option,INF204KA17S6,Ambiguous
135884,Reliance Fixed Horizon Fund XXIX- Series 19- Growth Option,INF204KA11T7,Ambiguous
135938,Reliance Fixed Horizon Fund XXIX- Series 20- Growth Option,INF204KA15T8,Ambiguous
136001,Reliance Fixed Horizon Fund XXX- Series 1 -Growth Option,INF204KA19T0,Ambiguous
136029,Reliance Fixed Horizon Fund XXX- Series 2 - Growth Option,INF204KA13U1,Ambiguous
136128,Reliance Fixed Horizon Fund XXX- Series 4 -Growth Option,INF204KA15V4,Ambiguous
136436,Reliance Fixed Horizon Fund XXX- Series 10- Growth Option,INF204KA13Y3,Ambiguous
136455,Reliance Fixed Horizon Fund XXX- Series 12- Growth Option,INF204KA11Z4,Ambiguous
136056,Reliance Fixed Horizon Fund XXX-Series 3- Growth Option,INF204KA11V3,Ambiguous
136170,Reliance Fixed Horizon Fund XXX- Series 5- Growth Option,INF204KA19V6,Ambiguous
136235,Reliance Fixed Horizon Fund XXX- Series 6- Growth Option,INF204KA13W7,Ambiguous
136309,Reliance Fixed Horizon Fund XXX- Series 7- Growth Option,INF204KA11X9,Ambiguous
136314,Reliance Fixed Horizon Fund XXX- Series 8- Growth Option,INF204KA15X0,Ambiguous
136327,Reliance Fixed Horizon Fund XXX- Series 9- Growth Option,INF204KA19X2,Ambiguous
138552,DHFL Pramerica Fixed Maturity Plan - Series 16 (DFMP - 16) - Growth,INF223J01MA5,Ambiguous
138556,DHFL Pramerica Hybrid Fixed Term Fund - Series 10 - Growth,INF223J01MI8,Ambiguous
138533,DHFL Pramerica Hybrid Fixed Term Fund - Series 4- Growth,INF223JA1651,Ambiguous
138535,DHFL Pramerica Hybrid Fixed Term Fund - Series 5 - Growth,INF223JA1AV2,Ambiguous
138538,DHFL Pramerica Hybrid Fixed Term Fund - Series 6 - Growth,INF223J01LC3,Ambiguous
138542,DHFL Pramerica Hybrid Fixed Term Fund - Series 7 - Growth,INF223JA1KV1,Ambiguous
138545,DHFL Pramerica Hybrid Fixed Term Fund - Series 8 - Growth,INF223JA1KN8,Ambiguous
138549,DHFL Pramerica Hybrid Fixed Term Fund - Series 9 - Growth,INF223JA1KK4,Ambiguous
135998,ICICI Prudential Business Cycle Fund - Series 3 Direct Plan Cumulative option,INF109KB1PZ6,Ambiguous
136181,ICICI Prudential India Recovery Fund - Series 4 Direct Plan Cumulative Option,INF109KB1QY7,Ambiguous
139219,Principal Arbitrage Fund - Direct Plan- Monthly Income Distribution CUM Capital Withdrawal,INF173K01NC4,Ambiguous
139222,Principal Arbitrage Fund - Regular Plan - Monthly Income Distribution CUM Capital Withdrawal,INF173K01MY0,Ambiguous
139115,HDFC DAF - II - 1099D March 2016 - Regular Option - Divided Option,INF179KB1PG1,Ambiguous
139093,HSBC Fixed Term Series 125 - Growth Option,INF336L01KZ2,Ambiguous
139363,HSBC Fixed Term Series 126 - Growth Option,INF336L01LD7,Ambiguous
139371,ICICI Prudential Capital Protection Oriented Fund - Series X - 1235 Days Plan A Direct Plan Cumulative Option,INF109KB1VR1,Ambiguous
136370,ICICI Prudential Capital Protection Oriented Fund - Series IX - 1325 Days Plan E Direct Plan Cumulative Option,INF109KB1SP1,Ambiguous
139117,ICICI Prudential Capital Protection Oriented Fund - Series IX - 1120 Days Plan F Direct Plan Cumulative Option,INF109KB1TJ2,Ambiguous
139255,ICICI Prudential Fixed Maturity Plan - Series 78 - 1102 Days Plan Z Direct Plan Cumulative Option,INF109KB1UP7,Ambiguous
139180,ICICI Prudential Fixed Maturity Plan - Series 78 - 1115 Days Plan X Direct Plan Cumulative Option,INF109KB1TZ8,Ambiguous
136461,ICICI Prudential Fixed Maturity Plan - Series 78 - 1127 Days Plan R Direct Plan Cumulative Option,INF109KB1TB9,Ambiguous
139109,ICICI Prudential Fixed Maturity Plan - Series 78 - 1130 Days Plan T Direct Plan Cumulative Option,INF109KB1TF0,Ambiguous
139104,ICICI Prudential Fixed Maturity Plan - Series 78 - 1135 Days Plan W Direct Plan Cumulative Option,INF109KB1TR5,Ambiguous
139099,ICICI Prudential Fixed Maturity Plan - Series 78 - 1156 Days Plan U Direct Plan Cumulative Option,INF109KB1TN4,Ambiguous
139113,ICICI Prudential Fixed Maturity Plan - Series 78 - 1281 Days Plan V Direct Plan Cumulative Option,INF109KB1TV7,Ambiguous
139341,ICICI Prudential Fixed Maturity Plan - Series 79 - 1105 Days Plan B Direct Plan Cumulative Option,INF109KB1VN0,Ambiguous
139297,ICICI Prudential Fixed Maturity Plan - Series 79 - 1218 Days Plan A Direct Plan Cumulative Option,INF109KB1VB5,Ambiguous
136519,Reliance Dual Advantage Fixed Tenure Fund IX- Plan B- Growth Option,INF204KA18Z9,Ambiguous
139250,Reliance Dual Advantage Fixed Tenure Fund IX- Plan C- Growth Option,INF204KB1312,Ambiguous
136511,Reliance Fixed Horizon Fund XXX- Series 13 -Growth Option,INF204KB1080,Ambiguous
138227,Reliance Fixed Horizon Fund XXX- Series 14 - Growth Option,INF204KA19Z7,Ambiguous
136449,Reliance Fixed Horizon Fund XXX- Series 11- Growth Option,INF204KA17Y4,Ambiguous
139143,Reliance Fixed Horizon Fund XXX- Series 17- Growth Option,INF204KB1163,Ambiguous
139248,Reliance Fixed Horizon Fund XXX- Series 18- Growth Option,INF204KB1247,Ambiguous
139265,Reliance Fixed Horizon Fund XXX- Series 19- Growth Option,INF204KB1320,Ambiguous
139345,Reliance Fixed Horizon Fund XXX- Series 20- Growth Option,INF204KB1445,Ambiguous
139376,Reliance Fixed Horizon Fund XXXI- Series 1- Growth Option,INF204KB1569,Ambiguous
136544,SUNDARAM HYBRID SERIES P DIRECT  PLAN  HALF YEARLY DIVIDEDN,INF903JA1104,Ambiguous
139264,ICICI Prudential India Recovery Fund - Series 5 Direct Plan Cumulative Option,INF109KB1UU7,Ambiguous
139618,Taurus Investor Education Pool - Unclaimed Redemption - Growth,,Ambiguous
139617,Taurus Unclaimed Redemption - Growth,,Ambiguous
139560,BNP PARIBAS LIQUID FUND SPECIAL UNCLAIMED RED 36A-- GROWTH OPTION,INF251K01OJ1,Ambiguous
139563,BNP PARIBAS LIQUID FUND SPECIAL UNCLAIMED RED 36B -- GROWTH OPTION,INF251K01OK9,Ambiguous
139889,Franklin India Liquid Fund - Unclaimed Redemption Plan - Growth,INF090I01LO3,Ambiguous
139823,PGIM India Aggressive Hybrid Equity Fund-Direct Plan-Quarterly Divdend Option,INF663L01OE6,Ambiguous
139525,Axis Hybrid Fund Series - 31 (1381) Growth,INF846K01XV4,Ambiguous
139615,Axis Hybrid Fund Series - 32 (1367 Days) Growth,INF846K01XZ5,Ambiguous
139471,ICICI Prudential Capital Protection Oriented Fund - Series X - 1375 Days Plan B Direct Plan Cumulative Plan,INF109KB1XB1,Ambiguous
139761,ICICI Prudential Fixed Maturity Plan - Series 79 - 1104 Days Plan O Direct Plan Cumulative Option,INF109KB1ZS0,Ambiguous
139842,ICICI Prudential Fixed Maturity Plan - Series 79 - 1104 Days Plan P Direct Plan Cumulative Option,INF109KB1B63,Ambiguous
139748,ICICI Prudential Fixed Maturity Plan - Series 79 - 1106 Days Plan M Direct Plan Cumulative Option,INF109KB1ZK7,Ambiguous
139702,ICICI Prudential Fixed Maturity Plan - Series 79 - 1118 Days Plan K Direct Plan Cumulative Option,INF109KB1YU9,Ambiguous
139643,ICICI Prudential Fixed Maturity Plan - Series 79 - 1120 Days Plan J Direct Plan Cumulative Option,INF109KB1YQ7,Ambiguous
139477,ICICI Prudential Fixed Maturity Plan - Series 79 - 1130 Days Plan E  Direct Plan Cumulative Option,INF109KB1XJ4,Ambiguous
139453,ICICI Prudential Fixed Maturity Plan - Series 79 - 1140 Days Plan D  Direct Plan Cumulative Option,INF109KB1XF2,Ambiguous
139592,ICICI Prudential Multiple Yield Fund - Series 11 - Plan A 1427 Days Direct Plan Cumulative Option,INF109KB1YC7,Ambiguous
139335,Nippon India Dual Advantage Fixed Tenure Fund IX- Plan D- Growth Option,INF204KB1437,Ambiguous
139569,Nippon India Dual Advantage Fixed Tenure Fund IX- Plan E- Growth Option,INF204KB1AM0,Ambiguous
139598,Nippon India Dual Advantage Fixed Tenure Fund IX- Plan F-Growth Option,INF204KB1AU3,Ambiguous
139733,Nippon India Fixed Horizon Fund XXXI Series 9 - Growth Option,INF204KB1BT3,Ambiguous
139651,Nippon India Fixed Horizon Fund XXXI- Series 8- Growth Option,INF204KB1AZ2,Ambiguous
139412,Reliance Fixed Horizon Fund XXXI Series 2 - Growth Option,INF204KB1601,Ambiguous
139462,Reliance Fixed Horizon Fund XXXI- Series 4- Growth Option,INF204KB1767,Ambiguous
139544,Reliance Fixed Horizon Fund XXXI- Series 5- Growth Option,INF204KB1AB3,Ambiguous
139573,Reliance Fixed Horizon Fund XXXI- Series 6- Growth Option,INF204KB1AF4,Ambiguous
139594,Reliance Fixed Horizon Fund XXXI- Series 7- Growth Option,INF204KB1AN8,Ambiguous
140360,Edelweiss Balanced Advantage Fund - Regular Plan - Bonus Option-deactivated,INF843K01KV8,Ambiguous
140194,Edelweiss Liquid Fund - Direct Plan - Bonus Option,INF754K01GY9,Ambiguous
140189,Edelweiss Liquid Fund - Regular Plan - Bonus Option,INF754K01HR1,Ambiguous
140230,Edelweiss Money Market Fund - Institutional Plan - Growth Option,INF843K01377,Ambiguous
140350,Edelweiss Equity Savings Fund - Direct Plan - Bonus Option,INF843K01KD6,Ambiguous
140352,Edelweiss Equity Savings Fund - Regular Plan - Bonus Option,INF843K01KH7,Ambiguous
139778,Axis Hybrid Fund Series - 33 (1358 Days) - Direct Divided,INF846K01YC2,Ambiguous
139777,Axis Hybrid Fund Series - 33 (1358 Days) - Growth,INF846K01YD0,Ambiguous
140259,Edelweiss Fixed Maturity Plan - Series 502 - Growth Option,INF843K01AJ4,Ambiguous
140257,Edelweiss Income Fund - Series 501 - Growth Option,INF843K01773,Ambiguous
139941,ICICI Prudential Fixed Maturity Plan - Series 79 - 1404 Days Plan T Direct Plan Cumulative Option,INF109KB1C88,Ambiguous
140022,ICICI Prudential Fixed Maturity Plan - Series 80 - 1100 Days Plan A Direct Plan Cumulative Option,INF109KB1H67,Ambiguous
140109,ICICI Prudential Fixed Maturity Plan - Series 80 - 1248 Days Plan D - Direct Plan - Cumulative Option,INF109KB1K21,Ambiguous
139764,ICICI Prudential Multiple Yield Fund - Series 11 - Plan B 1394 Days Direct Plan Cumulative Option,INF109KB1ZU6,Ambiguous
139993,ICICI Prudential Multiple Yield Fund - Series 11 - Plan C 1387 Days Direct Plan Cumulative Option,INF109KB1G35,Ambiguous
140058,ICICI Prudential Multiple Yield Fund - Series 11 - Plan D 1361 Days - Direct Plan - Cumulative Option,INF109KB1J08,Ambiguous
140056,Nippon India Dual Advantage Fixed Tenure Fund X- Plan A- Growth Option,INF204KB1FC0,Ambiguous
139852,Nippon India Fixed Horizon Fund XXXI- Series 13- Growth Option,INF204KB1DD3,Ambiguous
139963,Nippon India Fixed Horizon Fund XXXI- Series 15-Growth Option,INF204KB1EB5,Ambiguous
140164,Nippon India Fixed Horizon Fund XXXII- Series 4- Growth Option,INF204KB1FY4,Ambiguous
139798,Reliance Fixed Horizon Fund XXXI- Series 11- Growth Option,INF204KB1CR5,Ambiguous
140031,ICICI Prudential Value Fund - Series 9 - Direct Plan - Cumulative Option,INF109KB1I41,Ambiguous
140387,BNP PARIBAS ARBITRAGE FUND -DIRECT PLAN - ADHOC Income Distribution cum Capital Withdrawal OPTION,INF251K01OV6,Ambiguous
140388,BNP PARIBAS ARBITRAGE FUND-REGULAR PLAN- ADHOC Income Distribution cum Capital Withdrawal OPTION,INF251K01OP8,Ambiguous
140142,ICICI Prudential Capital Protection Oriented Fund - Series XI - Plan A 2056 Days - Direct Plan - Cumulative Option,INF109KB1L04,Ambiguous
140366,ICICI Prudential Capital Protection Oriented Fund - Series XI - Plan B 1222 Days - Direct Plan - Cumulative Option,INF109KB1L61,Ambiguous
140646,ICICI Prudential Capital Protection Oriented Fund - Series XI - Plan C 1255 Days - Direct Plan - Cumulative Option,INF109KB1Q41,Ambiguous
140650,ICICI Prudential Capital Protection Oriented Fund - Series XI - Plan D 1247 Days - Direct Plan -  Cumulative Option,INF109KB1R24,Ambiguous
140623,ICICI Prudential Fixed Maturity Plan - Series 80 - 1170 Days Plan I - Direct Plan - Cumulative Option,INF109KB1Q09,Ambiguous
140663,ICICI Prudential Fixed Maturity Plan - Series 80 - 1253 Days Plan J - Direct Plan - Cumulative Option,INF109KB1R65,Ambiguous
140548,ICICI Prudential Fixed Maturity Plan - Series 80 - 1187 Days Plan G - Direct Plan - Cumulative Option,INF109KB1O35,Ambiguous
140538,ICICI Prudential Fixed Maturity Plan - Series 80 - 1194 Days Plan F - Direct Plan - Cumulative Option,INF109KB1O01,Ambiguous
140148,Nippon India Dual Advantage Fixed Tenure Fund X- Plan B- Growth Option,INF204KB1FH9,Ambiguous
140407,Nippon India Dual Advantage Fixed Tenure Fund - X - Plan C - Growth Option,INF204KB1GF1,Ambiguous
140429,Nippon India Dual Advantage Fixed Tenure Fund X- Plan D- Growth Option,INF204KB1GN5,Ambiguous
140440,Nippon India Dual Advantage Fixed Tenure Fund X- Plan E- Growth Option,INF204KB1GR6,Ambiguous
140516,Nippon India Dual Advantage Fixed Tenure Fund X- Plan F- Growth Option,INF204KB1GZ9,Ambiguous
140152,Nippon India Fixed Horizon Fund XXXII- Series 1- Growth Option,INF204KB1FM9,Ambiguous
140602,Nippon India Fixed Horizon Fund XXXII- Series 10- Growth Option,INF204KB1HI3,Ambiguous
140159,Nippon India Fixed Horizon Fund XXXII- Series 2- Growth Option,INF204KB1FQ0,Ambiguous
140427,Nippon India Fixed Horizon Fund XXXII- Series 5- Growth Option,INF204KB1GG9,Ambiguous
140510,Nippon India Fixed Horizon Fund XXXII- Series 7- Growth Option,INF204KB1HA0,Ambiguous
140534,Nippon India Fixed Horizon Fund XXXII- Series 8- Growth Option,INF204KB1HE2,Ambiguous
140559,Nippon India Fixed Horizon Fund - XXXII - Series 9 - Growth Option,INF204KB1HM5,Ambiguous
140737,Nippon India Fixed Horizon Fund XXXIII- Series 1- Growth Option,INF204KB1HY0,Ambiguous
140433,ICICI Prudential Value Fund - Series 10 - Direct Plan - Cumulative Option,INF109KB1M03,Ambiguous
140502,ICICI Prudential Value Fund - Series 11 - Direct Plan - Cumulative Option,INF109KB1M86,Ambiguous
141005,BNP PARIBAS SUBSTANTIAL EQUITY HYBRID FUND -DIRECT PLAN- Income Distribution cum Capital Withdrawal OPTION,INF251K01PB5,Ambiguous
141007,BNP PARIBAS SUBSTANTIAL EQUITY HYBRID FUND- REGULAR PLAN- Income Distribution cum Capital Withdrawal OPTION,INF251K01OY0,Ambiguous
141004,BNP PARIBAS SUBSTANTIAL EQUITY HYBRID FUND- REGULAT PLAN -GROWTH OPTION,INF251K01OW4,Ambiguous
141208,BNP PARIBAS ARBITRAGE FUND DIRECT PLAN MONTHLY Income Distribution cum Capital Withdrawal Option,INF251K01PF6,Ambiguous
141209,BNP PARIBAS ARBITRAGE FUND DIRECT PLAN QUARTERLY Income Distribution cum Capital Withdrawal Option,INF251K01PJ8,Ambiguous
141207,BNP PARIBAS ARBITRAGE FUND REGULAR PLAN MONTHLY Income Distribution cum Capital Withdrawal Option,INF251K01PD1,Ambiguous
141210,BNP PARIBAS ARBITRAGE FUND REGULAR PLAN QUARTERLY Income Distribution cum Capital Withdrawal Option,INF251K01PH2,Ambiguous
140791,Aditya Birla Sun Life Fixed Term Plan - Series OF (1151 days) - Regular Plan-Growrth,INF209KB1DF3,Ambiguous
141040,Franklin India Fixed Maturity Plans - Series 1 - Plan A (1108 days) - Growth,INF090I01LS4,Ambiguous
141333,Franklin India Fixed Maturity Plans - Series 1 - Plan B (1104 days) - Growth,INF090I01LY2,Ambiguous
141206,HSBC Fixed Term Series 128 - Growth Option,INF336L01LZ0,Ambiguous
140981,ICICI Prudential Capital Protection Oriented Fund - Series XI - Plan E 1222 Days - Direct Plan -  Cumulative Option,INF109KB1W43,Ambiguous
141378,ICICI Prudential Capital Protection Oriented Fund - Series XII - Plan A 1168 Days - Direct Plan - Cumulative Option,INF109KB14H5,Ambiguous
141090,ICICI Prudential Fixed Maturity Plan - Series 80 - 1125 Days Plan S - Direct Plan - Cumulative Option,INF109KB1Y25,Ambiguous
140957,ICICI Prudential Fixed Maturity Plan - Series 80 - 1138 Days Plan R - Direct Plan - Cumulative Option,INF109KB1W01,Ambiguous
140773,ICICI Prudential Fixed Maturity Plan - Series 80 - 1150 Days Plan N -Direct Plan - Cumulative Option,INF109KB1U03,Ambiguous
141098,ICICI Prudential Fixed Maturity Plan - Series 80 - 1216 Days Plan U - Direct Plan - Cumulative Option,INF109KB12A4,Ambiguous
141166,ICICI Prudential Fixed Maturity Plan - Series 80 - 1225 Days Plan T - Direct Plan - Cumulative Option,INF109KB1Z81,Ambiguous
140944,ICICI Prudential Fixed Maturity Plan - Series 80 - 1227 Days Plan Q - Direct Plan Cumulative Option,INF109KB1W84,Ambiguous
140934,ICICI Prudential Fixed Maturity Plan - Series 80 - 1231 Days Plan P - Direct Plan - Cumulative Option,INF109KB1V69,Ambiguous
140928,ICICI Prudential Fixed Maturity Plan - Series 80 - 1233 Days Plan O - Direct Plan - Cumulative Option,INF109KB1V28,Ambiguous
140778,ICICI Prudential Fixed Maturity Plan - Series 80 - 1245 Days Plan L - Direct Plan - Cumulative Option,INF109KB1T22,Ambiguous
141262,ICICI Prudential Fixed Maturity Plan - Series 81 - 1101 Days Plan C - Direct Plan - Cumulative Option,INF109KB18B9,Ambiguous
141329,ICICI Prudential Fixed Maturity Plan - Series 81 - 1101 Days Plan E - Direct Plan - Cumulative Option,INF109KB14D4,Ambiguous
141373,ICICI Prudential Fixed Maturity Plan - Series 81 - 1116 Days Plan I - Direct Plan - Cumulative Option,INF109KB10G5,Ambiguous
141357,ICICI Prudential Fixed Maturity Plan - Series 81 - 1178 Days Plan H - Direct Plan - Cumulative Option,INF109KB14G7,Ambiguous
141352,ICICI Prudential Fixed Maturity Plan - Series 81 - 1185 Days Plan G - Direct Plan - Cumulative Option,INF109KB18G8,Ambiguous
141346,ICICI Prudential Fixed Maturity Plan - Series 81 - 1190 Days Plan F - Direct Plan - Cumulative Option,INF109KB16F4,Ambiguous
141272,ICICI Prudential Fixed Maturity Plan - Series 81 - 1195 Days Plan D - Direct Plan - Cumulative Option,INF109KB16C1,Ambiguous
141182,ICICI Prudential Fixed Maturity Plan - Series 81 - 1205 Days Plan B - Direct Plan - Cumulative Option,INF109KB14B8,Ambiguous
141192,ICICI Prudential Fixed Maturity Plan - Series 81 - 1211 Days Plan A - Direct Plan - Cumulative Option,INF109KB10B6,Ambiguous
141155,Nippon India Dual Advantage Fixed Tenure Fund XI- Plan A- Growth Option,INF204KB1JX8,Ambiguous
141185,Nippon India Fixed Horizon Fund XXXIII- Series 10- Growth Option,INF204KB1KC0,Ambiguous
140742,Nippon India Fixed Horizon Fund XXXIII- Series 2- Growth Option,INF204KB1IC4,Ambiguous
140863,Nippon India Fixed Horizon Fund XXXIII- Series 3- Growth Option,INF204KB1IG5,Ambiguous
140914,Nippon India Fixed Horizon Fund XXXIII- Series 4- Growth Option,INF204KB1IS0,Ambiguous
140927,Nippon India Fixed Horizon Fund XXXIII- Series 5- Growth Option,INF204KB1IW2,Ambiguous
140975,Nippon India Fixed Horizon Fund XXXIII- Series 6- Growth Option,INF204KB1JA6,Ambiguous
141037,Nippon India Fixed Horizon Fund XXXIII- Series 7- Growth Option,INF204KB1JI9,Ambiguous
141151,Nippon India Fixed Horizon Fund XXXIII- Series 8- Growth Option,INF204KB1JQ2,Ambiguous
141177,Nippon India Fixed Horizon Fund XXXIII- Series 9- Growth Option,INF204KB1JY6,Ambiguous
141386,Nippon India Fixed Horizon Fund XXXIV- Series 1 - Growth Option,INF204KB1NM3,Ambiguous
141390,Nippon India Fixed Horizon Fund XXXIV- Series 2 - Growth Option,INF204KB1NQ4,Ambiguous
141435,Nippon India Fixed Horizon Fund XXXIV- Series 3- Growth Option,INF204KB1NW2,Ambiguous
141467,HSBC Fixed Term Series 129 - Growth Option,INF336L01MD5,Ambiguous
141597,ICICI Prudential Fixed Maturity Plan - Series 81 - 1100 Days Plan O - Direct Plan - Cumulative Option,INF109KB12S6,Ambiguous
141697,ICICI Prudential Fixed Maturity Plan - Series 81 - 1100 Days Plan R - Direct Plan - Cumulative option,INF109KB19T9,Ambiguous
141514,ICICI Prudential Fixed Maturity Plan - Series 81 - 1150 Days Plan K - Direct Plan - Cumulative Option,INF109KB16P3,Ambiguous
141472,ICICI Prudential Fixed Maturity Plan - Series 81 - 1154 Days Plan J - Direct Plan - Cumulative Option,INF109KB10K7,Ambiguous
141670,ICICI Prudential Fixed Maturity Plan - Series 81 - 1162 Days Plan P - Direct Plan - Cumulative Option,INF109KB11T6,Ambiguous
141686,ICICI Prudential Fixed Maturity Plan - Series 81 - 1163 Days Plan Q - Direct Plan - Cumulative Option,INF109KB13U0,Ambiguous
141416,Nippon India Dual Advantage Fixed Tenure Fund XI- Plan B- Growth Option,INF204KB1NL5,Ambiguous
141584,Nippon India Dual Advantage Fixed Tenure Fund XI- Plan C- Growth Option,INF204KB1PX5,Ambiguous
141692,Nippon India Dual Advantage Fixed Tenure Fund XI- Plan D- Growth Option,INF204KB1QW5,Ambiguous
141660,Nippon India Fixed Horizon Fund XXXIV- Series 10- Growth Option,INF204KB1QH6,Ambiguous
141459,Nippon India Fixed Horizon Fund XXXIV- Series 4- Growth Option,INF204KB1NY8,Ambiguous
141520,Nippon India Fixed Horizon Fund XXXIV- Series 6- Growth Option,INF204KB1PI6,Ambiguous
141551,Nippon India Fixed Horizon Fund XXXIV- Series 7- Growth Option,INF204KB1PM8,Ambiguous
141612,Nippon India Fixed Horizon Fund XXXIV- Series 8- Growth Option,INF204KB1PQ9,Ambiguous
141618,Nippon India Fixed Horizon Fund XXXIV - Series 9 - Growth Option,INF204KB1QD5,Ambiguous
141581,HDFC Equity Opp Fund - II - 1100D June 2017 (1) - Growth Option,INF179KC1AL2,Ambiguous
141429,HDFC Equity Opp Fund - II - 1126D May 2017 (1) - Growth Option,INF179KC1AH0,Ambiguous
141559,ICICI Prudential Value Fund - Series 14 - Direct Plan - Cumulative Option,INF109KB18J2,Ambiguous
141604,ICICI Prudential Value Fund - Series 15 - Direct Plan - Cumulative Option,INF109KB18S3,Ambiguous
141678,ICICI Prudential Value Fund - Series 16 - Direct Plan - Cumulative Option,INF109KB17T3,Ambiguous
141814,BNP Paribas Focused 25 Equity Fund - Direct Plan - Income Distribution cum Capital Withdrawal Option,INF251K01PO8,Ambiguous
141811,BNP Paribas Focused 25 Equity Fund - Regular Plan - Income Distribution cum Capital Withdrawal Option,INF251K01PL4,Ambiguous
141829,Principal Tax Savings Fund Direct Plan - Half Yearly Income Distribution CUM Capital Withdrawal Option,INF173K01NN1,Ambiguous
141830,Principal Tax Savings Fund Regular Plan - Half Yearly Income Distribution CUM Capital Withdrawal Option,INF173K01NM3,Ambiguous
141841,ICICI Prudential BSE Sensex Index Fund - Direct Plan - Cumulative Option,INF109KB10X0,Ambiguous
142001,Franklin India Fixed Maturity Plans- Series 2- Plan A(1224 days)- Growth,INF090I01MK9,Ambiguous
141859,ICICI Prudential Capital Protection Oriented Fund - Series XII - Plan C 1270 Days - Direct Plan - Cumulative Option,INF109KB13X4,Ambiguous
141854,ICICI Prudential Fixed Maturity Plan - Series 81 - 1100 Days Plan W - Direct Plan Cumulative Option,INF109KB19X1,Ambiguous
141799,Nippon India Dual Advantage Fixed Tenure Fund XI- Plan E- Growth Option,INF204KB1RN2,Ambiguous
141791,Nippon India Fixed Horizon Fund XXXV- Series 5- Growth Option,INF204KB1RG6,Ambiguous
141909,Nippon India Fixed Horizon Fund XXXV- Series 6- Growth Option,INF204KB1RW3,Ambiguous
141955,Nippon India Fixed Horizon Fund XXXV- Series 7- Growth Option,INF204KB1SA7,Ambiguous
141788,ICICI Prudential Value Fund - Series 17 - Direct Plan - Cumulative Option,INF109KB19V5,Ambiguous
141882,ICICI Prudential Value Fund - Series 18 - Direct Plan - Cumulative Option,INF109KB13Y2,Ambiguous
141895,Nippon India Capital Builder Fund IV - Series B - Growth Option,INF204KB1RS1,Ambiguous
141867,Nippon India Capital Builder Fund IV- Series A- Growth Option,INF204KB1RO0,Ambiguous
141923,HDFC Housing Opportunities Fund  - Growth Option,INF179KC1AX7,Ambiguous
142115,Franklin India Fixed Maturity Plans- Series 2- Plan B(1224 days)- Growth,INF090I01MR4,Ambiguous
142143,Franklin India Fixed Maturity Plans- Series 2- Plan C(1205 days)- Growth,INF090I01MW4,Ambiguous
142535,Franklin India Fixed Maturity Plans- Series 3- Plan A(1157 days)- Growth,INF090I01NC4,Ambiguous
142663,HDFC FMP 1158D February 2018 (1) - Growth Option,INF179KB1X37,Ambiguous
142086,HSBC Fixed Term Series 130 - Growth Option,INF336L01MH6,Ambiguous
142450,ICICI Prudential Fixed Maturity Plan - Series 82 - 1157 Days Plan J - Direct Plan Cumulative Option,INF109KC1762,Ambiguous
142412,ICICI Prudential Fixed Maturity Plan - Series 82 - 1185 Days Plan I - Direct Plan Cumulative Option,INF109KC1705,Ambiguous
142299,ICICI Prudential Fixed Maturity Plan - Series 82 - 1187 Days Plan F - Direct Plan Cumulative Option,INF109KC1408,Ambiguous
142478,ICICI Prudential Fixed Maturity Plan - Series 82 - 1199 Days Plan L - Direct Plan Cumulative Option,INF109KC1903,Ambiguous
142465,ICICI Prudential Fixed Maturity Plan - Series 82 - 1203 Days Plan K - Direct Plan Cumulative Option,INF109KC1846,Ambiguous
142339,ICICI Prudential Fixed Maturity Plan - Series 82 - 1215 Days Plan H - Direct Plan Cumulative Option,INF109KC1523,Ambiguous
142156,ICICI Prudential Fixed Maturity Plan - Series 82 - 1217 Days Plan C - Direct Plan Cumulative Option,INF109KC1143,Ambiguous
142234,ICICI Prudential Fixed Maturity Plan - Series 82 - 1219 Days Plan D - Direct Plan Cumulative Option,INF109KC1200,Ambiguous
142266,ICICI Prudential Fixed Maturity Plan - Series 82 - 1223 Days Plan E - Direct Plan Cumulative Option,INF109KC1309,Ambiguous
142357,ICICI Prudential Fixed Maturity Plan - Series 82 - 1223 Days Plan G - Direct Plan Cumulative Option,INF109KC1465,Ambiguous
142126,ICICI Prudential Fixed Maturity Plan - Series 82 - 1225 Days Plan B - Direct Plan Cumulative Option,INF109KC1044,Ambiguous
142020,ICICI Prudential Fixed Maturity Plan - Series 82 - 1236 Days Plan A - Direct Plan Cumulative Option,INF109KB13Z9,Ambiguous
142544,ICICI Prudential Fixed Maturity Plan - Series 82 - 1185 Days Plan M - Direct Plan Cumulative Option,INF109KC1960,Ambiguous
142382,ICICI Prudential Multiple Yield Fund - Series 14 - Plan A 1228 Days Direct Plan Cumulative Option,INF109KC1655,Ambiguous
142103,Nippon India Dual Advantage Fixed Tenure Fund XII- Plan A- Growth Option,INF204KB1TN8,Ambiguous
142021,Nippon India Fixed Horizon Fund XXXV- Series 11- Growth Option,INF204KB1SU5,Ambiguous
142120,Nippon India Fixed Horizon Fund XXXV- Series 12- Growth Option,INF204KB1SY7,Ambiguous
142122,Nippon India Fixed Horizon Fund XXXV- Series 13- Growth Option,INF204KB1TC1,Ambiguous
142181,Nippon India Fixed Horizon Fund XXXV- Series 14- Growth Option,INF204KB1TO6,Ambiguous
142193,Nippon India Fixed Horizon Fund XXXV- Series 15- Growth Option,INF204KB1TS7,Ambiguous
142195,Nippon India Fixed Horizon Fund XXXV- Series 16- Growth Option,INF204KB1TW9,Ambiguous
141993,Nippon India Fixed Horizon Fund XXXV- Series 9- Growth Option,INF204KB1SI0,Ambiguous
142458,Nippon India Fixed Horizon Fund XXXVI- Series 2- Growth Option,INF204KB1UI6,Ambiguous
142459,Nippon India Fixed Horizon Fund XXXVI- Series 3- Growth Option,INF204KB1UM8,Ambiguous
142513,Reliance Fixed Horizon Fund XXXVI- Series 4- Growth Option,INF204KB1UQ9,Ambiguous
142072,ICICI Prudential Value Fund - Series 19 - Direct Plan - Cumulative Option,INF109KB18Z8,Ambiguous
142289,ICICI Prudential Value Fund - Series 20 - Direct Plan - Cumulative Option,INF109KC1358,Ambiguous
142007,Nippon India Capital Builder Fund IV- Series C- Growth Option,INF204KB1SQ3,Ambiguous
142147,Nippon India Capital Builder Fund IV- Series D- Growth Option,INF204KB1TG2,Ambiguous
142454,Nippon India Fixed Horizon Fund XXXVI- Series 1- Growth Option,INF204KB1UE5,Ambiguous
143493,Nippon India Ultra Short Duration Fund- Growth Option,INF204K01UE8,Ambiguous
143610,JM Low Duration Fund (Direct) - Bonus Option - Principal Units,INF192K01FL1,Ambiguous
143592,JM Money Market Fund (Direct) Bonus Option - Principal Units,INF192K01FH9,Ambiguous
143598,JM Money Market Fund - Growth,INF192K01AU3,Ambiguous
135500,Kotak Bond Short Term Plan - Direct - Standard Income Distribution cum capital withdrawal option,INF174K01Z14,Ambiguous
143373,Franklin India Fixed Maturity Plans- series 3- Plan E (1104) days- Growth,INF090I01OA6,Ambiguous
142667,Franklin India Fixed Maturity Plans- Series 3- Plan B (1139 days)- Growth,INF090I01NI1,Ambiguous
142714,Franklin India Fixed Maturity Plans- Series 3- Plan C (1132 days)- Growth,INF090I01NO9,Ambiguous
142921,Franklin India Fixed Maturity Plans- Series 3- Plan D(1132 days)- Growth,INF090I01NU6,Ambiguous
143402,HDFC FMP 1134D May 2018 (1) - Growth Option,INF179KB17E8,Ambiguous
142772,HDFC FMP 1143D March 2018 (1) - Growth Option,INF179KB1Z50,Ambiguous
143003,HDFC FMP 1145D March 2018 (1) - Growth Option,INF179KB11B7,Ambiguous
143237,HDFC FMP 1146D April 2018 (1) - Growth Option,INF179KB15D4,Ambiguous
142910,HDFC FMP 1147D March 2018 (1) - Growth Option,INF179KB15A0,Ambiguous
142706,HDFC FMP 1150D March 2018 (1) - Growth Option,INF179KB1Y93,Ambiguous
143056,HDFC FMP 1177D March 2018 (1) - Growth Option,INF179KB17B4,Ambiguous
143228,HDFC FMP 1181D April 2018 (1) - Growth Option,INF179KB19C8,Ambiguous
143161,HDFC FMP 1183D April 2018 (1) - Growth Option,INF179KB13C1,Ambiguous
142727,HDFC FMP 1208D March 2018 (1) - Growth Option,INF179KB1Y36,Ambiguous
143252,HDFC FMP 1434D May 2018 (1) - Growth Option,INF179KB11E1,Ambiguous
142990,HSBC Fixed Term Series 131 - Growth Option,INF336L01MP9,Ambiguous
142739,HSBC Fixed Term Series 132 - Growth Option,INF336L01ML8,Ambiguous
143052,HSBC Fixed Term Series 133 - Growth Option,INF336L01MT1,Ambiguous
142638,ICICI Prudential Fixed Maturity Plan - Series 82 - 103 Days Plan O - Direct Plan Cumulative Option,INF109KC1AH5,Ambiguous
143132,ICICI Prudential Fixed Maturity Plan - Series 82 - 1119 Days Plan X - Direct Plan Cumulative Option,INF109KC1CK5,Ambiguous
142904,ICICI Prudential Fixed Maturity Plan - Series 82 - 1135 Days Plan S - Direct Plan Cumulative Option,INF109KC1BE0,Ambiguous
142961,ICICI Prudential Fixed Maturity Plan - Series 82 - 1135 Days Plan U - Direct Plan Cumulative Option,INF109KC1BS0,Ambiguous
142977,ICICI Prudential Fixed Maturity Plan - Series 82 - 1135 Days Plan V - Direct Plan Cumulative Option,INF109KC1BY8,Ambiguous
142762,ICICI Prudential Fixed Maturity Plan - Series 82 - 1136 Days Plan P - Direct Plan Cumulative Option,INF109KC1AM5,Ambiguous
143145,ICICI Prudential Fixed Maturity Plan - Series 82 - 1141 Days Plan Y - Direct Plan Cumulative Option,INF109KC1CS8,Ambiguous
142885,ICICI Prudential Fixed Maturity Plan - Series 82 - 1170 Days Plan R - Direct Plan Cumulative Option,INF109KC1AY0,Ambiguous
142698,ICICI Prudential Fixed Maturity Plan - Series 82 - 1175 Days Plan Q - Direct Plan Cumulative Option,INF109KC1AS2,Ambiguous
142582,ICICI Prudential Fixed Maturity Plan - Series 82 - 1185 Days Plan N - Direct Plan Cumulative Option,INF109KC1AC6,Ambiguous
143387,ICICI Prudential Fixed Maturity Plan - Series 82 - 91 Days Plan Z - Direct Plan Cumulative Option,INF109KC1DO5,Ambiguous
143380,ICICI Prudential Fixed Maturity Plan - Series 83 - 1105 Days Plan A - Direct Plan Cumulative Option,INF109KC1DD8,Ambiguous
143443,ICICI Prudential Fixed Maturity Plan - Series 83 - 1406 Days Plan D - Direct Plan Cumulative Option,INF109KC1DX6,Ambiguous
143392,ICICI Prudential Fixed Maturity Plan - Series 83 - 1412 Days Plan B - Direct Plan Cumulative Option,INF109KC1DJ5,Ambiguous
143440,ICICI Prudential Fixed Maturity Plan - Series 83 - 91 Days Plan C - Direct Plan Cumulative Option,INF109KC1DS6,Ambiguous
142563,Nippon India Fixed Horizon Fund XXXVI- Series 5- Growth Option,INF204KB1UU1,Ambiguous
142567,Nippon India Fixed Horizon Fund XXXVI- Series 6- Growth Option,INF204KB1UY3,Ambiguous
142646,Nippon India Fixed Horizon Fund XXXVI- Series 7- Growth Option,INF204KB1VG8,Ambiguous
142816,Nippon India Fixed Horizon Fund XXXVI- Series 8- Growth Option,INF204KB1VK0,Ambiguous
142913,Nippon India Fixed Horizon Fund XXXVI- Series 9- Growth Option,INF204KB1XK6,Ambiguous
143081,Nippon India Fixed Horizon Fund XXXVII- Series 1- Growth Option,INF204KB1WA9,Ambiguous
143168,Nippon India Fixed Horizon Fund XXXVII- Series 3- Growth Option,INF204KB1WI2,Ambiguous
143172,Nippon India Fixed Horizon Fund XXXVII- Series 4- Growth Option,INF204KB1WM4,Ambiguous
143257,Nippon India Fixed Horizon Fund XXXVII- Series 5- Growth Option,INF204KB1WU7,Ambiguous
143271,Nippon India Fixed Horizon Fund XXXVII- Series 6- Growth Option,INF204KB1WY9,Ambiguous
143293,Reliance Fixed Horizon Fund XXXVII- Series 7- Growth Option,INF204KB1XC3,Ambiguous
143349,Reliance Fixed Horizon Fund XXXVII- Series 8- Growth Option,INF204KB1XG4,Ambiguous
142951,ICICI Prudential Bharat Consumption Fund - Series 1 - Direct Plan - Cumulative Option,INF109KC1BN1,Ambiguous
143153,ICICI Prudential Bharat Consumption Fund - Series 2 - Direct Plan - Cumulative Option,INF109KC1CX8,Ambiguous
142134,ICICI Prudential Long Term Wealth Enhancement Fund - Direct Plan Cumulative Option,INF109KC1093,Ambiguous
143874,ICICI Prudential Pharma Healthcare and Diagnostics (P.H.D) Fund - Direct Plan - Cumulative Option,INF109KC1GH2,Ambiguous
143702,Nippon India Nivesh Lakshya Long Duration Fund- Growth Option,INF204KB1ZB0,Ambiguous
144461,Franklin India Equity Savings Fund- Growth,INF090I01PA3,Ambiguous
143903,ICICI Prudential BHARAT 22 FOF - Direct Plan Cumulative Option,INF109KC1FX1,Ambiguous
144652,Franklin India Fixed Maturity Plans- Series 4 Plan C (1098 days) -Growth,INF090I01PM8,Ambiguous
144267,Franklin India Fixed Maturity Plans - Series 4- Plan B (1098 days)- Growth,INF090I01OS8,Ambiguous
143779,Franklin India Fixed Maturity Plans Series 3- Plan F (1098 days)- Growth,INF090I01OG3,Ambiguous
144011,Franklin India Fixed Maturity Plans- Series 4- Plan A (1098 days) -Growth,INF090I01OM1,Ambiguous
144033,HDFC FMP 1099D June 2018 (1) - Growth Option,INF179KB17I9,Ambiguous
144524,HDFC FMP 1105D August 2018 (1) - Growth Option,INF179KB15K9,Ambiguous
144806,HDFC FMP 1105D August 2018 (2) - Growth Option,INF179KB10N4,Ambiguous
144563,HDFC FMP 1113D August 2018 (1) - Growth Option,INF179KB18L1,Ambiguous
143764,HDFC FMP 1113D JUNE 2018 (1) - Growth Option,INF179KB10H6,Ambiguous
143663,HDFC FMP 1119D June 2018 (1) - Growth Option,INF179KB17F5,Ambiguous
144109,HDFC FMP 1122D July 2018 (1) - Growth Option,INF179KB13J6,Ambiguous
143824,HDFC FMP 1124D June 2018 (1) - Growth Option,INF179KB16H3,Ambiguous
144360,HDFC FMP 1133D JULY 2018 (1) - Growth Option,INF179KB19J3,Ambiguous
144506,HDFC FMP 1141D August 2018 (1) - Growth Option,INF179KB12L4,Ambiguous
144115,HSBC Fixed Term Series 135 - Growth Option,INF336L01NB7,Ambiguous
144555,HSBC Fixed Term Series 136 - Growth Option,INF336L01NF8,Ambiguous
144065,ICICI Prudential Fixed Maturity Plan - Series 83 - 1100 Days Plan O - Direct Plan Cumulative Option,INF109KC1HJ6,Ambiguous
144302,ICICI Prudential Fixed Maturity Plan - Series 83 - 1100 Days Plan R - Direct Plan Cumulative Option,INF109KC1HX7,Ambiguous
144376,ICICI Prudential Fixed Maturity Plan - Series 83 - 1100 Days Plan S - Direct Plan Cumulative Option,INF109KC1ID7,Ambiguous
143878,ICICI Prudential Fixed Maturity Plan - Series 83 - 1103 Days Plan L - Direct Plan Cumulative Option,INF109KC1GB5,Ambiguous
143520,ICICI Prudential Fixed Maturity Plan - Series 83 - 1105 Days Plan F - Direct Plan Cumulative Option,INF109KC1ER6,Ambiguous
143954,ICICI Prudential Fixed Maturity Plan - Series 83 - 1105 Days Plan M - Direct Plan Cumulative Option,INF109KC1GN0,Ambiguous
144164,ICICI Prudential Fixed Maturity Plan - Series 83 - 1107 Days Plan Q - Direct Plan Cumulative Option,INF109KC1HP3,Ambiguous
143717,ICICI Prudential Fixed Maturity Plan - Series 83 - 1108 Days Plan H - Direct Plan Cumulative Option,INF109KC1FP7,Ambiguous
144388,ICICI Prudential Fixed Maturity Plan - Series 83 - 1110 Days Plan T - Direct Plan Cumulative Option,INF109KC1IL0,Ambiguous
144599,ICICI Prudential Fixed Maturity Plan - Series 83 - 1111 Days Plan Y - Direct Plan Cumulative Option,INF109KC1JU9,Ambiguous
143512,ICICI Prudential Fixed Maturity Plan - Series 83 - 1113 Days Plan E - Direct Plan Cumulative Option,INF109KC1EL9,Ambiguous
143735,ICICI Prudential Fixed Maturity Plan - Series 83 - 1392 Days Plan J - Direct Plan Cumulative Option,INF109KC1FJ0,Ambiguous
144078,ICICI Prudential Fixed Maturity Plan - Series 83 - 1735 Days Plan P - Direct Plan Cumulative Option,INF109KC1HD9,Ambiguous
143726,ICICI Prudential Fixed Maturity Plan - Series 83 - 193 Days Plan G - Direct Plan Cumulative Option,INF109KC1FA9,Ambiguous
144694,Nippon India Fixed Horizon Fund XXXIX- Series 1- Growth Plan,INF204KB1G26,Ambiguous
143454,Nippon India Fixed Horizon Fund XXXVII- Series 10- Growth Option,INF204KB1XO8,Ambiguous
143641,Nippon India Fixed Horizon Fund XXXVII- Series 12- Growth Option,INF204KB1XW1,Ambiguous
143757,Nippon India Fixed Horizon Fund XXXVII- Series 15- Growth Option,INF204KB1YM0,Ambiguous
143452,Nippon India Fixed Horizon Fund XXXVII- Series 9- Growth Option,INF204KB1XK6,Ambiguous
143899,Nippon India Fixed Horizon Fund XXXVIII- Series 1- Growth Option,INF204KB1A63,Ambiguous
144353,Nippon India Fixed Horizon Fund XXXVIII- Series 10- Growth Option,INF204KB1E28,Ambiguous
144480,Nippon India Fixed Horizon Fund XXXVIII- Series 11- Growth Option,INF204KB1E69,Ambiguous
144527,Nippon India Fixed Horizon Fund XXXVIII- Series 12- Growth Option,INF204KB1F01,Ambiguous
144624,Nippon India Fixed Horizon Fund XXXVIII- Series 14- Growth Option,INF204KB1F84,Ambiguous
143948,Nippon India Fixed Horizon Fund XXXVIII- Series 2- Growth Option,INF204KB1B05,Ambiguous
143951,Nippon India Fixed Horizon Fund XXXVIII- Series 3- Growth Option,INF204KB1B47,Ambiguous
144081,Nippon India Fixed Horizon Fund XXXVIII- Series 5- Growth Option,INF204KB1C20,Ambiguous
144160,Nippon India Fixed Horizon Fund XXXVIII- Series 6- Growth Option,INF204KB1C61,Ambiguous
144250,Nippon India Fixed Horizon Fund XXXVIII- Series 7- Growth Option,INF204KB1D03,Ambiguous
143528,Reliance Fixed Horizon Fund XXXVII- Series 11- Growth Option,INF204KB1XS9,Ambiguous
143645,Reliance Fixed Horizon Fund XXXVII- Series 13- Growth Option,INF204KB1YA5,Ambiguous
144595,Reliance Fixed Horizon Fund XXXVIII- Series 13- Growth Option,INF204KB1F43,Ambiguous
144688,Reliance Fixed Horizon Fund XXXVIII- Series 15- Growth Option,INF204KB1G67,Ambiguous
144019,Reliance Fixed Horizon Fund XXXVIII- Series 4- Growth Option,INF204KB1B88,Ambiguous
144254,Reliance Fixed Horizon Fund XXXVIII- Series 8- Growth Option,INF204KB1D45,Ambiguous
143961,ICICI Prudential Bharat Consumption Fund - Series 3 - Direct Plan - Cumulative Option,INF109KC1GS9,Ambiguous
144448,ICICI Prudential Bharat Consumption Fund - Series 4 - Direct Plan - Cumulative Option,INF109KC1IW7,Ambiguous
144637,BNP Paribas India Consumption Fund - Direct Plan - Income Distribution cum Capital Withdrawal Option,INF251K01PV3,Ambiguous
144635,BNP Paribas India Consumption Fund - Regular Plan - Income Distribution cum Capital Withdrawal Option,INF251K01PS9,Ambiguous
145075,ICICI Prudential Manufacturing Fund - Direct Plan - Cumulative Option,INF109KC1LJ8,Ambiguous
145535,ICICI Prudential Overnight Fund - Growth,INF109KC17E3,Ambiguous
145040,HDFC Ultra Short Term Fund - Growth Option,INF179KB11R3,Ambiguous
144763,Franklin India Fixed Maturity Plans- Series 4- Plan D (1098 days) - Growth,INF090I01PS5,Ambiguous
145317,Franklin India Fixed Maturity Plans -Series 5 Plan A (1273 days)- Growth,INF090I01QK0,Ambiguous
145167,Franklin India Fixed Maturity Plans- Series 4 Plan F (1286 days) -Growth,INF090I01QE3,Ambiguous
144958,Franklin India Fixed Maturity Plans- Series 4- Plan E (1098 days)- Growth,INF090I01PY3,Ambiguous
144860,HDFC FMP 1115D September 2018 (1) - Growth Option,INF179KB18O5,Ambiguous
144744,HDFC FMP 1122D August 2018 (1) - Growth Option,INF179KB14M8,Ambiguous
145639,HDFC FMP 1232D NOVEMBER 2018 (1) - Growth Option,INF179KB18W8,Ambiguous
145495,HDFC FMP 1246D NOVEMBER 2018 (1) - Growth Option,INF179KB12W1,Ambiguous
145462,HDFC FMP 1260D October 2018 (1) - Growth Option,INF179KB16V4,Ambiguous
145395,HDFC FMP 1261D October 2018 (1) - Growth Option,INF179KB10V7,Ambiguous
145429,HDFC FMP 1265D October 2018 (1) - Growth Option,INF179KB14U1,Ambiguous
145301,HDFC FMP 1274D October 2018 (1) - Growth Option,INF179KB18T4,Ambiguous
145274,HDFC FMP 1280D October 2018 (1) - Growth Option,INF179KB16S0,Ambiguous
145286,HDFC FMP 1344D October 2018 (1) - Growth Option,INF179KB12T7,Ambiguous
145107,HDFC FMP 1372D September 2018 (1) - Growth Option,INF179KB10S3,Ambiguous
144979,HDFC FMP 1381D September 2018 (1) - Growth Option,INF179KB12Q3,Ambiguous
144798,HDFC FMP 1487D August 2018 (1) - Growth Option,INF179KB12O8,Ambiguous
144813,HDFC FMP 91D August 2018(1)-Growth Option,,Ambiguous
144603,ICICI Prudential Fixed Maturity Plan - Series 83 - 1100 Days Plan X - Direct Plan Cumulative Option,INF109KC1JO2,Ambiguous
144697,ICICI Prudential Fixed Maturity Plan - Series 83 - 1101 Days Plan Z - Direct Plan Cumulative Option,INF109KC1KA9,Ambiguous
144819,ICICI Prudential Fixed Maturity Plan - Series 84 - 1101 Days Plan A - Direct Plan Cumulative Option,INF109KC1KG6,Ambiguous
144944,ICICI Prudential Fixed Maturity Plan - Series 84 - 1103 Days Plan C - Direct Plan Cumulative Option,INF109KC1KQ5,Ambiguous
145515,ICICI Prudential Fixed Maturity Plan - Series 84 - 1245 Days Plan N - Direct Plan Cumulative Option,INF109KC1NX5,Ambiguous
145431,ICICI Prudential Fixed Maturity Plan - Series 84 - 1247 Days Plan M - Direct Plan Cumulative Option,INF109KC1NL0,Ambiguous
145307,ICICI Prudential Fixed Maturity Plan - Series 84 - 1275 Days Plan K - Direct Plan Cumulative Option,INF109KC1MR9,Ambiguous
145628,ICICI Prudential Fixed Maturity Plan - Series 84 - 1279 Days Plan P - Direct Plan Cumulative Option,INF109KC1PP6,Ambiguous
145122,ICICI Prudential Fixed Maturity Plan - Series 84 - 1286 Days Plan F - Direct Plan Cumulative Option,INF109KC1LP5,Ambiguous
145185,ICICI Prudential Fixed Maturity Plan - Series 84 - 1287 Days Plan I - Direct Plan Cumulative Option,INF109KC1ML2,Ambiguous
145028,ICICI Prudential Fixed Maturity Plan - Series 84 - 1288 Days Plan E - Direct Plan Cumulative Option,INF109KC1LD1,Ambiguous
145625,ICICI Prudential Fixed Maturity Plan - Series 84 - 1288 Days Plan O - Direct Plan Cumulative Option,INF109KC1PJ9,Ambiguous
145018,ICICI Prudential Fixed Maturity Plan - Series 84 - 1293 Days Plan D - Direct Plan Cumulative Option,INF109KC1KX1,Ambiguous
145129,ICICI Prudential Fixed Maturity Plan - Series 84 - 168 Days Plan G - Direct Plan Cumulative Option,INF109KC1LU5,Ambiguous
145588,Kotak FMP Series 251-1265 days-Direct Paln-Gwoth option,INF174KA1AA2,Ambiguous
145527,Nippon India Fixed Horizon Fund XXXIX - Series 15 Growth option,INF204KB1N43,Ambiguous
145611,Nippon India Fixed Horizon Fund XXXX - Series 1 - Growth Option,INF204KB1N84,Ambiguous
145408,Nippon India Fixed Horizon Fund XXXIX -  Series 14 -Growth Option,INF204KB1N01,Ambiguous
145179,Nippon India Fixed Horizon Fund XXXIX- Series 11- Growth Option,INF204KB1L45,Ambiguous
144769,Nippon India Fixed Horizon Fund XXXIX- Series 2- Growth Option,INF204KB1H41,Ambiguous
144900,Nippon India Fixed Horizon Fund XXXIX- Series 4- Growth Option,INF204KB1I65,Ambiguous
144908,Nippon India Fixed Horizon Fund XXXIX- Series 5- Growth Option,INF204KB1J07,Ambiguous
144933,Nippon India Fixed Horizon Fund XXXIX- Series 6- Growth Plan,INF204KB1J49,Ambiguous
145032,Nippon India Fixed Horizon Fund XXXIX- Series 8- Growth Option,INF204KB1K20,Ambiguous
145143,Nippon India Fixed Horizon Fund XXXIX- Series 9- Growth Option,INF204KB1K61,Ambiguous
145157,Reliance Fixed Horizon Fund XXXIX- Series 10- Growth Option,INF204KB1L03,Ambiguous
144773,Reliance Fixed Horizon Fund XXXIX- Series 3- Growth Option,INF204KB1H82,Ambiguous
144937,Reliance Fixed Horizon Fund XXXIX- Series 7- Growth Option,INF204KB1J80,Ambiguous
145443,ICICI Prudential Bharat Consumption Fund - Series 5 - Direct Plan - Cumulative Option,INF109KC1NQ9,Ambiguous
144888,Nippon India India Opportunities Fund - Series A - Growth Option,INF204KB1I24,Ambiguous
145347,Nippon India Interval Fund V- Series 1- Growth Option,INF204KB1M28,Ambiguous
145897,ICICI Prudential India Opportunities Fund - Direct Plan - Cumulative Option,INF109KC1RH9,Ambiguous
146722,ICICI Prudential Retirement Fund - Hybrid Aggressive - Growth Option,INF109KC1TU8,Ambiguous
146717,ICICI Prudential Retirement Fund - Hybrid Conservative - Growth Option,INF109KC1TY0,Ambiguous
146726,ICICI Prudential Retirement Fund - Pure Debt - Growth Option,INF109KC1UC4,Ambiguous
146346,ICICI Prudential Retirement Fund - Pure Equity - Growth Option,INF109KC1TQ6,Ambiguous
145529,Franklin India Fixed Maturity Plans- Series 5- Plan B (1244 days)- Growth,INF090I01QQ7,Ambiguous
146049,Franklin India Fixed Maturity Plans- Series 5- Plan E (1224 days)- Growth,INF090I01RI2,Ambiguous
145926,Franklin India Fixed Maturity Plans- Series 5 Plan D (1238 days)- Growth,INF090I01RC5,Ambiguous
146371,Franklin India Fixed Maturity Plans Series 5 Plan F (1203 days)- Growth,INF090I01RO0,Ambiguous
145782,Franklin Idnia Fixed Maturity Palns- Series 5 Plan C (1259 days)- Growth,INF090I01QW5,Ambiguous
146502,HDFC FMP 1146D February 2019 (1) - Growth Option,INF179KC1395,Ambiguous
146469,HDFC FMP 1154D February 2019 (1) - Growth Option,INF179KC1338,Ambiguous
146280,HDFC FMP 1168D January 2019 (1) - Growth Option,INF179KC1270,Ambiguous
146153,HDFC FMP 1175D January 2019 (1) - Growth Option,INF179KC1213,Ambiguous
146147,HDFC FMP 1182D January 2019 (1) - Growth Option,INF179KC1155,Ambiguous
146058,HDFC FMP 1190D January 2019 (1) - Growth Option,INF179KC1098,Ambiguous
145985,HDFC FMP 1196D December 2018 (1) - Growth Option,INF179KC1031,Ambiguous
145869,HDFC FMP 1203D December 2018 (1) - Growth Option,INF179KB16Z5,Ambiguous
145862,HDFC FMP 1211D December 2018 (1) - Growth Option,INF179KB10Z8,Ambiguous
145799,HDFC FMP 1218D December 2018 (1) - Growth Option,INF179KB14Y3,Ambiguous
145719,HDFC FMP 1224D DECEMBER 2018 (1) - Growth Option,INF179KB18X6,Ambiguous
146104,HSBC Fixed Term Series 137 - Growth Option,INF336L01NP7,Ambiguous
145522,ICICI Prudential Capital Protection Oriented Fund - Series XIV - Plan A 1275 Days - Direct Plan - Cumulative Option,INF109KC1PE0,Ambiguous
146113,ICICI Prudential Fixed Maturity Plan - Series 84 - 1188 Days Plan Z - Direct Plan Cumulative Option,INF109KC1SH7,Ambiguous
146018,ICICI Prudential Fixed Maturity Plan - Series 84 - 1204 Days Plan Y - Direct Plan Cumulative Option,INF109KC1SB0,Ambiguous
145751,ICICI Prudential Fixed Maturity Plan - Series 84 - 1224 Days Plan S - Direct Plan Cumulative Option,INF109KC1QB4,Ambiguous
145709,ICICI Prudential Fixed Maturity Plan - Series 84 - 1235 Days Plan R - Direct Plan Cumulative Option,INF109KC1QH1,Ambiguous
145997,ICICI Prudential Fixed Maturity Plan - Series 84 - 1247 Days Plan W - Direct Plan Cumulative Option,INF109KC1RP2,Ambiguous
145905,ICICI Prudential Fixed Maturity Plan - Series 84 - 1254 Days Plan U - Direct Plan Cumulative Option,INF109KC1QZ3,Ambiguous
145701,ICICI Prudential Fixed Maturity Plan - Series 84 - 1272 Days Plan Q - Direct Plan Cumulative Option,INF109KC1PV4,Ambiguous
146532,ICICI Prudential Fixed Maturity Plan - Series 85 - 1156 Days Plan F - Direct Plan Cumulative Option,INF109KC1UN1,Ambiguous
146450,ICICI Prudential Fixed Maturity Plan - Series 85 - 1168 Days Plan E - Direct Plan Cumulative Option,INF109KC1TN3,Ambiguous
146309,ICICI Prudential Fixed Maturity Plan - Series 85 - 1175 Days Plan D - Direct Plan Cumulative Option,INF109KC1TD4,Ambiguous
146256,ICICI Prudential Fixed Maturity Plan - Series 85 - 1178 Days Plan B - Direct Plan Cumulative Option,INF109KC1SR6,Ambiguous
146344,ICICI Prudential Fixed Maturity Plan - Series 85 - 1185 Days Plan C - Direct Plan Cumulative Option,INF109KC1SX4,Ambiguous
146117,ICICI Prudential Fixed Maturity Plan - Series 85 - 1197 Days Plan A - Direct Plan Cumulative Option,INF109KC1SL9,Ambiguous
146029,Nippon India Fixed Horizon Fund XXXX - Series 11 - Growth Option,INF204KB1U02,Ambiguous
146044,Nippon India Fixed Horizon Fund XXXX - Series 12 - Growth Option,INF204KB1U44,Ambiguous
146169,Nippon India Fixed Horizon Fund XXXX - Series 14 - Growth Option,INF204KB1V27,Ambiguous
146301,Nippon India Fixed Horizon Fund XXXX - Series 15 - Growth Option,INF204KB1V76,Ambiguous
146330,Nippon India Fixed Horizon Fund XXXX - Series 16 - Growth Option,INF204KB1W18,Ambiguous
146472,Nippon India Fixed Horizon Fund XXXX - Series 17 - Growth Option,INF204KB1W59,Ambiguous
145614,Nippon India Fixed Horizon Fund XXXX - Series 2 - Growth Option,INF204KB1O26,Ambiguous
145618,Nippon India Fixed Horizon Fund XXXX - Series 3 - Growth Option,INF204KB1O67,Ambiguous
145666,Nippon India Fixed Horizon Fund XXXX - Series 4 - Growth Option,INF204KB1P09,Ambiguous
145758,Nippon India Fixed Horizon Fund XXXX - Series 5 - Growth Option,INF204KB1Q24,Ambiguous
145789,Nippon India Fixed Horizon Fund XXXX - Series 6 - Growth Option,INF204KB1S06,Ambiguous
145879,Nippon India Fixed Horizon Fund XXXX - Series 7 - Growth Option,INF204KB1S48,Ambiguous
145916,Nippon India Fixed Horizon Fund XXXX - Series 8 - Growth Option,INF204KB1S89,Ambiguous
145669,Nippon India Interval Fund V - Series 2 - Growth Option,INF204KB1P41,Ambiguous
147132,Principal Small Cap Fund - Direct Plan- Income Distribution CUM Capital Withdrawal Option,INF173K01OL3,Ambiguous
147130,Principal Small Cap Fund - Regular Plan - Income Distribution CUM Capital Withdrawal Option,INF173K01OH1,Ambiguous
146950,ICICI Prudential Bharat Consumption Fund - Growth Option,INF109KC1YA0,Ambiguous
147127,BNP Paribas Overnight Fund - Direct Plan-Daily Income Distribution cum Capital Withdrawal Option,,Ambiguous
147126,BNP Paribas Overnight Fund - Direct Plan-Weekly Income Distribution cum Capital Withdrawal Option,,Ambiguous
147123,BNP Paribas Overnight Fund - Regular Plan-Daily Income Distribution cum Capital Withdrawal Option,,Ambiguous
147122,BNP Paribas Overnight Fund - Regular Plan-Weekly Income Distribution cum Capital Withdrawal Option,,Ambiguous
147213,Franklin India Overnight fund- Growth,INF090I01SO8,Ambiguous
146401,BNP Paribas Dynamic Equity Fund - Direct Plan-Annual Income Distribution cum Capital Withdrawal Option,INF251K01QJ6,Ambiguous
146403,BNP Paribas Dynamic Equity Fund - Direct Plan-Monthly Income Distribution cum Capital Withdrawal Option,INF251K01QF4,Ambiguous
146404,BNP Paribas Dynamic Equity Fund - Direct Plan-Quarterly Income Distribution cum Capital Withdrawal Option,INF251K01QH0,Ambiguous
146400,BNP Paribas Dynamic Equity Fund - Regular Plan-Annual Income Distribution cum Capital Withdrawal Option,INF251K01QC1,Ambiguous
146399,BNP Paribas Dynamic Equity Fund - Regular Plan-Monthly Income Distribution cum Capital Withdrawal Option,INF251K01PY7,Ambiguous
146397,BNP Paribas Dynamic Equity Fund - Regular Plan-Quarterly Income Distribution cum Capital Withdrawal Option,INF251K01QA5,Ambiguous
146514,Nippon India Nifty Next 50 Junior BeES FoF - Growth Plan - Growth Option,INF204KB1W91,Ambiguous
146668,Franklin India Fixed Maturity Plans - Series 6 Plan C (1169 days)- Growth,INF090I01SG4,Ambiguous
147236,HDFC FMP 1100D April 2019 (1) - Growth Option,INF179KC1932,Ambiguous
146896,HDFC FMP 1118D March 2019 (1) - Growth Option,INF179KC1692,Ambiguous
146892,HDFC FMP 1120D March 2019 (1) - Growth Option,INF179KC1635,Ambiguous
146649,HDFC FMP 1126D March 2019 (1) - Growth Option,INF179KC1510,Ambiguous
146778,HDFC FMP 1127D March 2019 (1) - Growth Option,INF179KC1577,Ambiguous
146634,HDFC FMP 1133D February 2019 (1) - Growth Option,INF179KC1452,Ambiguous
146488,HSBC Fixed Term Series 139 - Growth Option,INF336L01NT9,Ambiguous
147149,HSBC Fixed Term Series 140 - Growth Option,INF336L01OD1,Ambiguous
146795,ICICI Prudential Fixed Maturity Plan - Series 85 - 10 Years Plan I - Direct Plan Cumulative Option,INF109KC1VT6,Ambiguous
146912,ICICI Prudential Fixed Maturity Plan - Series 85 - 1127 Days Plan O - Direct Plan Cumulative Option,INF109KC1XB0,Ambiguous
146931,ICICI Prudential Fixed Maturity Plan - Series 85 - 1127 Days Plan Q - Direct Plan Cumulative Option,INF109KC1XR6,Ambiguous
146924,ICICI Prudential Fixed Maturity Plan - Series 85 - 1129 Days Plan P - Direct Plan Cumulative Option,INF109KC1XL9,Ambiguous
146982,ICICI Prudential Fixed Maturity Plan - Series 85 - 1140 Days Plan R - Direct Plan Cumulative Option,INF109KC1XX4,Ambiguous
146811,ICICI Prudential Fixed Maturity Plan - Series 85 - 1143 Days Plan J - Direct Plan Cumulative Option,INF109KC1VN9,Ambiguous
146663,ICICI Prudential Fixed Maturity Plan - Series 85 - 1156 Days Plan G - Direct Plan Cumulative Option,INF109KC1UT8,Ambiguous
147138,ICICI Prudential Fixed Maturity Plan - Series 86 - 1099 Days Plan A - Direct Plan Cumulative Option,INF109KC1A54,Ambiguous
146673,Nippon India Fixed Horizon Fund XLI - Series 1 - Growth Option,INF204KB1Y73,Ambiguous
146846,Nippon India Fixed Horizon Fund XLI - Series 4 - Growth Option,INF204KB1Z98,Ambiguous
146595,Nippon India Fixed Horizon Fund XXXX - Series 19 - Growth Option,INF204KB1X90,Ambiguous
147097,Nippon India Fixed Maturity Plan XLI - Series 8 - Growth Option,INF204KB15B4,Ambiguous
146737,Reliance Fixed Horizon Fund XLI - Series 2 - Growth Option,INF204KB1Z15,Ambiguous
147472,Kotak Focused Fund- Regular Plan-Income Distribution cum capital withdrawal option,INF174KA1EM9,Ambiguous
147475,Kotak Focused Fund-Direct Plan- Income Distribution cum capital withdrawal option,INF174KA1EP2,Ambiguous
147345,ICICI Prudential MNC Fund - Growth Option,INF109KC1D69,Ambiguous
147351,Nippon India Fixed Horizon Fund XLI - Series 10 - Growth Option,INF204KB13C7,Ambiguous
147357,Nippon India Fixed Horizon Fund XLI - Series 11 - Growth Option,INF204KB17C8,Ambiguous
147462,Nippon India Fixed Horizon Fund XLI - Series 12 - Growth Option,INF204KB11D9,Ambiguous
147661,ICICI Prudential Commodities Fund - Growth Option,INF109KC1F67,Ambiguous
139891,Franklin India Liquid Fund - Unclaimed Redemption Investor Education Plan - Growth,INF090I01LQ8,Ambiguous
147674,Nippon India Ultra Short Duration Fund - Segregated Portfolio 1 - Growth Option,INF204KB17H7,Ambiguous
147807,Aditya Birla Sun Life Dynamic Bond Fund-Segregated Portfolio 1- Discipline Advantage Plan- Growth,INF209KB1S21,Ambiguous
147803,Aditya Birla Sun Life Credit Risk Fund- Segregated Portfolio 1- Direct Plan- Bonus,INF209KB1P08,Ambiguous
147799,Aditya Birla Sun Life Credit Risk Fund- Segregated Portfolio 1- Regular Plan - Bonus,INF209KB1P32,Ambiguous
147685,Nippon India Aggressive Hybrid Fund - Segregated Portfolio 1 - Growth Plan,INF204KB13G8,Ambiguous
147695,Nippon India Equity Savings Fund - Segregated Portfolio 1 - Growth Plan - Bonus Option,INF204KB18E2,Ambiguous
147700,Nippon India Equity Savings Fund - Segregated Portfolio 1 - Growth Plan - Growth Option,INF204KB19E0,Ambiguous
147625,Motilal Oswal Nifty 500 Index Fund - Direct Plan,INF247L01957,Ambiguous
147626,Motilal Oswal Nifty 500 Index Fund - Regular Plan,INF247L01940,Ambiguous
147619,Motilal Oswal Nifty Bank Index - Regular Plan,INF247L01882,Ambiguous
147620,Motilal Oswal Nifty Bank Index Fund - Direct Plan,INF247L01890,Ambiguous
147622,Motilal Oswal Nifty Midcap 150 Index Fund - Direct Plan,INF247L01916,Ambiguous
147621,Motilal Oswal Nifty Midcap 150 Index Fund - Regular Plan,INF247L01908,Ambiguous
147624,Motilal Oswal Nifty Smallcap 250 Index - Regular Plan,INF247L01924,Ambiguous
147623,Motilal Oswal Nifty Smallcap 250 Index Fund- Direct Plan,INF247L01932,Ambiguous
147647,ICICI Prudential Global Advantage Fund (FOF) - Growth Option,INF109KC1F00,Ambiguous
147780,Principal Midcap Fund - Direct Plan - Income Distribution CUM Capital Withdrawal Option,INF173K01OT6,Ambiguous
147781,Principal Midcap Fund - Regular Plan - Income Distribution CUM Capital Withdrawal option,INF173K01OP4,Ambiguous
147155,ITI Liquid Fund - Regular Plan - Fortnightly Income Distribution cum capital withdrawal option Option,INF00XX01259,Ambiguous
147976,Franklin India Ultra Short Bond Fund- Institutional Plan-Segregated Portfolio 1- 8.25% Vodafone Idea Ltd-10JUL20-Growth Option,INF090I01VE3,Ambiguous
147970,Franklin India Ultra Short Bond Fund- Super Institutional Plan-Segregated Portfolio 1- 8.25% Vodafone Idea Ltd-10JUL20-Growth Option,INF090I01VG8,Ambiguous
147994,Franklin India Low Duration Fund- Segregated Portfolio 1- 8.25% Vodafone Idea Ltd-10JUL20-Growth Plan,INF090I01UA3,Ambiguous
148000,Franklin India Low Duration Fund- Segregated Portfolio 2- 10.90% Vodafone Idea Ltd 02Sep2023-Growth Plan,INF090I01UG0,Ambiguous
148013,Franklin India Short term Income Plan- Institutional Plan- Segregated Portfolio 2- 10.90% Vodafone Idea Ltd 02Sep2023-Growth Option,INF090I01UX5,Ambiguous
148015,Franklin India Short term Income Plan- Retail Plan- Segregated Portfolio 2- 10.90% Vodafone Idea Ltd 02Sep2023-Direct-Growth Option,INF090I01UY3,Ambiguous
148008,Franklin India Short term Income Plan-Institutional Plan- Segregated Portfolio 1- 8.25% Vodafone Idea Ltd-10JUL20-Growth Option,INF090I01UO4,Ambiguous
148002,Franklin India Short-term Income Plan- Retail Plan - Segregated Portfolio 1- 8.25% Vodafone Idea Ltd-10JUL20-Direct- Growth Option,INF090I01UP1,Ambiguous
147962,Franklin India Income Opportunities Fund- Segregated Portfolio 1- 8.25% Vodafone Idea Ltd-10JUL20-Growth Plan,INF090I01TB3,Ambiguous
147968,Franklin India Income Opportunities Fund- Segregated Portfolio 2- 10.90% Vodafone Idea Ltd 02Sep2023-Growth Plan,INF090I01TF4,Ambiguous
148078,Nippon India Medium Duration Fund - Segregated Portfolio 1 - Direct Plan - Bonus Option,INF204KB13M6,Ambiguous
148083,Nippon India Medium Duration Fund - Segregated Portfolio 1 - Growth Option,INF204KB14N2,Ambiguous
147981,Franklin India Dynamic Accrual Fund- Segregated Portfolio 1- 8.25% Vodafone Idea Ltd-10JUL20-Growth Plan,INF090I01TR9,Ambiguous
147987,Franklin India Dynamic Accrual Fund- Segregated Portfolio 2- 10.90% Vodafone Idea Ltd 02Sep2023-Growth Plan,INF090I01TV1,Ambiguous
147954,Franklin India Credit Risk Fund- Segregated Portfolio 1- 8.25% Vodafone Idea Ltd-10JUL20-Growth Plan,INF090I01TJ6,Ambiguous
147961,Franklin India Credit Risk Fund- Segregated Portfolio 2- 10.90% Vodafone Idea Ltd 02Sep2023-Growth Plan,INF090I01TN8,Ambiguous
148094,Nippon India Credit Risk Fund - Segregated Portfolio 1 - Growth Plan,INF204KB17L9,Ambiguous
148100,Nippon India Credit Risk Fund - Segregated Portfolio 1 - Institutional Growth Plan,INF204KB18L7,Ambiguous
148141,Nippon India Conservative Hybrid  Fund - Segregated Portfolio 1 - Growth Plan,INF204KB17K1,Ambiguous
148106,UTI - Regular Saving Fund (Segregated - 17022020) - Direct Plan - Growth Option,INF789F1AQP1,Ambiguous
148112,UTI - Regular Saving Fund (Segregated - 17022020) - Direct Plan - Monthly Payment Option,INF789F1AQM8,Ambiguous
148108,UTI - Regular Saving Fund (Segregated - 17022020) - Regular Plan - Monthly Payment Option,INF789F1AQG0,Ambiguous
147900,ICICI Prudential Fixed Maturity Plan - Series 87 - 1174 Days Plan B - Direct Plan Cumulative Option,INF109KC1H24,Ambiguous
147859,ICICI Prudential Fixed Maturity Plan - Series 87 - 1214 Days Plan A - Direct Plan Cumulative Option,INF109KC1G58,Ambiguous
148320,Baroda Treasury Advantage Fund-PLan A- Growth Option- Segregated Portfolio-1,INF955L01IY6,Ambiguous
148313,Franklin India Short Tem Income Plan - Segregated Portfolio 3 (9.50% Yes Bank Ltd CO 23Dec21) - Direct Retail Plan Growth Option,INF090I01VS3,Ambiguous
148314,Franklin India Short Term Income Plan - Segregated Portfolio 3 (9.50% Yes Bank Ltd CO 23Dec21) - Institutional Plan Growth Option,INF090I01VR5,Ambiguous
148288,Nippon India Medium Duration Fund - Segregated Portfolio 2 - Direct Plan - Bonus Option,INF204KB15Q2,Ambiguous
148286,Nippon India Medium Duration Fund - Segregated Portfolio 2 - Growth Option,INF204KB16R8,Ambiguous
148307,Franklin India Dynamic Accrual Fund - Segregated Portfolio 3 (9.50% Yes Bank Ltd CO 23Dec21) - Growth Plan,INF090I01WB7,Ambiguous
148303,Franklin India Credit Risk Fund - Segregated Portfolio 3 (9.50% Yes Bank Ltd CO 23Dec21) - Growth Plan,INF090I01VX3,Ambiguous
148258,Nippon India Credit Risk Fund - Segregated Portfolio 2 - Growth Plan,INF204KB19P6,Ambiguous
148259,Nippon India Credit Risk Fund - Segregated Portfolio 2 - Institutional Growth Plan,INF204KB10Q3,Ambiguous
148297,Franklin India Conservative Hybrid Fund - Segregated Portfolio 1 (10.25% Yes bank Ltd CO 05Mar20) - Growth Plan,INF090I01WE1,Ambiguous
148293,Nippon India Conservative Hybrid  Fund - Segregated Portfolio 2 - Growth Plan,INF204KB19O9,Ambiguous
148271,Nippon India Aggressive Hybrid Fund - Segregated Portfolio 2 - Growth Plan,INF204KB10U5,Ambiguous
148279,Nippon India Equity Savings Fund - Segregated Portfolio 2 - Growth Plan - Bonus Option,INF204KB15S8,Ambiguous
148280,Nippon India Equity Savings Fund - Segregated Portfolio 2 - Growth Plan - Growth Option,INF204KB16S6,Ambiguous
148033,ICICI Prudential Diversified Equity All Cap Omni FOF - Growth,INF109KC1I15,Ambiguous
148186,ICICI Prudential Fixed Maturity Plan - Series 87 - 1141 Days Plan G - Direct Plan Cumulative Option,INF109KC1K86,Ambiguous
148461,HDFC NIFTY Bank ETF - GROWTH,INF179KC1HY0,Ambiguous
148525,Principal Large Cap Fund - Direct Income Distribution CUM Capital Withdrawal Option,INF173K01PB1,Ambiguous
148522,Principal Large Cap Fund - Regular Income Distribution CUM Capital Withdrawal Option,INF173K01OX8,Ambiguous
148517,ICICI Prudential ESG Exclusionary Strategy Fund - Growth,INF109KC1N75,Ambiguous
148511,quant Liquid Fund-Unclaimed Redemption Investor Education Plan-Growth Option,,Ambiguous
148512,quant Liquid Fund-Unclaimed Redemption Plan-Growth Option,,Ambiguous
148653,ICICI Prudential Business Cycle Fund Growth,INF109KC1O90,Ambiguous
148598,ICICI Prudential Quant Fund Growth,INF109KC1O33,Ambiguous
148672,TRUSTMF BANKING & PSU FUND DIRECT PLAN ANNUAL INCOME DISTRIBUTION CUM CAPITAL WITHDRAWAL OPTION,INF0GCD01180,Ambiguous
148678,TRUSTMF BANKING & PSU FUND DIRECT PLAN DAILY INCOME DISTRIBUTION CUM CAPITAL WITHDRAWAL,,Ambiguous
148681,TRUSTMF BANKING & PSU FUND DIRECT PLAN MONTHLY INCOME DISTRIBUTION CUM CAPITAL WITHDRAWAL OPTION,INF0GCD01149,Ambiguous
148670,TRUSTMF BANKING & PSU FUND DIRECT PLAN QUARTERLY INCOME DISTRIBUTION CUM CAPITAL WITHDRAWAL,INF0GCD01164,Ambiguous
148675,TRUSTMF BANKING & PSU FUND DIRECT PLAN WEEKLY INCOME DISTRIBUTION CUM CAPITAL WITHDRAWAL,,Ambiguous
148669,TRUSTMF BANKING & PSU FUND REGULAR PLAN ANNUAL INCOME DISTRIBUTION CUM CAPITAL WITHDRAWAL,INF0GCD01099,Ambiguous
148667,TRUSTMF BANKING & PSU FUND REGULAR PLAN DAILY INCOME DISTRIBUTION CUM CAPITAL WITHDRAWAL,,Ambiguous
148674,TRUSTMF BANKING & PSU FUND REGULAR PLAN MONTHLY INCOME DISTRIBUTION CUM CAPITAL WITHDRAWAL,INF0GCD01057,Ambiguous
148668,TRUSTMF BANKING & PSU FUND REGULAR PLAN QUARTERLY INCOME DISTRIBUTION CUM CAPITAL WITHDRAWAL,INF0GCD01073,Ambiguous
148679,TRUSTMF BANKING & PSU FUND REGULAR PLAN WEEKLY INCOME DISTRIBUTION CUM CAPITAL WITHDRAWAL,,Ambiguous
148842,TRUSTMF Liquid Fund-Direct Plan-Daily Income Distribution cum Capital Withdrawal,,Ambiguous
148839,TRUSTMF Liquid Fund-Direct Plan-Monthly Income Distribution cum Capital Withdrawal,INF0GCD01305,Ambiguous
148837,TRUSTMF Liquid Fund-Direct Plan-Weekly Income Distribution cum Capital Withdrawal,INF0GCD01271,Ambiguous
148834,TRUSTMF Liquid Fund-Regular Plan-Daily Income Distribution cum Capital Withdrawal,,Ambiguous
148843,TRUSTMF Liquid Fund-Regular Plan-Monthly Income Distribution cum Capital Withdrawal,INF0GCD01248,Ambiguous
148836,TRUSTMF Liquid Fund-Regular Plan-Weekly Income Distribution cum Capital Withdrawal,INF0GCD01214,Ambiguous
148899,BNP Paribas Funds Aqua Fund of Fund - Direct Plan - Income Distribution cum Withdrawal Option,INF251K01QU3,Ambiguous
148898,BNP Paribas Funds Aqua Fund of Fund - Regular Plan - Income Distribution cum Capital Withdrawal Option,INF251K01QR9,Ambiguous
148901,HDFC Multi-Asset Active FOF - Growth Option,INF179KC1BD7,Ambiguous
148821,ICICI Prudential Nifty 100 Low Volatility 30 ETF FOF - Growth,INF109KC1P57,Ambiguous
148987,HDFC Banking & Financial Services Fund - Growth Option,INF179KC1BJ4,Ambiguous
149078,TRUSTMF Short Duration Fund-Direct Plan-Monthly Income Distribution Cum Capital Withdrawal,INF0GCD01396,Ambiguous
149079,TRUSTMF Short Duration Fund-Direct Plan-Quarterly Income Distribution Cum Capital Withdrawal,INF0GCD01412,Ambiguous
149077,TRUSTMF Short Duration Fund-Direct Plan-Weekly Income Distribution Cum Capital Withdrawal,,Ambiguous
149080,TRUSTMF Short Duration Fund-Regular Plan-Monthly Income Distribution Cum Capital Withdrawal,INF0GCD01339,Ambiguous
149075,TRUSTMF Short Duration Fund-Regular Plan-Quarterly Income Distribution Cum Capital Withdrawal,INF0GCD01354,Ambiguous
149074,TRUSTMF Short Duration Fund-Regular Plan-Weekly Income Distribution Cum Capital Withdrawal,,Ambiguous
148989,ICICI Prudential Flexicap Fund - Growth,INF109KC1Q80,Ambiguous
149287,HDFC NIFTY Next 50 Index Fund - Growth Option,INF179KC1BR7,Ambiguous
149106,HDFC NIFTY50 Equal weight Index Fund - Growth Option,INF179KC1BN6,Ambiguous
149218,ICICI Prudential NASDAQ 100 Index Fund - Growth,INF109KC1U27,Ambiguous
149208,ICICI Prudential Nifty PSU Bond Plus SDL Sep 2027 40:60 Index Fund - Growth,INF109KC1S13,Ambiguous
149281,ICICI Prudential Nifty Smallcap 250 Index Fund - Growth,INF109KC1U84,Ambiguous
149181,HDFC Developed World Overseas Equity Passive FOF - Growth Option,INF179KC1BP1,Ambiguous
149157,ICICI Prudential Nifty Alpha Low - Volatility 30 ETF FOF - Growth,INF109KC1R55,Ambiguous
149130,Nippon India Fixed Maturity Plan - XLIII - Series 1 - Direct Plan - Income Distribution Cum Capital Withdrawal Plan,INF204KC1188,Ambiguous
149128,Nippon India Fixed Maturity Plan - XLIII - Series 1 - Regular Plan - Income Distribution cum Capital Withdrawal Plan,INF204KC1162,Ambiguous
149366,HDFC Multi Cap Fund - Growth Option,INF179KC1BV9,Ambiguous
149667,Sundaram Multi Cap Fund (Formerly Known as Principal Multi Cap Growth Fund)-Growth Option,INF173K01940,Ambiguous
149532,Sundaram Focused Fund (Formerly Known as Principal Focused Multicap Fund)-Growth Option,INF173K01189,Ambiguous
149319,360 ONE QUANT FUND DIRECT INCOME DISTRIBUTION CUM CAPITAL WITHDRAWAL,INF579M01AJ0,Ambiguous
149316,360 ONE QUANT FUND REGULAR INCOME DISTRIBUTION CUM CAPITAL WITHDRAWAL,INF579M01AG6,Ambiguous
149409,ICICI Prudential Overnight fund - Direct Plan - Unclaimed Redemption Stable Scheme,INF109KC17H6,Ambiguous
149410,ICICI Prudential Overnight fund - Direct Plan - Unclaimed Redemption Transitory Scheme,INF109KC15H0,Ambiguous
149742,Sundaram Liquid Fund (Formerly Known as  Principal Cash Management Fund) Regular Plan Principal Units,,Ambiguous
149663,Sundaram Liquid Fund (Formerly Known as Principal Cash Management Fund )- Direct Plan - Income Distribution CUM Capital Withdrawal Option - Daily,,Ambiguous
149661,Sundaram Liquid Fund (Formerly Known as Principal Cash Management Fund) -Growth Option,INF173K01DA9,Ambiguous
149737,Sundaram Liquid Fund (Formerly Known as Principal Cash Management Fund) Direct Principal Units,,Ambiguous
149665,Sundaram Liquid Fund(Formerly Known as Principal Cash Management Fund)- Direct Plan - Income Distribution CUM Capital Withdrawal Option - Weekly,,Ambiguous
149535,Sundaram Ultra Short Duration Fund (Formerly Known as Principal Ultra Short Term Fund)-Growth Option,INF173K01CU9,Ambiguous
149747,Sundaram Low Duration Fund (Formerly Know as Principal Low Duation Fund) Regular Principal Units,,Ambiguous
149523,Sundaram Low Duration Fund (Formerly Known as Principal Low Duration Fund) - Direct Plan - Daily Income Distribution CUM Capital Withdrawal Option,,Ambiguous
149524,Sundaram Low Duration Fund (Formerly Known as Principal Low Duration Fund) - Direct Plan - Weekly Income Distribution CUM Capital Withdrawal Option,INF903JA1KA2,Ambiguous
149519,Sundaram Low Duration Fund (Formerly Known as Principal Low Duration Fund)- Growth Option,INF173K01DG6,Ambiguous
149736,Sundaram Short Duration Fund (Formerly Known as Principal Short Term Debt Fund) Regular Principal Units,,Ambiguous
149585,Sundaram Short Duration Fund (Formerly Known as Principal Short Term Debt Fund)- Growth Plan,INF173K01BA3,Ambiguous
149599,Sundaram Aggressive Hybrid Fund (Formerly Known as Principal Hybrid Equity Fund)-Growth,INF173K01CL8,Ambiguous
149602,Sundaram Aggressive Hybrid Fund(Formerly Known as Principal Hybrid Equity Fund)-Direct Plan - Monthly Income Distribution CUM Capital Withdrawal Option,INF173K01FB2,Ambiguous
149718,Sundaram Balanced Advantage Fund (Formerly Known as Principal Balanced Advantage Fund) - Direct Plan - Monthly Income Distribution CUM Capital Withdrawal Option,INF173K01FF3,Ambiguous
149715,Sundaram Balanced Advantage Fund (Formerly Known as Principal Balanced Advantage Fund) - Growth Option,INF173K01585,Ambiguous
149551,Sundaram Arbitrage Fund (Formerly Known as Principal Arbitrage Fund)- Regular Plan - Monthly Income Distribution CUM Capital Withdrawal,INF173K01MY0,Ambiguous
149549,Sundaram Arbitrage Fund( Formerly Known as Principal Arbitrage Fund) - Direct Plan- Monthly Income Distribution CUM Capital Withdrawal,INF173K01NC4,Ambiguous
149674,Sundaram Equity Savings Fund (Formerly Known as Principal Equity Savings Fund) - Growth Option,INF173K01213,Ambiguous
149390,ICICI Prudential Nifty Midcap 150 Index Fund - Growth,INF109KC1W25,Ambiguous
149482,Sundaram Nifty 100 Equal Weight Fund (Formerly Known as Principal Nifty 100 Equal Weight Fund)- Direct Plan - Income Distribution CUM Capital Withdrawal Option,INF173K01EW1,Ambiguous
149481,Sundaram Nifty 100 Equal Weight Fund (Formerly Known as Principal Nifty 100 Equal Weight Fund)-Growth,INF173K01AG2,Ambiguous
149456,ICICI Prudential Strategic Metal and Energy Equity Fund of Fund - Growth,INF109KC1Z22,Ambiguous
149334,ICICI Prudential BSE 500 ETF FOF - Growth,INF109KC1V67,Ambiguous
149439,ICICI Prudential Passive Multi-Asset Fund of Funds - Growth,INF109KC1X81,Ambiguous
149777,ICICI Prudential Silver ETF FOF - Growth,INF109KC1Y64,Ambiguous
150308,ICICI PRUDENTIAL HOUSING OPPORTUNITIES FUND - Growth,INF109KC17B9,Ambiguous
150160,BARODA BNP PARIBAS LOW DURATION Fund-Defunct Plan-Growth Option,INF251K01DL0,Ambiguous
150301,Baroda BNP Paribas Medium Duration Fund - Defunct Plan - Growth Option - Segregated Portfolio - 1,,Ambiguous
150172,Baroda BNP Paribas Dynamic Bond Fund-Defunct Plan - Growth Option,INF251K01EF0,Ambiguous
150229,BARODA BNP PARIBAS Corporate Bond Fund - Defunct Plan - Growth Option,INF251K01EI4,Ambiguous
148350,Baroda BNP Paribas Credit Risk Fund- Direct - Bonus Option- Segregated Portfolio- 1,,Ambiguous
148349,Baroda BNP Paribas Credit Risk Fund- Regular- Bonus Option- Segregated Portfolio- 1,,Ambiguous
150258,Baroda BNP Paribas Aggressive Hybrid Fund- REGULAT PLAN -GROWTH OPTION,INF251K01OW4,Ambiguous
149871,HDFC Nifty 100 Equal Weight Index Fund - Growth Option,INF179KC1CB9,Ambiguous
149869,HDFC NIFTY 100 Index Fund - Growth Option,INF179KC1BZ0,Ambiguous
149859,ICICI Prudential Nifty Bank Index Fund - Growth,INF109KC1Z89,Ambiguous
149998,ICICI Prudential Nifty SDL Sep 2027 Index Fund - Growth,INF109KC11B2,Ambiguous
149919,Motilal Oswal BSE Low Volatility Index Fund-Direct plan,INF247L01AY5,Ambiguous
149920,Motilal Oswal BSE Low Volatility Index Fund-Regular plan,INF247L01AZ2,Ambiguous
149800,Motilal Oswal Nifty 200 Momentum 30 Index Fund-Direct Plan,INF247L01AV1,Ambiguous
149799,Motilal Oswal Nifty 200 Momentum 30 Index Fund-Regular Plan,INF247L01AW9,Ambiguous
149929,HDFC FMP 1162D March 2022 - Growth Option,INF179KC1CL8,Ambiguous
149922,HDFC FMP 1861D March 2022 - Growth Option,INF179KC1CF0,Ambiguous
150001,HDFC FMP 1876D March 2022 - Growth Option,INF179KC1CR5,Ambiguous
149995,SBI Fixed Maturity Plan (FMP)- Series 61 (1927 Days)- Direct Plan- Income Distribution Cum Capital withdrawal option,INF200KA14F8,Ambiguous
149992,SBI Fixed Maturity Plan (FMP)- Series 61 (1927 Days)- Regular Plan- Income Distribution Cum Capital withdrawal option,INF200KA12F2,Ambiguous
150364,SBI Fixed Maturity Plan (FMP)- Series 62 (191 Days)- Direct Plan- Income Distribution Cum Capital Withdrawal option,INF200KA18F9,Ambiguous
150363,SBI Fixed Maturity Plan (FMP)- Series 62 (191 Days)- Regular Plan- Income Distribution Cum Capital Withdrawal option,INF200KA16F3,Ambiguous
150454,ICICI Prudential Nifty 200 Momentum 30 Index Fund - Growth,INF109KC18C5,Ambiguous
150476,HDFC NIFTY 100 ETF - Growth Option,INF179KC1HR4,Ambiguous
150477,HDFC NIFTY NEXT 50 ETF - Growth Option,INF179KC1HS2,Ambiguous
150396,HDFC FMP 1158D July 2022 - Growth Option,INF179KC1CX3,Ambiguous
150450,ICICI Prudential Fixed Maturity Plan - Series 88 - 226 Days Plan E - Growth,INF109KC14D2,Ambiguous
150538,ICICI Prudential PSU Equity Fund - Growth,INF109KC19H2,Ambiguous
150684,ICICI PRUDENTIAL TRANSPORTATION AND LOGISTICS FUND - Growth,INF109KC19J8,Ambiguous
150480,Franklin India Balanced Advantage Fund- Growth,INF090I01WN2,Ambiguous
150645,ICICI Prudential Nifty Auto Index Fund - Growth,INF109KC13J1,Ambiguous
150732,ICICI Prudential Nifty G-Sec Dec 2030 Index Fund - Growth,INF109KC15K4,Ambiguous
150466,ICICI Prudential Nifty IT Index Fund - Growth,INF109KC10E8,Ambiguous
150728,ICICI Prudential Nifty SDL Dec 2028 Index Fund - Growth,INF109KC11L1,Ambiguous
150637,ICICI Prudential Nifty50 Equal Weight Index Fund- Growth,INF109KC17I4,Ambiguous
150518,Motilal Oswal BSE Enhanced Value Index Fund-Direct plan,INF247L01BF2,Ambiguous
150519,Motilal Oswal BSE Enhanced Value Index Fund-Regular plan,INF247L01BG0,Ambiguous
150521,Motilal Oswal BSE Quality Index Fund-Direct plan,INF247L01BI6,Ambiguous
150522,Motilal Oswal BSE Quality Index Fund-Regular plan,INF247L01BJ4,Ambiguous
150621,HDFC NIFTY GROWTH SECTORS 15 ETF - Growth Option,INF179KC1DJ0,Ambiguous
150658,HDFC NIFTY100 Low Volatility 30 ETF - Growth Option,INF179KC1HU8,Ambiguous
150620,HDFC NIFTY100 QUALITY 30 ETF - Growth Option,INF179KC1DL6,Ambiguous
150657,HDFC NIFTY200 MOMENTUM 30 ETF - Growth Option,INF179KC1HV6,Ambiguous
150619,HDFC NIFTY 50 VALUE 20 ETF - Growth Option,INF179KC1DK8,Ambiguous
150556,HDFC Silver ETF - Growth Option,INF179KC1DI2,Ambiguous
150736,HDFC Silver ETF Fund of Fund - Growth Option,INF179KC1DV5,Ambiguous
150642,Motilal Oswal Gold and Silver Passive Fund of Funds(Direct Plan),INF247L01BM8,Ambiguous
150641,Motilal Oswal Gold and Silver Passive Fund of Funds(Regular Plan),INF247L01BN6,Ambiguous
150651,HDFC FMP 1359D September - Growth Option,,Ambiguous
150546,HDFC FMP 1406D August 2022 - Growth Option,INF179KC1DF8,Ambiguous
150803,HDFC Business Cycle Fund - Growth Option,INF179KC1EB5,Ambiguous
151314,HDFC Long Duration Debt Fund - Growth Option,INF179KC1EW1,Ambiguous
150995,HSBC Corporate Bond Fund -Regular Plan - Bonus,INF917K01AK4,Ambiguous
151041,HSBC Credit Risk Fund- Regular Plan - Bonus,,Ambiguous
150844,HDFC Nifty G-Sec Dec 2026 Index Fund - Growth Option,INF179KC1EG4,Ambiguous
150846,HDFC Nifty G-Sec July 2031 Index Fund - Growth Option,INF179KC1EI0,Ambiguous
151180,HDFC Nifty G-Sec Jun 2027 Index Fund - Growth Option,INF179KC1EK6,Ambiguous
151182,HDFC Nifty G-Sec Sep 2032 Index Fund - Growth Option,INF179KC1EM2,Ambiguous
150929,ICICI Prudential Nifty Pharma Index Fund - Growth,INF109KC18L6,Ambiguous
151208,ICICI Prudential Nifty SDL Sep 2026 Index Fund - Growth,INF109KC10P4,Ambiguous
150801,HDFC NIFTY IT ETF - Growth option,INF179KC1IA8,Ambiguous
150802,HDFC NIFTY Private Bank ETF - Growth Option,INF179KC1HZ7,Ambiguous
151224,HDFC FMP 1204D December - Growth Option,INF179KC1EQ3,Ambiguous
150949,ICICI Prudential Fixed Maturity Plan - Series 88 - 1226 Days Plan F - Growth,INF109KC14M3,Ambiguous
150958,ICICI Prudential Fixed Maturity Plan -- Series 88 - 91 Days Plan G - Growth,INF109KC10N9,Ambiguous
151457,HDFC MNC Fund - Growth Option,INF179KC1FF3,Ambiguous
151579,ICICI Prudential Innovation Fund - Growth,INF109KC19S9,Ambiguous
151496,HDFC Nifty G-Sec Apr 2029 Index Fund - Growth Option,INF179KC1FR8,Ambiguous
151490,HDFC Nifty G-Sec Jun 2036 Index Fund - Growth Option,INF179KC1FT4,Ambiguous
151725,HDFC NIFTY Midcap 150 Index Fund - Growth Option,INF179KC1GD6,Ambiguous
151455,HDFC Nifty SDL Oct 2026 Index Fund - Growth Option,INF179KC1FJ5,Ambiguous
151571,HDFC NIFTY SDL Plus G-Sec Jun 2027 40:60 Index Fund - Growth Option,INF179KC1GB0,Ambiguous
151726,HDFC NIFTY Smallcap 250 Index Fund - Growth Option,INF179KC1GF1,Ambiguous
151550,Motilal Oswal Nifty G-sec May 2029 Index Fund-  Regualr Plan Growth option,INF247L01BP1,Ambiguous
151376,HDFC BSE 500 ETF - Growth Option,INF179KC1EZ4,Ambiguous
151374,HDFC NIFTY Midcap 150 ETF - Growth Option,INF179KC1HT0,Ambiguous
151375,HDFC NIFTY Smallcap 250 ETF - Growth Option,INF179KC1FB2,Ambiguous
151564,HDFC FMP 1269D March 2023 - Growth Option,,Ambiguous
151465,HDFC FMP 2638D February 2023 - Growth Option,,Ambiguous
151491,ICICI Prudential Fixed Maturity Plan - Series 88 - 1303 Days Plan S - Growth,INF109KC12R6,Ambiguous
151637,ICICI Prudential Fixed Maturity Plan - Series 88 - Plan U - Growth,INF109KC11S6,Ambiguous
151803,HDFC Consumption Fund - Growth Option,INF179KC1GR6,Ambiguous
151751,HDFC Defence Fund - Growth Option,INF179KC1GL9,Ambiguous
152084,HDFC Pharma and Healthcare Fund - Growth Option,INF179KC1HL7,Ambiguous
152058,HDFC Technology Fund - Growth Option,INF179KC1HF9,Ambiguous
151900,HDFC Transportation and Logistics Fund - Growth Option,INF179KC1GX4,Ambiguous
152327,Zerodha Nifty 1D Rate Liquid ETF - Growth Option,INF0R8F01034,Ambiguous
152305,SBI Fixed Maturity Plan-Series 91 (90 Days) - Direct Plan - Income Distribution Cum Capital Withdrawal,INF200KA17Z9,Ambiguous
152302,SBI Fixed Maturity Plan-Series 91 (90 Days) - Regular Plan - Income Distribution Cum Capital Wthdrawal,INF200KA15Z3,Ambiguous
152449,Canara Robeco Manufacturing Fund - Direct Plan - IDWC Option,INF760K01KY8,Ambiguous
152448,Canara Robeco Manufacturing Fund -Regular Plan - IDWC Option,INF760K01KW2,Ambiguous
152420,SBI Energy Opportunities Fund - Direct Plan - Income Distribution Cum Capital Withdrawal Option,INF200KB1134,Ambiguous
152419,SBI Energy Opportunities Fund - Regular Plan - Income Distribution Cum Capital Withdrawal Option,INF200KB1100,Ambiguous
152522,HDFC NIFTY Reality Index Fund - Regular Plan,INF179KC1ID2,Ambiguous
152521,HDFC NIFTY Realty Index Fund - Direct Plan,INF179KC1IE0,Ambiguous
152430,HDFC NIFTY200 Momentum 30 Index Fund - Direct Plan,INF179KC1IC4,Ambiguous
152429,HDFC NIFTY200 Momentum 30 Index Fund - Regular Plan,INF179KC1IB6,Ambiguous
152481,ICICI Prudential Nifty LargeMidcap 250 Index Fund - Growth,INF109KC15U3,Ambiguous
152366,ICICI Prudential Nifty50 Value 20 Index Fund - Growth,INF109KC19T7,Ambiguous
152371,SBI Nifty50 Equal Weight Index Fund - Direct Plan - Income Distribution Cum Capital Withdrawal Option,INF200KB1035,Ambiguous
152373,SBI Nifty50 Equal Weight Index Fund - Regular Plan - Income Distribution Cum Capital Withdrawal Option,INF200KA19Z5,Ambiguous
152401,SBI Fixed Maturity Plan-Series 92 (91 days) - Direct Plan - Income Distribution Cum Capital Withdrawal Option,INF200KB1084,Ambiguous
152402,SBI Fixed Maturity Plan-Series 92 (91 days) - Regular Plan - Income Distribution Cum Capital Withdrawal Option,INF200KB1068,Ambiguous
152738,Franklin India Multi Cap Fund - Growth,INF090I01WX1,Ambiguous
152726,ICICI PRUDENTIAL ENERGY OPPORTUNITIES FUND - Growth,INF109KC15W9,Ambiguous
152655,SBI Automotive Opportunities Fund - Direct Plan - Income Distribution Cum Capital Withdrawal Option,INF200KB1191,Ambiguous
152656,SBI Automotive Opportunities Fund - Regular Plan - Income Distribution Cum Capital Withdrawal Option,INF200KB1167,Ambiguous
152713,HDFC NIFTY100 Low Volatility 30 Index Fund - Direct Plan,INF179KC1IM3,Ambiguous
152714,HDFC NIFTY100 Low Volatility 30 Index Fund - Regular Plan,INF179KC1IL5,Ambiguous
152741,Shriram Nifty 1D Rate Liquid ETF - Growth,INF680P01422,Ambiguous
152777,SBI Innovative Opportunities Fund - Direct Plan - Income Distribution Cum Capital Withdrawal Option,INF200KB1332,Ambiguous
152775,SBI Innovative Opportunities Fund - Regular Plan - Income Distribution Cum Capital Withdrawal Option,INF200KB1308,Ambiguous
152828,Franklin India Ultra Short Duration Fund - Growth,INF090I01XJ8,Ambiguous
152853,Franklin India Medium to Long Duration Fund - Growth,INF090I01XD1,Ambiguous
152892,Baroda BNP Paribas Credit risk fund -Defunct -Growth option -Seg-Portfolio 2 (erstwhile BBNPP Medium Duration Fund-Defunct Growth Option Seg.Portfolio1),INF955L01JM9,Ambiguous
152890,HDFC NIFTY LargeMidcap 250 Index Fund - Growth Option,INF179KC1IP6,Ambiguous
152778,HDFC NIFTY500 Multicap 50:25:25 Index Fund - Direct Plan,INF179KC1IO9,Ambiguous
152779,HDFC NIFTY500 Multicap 50:25:25 index Fund - Regular Plan,INF179KC1IN1,Ambiguous
152934,ICICI Prudential Nifty200 Value 30 Index Fund - Growth,INF109KC10X8,Ambiguous
152751,NAVI NIFTY 500 MULTICAP 50-25-25 DIRECT PLAN,INF959L01HO1,Ambiguous
152750,NAVI NIFTY 500 MULTICAP 50-25-25 REGULAR PLAN,INF959L01HN3,Ambiguous
152857,Edelweiss Nifty Bank ETF - Growth,INF754K01TE4,Ambiguous
153069,ICICI Prudential Equity Minimum Variance Fund - Growth,INF109KC17X3,Ambiguous
153104,Franklin India Long Duration Fund - Growth,INF090I01XV3,Ambiguous
153042,Franklin India Arbitrage Fund - Growth,INF090I01XP5,Ambiguous
153162,ICICI Prudential Nifty 500 Index Fund - Growth,INF109KC13Y0,Ambiguous
153180,Edelweiss BSE Capital Markets & Insurance  ETF - Growth,INF754K01TX4,Ambiguous
152981,Edelweiss Nifty500 Multicap Momentum Quality 50 ETF - Growth,INF754K01TF1,Ambiguous
153045,Mirae Asset Nifty 1D Rate Liquid ETF - Growth,INF769K01MY5,Ambiguous
153224,Baroda BNP Paribas Energy Opportunities Fund - Regular Plan - ICDW Option,INF251K01UH2,Ambiguous
153181,ICICI Prudential Rural Opportunities Fund - Growth,INF109KC19Y7,Ambiguous
153438,Bajaj Finserv Overnight Fund - Direct - Unclaimed less than 3 years Redemption Plan,INF0QA701AF0,Ambiguous
153371,Franklin India Low Duration Fund-Growth,INF090I01YB3,Ambiguous
153405,HDFC Nifty Top 20 Equal Weight Index Fund - Direct,INF179KC1JI9,Ambiguous
153264,HDFC Nifty100 Quality 30 Index Fund - Direct Plan,INF179KC1JF5,Ambiguous
153265,HDFC Nifty100 Quality 30 Index Fund - Regular Plan,INF179KC1JE8,Ambiguous
153234,ICICI Prudential CRISIL-IBX AAA Bond Financial Services Index -Dec 2026 Fund - Growth,INF109KC18Z6,Ambiguous
153409,ICICI Prudential CRISIL-IBX Financial Services 3-6 Months Debt Index Fund - Growth,INF109K1A039,Ambiguous
153362,Navi Nifty Smallcap 250 Momentum quality index fund- Direct Plan,INF959L01HQ6,Ambiguous
153363,Navi Nifty Smallcap 250 Momentum quality index fund- Regular Plan,INF959L01HP8,Ambiguous
153251,SBI Nifty Bank Index Fund- Regular Plan- Income Distribution Cum Capital Withdrawal Option,INF200KB1548,Ambiguous
153252,SBI Nifty Bank Index Fund-Direct Plan- Income Distribution Cum Capital Withdrawal Option,INF200KB1571,Ambiguous
153451,ANGEL ONE NIFTY 1D RATE LIQUID ETF - GROWTH,INF1J2R01056,Ambiguous
153403,HDFC NIFTY 1D RATE LIQUID ETF GROWTH,INF179KC1JG3,Ambiguous
153378,ICICI Prudential BSE Liquid Rate ETF - Growth,INF109K1A021,Ambiguous
153396,ICICI Prudential Nifty EV & New Age Automotive ETF FOF - Growth,INF109K1A096,Ambiguous
153459,ICICI Prudential Quality Fund - Growth,INF109K1A211,Ambiguous
153676,ICICI Prudential Nifty Private Bank Index Fund - Growth,INF109K1A351,Ambiguous
153613,ICICI Prudential Nifty Top 15 Equal Weight Index Fund - Growth,INF109K1A286,Ambiguous
153544,ICICI Prudential Nifty200 Quality 30 Index Fund - Growth,INF109K1A229,Ambiguous
153557,SBI Nifty200 Quality 30 Index Fund- Direct Plan- Income Distribution Cum Capital Withdrawal Option,INF200KB1829,Ambiguous
153556,SBI Nifty200 Quality 30 Index Fund- Regular Plan- Income Cum Distribution Withdrawal Option,INF200KB1795,Ambiguous
153725,Nippon India Nifty 1D Rate Liquid ETF-Growth,INF204KC1FU1,Ambiguous
153501,SBI Income Plus Arbitrage Active FOF- Direct Plan- Income Distribution Cum Capital Withdrawal Option,INF200KB1761,Ambiguous
153499,SBI Income Plus Arbitrage Active FOF- Regular Plan- Income Distribution Cum Capital Withdrawal Option,INF200KB1738,Ambiguous
153685,ICICI Prudential Active Momentum Fund - Growth,INF109K1A377,Ambiguous
153887,THE WEALTH COMPANY LIQUID FUND DIRECT DAILY ICDW,,Ambiguous
153889,THE WEALTH COMPANY LIQUID FUND DIRECT WEEKLY,INF2F0001123,Ambiguous
153733,Franklin India Multi Asset Allocation Fund- Growth,INF090I01YM0,Ambiguous
153920,Edelweiss Nifty 1D Rate Liquid ETF - Growth,INF754K01VW2,Ambiguous
153841,Edelweiss Nifty LargeMidcap 250 ETF - Growth,INF754K01VV4,Ambiguous
153796,SBI Nifty 1D Rate Liquid ETF - Growth,INF200KB1969,Ambiguous
153834,SBI Dynamic Asset Allocation Active FoF - Regular Plan - Income Distribution Cum Capital Withdrawal Option,INF200KB1985,Ambiguous
153833,SBI Dynamic Asset Allocation Active FoF- Direct Plan- Income Cum Distribution Capital Withdrawal Option,INF200KB1AB7,Ambiguous
153868,Samco Small Cap Fund - Direct Plan,INF0K1H01297,Ambiguous
153869,Samco Small Cap Fund - Regular Plan,INF0K1H01305,Ambiguous
153943,Franklin India Multi-Factor Fund- Growth,INF090I01YN8,Ambiguous
153865,ICICI Prudential Conglomerate Fund - Growth,INF109K1A393,Ambiguous
154070,JioBlackRock Overnight Fund - Unclaimed Redemption - Upto 3 years - Growth Option,,Ambiguous
153947,Edelweiss BSE Sensex ETF - Growth,INF754K01VY8,Ambiguous
153966,Edelweiss Nifty 50 ETF - Growth,INF754K01VX0,Ambiguous
154114,Samco Mid Cap Fund - Direct Plan,INF0K1H01313,Ambiguous
154115,Samco Mid Cap Fund - Regular Plan,INF0K1H01321,Ambiguous
154178,SBI Quality Fund - Direct Plan - Income Distribution Cum Capital Withdrawal,INF200KB1AH4,Ambiguous
154176,SBI Quality Fund - Regular Plan - Income Distribution Cum Capital Withdrawal,INF200KB1AE1,Ambiguous
154265,ICICI Prudential Diversified Equity All Cap Active FOF - Growth,INF109K1A450,Ambiguous
154239,Motilal Oswal Multi Factor Passive Fund of Funds - Direct,INF247L01GT2,Ambiguous
154238,Motilal Oswal Multi Factor Passive Fund of Funds - Regular,INF247L01GU0,Ambiguous
154348,Axis Nifty Capital Markets Index Fund- Direct Plan,INF846KA1549,Ambiguous
154349,Axis Nifty Capital Markets Index Fund- Regular Plan,INF846KA1531,Ambiguous
154428,HDFC Nifty Auto Index Fund- Growth Option,INF179KC1KP2,Ambiguous
154364,Motilal Oswal BSE Clean Environment Index Fund - Direct,INF247L01HC6,Ambiguous
154365,Motilal Oswal BSE Clean Environment Index Fund - Growth,INF247L01HD4,Ambiguous
