scheme_code,scheme_name,minimum_NAV_date,maximum_NAV_date,observation_count,history_years,plan_type,option_type,missing_month_count,largest_data_gap_days,eligible_for_5y_past_window,eligible_for_5y_past_and_future_window
100484,Franklin India Index Fund- NSE Nifty 50 Index Fund - Growth,2021-07-12,2026-07-10,1230,4.993839835728953,Unknown,Unknown,0,0,False,False
103490,Quantum Value Fund - Direct Plan Growth Option,2021-07-12,2026-07-10,1230,4.993839835728953,Unknown,Unknown,0,0,False,False
103734,Quantum Liquid Fund - Direct Plan Growth Option,2021-07-12,2026-07-12,1343,4.999315537303217,Unknown,Unknown,0,0,False,False
111549,Quantum ELSS Tax Saver Fund - Direct Plan Growth Option,2021-07-12,2026-07-10,1230,4.993839835728953,Unknown,Unknown,0,0,False,False
112039,Quantum Diversified Equity All Cap Active FOF - Direct Plan Growth Option,2021-07-12,2026-07-10,1230,4.993839835728953,Unknown,Unknown,0,0,False,False
115132,Quantum Gold ETF FOF - Direct Plan Growth Option,2021-07-12,2026-07-10,1230,4.993839835728953,Unknown,Unknown,0,0,False,False
116811,IDBI Dynamic Bond Fund Growth Direct,2021-07-12,2022-12-07,342,1.404517453798768,Unknown,Unknown,0,0,False,False
117608,Quantum Multi Asset Active FOF - Direct Plan Growth Option,2021-07-12,2026-07-10,1230,4.993839835728953,Unknown,Unknown,0,0,False,False
118267,CANARA ROBECO INFRASTRUCTURE FUND - DIRECT PLAN - GROWTH OPTION,2021-07-12,2026-07-10,1230,4.993839835728953,Unknown,Unknown,0,0,False,False
118269,CANARA ROBECO LARGE CAP FUND - DIRECT PLAN - GROWTH OPTION,2021-07-12,2026-07-10,1230,4.993839835728953,Unknown,Unknown,0,0,False,False
118272,CANARA ROBECO EQUITY HYBRID FUND - DIRECT PLAN - GROWTH OPTION,2021-07-12,2026-07-10,1230,4.993839835728953,Unknown,Unknown,0,0,False,False
118273,CANARA ROBECO CONSUMPTION FUND - DIRECT PLAN - GROWTH OPTION,2021-07-12,2026-07-10,1230,4.993839835728953,Unknown,Unknown,0,0,False,False
118274,CANARA ROBECO CONSUMPTION FUND - DIRECT PLAN - IDCW (Payout/Reinvestment),2021-07-12,2026-07-10,1230,4.993839835728953,Unknown,Unknown,0,0,False,False
118275,CANARA ROBECO FLEXICAP FUND - DIRECT PLAN - GROWTH OPTION,2021-07-12,2026-07-10,1230,4.993839835728953,Unknown,Unknown,0,0,False,False
118278,CANARA ROBECO LARGE AND MID CAP FUND - DIRECT PLAN - GROWTH OPTION,2021-07-12,2026-07-10,1230,4.993839835728953,Unknown,Unknown,0,0,False,False
118282,CANARA ROBECO INCOME FUND - DIRECT PLAN - GROWTH OPTION,2021-07-12,2026-07-10,1209,4.993839835728953,Unknown,Unknown,0,0,False,False
118284,CANARA ROBECO DYNAMIC BOND FUND - DIRECT PLAN - GROWTH OPTION,2021-07-12,2026-07-10,1209,4.993839835728953,Unknown,Unknown,0,0,False,False
118285,CANARA ROBECO ELSS TAX SAVER - DIRECT PLAN - GROWTH OPTION,2021-07-12,2026-07-10,1230,4.993839835728953,Unknown,Unknown,0,0,False,False
118291,CANARA ROBECO SAVINGS FUND - DIRECT PLAN - GROWTH OPTION,2021-07-12,2026-07-10,1209,4.993839835728953,Unknown,Unknown,0,0,False,False
118299,CANARA ROBECO GILT FUND - DIRECT PLAN - GROWTH OPTION,2021-07-12,2026-07-10,1209,4.993839835728953,Unknown,Unknown,0,0,False,False
118305,CANARA ROBECO LIQUID FUND - DIRECT PLAN - GROWTH OPTION,2021-07-12,2026-07-12,1306,4.999315537303217,Unknown,Unknown,0,0,False,False
118309,CANARA ROBECO CONSERVATIVE HYBRID FUND - DIRECT PLAN - GROWTH OPTION,2021-07-12,2026-07-10,1209,4.993839835728953,Unknown,Unknown,0,0,False,False
118317,CANARA ROBECO ULTRA SHORT TERM FUND - DIRECT PLAN - GROWTH OPTION,2021-07-12,2026-07-10,1209,4.993839835728953,Unknown,Unknown,0,0,False,False
118320,CANARA ROBECO SHORT DURATION FUND - DIRECT PLAN - GROWTH OPTION,2021-07-12,2026-07-10,1209,4.993839835728953,Unknown,Unknown,0,0,False,False
118341,IDBI Gilt Fund Growth Direct,2021-07-12,2022-12-07,342,1.404517453798768,Unknown,Unknown,0,0,False,False
118344,IDBI India Top 100 Equity Fund Growth Direct,2021-07-12,2023-07-27,506,2.0396988364134154,Unknown,Unknown,0,0,False,False
118345,IDBI Liquid Fund Growth Direct,2021-07-12,2023-07-27,613,2.0396988364134154,Unknown,Unknown,0,0,False,False
118347,IDBI NIFTY 50  Index Fund Growth Direct,2021-07-12,2023-07-27,506,2.0396988364134154,Unknown,Unknown,0,0,False,False
118348,IDBI Nifty Next 50 Index Fund Growth Direct,2021-07-12,2023-07-27,506,2.0396988364134154,Unknown,Unknown,0,0,False,False
118349,IDBI Short Term Bond Fund Growth Direct,2021-07-12,2023-07-27,498,2.0396988364134154,Unknown,Unknown,0,0,False,False
118350,IDBI UST Growth Direct,2021-07-12,2023-07-27,498,2.0396988364134154,Unknown,Unknown,0,0,False,False
118364,BANDHAN LIQUID Fund -Direct Plan-Growth,2021-07-12,2026-07-12,1558,4.999315537303217,Unknown,Unknown,0,0,False,False
118371,BANDHAN Low Duration Fund-Direct Plan-Growth,2021-07-12,2026-07-10,1218,4.993839835728953,Unknown,Unknown,0,0,False,False
118384,Bandhan Money Market Fund -Direct Plan-Growth,2021-07-12,2026-07-10,1218,4.993839835728953,Unknown,Unknown,0,0,False,False
118387,Bandhan Gilt Fund with 10 year constant duration Fund - Direct Plan - Growth,2021-07-12,2026-07-10,1218,4.993839835728953,Unknown,Unknown,0,0,False,False
118394,Bandhan Medium to Long Duration Fund - Direct Plan - Growth,2021-07-12,2026-07-10,1218,4.993839835728953,Unknown,Unknown,0,0,False,False
118401,Bandhan Medium Duration Fund - Direct Plan - Growth,2021-07-12,2026-07-10,1218,4.993839835728953,Unknown,Unknown,0,0,False,False
118407,Bandhan Short Duration Fund - Direct Plan - Growth,2021-07-12,2026-07-10,1218,4.993839835728953,Unknown,Unknown,0,0,False,False
118410,Bandhan Income Plus Arbitrage Active FOF - Direct Plan - Growth,2021-07-12,2026-07-10,1218,4.993839835728953,Unknown,Unknown,0,0,False,False
118416,BANDHAN Dynamic Bond Fund-Direct Plan-Growth,2021-07-12,2026-07-10,1218,4.993839835728953,Unknown,Unknown,0,0,False,False
118419,Bandhan Large & Mid Cap Fund - Direct Plan - Growth,2021-07-12,2026-07-10,1239,4.993839835728953,Unknown,Unknown,0,0,False,False
118421,Bandhan Focused Fund - Direct Plan - Growth,2021-07-12,2026-07-10,1239,4.993839835728953,Unknown,Unknown,0,0,False,False
118424,BANDHAN Flexi Cap Fund-Direct Plan-Growth,2021-07-12,2026-07-10,1239,4.993839835728953,Unknown,Unknown,0,0,False,False
118452,IDBI Equity Savings Fund Growth Option Direct,2021-07-12,2023-07-27,506,2.0396988364134154,Unknown,Unknown,0,0,False,False
118464,Bandhan Gilt Fund - Direct Plan - Growth,2021-07-12,2026-07-10,1218,4.993839835728953,Unknown,Unknown,0,0,False,False
118469,BANDHAN Infrastructure Fund-Direct Plan-Growth,2021-07-12,2026-07-10,1239,4.993839835728953,Unknown,Unknown,0,0,False,False
118473,BANDHAN ELSS Tax Saver Fund - Direct Plan - Growth,2021-07-12,2026-07-10,1239,4.993839835728953,Unknown,Unknown,0,0,False,False
118474,BANDHAN Arbitrage Fund-Direct Plan- Growth,2021-07-12,2026-07-10,1239,4.993839835728953,Unknown,Unknown,0,0,False,False
118477,BANDHAN Equity Savings Fund-Direct Plan-Growth,2021-07-12,2026-07-10,1239,4.993839835728953,Unknown,Unknown,0,0,False,False
118479,BANDHAN Large Cap Fund-Direct Plan-Growth,2021-07-12,2026-07-10,1239,4.993839835728953,Unknown,Unknown,0,0,False,False
118481,Bandhan Value Fund - Direct Plan - Growth,2021-07-12,2026-07-10,1239,4.993839835728953,Unknown,Unknown,0,0,False,False
118482,BANDHAN Nifty 50 Index Fund-Direct Plan-Growth,2021-07-12,2026-07-10,1239,4.993839835728953,Unknown,Unknown,0,0,False,False
118485,Bandhan Aggressive Hybrid Passive FOF - Direct Plan - Growth,2021-07-12,2026-07-10,1218,4.993839835728953,Unknown,Unknown,0,0,False,False
118486,Bandhan Conservative Hybrid Passive FOF - Direct Plan - Growth,2021-07-12,2026-07-10,1218,4.993839835728953,Unknown,Unknown,0,0,False,False
118489,Bandhan Multi-Asset Passive FOF - Direct Plan - Growth,2021-07-12,2026-07-10,1218,4.993839835728953,Unknown,Unknown,0,0,False,False
118491,BANDHAN Conservative Hybrid Fund-Direct Plan-Growth,2021-07-12,2026-07-10,1218,4.993839835728953,Unknown,Unknown,0,0,False,False
118494,Templeton India Value Fund - Direct - Growth,2021-07-12,2026-07-10,1229,4.993839835728953,Unknown,Unknown,0,0,False,False
118495,Franklin India Dynamic Accrual Fund - Direct - Growth,2021-07-12,2022-08-07,263,1.0704996577686516,Unknown,Unknown,0,0,False,False
118498,Franklin India Government Securities Fund - Direct - Growth,2021-07-12,2026-07-10,1209,4.993839835728953,Unknown,Unknown,0,0,False,False
118506,Franklin India Money Market Fund - Direct - Growth,2021-07-12,2026-07-10,1209,4.993839835728953,Unknown,Unknown,0,0,False,False
118508,Franklin India Floating Rate Fund - Direct - Growth,2021-07-12,2026-07-10,1209,4.993839835728953,Unknown,Unknown,0,0,False,False
118510,Franklin India Large & Mid Cap Fund - Direct - Growth,2021-07-12,2026-07-10,1229,4.993839835728953,Unknown,Unknown,0,0,False,False
118512,Franklin INDIA LIFE STAGE FUND OF FUNDS - THE 20S PLAN - Direct - Growth,2021-07-12,2022-12-19,350,1.4373716632443532,Unknown,Unknown,0,0,False,False
118514,Franklin India Life Stage Fund of Funds - The 30s Plan - Direct - Growth,2021-07-12,2022-12-19,350,1.4373716632443532,Unknown,Unknown,0,0,False,False
118516,Franklin India Life Stage Fund of Funds - The 40s Plan - Direct - Growth,2021-07-12,2022-12-19,350,1.4373716632443532,Unknown,Unknown,0,0,False,False
118518,Franklin India Life Stage Fund of Funds - The 50s Plus - Direct - Growth,2021-07-12,2022-12-19,350,1.4373716632443532,Unknown,Unknown,0,0,False,False
118519,Franklin India Life Stage Fund Of Funds - The 50S Plus Floating Rate Plan - Direct - Growth,2021-07-12,2022-12-19,350,1.4373716632443532,Unknown,Unknown,0,0,False,False
118525,Franklin India Small Cap Fund - Direct - Growth,2021-07-12,2026-07-10,1230,4.993839835728953,Unknown,Unknown,0,0,False,False
118530,Franklin India Low Duration Fund - Direct - Growth,2021-07-12,2022-08-07,263,1.0704996577686516,Unknown,Unknown,0,0,False,False
118531,Franklin India Large Cap Fund- Direct - Growth,2021-07-12,2026-07-10,1229,4.993839835728953,Unknown,Unknown,0,0,False,False
118533,Franklin India Mid Cap Fund - Direct - Growth,2021-07-12,2026-07-10,1230,4.993839835728953,Unknown,Unknown,0,0,False,False
118535,Franklin India Flexi Cap Fund - Direct - Growth,2021-07-12,2026-07-10,1230,4.993839835728953,Unknown,Unknown,0,0,False,False
118537,Franklin India Technology Fund - Direct - Growth,2021-07-12,2026-07-10,1228,4.993839835728953,Unknown,Unknown,0,0,False,False
118539,Franklin India Opportunities Fund - Direct - Growth,2021-07-12,2026-07-10,1229,4.993839835728953,Unknown,Unknown,0,0,False,False
118540,Franklin India ELSS Tax Saver Fund - Direct - Growth,2021-07-12,2026-07-10,1230,4.993839835728953,Unknown,Unknown,0,0,False,False
118543,Franklin India Dynamic Asset Allocation Active Fund Of Funds - Direct - Growth,2021-07-12,2026-07-10,1208,4.993839835728953,Unknown,Unknown,0,0,False,False
118546,Franklin India Aggressive Hybrid Fund - Direct - Growth,2021-07-12,2026-07-10,1230,4.993839835728953,Unknown,Unknown,0,0,False,False
118548,Franklin India Retirement Fund - Direct - Growth,2021-07-12,2026-07-10,1230,4.993839835728953,Unknown,Unknown,0,0,False,False
118551,Franklin U.S. Opportunities Equity Active Fund of Funds - Direct - Growth,2021-07-12,2026-07-10,1202,4.993839835728953,Unknown,Unknown,0,0,False,False
118553,Franklin India Credit Risk Fund - Direct - Growth,2021-07-12,2023-06-11,466,1.9137577002053388,Unknown,Unknown,0,0,False,False
118554,Franklin India Income Opportunities Fund - Direct - Growth,2021-07-12,2021-12-12,102,0.4188911704312115,Unknown,Unknown,0,0,False,False
118557,Franklin Build India Fund - Direct - Growth,2021-07-12,2026-07-10,1230,4.993839835728953,Unknown,Unknown,0,0,False,False
118559,Franklin Asian Equity Fund - Direct - Growth,2021-07-12,2026-07-10,1229,4.993839835728953,Unknown,Unknown,0,0,False,False
118560,Franklin India Ultra Short Bond Fund - Super Institutional Plan - Direct - Growth,2021-07-12,2022-08-07,263,1.0704996577686516,Unknown,Unknown,0,0,False,False
118564,Franklin India Focused Equity Fund - Direct - Growth,2021-07-12,2026-07-10,1230,4.993839835728953,Unknown,Unknown,0,0,False,False
118565,Franklin India SHORT TERM INCOME PLAN - Direct - GROWTH,2021-07-12,2025-05-02,921,3.805612594113621,Unknown,Unknown,0,0,False,False
118569,Franklin India Corporate Debt Fund - Direct - GROWTH,2021-07-12,2026-07-10,1209,4.993839835728953,Unknown,Unknown,0,0,False,False
118574,Franklin India Conservative Hybrid Fund - Direct - GROWTH,2021-07-12,2026-07-10,1230,4.993839835728953,Unknown,Unknown,0,0,False,False
118577,Franklin India Liquid Fund - Super Institutional - Direct - Growth,2021-07-12,2026-07-12,1555,4.999315537303217,Unknown,Unknown,0,0,False,False
118581,Franklin India INDEX FUND- NSE NIFTY 50 INDEX FUND- Direct - Growth,2021-07-12,2026-07-10,1230,4.993839835728953,Unknown,Unknown,0,0,False,False
118583,Nippon India Quarterly Interval Fund - Series III - Direct Plan Growth Plan - Growth,2021-07-12,2025-04-22,914,3.7782340862423,Unknown,Unknown,0,0,False,False
118585,Nippon India Arbitrage Fund - Direct Plan Growth Plan - Growth Option,2021-07-12,2026-07-10,1230,4.993839835728953,Unknown,Unknown,0,0,False,False
118588,Nippon India Banking & Financial Services Fund - Direct Plan Growth Plan - Bonus Option,2021-07-12,2026-07-10,1230,4.993839835728953,Unknown,Unknown,0,0,False,False
118589,Nippon India Banking & Financial Services Fund - Direct Plan Growth Plan - Growth Option,2021-07-12,2026-07-10,1230,4.993839835728953,Unknown,Unknown,0,0,False,False
118595,Nippon India Monthly Interval Fund - Series II - Direct Plan Growth Plan - Growth,2021-07-12,2025-04-22,914,3.7782340862423,Unknown,Unknown,0,0,False,False
118598,Nippon India Monthly Interval Fund - Series I - Direct Plan Growth Plan - Growth,2021-07-12,2025-04-22,914,3.7782340862423,Unknown,Unknown,0,0,False,False
118615,Edelweiss Balanced Advantage Fund -Direct Plan-Growth Option,2021-07-12,2026-07-10,1231,4.993839835728953,Unknown,Unknown,0,0,False,False
118617,Edelweiss Large Cap Fund - Direct Plan-Growth option,2021-07-12,2026-07-10,1231,4.993839835728953,Unknown,Unknown,0,0,False,False
118620,Edelweiss ELSS Tax Saver Fund - Direct Plan-Growth Option,2021-07-12,2026-07-10,1231,4.993839835728953,Unknown,Unknown,0,0,False,False
118623,Nippon India Interval Fund - Quarterly Plan - Series I - Direct Plan Growth Plan - Growth,2021-07-12,2025-04-22,914,3.7782340862423,Unknown,Unknown,0,0,False,False
118624,Edelweiss Aggressive Hybrid Fund-Direct Plan-Growth Option,2021-07-12,2026-07-10,1231,4.993839835728953,Unknown,Unknown,0,0,False,False
118632,Nippon India Large Cap Fund - Direct Plan Growth Plan - Growth Option,2021-07-12,2026-07-10,1230,4.993839835728953,Unknown,Unknown,0,0,False,False
118633,Nippon India Large Cap Fund - Direct Plan Growth Plan - Bonus Option,2021-07-12,2026-07-10,1230,4.993839835728953,Unknown,Unknown,0,0,False,False
118650,Nippon India Multi Cap Fund - Direct Plan Growth Plan - Growth Option,2021-07-12,2026-07-10,1230,4.993839835728953,Unknown,Unknown,0,0,False,False
118651,Nippon India Multi Cap Fund - Direct Plan Growth Plan - Bonus Option,2021-07-12,2026-07-10,1230,4.993839835728953,Unknown,Unknown,0,0,False,False
118656,Nippon India Floater Fund  - Direct Plan Growth Plan - Growth Option,2021-07-12,2026-07-10,1209,4.993839835728953,Unknown,Unknown,0,0,False,False
118663,Nippon India Gold Savings Fund - Direct Plan Growth Plan - Growth Option,2021-07-12,2026-07-10,1230,4.993839835728953,Unknown,Unknown,0,0,False,False
118665,Nippon India Growth Mid Cap Fund - Direct Plan Growth Plan - Bonus Option,2021-07-12,2026-07-10,1230,4.993839835728953,Unknown,Unknown,0,0,False,False
118668,Nippon India Growth Mid Cap Fund - Direct Plan Growth Plan - Growth Option,2021-07-12,2026-07-10,1230,4.993839835728953,Unknown,Unknown,0,0,False,False
118672,Nippon India Gilt  Fund - Direct Plan Growth Plan - Growth Option,2021-07-12,2026-07-10,1209,4.993839835728953,Unknown,Unknown,0,0,False,False
118675,Nippon India Vision Large & Mid Cap Fund - Direct Plan Growth Plan - Bonus Option,2021-07-12,2026-07-10,1230,4.993839835728953,Unknown,Unknown,0,0,False,False
118678,Nippon India Vision Large & Mid Cap Fund - Direct Plan Growth Plan - Growth Option,2021-07-12,2026-07-10,1230,4.993839835728953,Unknown,Unknown,0,0,False,False
118679,Nippon India Medium to Long Duration  Fund - Direct Plan Growth Plan-Bonus Option,2021-07-12,2026-07-10,1209,4.993839835728953,Unknown,Unknown,0,0,False,False
118687,Nippon India Medium to Long Duration Fund - Direct Plan Growth Plan - Growth Option,2021-07-12,2026-07-10,1209,4.993839835728953,Unknown,Unknown,0,0,False,False
118691,Nippon India Quarterly Interval Fund - Series II - Direct Plan Growth Plan - Growth,2021-07-12,2026-07-10,1209,4.993839835728953,Unknown,Unknown,0,0,False,False
118692,Nippon India Focused Fund - Direct Plan Growth Plan - Growth Option,2021-07-12,2026-07-10,1230,4.993839835728953,Unknown,Unknown,0,0,False,False
118701,Nippon India Liquid Fund - Direct Plan Growth Plan - Growth Option,2021-07-12,2026-07-12,1550,4.999315537303217,Unknown,Unknown,0,0,False,False
118702,Nippon India Low Duration Fund - Direct Plan Growth Plan - Bonus Option,2021-07-12,2026-07-10,1209,4.993839835728953,Unknown,Unknown,0,0,False,False
118709,Nippon India Low Duration Fund - Direct Plan Growth Plan - Growth Option,2021-07-12,2026-07-10,1209,4.993839835728953,Unknown,Unknown,0,0,False,False
118715,Nippon India Money Market Fund - Direct Plan Growth Plan - Bonus Option,2021-07-12,2026-07-10,1209,4.993839835728953,Unknown,Unknown,0,0,False,False
118719,Nippon India Money Market Fund - Direct Plan Growth Plan - Growth Option,2021-07-12,2026-07-10,1209,4.993839835728953,Unknown,Unknown,0,0,False,False
118722,Nippon India Consumption Fund - Direct Plan Growth Plan - Bonus,2021-07-12,2026-07-10,1230,4.993839835728953,Unknown,Unknown,0,0,False,False
118724,Nippon India Consumption Fund - Direct Plan Growth Plan - Growth Option,2021-07-12,2026-07-10,1230,4.993839835728953,Unknown,Unknown,0,0,False,False
118726,Nippon India Conservative Hybrid  Fund - Direct Plan Growth Plan - Growth Option,2021-07-12,2026-07-10,1209,4.993839835728953,Unknown,Unknown,0,0,False,False
118736,Nippon India Balanced Advantage Fund - Direct Plan Growth Plan - Growth Option,2021-07-12,2026-07-10,1230,4.993839835728953,Unknown,Unknown,0,0,False,False
118741,Nippon India Index Fund - Nifty 50 Plan - Direct Plan Growth Plan - Growth Option,2021-07-12,2026-07-10,1230,4.993839835728953,Unknown,Unknown,0,0,False,False
118742,Nippon India Index Fund - Nifty 50 Plan - Direct Plan Growth Plan - Bonus Option,2021-07-12,2026-07-10,1230,4.993839835728953,Unknown,Unknown,0,0,False,False
118747,Nippon India Dynamic Bond Fund - Direct Plan Growth Plan - Growth Option,2021-07-12,2026-07-10,1209,4.993839835728953,Unknown,Unknown,0,0,False,False
118758,Nippon India Pharma Fund - Direct Plan Growth Plan - Bonus Option,2021-07-12,2026-07-10,1230,4.993839835728953,Unknown,Unknown,0,0,False,False
118759,Nippon India Pharma Fund - Direct Plan Growth Plan - Growth Option,2021-07-12,2026-07-10,1230,4.993839835728953,Unknown,Unknown,0,0,False,False
118762,Nippon India Power & Infra Fund - Direct Plan Growth Plan - Bonus Option,2021-07-12,2026-07-10,1230,4.993839835728953,Unknown,Unknown,0,0,False,False
118763,Nippon India Power & Infra Fund - Direct Plan Growth Plan - Growth Option,2021-07-12,2026-07-10,1230,4.993839835728953,Unknown,Unknown,0,0,False,False
118769,Nippon India Quant Fund - Direct Plan Growth Plan - Growth Option,2021-07-12,2026-07-10,1230,4.993839835728953,Unknown,Unknown,0,0,False,False
118770,Nippon India Quant Fund - Direct Plan Growth Plan - Bonus Option,2021-07-12,2026-07-10,1230,4.993839835728953,Unknown,Unknown,0,0,False,False
118777,Nippon India Small Cap Fund - Direct Plan Growth Plan - Bonus Option,2021-07-12,2026-07-10,1230,4.993839835728953,Unknown,Unknown,0,0,False,False
118778,Nippon India Small Cap Fund - Direct Plan Growth Plan - Growth Option,2021-07-12,2026-07-10,1230,4.993839835728953,Unknown,Unknown,0,0,False,False
118780,Nippon India Credit Risk Fund - Direct Plan - Growth Plan,2021-07-12,2026-07-10,1209,4.993839835728953,Unknown,Unknown,0,0,False,False
118784,Nippon India Value Fund - Direct Plan Growth Plan,2021-07-12,2026-07-10,1230,4.993839835728953,Unknown,Unknown,0,0,False,False
118785,Nippon India Index Fund - BSE Sensex Plan - Direct Plan Growth Plan - Bonus Option,2021-07-12,2026-07-10,1230,4.993839835728953,Unknown,Unknown,0,0,False,False
118791,Nippon India Index Fund - BSE Sensex Plan - Direct Plan Growth Plan - Growth Option,2021-07-12,2026-07-10,1230,4.993839835728953,Unknown,Unknown,0,0,False,False
118794,Nippon India Aggressive Hybrid Fund  - Direct Plan Growth Plan,2021-07-12,2026-07-10,1230,4.993839835728953,Unknown,Unknown,0,0,False,False
118796,Nippon India Short Duration Fund - Direct Plan Growth Plan - Growth Option,2021-07-12,2026-07-10,1209,4.993839835728953,Unknown,Unknown,0,0,False,False
118803,Nippon India ELSS Tax Saver Fund - Direct Plan Growth Plan - Growth Option,2021-07-12,2026-07-10,1230,4.993839835728953,Unknown,Unknown,0,0,False,False
118804,Nippon India Annual Interval Fund - Series I - Direct Plan Growth Plan - Growth,2021-07-12,2026-04-22,1155,4.777549623545517,Unknown,Unknown,0,0,False,False
118807,Nippon India Corporate Bond Fund - Direct Plan Growth Plan - Bonus,2021-07-12,2026-07-10,1209,4.993839835728953,Unknown,Unknown,0,0,False,False
118814,Nippon India Corporate Bond Fund - Direct Plan Growth Plan - Growth Option,2021-07-12,2026-07-10,1209,4.993839835728953,Unknown,Unknown,0,0,False,False
118825,Mirae Asset Large Cap Fund - Direct Plan - Growth,2021-07-12,2026-07-10,1230,4.993839835728953,Unknown,Unknown,0,0,False,False
118834,Mirae Asset Large & Midcap Fund - Direct Plan - Growth,2021-07-12,2026-07-10,1230,4.993839835728953,Unknown,Unknown,0,0,False,False
118837,Mirae Asset Great Consumer Fund - Direct Plan - Growth,2021-07-12,2026-07-10,1230,4.993839835728953,Unknown,Unknown,0,0,False,False
118840,Mirae Asset Low Duration Fund - Direct Plan - Growth,2021-07-12,2026-07-10,1209,4.993839835728953,Unknown,Unknown,0,0,False,False
118859,Mirae Asset Liquid Fund - Direct Plan - Growth,2021-07-12,2026-07-12,1531,4.999315537303217,Unknown,Unknown,0,0,False,False
118866,Taurus ELSS Tax Saver Fund - Direct Plan - Growth,2021-07-12,2026-07-10,1228,4.993839835728953,Unknown,Unknown,0,0,False,False
118868,Taurus Banking & Financial Services Fund - Direct Plan - Growth,2021-07-12,2026-07-10,1228,4.993839835728953,Unknown,Unknown,0,0,False,False
118870,Taurus Large Cap Fund - Direct Plan - Growth,2021-07-12,2026-07-10,1228,4.993839835728953,Unknown,Unknown,0,0,False,False
118872,Taurus Mid Cap Fund - Direct Plan - Growth,2021-07-12,2026-07-10,1228,4.993839835728953,Unknown,Unknown,0,0,False,False
118876,Taurus Ethical Fund - Direct Plan - Growth,2021-07-12,2026-07-10,1228,4.993839835728953,Unknown,Unknown,0,0,False,False
118879,Taurus Infrastructure Fund - Direct Plan - Growth ,2021-07-12,2026-07-10,1228,4.993839835728953,Unknown,Unknown,0,0,False,False
118881,Taurus Nifty 50 Index Fund - Direct Plan - Growth,2021-07-12,2026-07-10,1228,4.993839835728953,Unknown,Unknown,0,0,False,False
118883,Taurus Flexi Cap Fund - Direct Plan - Growth,2021-07-12,2026-07-10,1228,4.993839835728953,Unknown,Unknown,0,0,False,False
118924,DSP Bond Fund - Direct Plan - Growth,2021-07-12,2026-07-10,1213,4.993839835728953,Unknown,Unknown,0,0,False,False
118929,HDFC Long Term Advantage Plan - Growth Option - Direct Plan,2021-07-12,2022-01-14,128,0.5092402464065708,Unknown,Unknown,0,0,False,False
118931,HDFC ARBITRAGE FUND - Growth Option - Direct Plan,2021-07-12,2026-05-21,1196,4.856947296372348,Unknown,Unknown,0,0,False,False
118935,HDFC Value Fund - Growth Option - Direct Plan,2021-07-12,2026-07-10,1230,4.993839835728953,Unknown,Unknown,0,0,False,False
118942,HDFC Low Duration  Fund - Direct Plan - Growth,2021-07-12,2026-07-10,1210,4.993839835728953,Unknown,Unknown,0,0,False,False
118950,HDFC Focused Fund - Growth Option - Direct Plan,2021-07-12,2026-07-10,1230,4.993839835728953,Unknown,Unknown,0,0,False,False
118955,HDFC Flexi Cap Fund - Growth Option - Direct Plan,2021-07-12,2026-07-10,1230,4.993839835728953,Unknown,Unknown,0,0,False,False
118961,HDFC Floating Rate Debt Fund - Direct Plan - Growth Option,2021-07-12,2026-07-10,1210,4.993839835728953,Unknown,Unknown,0,0,False,False
118968,HDFC Balanced Advantage Fund - Growth Plan - Direct Plan,2021-07-12,2026-07-10,1230,4.993839835728953,Unknown,Unknown,0,0,False,False
118979,HDFC Infrastructure Fund - Growth Option - Direct Plan,2021-07-12,2026-07-10,1230,4.993839835728953,Unknown,Unknown,0,0,False,False
118987,HDFC Corporate Bond Fund - Growth Option - Direct Plan,2021-07-12,2026-07-10,1210,4.993839835728953,Unknown,Unknown,0,0,False,False
118989,HDFC Mid Cap Fund - Growth Option - Direct Plan,2021-07-12,2026-07-10,1230,4.993839835728953,Unknown,Unknown,0,0,False,False
118994,DSP Regular Savings Fund - Direct Plan - Growth,2021-07-12,2026-07-10,1209,4.993839835728953,Unknown,Unknown,0,0,False,False
119016,HDFC Short Term  Debt Fund - Growth Option - Direct Plan,2021-07-12,2026-07-10,1210,4.993839835728953,Unknown,Unknown,0,0,False,False
119018,HDFC Large Cap Fund - Growth Option - Direct Plan,2021-07-12,2026-07-10,1230,4.993839835728953,Unknown,Unknown,0,0,False,False
119019,DSP Aggressive Hybrid Fund - Direct Plan - Growth,2021-07-12,2026-07-10,1230,4.993839835728953,Unknown,Unknown,0,0,False,False
119028,DSP Natural Resources and New Energy Fund - Direct Plan - Growth,2021-07-12,2026-07-10,1194,4.993839835728953,Unknown,Unknown,0,0,False,False
119053,Tata Aggressive Hybrid Fund -Direct Plan- Growth Option,2021-07-12,2026-07-10,1230,4.993839835728953,Unknown,Unknown,0,0,False,False
119060,HDFC ELSS Tax saver - Growth Option - Direct Plan,2021-07-12,2026-07-10,1230,4.993839835728953,Unknown,Unknown,0,0,False,False
119062,HDFC Hybrid Equity Fund - Growth Option - Direct Plan,2021-07-12,2026-07-10,1230,4.993839835728953,Unknown,Unknown,0,0,False,False
119069,HDFC Income Fund - Growth Option - Direct Plan,2021-07-12,2026-07-10,1210,4.993839835728953,Unknown,Unknown,0,0,False,False
119071,DSP Midcap Fund - Direct Plan - Growth,2021-07-12,2026-07-10,1230,4.993839835728953,Unknown,Unknown,0,0,False,False
119075,HDFC Dynamic Debt Fund - Growth Option - Direct Plan,2021-07-12,2026-07-10,1210,4.993839835728953,Unknown,Unknown,0,0,False,False
119076,DSP Flexi Cap Fund - Direct Plan - Growth,2021-07-12,2026-07-10,1230,4.993839835728953,Unknown,Unknown,0,0,False,False
119081,HDFC Medium Term Debt Fund - Growth Option - Direct Plan,2021-07-12,2026-07-10,1210,4.993839835728953,Unknown,Unknown,0,0,False,False
119082,DSP Credit Risk Fund - Direct Plan - Growth,2021-07-12,2026-07-10,1213,4.993839835728953,Unknown,Unknown,0,0,False,False
119091,HDFC Liquid Fund - Growth Option - Direct Plan,2021-07-12,2026-07-12,1587,4.999315537303217,Unknown,Unknown,0,0,False,False
119092,HDFC Money Market Fund - Growth Option - Direct Plan,2021-07-12,2026-07-10,1210,4.993839835728953,Unknown,Unknown,0,0,False,False
119096,DSP Focused Fund - Direct Plan - Growth,2021-07-12,2026-07-10,1230,4.993839835728953,Unknown,Unknown,0,0,False,False
119097,Tata Dynamic Bond Fund- Direct Plan-Growth Option,2021-07-12,2022-09-23,293,1.1991786447638604,Unknown,Unknown,0,0,False,False
119099,DSP Gilt Fund - Direct Plan - Growth,2021-07-12,2026-07-10,1213,4.993839835728953,Unknown,Unknown,0,0,False,False
119106,DSP Savings Fund - Direct Plan - Growth,2021-07-12,2026-07-10,1213,4.993839835728953,Unknown,Unknown,0,0,False,False
119110,HDFC Overnight Fund - Growth Option - Direct Plan,2021-07-12,2026-07-12,1582,4.999315537303217,Unknown,Unknown,0,0,False,False
119116,HDFC Gilt Fund - Growth Option - Direct Plan,2021-07-12,2026-07-10,1210,4.993839835728953,Unknown,Unknown,0,0,False,False
119118,HDFC Hybrid Debt Fund - Growth Option - Direct Plan,2021-07-12,2026-07-10,1210,4.993839835728953,Unknown,Unknown,0,0,False,False
119125,DSP Liquidity Fund - Direct Plan - Growth,2021-07-12,2026-07-12,1571,4.999315537303217,Unknown,Unknown,0,0,False,False
119127,Tata Medium Term Fund- Direct Plan- Growth Option,2021-07-12,2022-09-23,293,1.1991786447638604,Unknown,Unknown,0,0,False,False
119128,HDFC Equity Savings Fund - Growth Option - Direct Plan,2021-07-12,2026-07-10,1230,4.993839835728953,Unknown,Unknown,0,0,False,False
119131,HDFC Multi-Asset Fund - Growth Option - Direct Plan,2021-07-12,2026-07-10,1230,4.993839835728953,Unknown,Unknown,0,0,False,False
119133,Groww Largecap Fund (formerly known as Indiabulls Blue Chip Fund) - Direct Plan - Growth Option,2021-07-12,2026-07-10,1230,4.993839835728953,Unknown,Unknown,0,0,False,False
119135,Groww Liquid Fund ( formerly known as Indiabulls Liquid )Fund - Direct Plan - Growth Option,2021-07-12,2026-07-12,1500,4.999315537303217,Unknown,Unknown,0,0,False,False
119148,Navi Large Cap Equity Fund-Direct Plan-Growth Option,2021-07-12,2022-07-15,252,1.0075290896646132,Unknown,Unknown,0,0,False,False
119156,Navi Conservative Hybrid Fund-Direct Plan-Growth Option,2021-07-12,2024-11-14,816,3.3429158110882957,Unknown,Unknown,0,0,False,False
119160,Tata Large Cap Fund -Direct Plan Growth Option,2021-07-12,2026-07-10,1230,4.993839835728953,Unknown,Unknown,0,0,False,False
119164,Navi Liquid Fund-Direct Plan-Growth Option,2021-07-12,2026-07-12,1515,4.999315537303217,Unknown,Unknown,0,0,False,False
119172,Tata Ethical Fund -Direct Plan- Growth Option,2021-07-12,2026-07-10,1230,4.993839835728953,Unknown,Unknown,0,0,False,False
119176,Navi 3 in 1 Fund-Direct Plan-Growth Option,2021-07-12,2022-07-15,252,1.0075290896646132,Unknown,Unknown,0,0,False,False
119178,Tata Mid Cap Fund - Direct Plan- Growth Option,2021-07-12,2026-07-10,1230,4.993839835728953,Unknown,Unknown,0,0,False,False
119186,Navi Ultra Short Term Fund - Direct Plan-Growth Option,2021-07-12,2022-07-15,247,1.0075290896646132,Unknown,Unknown,0,0,False,False
119202,Tata Large & MId Cap Fund -Direct Plan- Growth Option,2021-07-12,2026-07-10,1230,4.993839835728953,Unknown,Unknown,0,0,False,False
119205,DSP Ultra Short Fund - Direct Plan - Growth,2021-07-12,2026-07-10,1213,4.993839835728953,Unknown,Unknown,0,0,False,False
119212,DSP Small Cap Fund - Direct Plan - Growth,2021-07-12,2026-07-10,1230,4.993839835728953,Unknown,Unknown,0,0,False,False
119218,DSP Large & Mid Cap Fund - Direct Plan - Growth,2021-07-12,2026-07-10,1230,4.993839835728953,Unknown,Unknown,0,0,False,False
119226,DSP Short Term Fund - Direct Plan - Growth,2021-07-12,2026-07-10,1213,4.993839835728953,Unknown,Unknown,0,0,False,False
119231,Tata Value Fund -Direct Plan Growth Option,2021-07-12,2026-07-10,1230,4.993839835728953,Unknown,Unknown,0,0,False,False
119239,DSP Strategic Bond Fund - Direct Plan - Growth,2021-07-12,2026-07-10,1213,4.993839835728953,Unknown,Unknown,0,0,False,False
119242,DSP ELSS Tax Saver Fund - Direct Plan - Growth,2021-07-12,2026-07-10,1230,4.993839835728953,Unknown,Unknown,0,0,False,False
119243,Tata Infrastructure Fund -Direct Plan -Growth Option,2021-07-12,2026-07-10,1230,4.993839835728953,Unknown,Unknown,0,0,False,False
119247,DSP India T.I.G.E.R. Fund - Direct Plan - Growth,2021-07-12,2026-07-10,1230,4.993839835728953,Unknown,Unknown,0,0,False,False
119250,DSP Large Cap Fund - Direct Plan - Growth,2021-07-12,2026-07-10,1230,4.993839835728953,Unknown,Unknown,0,0,False,False
119251,Tata Retirement Savings Fund- Progressive Plan -Direct Plan-Growth Option,2021-07-12,2026-07-10,1230,4.993839835728953,Unknown,Unknown,0,0,False,False
119252,DSP US Specific Equity Omni FoF - Direct Plan - Growth,2021-07-12,2026-07-10,1131,4.993839835728953,Unknown,Unknown,0,0,False,False
119255,Tata Retirement Savings Fund- Moderate Plan -Direct Plan-Growth Option,2021-07-12,2026-07-10,1230,4.993839835728953,Unknown,Unknown,0,0,False,False
119256,Tata Retirement Savings Fund- Conservative Plan-Direct Plan-Growth Option,2021-07-12,2026-07-10,1209,4.993839835728953,Unknown,Unknown,0,0,False,False
119271,DSP World Agriculture Fund - Direct Plan - Growth,2021-07-12,2024-10-03,762,3.2279260780287475,Unknown,Unknown,0,0,False,False
119275,DSP Global Clean Energy Overseas Equity Omni FoF Direct Plan - Growth,2021-07-12,2026-07-10,1174,4.993839835728953,Unknown,Unknown,0,0,False,False
119277,DSP World Gold Mining Overseas Equity Omni FoF - Direct Plan - Growth,2021-07-12,2026-07-10,1156,4.993839835728953,Unknown,Unknown,0,0,False,False
119279,DSP World Mining Overseas Equity Omni FoF - Direct Plan - Growth,2021-07-12,2026-07-10,1174,4.993839835728953,Unknown,Unknown,0,0,False,False
119283,L&T Overnight Fund - Direct Plan - Growth,2021-07-12,2022-11-24,420,1.3689253935660506,Unknown,Unknown,0,0,False,False
119291,L&T Flexicap Fund-Direct Plan-Growth,2021-07-12,2022-11-24,339,1.3689253935660506,Unknown,Unknown,0,0,False,False
119292,Union Flexi Cap Fund - Direct Plan - Growth Option,2021-07-12,2026-07-10,1229,4.993839835728953,Unknown,Unknown,0,0,False,False
119298,L&T Balanced Advantage Fund-Direct Plan-Growth,2021-07-12,2022-11-24,339,1.3689253935660506,Unknown,Unknown,0,0,False,False
119303,Union Liquid Fund - Direct Plan - Growth Option,2021-07-12,2026-07-12,1373,4.999315537303217,Unknown,Unknown,0,0,False,False
119307,Union ELSS Tax Saver Fund - Direct Plan - Growth Option,2021-07-12,2026-07-10,1229,4.993839835728953,Unknown,Unknown,0,0,False,False
119308,L&T India Large Cap Fund - Direct Plan - Growth,2021-07-12,2022-11-24,339,1.3689253935660506,Unknown,Unknown,0,0,False,False
119311,Union Dynamic Bond Fund - Direct Plan - Growth Option,2021-07-12,2026-07-10,1208,4.993839835728953,Unknown,Unknown,0,0,False,False
119312,Tata Childrens Fund-Direct Plan-Growth Option,2021-07-12,2026-07-10,1230,4.993839835728953,Unknown,Unknown,0,0,False,False
119326,BARODA HYBRID EQUITY FUND - Plan B (Direct) - Growth Option,2021-07-12,2022-03-13,167,0.6680355920602327,Unknown,Unknown,0,0,False,False
119333,Baroda BNP Paribas Banking and Financial Services Fund - Direct - Growth Option,2021-07-12,2026-07-10,1231,4.993839835728953,Unknown,Unknown,0,0,False,False
119337,Baroda Dynamic Bond Fund - Plan B (Direct) - Growth Option,2021-07-12,2022-03-13,164,0.6680355920602327,Unknown,Unknown,0,0,False,False
119341,Baroda BNP Paribas GILT FUND - Direct Plan - Growth Option,2021-07-12,2026-07-10,1210,4.993839835728953,Unknown,Unknown,0,0,False,False
119347,L&T Hybrid Equity Fund - Direct Plan-Growth,2021-07-12,2022-11-24,339,1.3689253935660506,Unknown,Unknown,0,0,False,False
119350,BANK OF INDIA Large & Mid Cap Fund Direct Plan-Growth,2021-07-12,2026-07-10,1230,4.993839835728953,Unknown,Unknown,0,0,False,False
119351,BANK OF INDIA ELSS Tax Saver -Direct Plan- Growth,2021-07-12,2026-07-10,1230,4.993839835728953,Unknown,Unknown,0,0,False,False
119354,Baroda BNP Paribas MULTI CAP FUND - Direct Plan - Growth Option,2021-07-12,2026-07-10,1231,4.993839835728953,Unknown,Unknown,0,0,False,False
119364,BANK OF INDIA Manufacturing & Infrastructure Fund-Direct Plan-Growth,2021-07-12,2026-07-10,1230,4.993839835728953,Unknown,Unknown,0,0,False,False
119367,Baroda Large cap Fund - Plan B (Direct) - Growth Option,2021-07-12,2022-03-13,167,0.6680355920602327,Unknown,Unknown,0,0,False,False
119369,BANK OF INDIA Liquid Fund- Direct Plan- Growth,2021-07-12,2026-07-12,1339,4.999315537303217,Unknown,Unknown,0,0,False,False
119379,BANK OF INDIA Ultra Short Duration Fund- Direct Plan- Growth,2021-07-12,2026-07-10,1209,4.993839835728953,Unknown,Unknown,0,0,False,False
119382,BANK OF INDIA Short Term Income Fund-Direct Plan- Growth,2021-07-12,2026-07-10,1209,4.993839835728953,Unknown,Unknown,0,0,False,False
119389,BARODA CONSERVATIVE HYBRID FUND - Plan B (Direct) - Growth Option,2021-07-12,2022-03-13,164,0.6680355920602327,Unknown,Unknown,0,0,False,False
119392,Baroda Mid-cap Fund- Plan B (Direct) - Growth Option,2021-07-12,2022-03-13,167,0.6680355920602327,Unknown,Unknown,0,0,False,False
119393,BANK OF INDIA Conservative Hybrid Fund Fund-Direct Plan-Growth,2021-07-12,2026-07-10,1209,4.993839835728953,Unknown,Unknown,0,0,False,False
119397,L&T Large and Midcap Fund-Direct Plan-Growth,2021-07-12,2022-11-24,339,1.3689253935660506,Unknown,Unknown,0,0,False,False
119400,Baroda BNP Paribas Short Duration Fund - Direct Plan - Growth Option,2021-07-12,2026-07-10,1210,4.993839835728953,Unknown,Unknown,0,0,False,False
119404,L&T India Value Fund-Direct Plan-Growth,2021-07-12,2022-11-24,339,1.3689253935660506,Unknown,Unknown,0,0,False,False
119410,Baroda Treasury Advantage Fund - Plan B (Direct) - Growth Option,2021-07-12,2022-03-13,164,0.6680355920602327,Unknown,Unknown,0,0,False,False
119413,L&T Infrastructure Fund -Direct Plan-Growth,2021-07-12,2022-11-24,339,1.3689253935660506,Unknown,Unknown,0,0,False,False
119415,Baroda BNP Paribas LIQUID FUND - DIRECT PLAN - GROWTH OPTION,2021-07-12,2026-07-12,1463,4.999315537303217,Unknown,Unknown,0,0,False,False
119417,L&T  Tax Advantage Fund-Direct Plan-Growth,2021-07-12,2022-11-24,339,1.3689253935660506,Unknown,Unknown,0,0,False,False
119424,Tata Money Market Fund- Direct Plan- Growth Option,2021-07-12,2026-07-10,1213,4.993839835728953,Unknown,Unknown,0,0,False,False
119425,L&T Gilt Fund - Direct Plan - Growth,2021-07-12,2022-11-24,333,1.3689253935660506,Unknown,Unknown,0,0,False,False
119428,L&T Flexi Bond Fund - Direct Plan- Growth,2021-07-12,2022-11-24,333,1.3689253935660506,Unknown,Unknown,0,0,False,False
119431,L&T Money Market Fund -Direct Plan- Growth,2021-07-12,2022-11-24,333,1.3689253935660506,Unknown,Unknown,0,0,False,False
119436,Aditya Birla Sun Life Large & Mid Cap Fund - Growth - Direct Plan,2021-07-12,2026-07-10,1230,4.993839835728953,Unknown,Unknown,0,0,False,False
119441,Principal Emerging Bluechip Fund - Direct Plan - Growth Option,2021-07-12,2021-12-30,116,0.4681724845995893,Unknown,Unknown,0,0,False,False
119448,Principal Low Duration Fund - Direct Plan - Growth Option,2021-07-12,2021-12-30,114,0.4681724845995893,Unknown,Unknown,0,0,False,False
119451,Principal Multi Cap Growth Fund - Direct Plan -Half Yearly Income Distribution CUM Capital Withdrawal Option,2021-07-12,2021-12-30,116,0.4681724845995893,Unknown,Unknown,0,0,False,False
119452,Principal Multi Cap Growth Fund-Direct Plan - Growth Option,2021-07-12,2021-12-30,116,0.4681724845995893,Unknown,Unknown,0,0,False,False
119457,Principal Global Opportunities Fund-Direct Plan - Growth Option,2021-07-12,2021-12-30,112,0.4681724845995893,Unknown,Unknown,0,0,False,False
119462,Principal Short Term Debt Fund- Direct Plan - Growth Option,2021-07-12,2021-12-30,114,0.4681724845995893,Unknown,Unknown,0,0,False,False
119464,Principal Focused Multicap Fund- Direct Plan - Growth Option,2021-07-12,2021-12-30,116,0.4681724845995893,Unknown,Unknown,0,0,False,False
119468,Principal Cash Management Fund - Direct Plan - Growth Option,2021-07-12,2021-12-30,126,0.4681724845995893,Unknown,Unknown,0,0,False,False
119472,Principal Equity Savings Fund - Direct Plan - Growth Option,2021-07-12,2021-12-30,116,0.4681724845995893,Unknown,Unknown,0,0,False,False
119474,Principal Ultra Short Term Fund- Direct Plan -Growth Option,2021-07-12,2021-12-30,114,0.4681724845995893,Unknown,Unknown,0,0,False,False
119482,Principal Balanced Advantage Fund - Direct Plan - Growth Option,2021-07-12,2021-12-30,116,0.4681724845995893,Unknown,Unknown,0,0,False,False
119484,Principal Hybrid Equity Fund- Direct Plan - Growth Option,2021-07-12,2021-12-30,116,0.4681724845995893,Unknown,Unknown,0,0,False,False
119488,Principal Nifty 100 Equal Weight Fund - Direct Plan - Growth Option,2021-07-12,2021-12-30,116,0.4681724845995893,Unknown,Unknown,0,0,False,False
119498,Aditya Birla Sun Life Short Term Fund - Growth - Direct Plan,2021-07-12,2026-07-10,1210,4.993839835728953,Unknown,Unknown,0,0,False,False
119501,Aditya Birla Sun Life Savings Fund - Growth - Direct Plan,2021-07-12,2026-07-10,1210,4.993839835728953,Unknown,Unknown,0,0,False,False
119505,Aditya Birla Sun Life Dynamic Bond Fund - Growth - Direct Plan,2021-07-12,2026-07-10,1210,4.993839835728953,Unknown,Unknown,0,0,False,False
119511,Aditya Birla Sun Life Money Manager Fund - Growth - Direct Plan,2021-07-12,2026-07-10,1210,4.993839835728953,Unknown,Unknown,0,0,False,False
119514,Aditya Birla Sun Life Infrastructure Fund - Growth - Direct Plan,2021-07-12,2026-07-10,1230,4.993839835728953,Unknown,Unknown,0,0,False,False
119517,Aditya Birla Sun Life International Equity Fund - Growth - Direct Plan,2021-07-12,2026-07-10,1229,4.993839835728953,Unknown,Unknown,0,0,False,False
119518,Aditya Birla Sun Life International Equity Fund - Plan B - Growth - Direct Plan,2021-07-12,2023-07-28,507,2.0424366872005475,Unknown,Unknown,0,0,False,False
119523,Aditya Birla Sun Life Low duration Fund - Growth - Direct Plan,2021-07-12,2026-07-10,1210,4.993839835728953,Unknown,Unknown,0,0,False,False
119526,Aditya Birla Sun Life Arbitrage Fund - Growth - Direct Plan,2021-07-12,2026-07-10,1230,4.993839835728953,Unknown,Unknown,0,0,False,False
119528,Aditya Birla Sun Life Large Cap Fund - Growth - Direct Plan,2021-07-12,2026-07-10,1230,4.993839835728953,Unknown,Unknown,0,0,False,False
119533,Aditya Birla Sun Life Corporate Bond Fund - Growth - Direct Plan,2021-07-12,2026-07-10,1210,4.993839835728953,Unknown,Unknown,0,0,False,False
119535,Aditya Birla Sun Life Interval Income Fund - Quarterly Series I - Growth - Direct Plan,2021-07-12,2025-11-25,1060,4.372347707049966,Unknown,Unknown,0,0,False,False
119539,Aditya Birla Sun Life Medium Term Plan - Growth - Direct Plan,2021-07-12,2026-07-10,1210,4.993839835728953,Unknown,Unknown,0,0,False,False
119542,Sundaram Equity Hybrid Fund Direct Plan - Growth,2021-07-12,2021-12-31,117,0.47091033538672145,Unknown,Unknown,0,0,False,False
119544,Aditya Birla Sun Life ELSS Tax Saver Fund - Growth - Direct Plan,2021-07-12,2026-07-10,1230,4.993839835728953,Unknown,Unknown,0,0,False,False
119549,Sundaram Value Fund Direct Plan - Growth,2021-07-12,2026-07-10,1229,4.993839835728953,Unknown,Unknown,0,0,False,False
119550,Aditya Birla Sun Life Banking & PSU Debt Fund- Direct Plan-Growth,2021-07-12,2026-07-10,1210,4.993839835728953,Unknown,Unknown,0,0,False,False
119556,Aditya Birla Sun Life Small Cap Fund - Growth - Direct Plan,2021-07-12,2026-07-10,1230,4.993839835728953,Unknown,Unknown,0,0,False,False
119564,Aditya Birla Sun Life Focused Fund - Growth - Direct Plan,2021-07-12,2026-07-10,1230,4.993839835728953,Unknown,Unknown,0,0,False,False
119566,Sundaram Large and Midcap Fund Direct Plan - Growth,2021-07-12,2026-07-10,1229,4.993839835728953,Unknown,Unknown,0,0,False,False
119568,Aditya Birla Sun Life Liquid Fund - Growth - Direct Plan,2021-07-12,2026-07-11,1601,4.996577686516085,Unknown,Unknown,0,0,False,False
119576,Aditya Birla Sun Life Commodity Equities Fund - Global Agri Plan - Growth - Direct Plan,2021-07-12,2023-07-28,507,2.0424366872005475,Unknown,Unknown,0,0,False,False
119578,Sundaram Select Focus Direct Plan - Growth,2021-07-12,2021-12-24,112,0.4517453798767967,Unknown,Unknown,0,0,False,False
119581,Sundaram Mid Cap Fund Direct Plan - Growth,2021-07-12,2026-07-10,1229,4.993839835728953,Unknown,Unknown,0,0,False,False
119589,Sundaram Small Cap Fund Direct Plan - Growth,2021-07-12,2026-07-10,1229,4.993839835728953,Unknown,Unknown,0,0,False,False
119591,Aditya Birla Sun Life Consumption Fund - Growth - Direct Plan,2021-07-12,2026-07-10,1230,4.993839835728953,Unknown,Unknown,0,0,False,False
119595,Sundaram Consumption Fund (Formerly Known as Sundaram Rural and Consumption Fund Direct Plan - Growth),2021-07-12,2026-07-10,1229,4.993839835728953,Unknown,Unknown,0,0,False,False
119597,Sundaram Financial Services Opportunities Fund Direct Plan - Growth,2021-07-12,2026-07-10,1229,4.993839835728953,Unknown,Unknown,0,0,False,False
119598,SBI Large Cap FUND-DIRECT PLAN -GROWTH,2021-07-12,2026-07-10,1239,4.993839835728953,Unknown,Unknown,0,0,False,False
119602,Sundaram Global Brand Theme-Equity Active FOF - Direct Growth,2021-07-12,2026-07-09,1174,4.991101984941821,Unknown,Unknown,0,0,False,False
119605,Aditya Birla Sun Life Government Securities Fund - Growth - Direct Plan,2021-07-12,2026-07-10,1210,4.993839835728953,Unknown,Unknown,0,0,False,False
119609,SBI EQUITY HYBRID FUND - DIRECT PLAN - Growth,2021-07-12,2026-07-10,1239,4.993839835728953,Unknown,Unknown,0,0,False,False
119620,Aditya Birla Sun Life Midcap Fund - Growth - Direct Plan,2021-07-12,2026-07-10,1230,4.993839835728953,Unknown,Unknown,0,0,False,False
119621,Sundaram Corporate Bond Fund Direct Plan - Growth,2021-07-12,2026-07-10,1208,4.993839835728953,Unknown,Unknown,0,0,False,False
119625,Sundaram Banking & PSU Fund (Formerly Known as Sundaram Banking and PSU Debt Fund) Direct Plan - Growth,2021-07-12,2026-07-10,1208,4.993839835728953,Unknown,Unknown,0,0,False,False
119635,Sundaram Conservative Hybrid Fund (Formerly Known as Sundaram Debt Oriented Hybrid Fund) Direct Plan - Growth,2021-07-12,2026-07-10,1208,4.993839835728953,Unknown,Unknown,0,0,False,False
119646,Aditya Birla Sun Life MNC Fund - Growth - Direct Plan,2021-07-12,2026-07-10,1230,4.993839835728953,Unknown,Unknown,0,0,False,False
119648,Aditya Birla Sun Life Nifty 50 Index Fund - Growth - Direct Plan,2021-07-12,2026-07-10,1230,4.993839835728953,Unknown,Unknown,0,0,False,False
119657,Aditya Birla Sun Life Income Fund - Growth - Direct Plan,2021-07-12,2026-07-10,1210,4.993839835728953,Unknown,Unknown,0,0,False,False
119659,Aditya Birla Sun Life Value Fund - Growth - Direct Plan,2021-07-12,2026-07-10,1230,4.993839835728953,Unknown,Unknown,0,0,False,False
119661,Aditya Birla Sun Life Tax Plan - Direct Plan - Growth Option,2021-07-12,2023-04-13,434,1.7522245037645447,Unknown,Unknown,0,0,False,False
119664,Sundaram Short Term Debt Fund Direct Plan - Growth,2021-07-12,2021-12-31,115,0.47091033538672145,Unknown,Unknown,0,0,False,False
119671,SBI Dynamic Bond Fund - DIRECT PLAN - Growth,2021-07-12,2026-07-10,1218,4.993839835728953,Unknown,Unknown,0,0,False,False
119675,Sundaram Medium Duration Fund (Formerly Known as Sundaram Medium Term Bond Fund) Direct Plan - Growth,2021-07-12,2026-07-10,1208,4.993839835728953,Unknown,Unknown,0,0,False,False
119680,Sundaram Low Duration Fund Direct Plan - Growth,2021-07-12,2021-12-31,115,0.47091033538672145,Unknown,Unknown,0,0,False,False
119686,Sundaram Money Fund Direct Plan - Growth,2021-07-12,2021-12-31,147,0.47091033538672145,Unknown,Unknown,0,0,False,False
119700,SBI INFRASTRUCTURE FUND -  DIRECT PLAN - GROWTH,2021-07-12,2026-07-10,1239,4.993839835728953,Unknown,Unknown,0,0,False,False
119705,SBI COMMA Fund - DIRECT PLAN - Growth,2021-07-12,2026-07-10,1239,4.993839835728953,Unknown,Unknown,0,0,False,False
119707,SBI GILT FUND - DIRECT PLAN - GROWTH,2021-07-12,2026-07-10,1218,4.993839835728953,Unknown,Unknown,0,0,False,False
119709,SBI ESG Exclusionary Strategy Fund - Direct Plan -Growth,2021-07-12,2026-07-10,1238,4.993839835728953,Unknown,Unknown,0,0,False,False
119711,SBI MNC FUND - DIRECT PLAN -GROWTH,2021-07-12,2026-07-10,1238,4.993839835728953,Unknown,Unknown,0,0,False,False
119714,SBI Medium to Long Duration Fund-DIRECT PLAN -Growth,2021-07-12,2026-07-10,1218,4.993839835728953,Unknown,Unknown,0,0,False,False
119716,SBI MIDCAP FUND - DIRECT PLAN - GROWTH,2021-07-12,2026-07-10,1239,4.993839835728953,Unknown,Unknown,0,0,False,False
119718,SBI Flexicap Fund - DIRECT PLAN - Growth Option,2021-07-12,2026-07-10,1237,4.993839835728953,Unknown,Unknown,0,0,False,False
119719,SBI Children's Fund - Savings Plan - DIRECT PLAN - GROWTH,2021-07-12,2026-07-10,1218,4.993839835728953,Unknown,Unknown,0,0,False,False
119721,SBI LARGE & MIDCAP FUND -DIRECT PLAN -Growth,2021-07-12,2026-07-10,1237,4.993839835728953,Unknown,Unknown,0,0,False,False
119723,SBI ELSS Tax Saver FUND - DIRECT PLAN -GROWTH,2021-07-12,2026-07-10,1239,4.993839835728953,Unknown,Unknown,0,0,False,False
119727,SBI FOCUSED FUND - DIRECT PLAN -GROWTH,2021-07-12,2026-07-10,1237,4.993839835728953,Unknown,Unknown,0,0,False,False
119732,SBI PSU Fund - DIRECT PLAN - GROWTH,2021-07-12,2026-07-10,1239,4.993839835728953,Unknown,Unknown,0,0,False,False
119735,Kotak Bond Fund - Growth - Direct,2021-07-12,2026-07-10,1209,4.993839835728953,Unknown,Unknown,0,0,False,False
119739,Kotak Bond Short Term Plan-(Growth) - Direct,2021-07-12,2026-07-10,1209,4.993839835728953,Unknown,Unknown,0,0,False,False
119741,Kotak Credit Risk Fund - Growth - Direct,2021-07-12,2026-07-10,1209,4.993839835728953,Unknown,Unknown,0,0,False,False
119746,Kotak Money Market Fund - (Growth) - Direct,2021-07-12,2026-07-10,1209,4.993839835728953,Unknown,Unknown,0,0,False,False
119750,Kotak Savings Fund-Growth - Direct,2021-07-12,2026-07-10,1209,4.993839835728953,Unknown,Unknown,0,0,False,False
119755,Kotak Dynamic Bond Fund - Growth - Direct,2021-07-12,2026-07-10,1209,4.993839835728953,Unknown,Unknown,0,0,False,False
119757,Kotak Gilt-Investment  Provident Fund and Trust-Growth - Direct,2021-07-12,2026-07-10,1209,4.993839835728953,Unknown,Unknown,0,0,False,False
119759,Kotak Gilt-Investment Regular-Growth - Direct,2021-07-12,2026-07-10,1209,4.993839835728953,Unknown,Unknown,0,0,False,False
119766,Kotak Liquid Fund - Direct Plan - Growth,2021-07-12,2026-07-12,1545,4.999315537303217,Unknown,Unknown,0,0,False,False
119769,Kotak Contra Fund - Direct Plan - Growth,2021-07-12,2026-07-10,1230,4.993839835728953,Unknown,Unknown,0,0,False,False
119771,Kotak Arbitrage Fund - Direct Plan - Growth,2021-07-12,2026-07-10,1230,4.993839835728953,Unknown,Unknown,0,0,False,False
119773,Kotak ELSS Tax Saver Fund-Growth - Direct,2021-07-12,2026-07-10,1230,4.993839835728953,Unknown,Unknown,0,0,False,False
119775,Kotak Midcap Fund - Direct Plan - Growth,2021-07-12,2026-07-10,1230,4.993839835728953,Unknown,Unknown,0,0,False,False
119777,Kotak Multi Asset Omni FOF - Direct Growth - Direct,2021-07-12,2026-07-10,1229,4.993839835728953,Unknown,Unknown,0,0,False,False
119779,Kotak Global Emerging Market overseas Equity Omni FOF - Growth - Direct,2021-07-12,2026-07-10,1191,4.993839835728953,Unknown,Unknown,0,0,False,False
119781,Kotak Gold Fund Growth - Direct,2021-07-12,2026-07-10,1224,4.993839835728953,Unknown,Unknown,0,0,False,False
119783,SBI HEALTHCARE OPPORTUNITIES FUND - DIRECT PLAN -GROWTH,2021-07-12,2026-07-10,1238,4.993839835728953,Unknown,Unknown,0,0,False,False
119786,L&T Credit Risk Fund- Direct Plan - Growth,2021-07-12,2022-11-24,333,1.3689253935660506,Unknown,Unknown,0,0,False,False
119788,SBI GOLD FUND- DIRECT PLAN - GROWTH,2021-07-12,2026-07-10,1220,4.993839835728953,Unknown,Unknown,0,0,False,False
119790,L&T Liquid Fund - Direct Plan -Growth,2021-07-12,2022-11-24,420,1.3689253935660506,Unknown,Unknown,0,0,False,False
119795,L&T Banking and PSU Debt Fund - Direct Plan - Growth,2021-07-12,2022-11-24,333,1.3689253935660506,Unknown,Unknown,0,0,False,False
119798,SBI CREDIT RISK FUND - DIRECT PLAN -GROWTH,2021-07-12,2026-07-10,1218,4.993839835728953,Unknown,Unknown,0,0,False,False
119800,SBI Liquid Fund - DIRECT PLAN -Growth,2021-07-12,2026-07-12,1621,4.999315537303217,Unknown,Unknown,0,0,False,False
119802,L&T Equity Savings Fund - Direct Plan-Growth,2021-07-12,2022-11-24,339,1.3689253935660506,Unknown,Unknown,0,0,False,False
119807,L&T Mid Cap Fund-Direct Plan-Growth,2021-07-12,2022-11-24,339,1.3689253935660506,Unknown,Unknown,0,0,False,False
119809,L&T Low Duration Fund-Direct Plan-Growth,2021-07-12,2022-11-24,333,1.3689253935660506,Unknown,Unknown,0,0,False,False
119812,SBI LOW DURATION FUND - DIRECT PLAN - GROWTH,2021-07-12,2026-07-10,1218,4.993839835728953,Unknown,Unknown,0,0,False,False
119816,SBI SHORT TERM DEBT FUND - DIRECT PLAN -GROWTH,2021-07-12,2026-07-10,1218,4.993839835728953,Unknown,Unknown,0,0,False,False
119821,SBI  SAVINGS FUND - DIRECT PLAN - GROWTH,2021-07-12,2026-07-10,1218,4.993839835728953,Unknown,Unknown,0,0,False,False
119824,SBI MEDIUM DURATION FUND - DIRECT PLAN - GROWTH,2021-07-12,2026-07-10,1218,4.993839835728953,Unknown,Unknown,0,0,False,False
119827,SBI NIFTY INDEX FUND - DIRECT PLAN - GROWTH,2021-07-12,2026-07-10,1239,4.993839835728953,Unknown,Unknown,0,0,False,False
119828,SBI ULTRA SHORT DURATION FUND - DIRECT PLAN - GROWTH,2021-07-12,2026-07-10,1218,4.993839835728953,Unknown,Unknown,0,0,False,False
119833,SBI OVERNIGHT FUND - DIRECT PLAN - GROWTH,2021-07-12,2026-07-12,1621,4.999315537303217,Unknown,Unknown,0,0,False,False
119835,SBI CONTRA FUND - DIRECT PLAN - GROWTH,2021-07-12,2026-07-10,1237,4.993839835728953,Unknown,Unknown,0,0,False,False
119839,SBI Conservative Hybrid Fund - Direct Plan - Growth,2021-07-12,2026-07-10,1218,4.993839835728953,Unknown,Unknown,0,0,False,False
119843,SBI MULTI ASSET ALLOCATION FUND - DIRECT PLAN - GROWTH,2021-07-12,2026-07-10,1218,4.993839835728953,Unknown,Unknown,0,0,False,False
119844,L&T Triple Ace Bond Fund - Direct Plan -Growth,2021-07-12,2022-11-24,333,1.3689253935660506,Unknown,Unknown,0,0,False,False
119849,L&T Ultra Short Term Fund-Direct Plan - Growth,2021-07-12,2022-11-24,333,1.3689253935660506,Unknown,Unknown,0,0,False,False
119852,L&T Conservative Hybrid Fund -Direct Plan- Growth,2021-07-12,2022-11-24,333,1.3689253935660506,Unknown,Unknown,0,0,False,False
119856,L&T Short Term Bond Fund -Direct Plan- Growth,2021-07-12,2022-11-24,333,1.3689253935660506,Unknown,Unknown,0,0,False,False
119861,Tata Liquid Fund- Direct Plan-Growth Option,2021-07-12,2026-07-12,1556,4.999315537303217,Unknown,Unknown,0,0,False,False
119863,Tata Treasury Advantage Fund - Direct Plan - Growth Option,2021-07-12,2026-07-10,1210,4.993839835728953,Unknown,Unknown,0,0,False,False
119876,Tata Income Fund - Direct Plan - Growth Option,2021-07-12,2022-09-23,293,1.1991786447638604,Unknown,Unknown,0,0,False,False
119893,BNP Paribas LARGE CAP Fund - Direct Plan - Growth Option,2021-07-12,2022-03-13,167,0.6680355920602327,Unknown,Unknown,0,0,False,False
119949,Tata Short Term Bond Fund - Direct Plan - Growth Option,2021-07-12,2026-07-10,1210,4.993839835728953,Unknown,Unknown,0,0,False,False
119953,Tata Gilt Securities Fund- Direct Plan - Growth Option,2021-07-12,2026-07-10,1210,4.993839835728953,Unknown,Unknown,0,0,False,False
119960,Tata Equity Savings Fund- Direct Plan- Growth Option,2021-07-12,2026-02-20,1137,4.610540725530458,Unknown,Unknown,0,0,False,False
119984,BNP Paribas Corporate Bond Fund - Direct Plan - Growth Option,2021-07-12,2022-03-13,164,0.6680355920602327,Unknown,Unknown,0,0,False,False
119988,BNP Paribas MULTI CAP Fund - Direct Plan - Growth Option,2021-07-12,2022-03-13,167,0.6680355920602327,Unknown,Unknown,0,0,False,False
119992,BNP Paribas Flexi Debt Fund - Direct Plan - Growth Option,2021-07-12,2022-03-13,164,0.6680355920602327,Unknown,Unknown,0,0,False,False
120002,BNP Paribas Mid Cap Fund - Direct Plan - Growth Option,2021-07-12,2022-03-13,167,0.6680355920602327,Unknown,Unknown,0,0,False,False
120008,BNP Paribas LOW DURATION Fund - Direct Plan - Growth Option,2021-07-12,2022-03-13,164,0.6680355920602327,Unknown,Unknown,0,0,False,False
120030,HSBC Large Cap Fund - Direct Growth,2021-07-12,2026-07-10,1230,4.993839835728953,Unknown,Unknown,0,0,False,False
120034,HSBC Infrastructure Equity Fund - Growth Direct,2021-07-12,2022-11-25,340,1.3716632443531827,Unknown,Unknown,0,0,False,False
120035,HSBC Brazil Fund - Growth Direct,2021-07-12,2026-07-10,1137,4.993839835728953,Unknown,Unknown,0,0,False,False
120038,HSBC Liquid Fund -  Growth Direct,2021-07-12,2026-07-12,1495,4.999315537303217,Unknown,Unknown,0,0,False,False
120043,HSBC Global Emerging Market Fund - Growth Direct,2021-07-12,2026-07-10,1114,4.993839835728953,Unknown,Unknown,0,0,False,False
120046,HSBC Flexi Cap Fund - Direct Growth,2021-07-12,2026-07-10,1230,4.993839835728953,Unknown,Unknown,0,0,False,False
120048,HSBC Flexi Debt Fund - Growth Direct,2021-07-12,2022-11-25,334,1.3716632443531827,Unknown,Unknown,0,0,False,False
120059,HSBC Medium to Long Duration Fund - Direct Growth,2021-07-12,2026-07-10,1210,4.993839835728953,Unknown,Unknown,0,0,False,False
120062,HSBC Short Duration Fund - Growth Direct,2021-07-12,2022-11-25,334,1.3716632443531827,Unknown,Unknown,0,0,False,False
120066,HSBC Low Duration Fund - Growth Direct,2021-07-12,2022-11-25,334,1.3716632443531827,Unknown,Unknown,0,0,False,False
120069,HSBC Small Cap Equity Fund - Growth Direct,2021-07-12,2022-11-25,340,1.3716632443531827,Unknown,Unknown,0,0,False,False
120073,HSBC Conservative Hybrid Fund - Direct Growth,2021-07-12,2026-07-10,1210,4.993839835728953,Unknown,Unknown,0,0,False,False
120079,HSBC Tax Saver Equity Fund - Growth Direct,2021-07-12,2026-01-23,1118,4.5338809034907595,Unknown,Unknown,0,0,False,False
120082,BNP Paribas Conservative Hybrid Fund - Direct Plan - Growth Option,2021-07-12,2022-03-13,164,0.6680355920602327,Unknown,Unknown,0,0,False,False
120084,PGIM India Dynamic Bond Fund - Direct Plan-Growth Option,2021-07-12,2026-07-10,1209,4.993839835728953,Unknown,Unknown,0,0,False,False
120131,BNP Paribas Short Term Fund - Direct Plan - Growth Option,2021-07-12,2022-03-13,164,0.6680355920602327,Unknown,Unknown,0,0,False,False
120137,SBI CONSTANT MATURITY 10 YEAR GILT FUND - DIRECT PLAN - GROWTH,2021-07-12,2026-07-10,1218,4.993839835728953,Unknown,Unknown,0,0,False,False
120147,BNP Paribas Long Term Equity Fund - Direct Plan - Growth Option,2021-07-12,2022-03-13,167,0.6680355920602327,Unknown,Unknown,0,0,False,False
120152,Kotak Large Cap  Fund - Growth - Direct,2021-07-12,2026-07-10,1230,4.993839835728953,Unknown,Unknown,0,0,False,False
120154,Kotak Debt Hybrid - Growth - Direct,2021-07-12,2026-07-10,1209,4.993839835728953,Unknown,Unknown,0,0,False,False
120158,Kotak Large & Midcap Fund - Direct- Growth,2021-07-12,2026-07-10,1230,4.993839835728953,Unknown,Unknown,0,0,False,False
120164,Kotak-Small Cap Fund - Growth - Direct,2021-07-12,2026-07-10,1230,4.993839835728953,Unknown,Unknown,0,0,False,False
120166,Kotak Flexicap Fund - Growth - Direct,2021-07-12,2026-07-10,1230,4.993839835728953,Unknown,Unknown,0,0,False,False
120186,ICICI Prudential US Bluechip Equity Fund - Direct Plan -  Growth,2021-07-12,2026-07-10,1186,4.993839835728953,Unknown,Unknown,0,0,False,False
120197,ICICI Prudential Liquid Fund - Direct Plan - Growth,2021-07-12,2026-07-12,1580,4.999315537303217,Unknown,Unknown,0,0,False,False
120211,ICICI Prudential Money Market Fund Option - Direct Plan -  Growth,2021-07-12,2026-07-10,1209,4.993839835728953,Unknown,Unknown,0,0,False,False
120242,ICICI Prudential Multi Sector Passive FOF - Direct Plan - Growth,2021-07-12,2026-07-10,1230,4.993839835728953,Unknown,Unknown,0,0,False,False
120244,ICICI Prudential Banking and Financial Services Fund - Direct Plan -  Growth,2021-07-12,2026-07-10,1230,4.993839835728953,Unknown,Unknown,0,0,False,False
120249,LIC MF Liquid Fund-Direct Plan-Growth,2021-07-12,2026-07-12,1584,4.999315537303217,Unknown,Unknown,0,0,False,False
120251,ICICI Prudential Equity & Debt Fund - Direct Plan - Growth,2021-07-12,2026-07-10,1230,4.993839835728953,Unknown,Unknown,0,0,False,False
120256,ICICI Prudential Banking and PSU Debt Fund - Direct Plan -  Growth,2021-07-12,2026-07-10,1209,4.993839835728953,Unknown,Unknown,0,0,False,False
120261,LIC MF Aggressive Hybrid Fund-Direct Plan-Growth,2021-07-12,2026-07-10,1230,4.993839835728953,Unknown,Unknown,0,0,False,False
120264,LIC MF Flexi Cap Fund-Direct Plan-Growth,2021-07-12,2026-07-10,1230,4.993839835728953,Unknown,Unknown,0,0,False,False
120267,LIC MF Large Cap Fund-Direct Plan-Growth,2021-07-12,2026-07-10,1230,4.993839835728953,Unknown,Unknown,0,0,False,False
120270,LIC MF ELSS Tax Saver-Direct Plan-Growth,2021-07-12,2026-07-10,1230,4.993839835728953,Unknown,Unknown,0,0,False,False
120276,LIC MF Conservative Hybrid Fund-Direct Plan-Growth,2021-07-12,2026-07-10,1209,4.993839835728953,Unknown,Unknown,0,0,False,False
120279,LIC MF Medium to Long Duration Fund-Direct Plan-Growth,2021-07-12,2026-07-10,1209,4.993839835728953,Unknown,Unknown,0,0,False,False
120282,LIC MF Gilt Fund-Direct Plan-Growth,2021-07-12,2026-07-10,1209,4.993839835728953,Unknown,Unknown,0,0,False,False
120285,LIC MF Children's Fund-Direct Plan-Growth,2021-07-12,2026-07-10,1230,4.993839835728953,Unknown,Unknown,0,0,False,False
120299,UTI MMF - Direct Plan - Growth Option,2021-07-12,2026-07-10,1209,4.993839835728953,Unknown,Unknown,0,0,False,False
120304,UTI Liquid Fund - Direct Plan - Growth Option,2021-07-12,2026-07-12,1581,4.999315537303217,Unknown,Unknown,0,0,False,False
120307,LIC MF Nifty 50 Index Fund-Direct Plan-Growth,2021-07-12,2026-07-10,1230,4.993839835728953,Unknown,Unknown,0,0,False,False
120308,LIC MF BSE Sensex Index Fund-Direct Plan-Growth,2021-07-12,2026-07-10,1230,4.993839835728953,Unknown,Unknown,0,0,False,False
120313,ICICI Prudential Income plus Arbitrage Omni FOF - Direct Plan - Growth,2021-07-12,2026-07-10,1208,4.993839835728953,Unknown,Unknown,0,0,False,False
120315,LIC MF Low Duration Fund-Direct Plan-Growth,2021-07-12,2026-07-10,1209,4.993839835728953,Unknown,Unknown,0,0,False,False
120323,ICICI Prudential Value Fund (erstwhile Value Discovery Fund) - Direct Plan - Growth,2021-07-12,2026-07-10,1229,4.993839835728953,Unknown,Unknown,0,0,False,False
120333,Invesco India Balanced Advantage Fund - Direct Plan - Growth,2021-07-12,2026-07-10,1230,4.993839835728953,Unknown,Unknown,0,0,False,False
120334,ICICI Prudential Multi-Asset Fund - Direct Plan - Growth,2021-07-12,2026-07-10,1228,4.993839835728953,Unknown,Unknown,0,0,False,False
120338,LIC MF Banking & PSU Fund-Direct Plan-Growth,2021-07-12,2026-07-10,1209,4.993839835728953,Unknown,Unknown,0,0,False,False
120348,Invesco India Contra Fund - Direct Plan - Growth,2021-07-12,2026-07-10,1230,4.993839835728953,Unknown,Unknown,0,0,False,False
120351,LIC MF Infrastructure Fund-Direct Plan-Growth,2021-07-12,2026-07-10,1230,4.993839835728953,Unknown,Unknown,0,0,False,False
120357,Invesco India Large & Mid Cap Fund - Direct Plan - Growth,2021-07-12,2026-07-10,1230,4.993839835728953,Unknown,Unknown,0,0,False,False
120364,ICICI Prudential Arbitrage Fund - Direct Plan - Growth,2021-07-12,2026-07-10,1230,4.993839835728953,Unknown,Unknown,0,0,False,False
120377,ICICI Prudential Balanced Advantage Fund - Direct Plan -  Growth,2021-07-12,2026-07-10,1230,4.993839835728953,Unknown,Unknown,0,0,False,False
120381,ICICI Prudential MidCap Fund - Direct Plan -  Growth,2021-07-12,2026-07-10,1230,4.993839835728953,Unknown,Unknown,0,0,False,False
120385,Invesco India Financial Services Fund - Direct Plan - Growth,2021-07-12,2026-07-10,1230,4.993839835728953,Unknown,Unknown,0,0,False,False
120389,Axis Liquid Fund - Direct Plan - Growth Option,2021-07-12,2026-07-12,1539,4.999315537303217,Unknown,Unknown,0,0,False,False
120392,Invesco India Largecap Fund - Direct Plan - Growth,2021-07-12,2026-07-10,1230,4.993839835728953,Unknown,Unknown,0,0,False,False
120395,Invesco India PSU Equity Fund - Direct Plan - Growth,2021-07-12,2026-07-10,1230,4.993839835728953,Unknown,Unknown,0,0,False,False
120398,ICICI Prudential Savings Fund - Direct Plan - Growth,2021-07-12,2026-07-10,1209,4.993839835728953,Unknown,Unknown,0,0,False,False
120401,Invesco India Arbitrage Fund - Direct Plan - Growth Option,2021-07-12,2026-07-10,1230,4.993839835728953,Unknown,Unknown,0,0,False,False
120403,Invesco India Midcap Fund - Direct Plan - Growth Option,2021-07-12,2026-07-10,1230,4.993839835728953,Unknown,Unknown,0,0,False,False
120405,Invesco India Infrastructure Fund - Direct Plan - Growth Option,2021-07-12,2026-07-10,1230,4.993839835728953,Unknown,Unknown,0,0,False,False
120406,JM Liquid Fund (Direct) - Growth Option,2021-07-12,2026-07-12,1549,4.999315537303217,Unknown,Unknown,0,0,False,False
120413,Invesco India Multicap Fund - Direct Plan - Growth Option,2021-07-12,2026-07-10,1230,4.993839835728953,Unknown,Unknown,0,0,False,False
120416,Invesco India ELSS Tax Saver Fund - Direct Plan - Growth,2021-07-12,2026-07-10,1230,4.993839835728953,Unknown,Unknown,0,0,False,False
120425,ICICI Prudential Floating Interest Fund - Direct Plan - Growth,2021-07-12,2026-07-10,1209,4.993839835728953,Unknown,Unknown,0,0,False,False
120430,JM Medium to Long Duration Fund (Direct) - Growth Option,2021-07-12,2026-07-10,1209,4.993839835728953,Unknown,Unknown,0,0,False,False
120435,JM Dynamic Bond Fund - (Direct) - Growth Option,2021-07-12,2026-07-10,1209,4.993839835728953,Unknown,Unknown,0,0,False,False
120438,Axis Banking & PSU Debt Fund - Direct Plan - Growth Option,2021-07-12,2026-07-10,1217,4.993839835728953,Unknown,Unknown,0,0,False,False
120444,Invesco India Banking and PSU Fund - Direct Plan -  Growth Option,2021-07-12,2026-07-10,1209,4.993839835728953,Unknown,Unknown,0,0,False,False
120447,Axis Gilt Fund - Direct Plan - Growth Option,2021-07-12,2026-07-10,1217,4.993839835728953,Unknown,Unknown,0,0,False,False
120451,Axis Dynamic Bond Fund - Direct Plan - Growth Option,2021-07-12,2026-07-10,1217,4.993839835728953,Unknown,Unknown,0,0,False,False
120465,Axis Large Cap Fund - Direct Plan - Growth,2021-07-12,2026-07-10,1238,4.993839835728953,Unknown,Unknown,0,0,False,False
120468,Axis Focused Fund - Direct Plan - Growth Option,2021-07-12,2026-07-10,1238,4.993839835728953,Unknown,Unknown,0,0,False,False
120473,Axis Gold Fund - Direct Plan - Growth option,2021-07-12,2026-07-10,1238,4.993839835728953,Unknown,Unknown,0,0,False,False
120475,Axis Strategic Bond Fund - Direct Plan - Growth Option,2021-07-12,2026-07-10,1217,4.993839835728953,Unknown,Unknown,0,0,False,False
120480,Axis Conservative Hybrid Fund - Direct Plan - Growth Option,2021-07-12,2026-07-10,1217,4.993839835728953,Unknown,Unknown,0,0,False,False
120482,JM Arbitrage Fund (Direct) - Growth Option,2021-07-12,2026-07-10,1230,4.993839835728953,Unknown,Unknown,0,0,False,False
120484,JM Aggressive Hybrid Fund (Direct) - Growth Option,2021-07-12,2026-07-10,1230,4.993839835728953,Unknown,Unknown,0,0,False,False
120486,JM Value Fund (Direct) - Growth Option,2021-07-12,2026-07-10,1230,4.993839835728953,Unknown,Unknown,0,0,False,False
120488,JM Focused Fund (Direct)  - Growth Option,2021-07-12,2026-07-10,1230,4.993839835728953,Unknown,Unknown,0,0,False,False
120490,JM Large Cap Fund (Direct) - Growth Option,2021-07-12,2026-07-10,1230,4.993839835728953,Unknown,Unknown,0,0,False,False
120492,JM Flexicap Fund (Direct) - Growth Option,2021-07-12,2026-07-10,1230,4.993839835728953,Unknown,Unknown,0,0,False,False
120494,JM ELSS Tax Saver Fund (Direct) - Growth Option,2021-07-12,2026-07-10,1230,4.993839835728953,Unknown,Unknown,0,0,False,False
120497,Invesco India Corporate Bond Fund - Direct Plan - Growth,2021-07-12,2026-07-10,1209,4.993839835728953,Unknown,Unknown,0,0,False,False
120503,Axis ELSS Tax Saver Fund - Direct Plan - Growth Option,2021-07-12,2026-07-10,1238,4.993839835728953,Unknown,Unknown,0,0,False,False
120505,Axis Midcap Fund - Direct Plan - Growth,2021-07-12,2026-07-10,1238,4.993839835728953,Unknown,Unknown,0,0,False,False
120507,Invesco India Money Market Fund - Direct Plan - Growth,2021-07-12,2026-07-10,1209,4.993839835728953,Unknown,Unknown,0,0,False,False
120510,Axis Short Duration Fund - Direct Plan - Growth Option,2021-07-12,2026-07-10,1217,4.993839835728953,Unknown,Unknown,0,0,False,False
120513,Axis Treasury Advantage Fund - Direct Plan - Growth Option,2021-07-12,2026-07-10,1217,4.993839835728953,Unknown,Unknown,0,0,False,False
120517,Aditya Birla Sun Life Equity Hybrid'95 Fund - Direct Plan-Growth,2021-07-12,2026-07-10,1231,4.993839835728953,Unknown,Unknown,0,0,False,False
120520,Invesco India Gilt Fund - Direct  Plan - Growth,2021-07-12,2026-07-10,1209,4.993839835728953,Unknown,Unknown,0,0,False,False
120524,Axis Multi Asset Allocation Fund - Direct Plan - Growth Option,2021-07-12,2026-07-10,1237,4.993839835728953,Unknown,Unknown,0,0,False,False
120531,Invesco India Gold ETF Fund of Fund - Direct Plan - Growth,2021-07-12,2026-07-10,1230,4.993839835728953,Unknown,Unknown,0,0,False,False
120537,Invesco India Liquid Fund - Direct Plan - Growth,2021-07-12,2026-07-12,1505,4.999315537303217,Unknown,Unknown,0,0,False,False
120539,Aditya Birla Sun Life Digital India Fund - Growth - Direct Plan,2021-07-12,2026-07-10,1229,4.993839835728953,Unknown,Unknown,0,0,False,False
120541,Invesco India Ultra Short Duration Fund - Direct Plan - Growth,2021-07-12,2026-07-10,1209,4.993839835728953,Unknown,Unknown,0,0,False,False
120546,Aditya Birla Sun Life Gold Fund - Growth - Direct Plan,2021-07-12,2026-07-10,1220,4.993839835728953,Unknown,Unknown,0,0,False,False
120560,Invesco India Short Duration Fund - Direct Plan - Growth,2021-07-12,2026-07-10,1209,4.993839835728953,Unknown,Unknown,0,0,False,False
120564,Aditya Birla Sun Life Flexi Cap Fund - Growth - Direct Plan,2021-07-12,2026-07-10,1230,4.993839835728953,Unknown,Unknown,0,0,False,False
120570,Invesco India Low Duration Fund - Direct Plan - Growth,2021-07-12,2026-07-10,1209,4.993839835728953,Unknown,Unknown,0,0,False,False
120575,SBI CONSUMPTION OPPORTUNITIES FUND - DIRECT PLAN - GROWTH,2021-07-12,2026-07-10,1239,4.993839835728953,Unknown,Unknown,0,0,False,False
120578,SBI TECHNOLOGY OPPORTUNITIES FUND - DIRECT PLAN - GROWTH,2021-07-12,2026-07-10,1237,4.993839835728953,Unknown,Unknown,0,0,False,False
120586,ICICI Prudential Large Cap Fund (erstwhile Bluechip Fund) - Direct Plan - Growth,2021-07-12,2026-07-10,1230,4.993839835728953,Unknown,Unknown,0,0,False,False
120587,ICICI Prudential FMCG Fund - Direct Plan -  Growth,2021-07-12,2026-07-10,1229,4.993839835728953,Unknown,Unknown,0,0,False,False
120590,ICICI Prudential Gilt Fund - Direct Plan - Growth,2021-07-12,2026-07-10,1209,4.993839835728953,Unknown,Unknown,0,0,False,False
120591,ICICI Prudential Smallcap Fund - Direct Plan - Growth,2021-07-12,2026-07-10,1230,4.993839835728953,Unknown,Unknown,0,0,False,False
120592,ICICI Prudential ELSS Tax Saver Fund - Direct Plan - Growth,2021-07-12,2026-07-10,1230,4.993839835728953,Unknown,Unknown,0,0,False,False
120594,ICICI Prudential Technology Fund - Direct Plan -  Growth,2021-07-12,2026-07-10,1229,4.993839835728953,Unknown,Unknown,0,0,False,False
120596,ICICI Prudential Large & Mid Cap Fund - Direct Plan - Growth,2021-07-12,2026-07-10,1230,4.993839835728953,Unknown,Unknown,0,0,False,False
120599,ICICI Prudential Multicap Fund - Direct Plan -  Growth,2021-07-12,2026-07-10,1230,4.993839835728953,Unknown,Unknown,0,0,False,False
120603,ICICI Prudential All Seasons Bond Fund - Direct Plan - Growth,2021-07-12,2026-07-10,1209,4.993839835728953,Unknown,Unknown,0,0,False,False
120616,ICICI Prudential Regular Savings Fund - Direct Plan - Growth,2021-07-12,2026-07-10,1209,4.993839835728953,Unknown,Unknown,0,0,False,False
120619,ICICI Prudential Bond Fund - Direct Plan - Growth,2021-07-12,2026-07-10,1209,4.993839835728953,Unknown,Unknown,0,0,False,False
120621,ICICI Prudential Infrastructure Fund - Direct Plan -  Growth,2021-07-12,2026-07-10,1230,4.993839835728953,Unknown,Unknown,0,0,False,False
120656,UTI Large Cap Fund - Direct Plan - Growth Option,2021-07-12,2026-07-10,1230,4.993839835728953,Unknown,Unknown,0,0,False,False
120662,UTI - Flexi Cap Fund-Growth Option - Direct,2021-07-12,2026-07-10,1230,4.993839835728953,Unknown,Unknown,0,0,False,False
120665,UTI Large & Mid Cap Fund - Direct Plan - Growth Option,2021-07-12,2026-07-10,1230,4.993839835728953,Unknown,Unknown,0,0,False,False
120670,ICICI Prudential Medium Term Bond Fund - Direct Plan - Growth,2021-07-12,2026-07-10,1209,4.993839835728953,Unknown,Unknown,0,0,False,False
120674,UTI Aggressive Hybrid Fund -Direct Plan - Growth,2021-07-12,2026-07-10,1230,4.993839835728953,Unknown,Unknown,0,0,False,False
120676,ICICI Prudential Ultra Short Term Fund - Direct Plan -  Growth,2021-07-12,2026-07-10,1209,4.993839835728953,Unknown,Unknown,0,0,False,False
120679,ICICI Prudential Dynamic Asset Allocation Active FOF - Direct Plan - Growth,2021-07-12,2026-07-10,1208,4.993839835728953,Unknown,Unknown,0,0,False,False
120682,UTI - MNC Fund - Growth Option - Direct,2021-07-12,2026-07-10,1230,4.993839835728953,Unknown,Unknown,0,0,False,False
120684,ICICI Prudential Nifty Next 50 Index Fund - Direct Plan -  Growth,2021-07-12,2026-07-10,1230,4.993839835728953,Unknown,Unknown,0,0,False,False
120685,ICICI Prudential Gold ETF FOF - Direct Plan - Growth,2021-07-12,2026-07-10,1212,4.993839835728953,Unknown,Unknown,0,0,False,False
120688,ICICI Prudential Exports & Services Fund - Direct Plan - Growth,2021-07-12,2026-07-10,1229,4.993839835728953,Unknown,Unknown,0,0,False,False
120689,UTI Medium to Long Duration Fund-Growth - Direct,2021-07-12,2026-07-10,1209,4.993839835728953,Unknown,Unknown,0,0,False,False
120692,ICICI Prudential Corporate Bond Fund - Direct Plan - Growth,2021-07-12,2026-07-10,1209,4.993839835728953,Unknown,Unknown,0,0,False,False
120700,ICICI Prudential Aggressive Hybrid Active FOF - Direct Plan - Growth,2021-07-12,2026-07-10,1215,4.993839835728953,Unknown,Unknown,0,0,False,False
120702,ICICI Prudential Diversified Debt Strategy Active FOF  - Direct Plan - Growth,2021-07-12,2026-07-10,1208,4.993839835728953,Unknown,Unknown,0,0,False,False
120705,Aditya Birla Sun Life Regular Savings Fund - Growth / Payment - Direct Plan,2021-07-12,2026-07-10,1210,4.993839835728953,Unknown,Unknown,0,0,False,False
120711,ICICI Prudential Credit Risk Fund - Direct Plan - Growth,2021-07-12,2026-07-10,1209,4.993839835728953,Unknown,Unknown,0,0,False,False
120715,UTI ELSS Tax Saver Fund - Direct Plan - Growth Option,2021-07-12,2026-07-10,1230,4.993839835728953,Unknown,Unknown,0,0,False,False
120716,UTI Nifty 50 Index Fund - Growth Option- Direct,2021-07-12,2026-07-10,1230,4.993839835728953,Unknown,Unknown,0,0,False,False
120718,UTI Short Duration Fund - Direct Plan - Growth Option,2021-07-12,2026-07-10,1209,4.993839835728953,Unknown,Unknown,0,0,False,False
120722,ICICI Prudential Focused Equity Fund - Direct Plan - Growth,2021-07-12,2026-07-10,1230,4.993839835728953,Unknown,Unknown,0,0,False,False
120724,UTI Children's Equity Fund - Direct Plan - Growth Option,2021-07-12,2026-07-10,1230,4.993839835728953,Unknown,Unknown,0,0,False,False
120726,UTI Mid Cap Fund-Growth Option- Direct,2021-07-12,2026-07-10,1230,4.993839835728953,Unknown,Unknown,0,0,False,False
120728,UTI Infrastructure Fund-Growth Option- Direct,2021-07-12,2026-07-10,1230,4.993839835728953,Unknown,Unknown,0,0,False,False
120731,UTI-Transportation and Logistics  Fund-Growth Option- Direct,2021-07-12,2026-07-10,1230,4.993839835728953,Unknown,Unknown,0,0,False,False
120733,UTI Banking and Financial Services Fund - Direct Plan - Growth Option,2021-07-12,2026-07-10,1230,4.993839835728953,Unknown,Unknown,0,0,False,False
120735,UTI Low Duration Fund - Direct Plan - Growth Option,2021-07-12,2026-07-10,1209,4.993839835728953,Unknown,Unknown,0,0,False,False
120743,ICICI Prudential Long Term Bond Fund - Direct Plan - Growth,2021-07-12,2026-07-10,1209,4.993839835728953,Unknown,Unknown,0,0,False,False
120746,UTI Ultra Short Duration Fund - Direct Plan - Growth Option,2021-07-12,2026-07-10,1209,4.993839835728953,Unknown,Unknown,0,0,False,False
120751,UTI Value Fund - Direct Plan - Growth Option,2021-07-12,2026-07-10,1230,4.993839835728953,Unknown,Unknown,0,0,False,False
120754,ICICI Prudential Short Term Fund - Direct Plan - Growth Option,2021-07-12,2026-07-10,1209,4.993839835728953,Unknown,Unknown,0,0,False,False
120760,UTI Multi Asset Allocation Fund - Direct Plan - Growth Option,2021-07-12,2026-07-10,1230,4.993839835728953,Unknown,Unknown,0,0,False,False
120762,UTI Dynamic Bond Fund - Direct Plan - Growth Option,2021-07-12,2026-07-10,1209,4.993839835728953,Unknown,Unknown,0,0,False,False
120764,UTI Credit Risk Fund - Direct Plan - Growth Option,2021-07-12,2026-07-10,1209,4.993839835728953,Unknown,Unknown,0,0,False,False
120779,UTI Conservative Hybrid Fund - Direct Plan - Growth Option,2021-07-12,2026-07-10,1209,4.993839835728953,Unknown,Unknown,0,0,False,False
120780,UTI India Consumer Fund - Direct Plan - Growth Option,2021-07-12,2026-07-10,1230,4.993839835728953,Unknown,Unknown,0,0,False,False
120782,UTI Healthcare Fund - Direct Plan - Growth Option,2021-07-12,2026-07-10,1230,4.993839835728953,Unknown,Unknown,0,0,False,False
120785,UTI - Overnight Fund - Direct Plan - Growth Option,2021-07-12,2026-07-12,1581,4.999315537303217,Unknown,Unknown,0,0,False,False
120792,UTI - GILT FUND - Direct Plan - Growth Option,2021-07-12,2026-07-10,1209,4.993839835728953,Unknown,Unknown,0,0,False,False
120795,UTI Arbitrage Fund - Direct Plan - Growth Option,2021-07-12,2026-07-10,1230,4.993839835728953,Unknown,Unknown,0,0,False,False
120819,quant Aggressive Hybrid Fund-Growth Option-Direct Plan,2021-07-12,2026-07-10,1230,4.993839835728953,Unknown,Unknown,0,0,False,False
120821,quant Multi Asset Allocation Fund-GROWTH OPTION-Direct Plan,2021-07-12,2026-07-10,1230,4.993839835728953,Unknown,Unknown,0,0,False,False
120823,quant Multi Cap Fund-GROWTH OPTION-Direct Plan,2021-07-12,2026-07-10,1230,4.993839835728953,Unknown,Unknown,0,0,False,False
120824,quant Large & Mid Cap Fund - Bonus Option-Direct Plan,2021-07-12,2026-03-20,1156,4.687200547570157,Unknown,Unknown,0,0,False,False
120826,quant Large & Mid Cap Fund - Growth Option-Direct Plan,2021-07-12,2026-07-10,1230,4.993839835728953,Unknown,Unknown,0,0,False,False
120828,quant Small Cap Fund - Growth Option - Direct Plan,2021-07-12,2026-07-10,1230,4.993839835728953,Unknown,Unknown,0,0,False,False
120833,quant Infrastructure Fund - Growth Option-Direct Plan,2021-07-12,2026-07-10,1230,4.993839835728953,Unknown,Unknown,0,0,False,False
120834,quant Focused Fund - Growth Option-Direct Plan,2021-07-12,2026-07-10,1230,4.993839835728953,Unknown,Unknown,0,0,False,False
120837,quant Liquid Fund - Growth Option - Direct Plan,2021-07-12,2026-07-12,1417,4.999315537303217,Unknown,Unknown,0,0,False,False
120841,quant Mid Cap Fund - Growth Option - Direct Plan,2021-07-12,2026-07-10,1230,4.993839835728953,Unknown,Unknown,0,0,False,False
120843,quant Flexi Cap Fund - Growth Option-Direct Plan,2021-07-12,2026-07-10,1230,4.993839835728953,Unknown,Unknown,0,0,False,False
120846,quant ELSS Tax Saver Fund - IDCW Option - Direct Plan,2021-07-12,2026-07-10,1230,4.993839835728953,Unknown,Unknown,0,0,False,False
120847,quant ELSS Tax Saver Fund - Growth Option - Direct Plan,2021-07-12,2026-07-10,1230,4.993839835728953,Unknown,Unknown,0,0,False,False
120877,UTI F I I F Series II -Quarterly Interval Plan - VII - Direct Plan - Growth Option,2021-07-12,2022-05-11,201,0.8295687885010267,Unknown,Unknown,0,0,False,False
120903,UTI Fixed Income Interval Fund - Monthly Interval Plan II-Direct Plan - Growth Option,2021-07-12,2022-05-11,201,0.8295687885010267,Unknown,Unknown,0,0,False,False
120970,UTI - Fixed Income Interval Fund - Monthly Interval Plan  - Direct Plan - Growth Option,2021-07-12,2022-05-11,201,0.8295687885010267,Unknown,Unknown,0,0,False,False
121034,UTI F I I F Series II -Quarterly Interval Plan - IV -Direct Plan - Growth Option,2021-07-12,2022-05-11,201,0.8295687885010267,Unknown,Unknown,0,0,False,False
121182,UTI Quarterly Interval Fund - II - Direct Plan - Growth Option,2021-07-12,2025-03-25,898,3.701574264202601,Unknown,Unknown,0,0,False,False
121279,Bandhan Banking and PSU Fund - Direct Growth,2021-07-12,2026-07-10,1218,4.993839835728953,Unknown,Unknown,0,0,False,False
121413,UTI Fixed  Income Interval Fund ( Quarterly Interval Plan - III) - Direct Plan - Growth Option,2021-07-12,2022-05-11,201,0.8295687885010267,Unknown,Unknown,0,0,False,False
121722,UTI Quarterly Interval Fund - III -Direct Plan - Growth Option,2021-07-12,2025-03-25,898,3.701574264202601,Unknown,Unknown,0,0,False,False
122165,UTI Quarterly Interval Fund - I -Direct Plan - Growth Option,2021-07-12,2025-03-25,898,3.701574264202601,Unknown,Unknown,0,0,False,False
122389,Motilal Oswal Focused Fund - Direct Plan Growth Option,2021-07-12,2026-07-10,1230,4.993839835728953,Unknown,Unknown,0,0,False,False
122639,Parag Parikh Flexi Cap Fund - Direct Plan - Growth,2021-07-12,2026-07-10,1229,4.993839835728953,Unknown,Unknown,0,0,False,False
122642,UTI Fixed  Income Interval Fund ( Half Yearly Plan - I) - Direct Plan - Growth Option,2021-07-12,2022-05-11,201,0.8295687885010267,Unknown,Unknown,0,0,False,False
122646,Aditya Birla Sun Life Floating Rate Fund-Direct Plan-Growth,2021-07-12,2026-07-10,1210,4.993839835728953,Unknown,Unknown,0,0,False,False
122715,360 ONE Dynamic Bond Fund Direct Plan Growth,2021-07-12,2026-07-10,1209,4.993839835728953,Unknown,Unknown,0,0,False,False
123402,HDFC FMP 1846D August 2013 (1) - Growth Option - Direct Plan,2021-07-12,2022-09-29,297,1.215605749486653,Unknown,Unknown,0,0,False,False
123637,IDBI Equity Advantage Fund - Growth Direct,2021-07-12,2023-07-27,506,2.0396988364134154,Unknown,Unknown,0,0,False,False
123646,UTI Annual Interval Fund - I - Direct Plan - Growth Option,2021-07-12,2026-07-10,1209,4.993839835728953,Unknown,Unknown,0,0,False,False
123654,ICICI Prudential Global Stable Equity Fund (FOF) - Direct - Growth,2021-07-12,2026-07-10,1140,4.993839835728953,Unknown,Unknown,0,0,False,False
123693,Kotak Banking and PSU Debt Direct - Growth,2021-07-12,2026-07-10,1209,4.993839835728953,Unknown,Unknown,0,0,False,False
123704,Groww Short Term Fund (formerly known as Indiabulls Short Term Fund) - Direct Plan - Growth Option,2021-07-12,2026-07-10,1209,4.993839835728953,Unknown,Unknown,0,0,False,False
124175,DSP Banking & PSU Debt Fund - Direct Plan - Growth,2021-07-12,2026-07-10,1213,4.993839835728953,Unknown,Unknown,0,0,False,False
124234,Motilal Oswal Ultra Short Term Fund (MOFUSTF) -Direct Plan- Growth,2021-07-12,2026-07-10,1209,4.993839835728953,Unknown,Unknown,0,0,False,False
124596,UTI F I I F-Annual Interval Plan Series - II - Direct Plan - Growth Option,2021-07-12,2022-05-11,201,0.8295687885010267,Unknown,Unknown,0,0,False,False
125307,PGIM India Midcap Fund - Direct Plan - Growth Option,2021-07-12,2026-07-10,1230,4.993839835728953,Unknown,Unknown,0,0,False,False
125345,360 ONE LIQUID FUND DIRECT PLAN  GROWTH,2021-07-12,2026-07-12,1344,4.999315537303217,Unknown,Unknown,0,0,False,False
125354,Axis Small Cap Fund - Direct Plan - Growth,2021-07-12,2026-07-10,1238,4.993839835728953,Unknown,Unknown,0,0,False,False
125497,SBI Small Cap Fund - Direct Plan - Growth,2021-07-12,2026-07-10,1239,4.993839835728953,Unknown,Unknown,0,0,False,False
125503,SBI BANKING & PSU FUND - Direct Plan - Growth,2021-07-12,2026-07-10,1218,4.993839835728953,Unknown,Unknown,0,0,False,False
125597,Aditya Birla Sun Life Banking and Financial Services Fund - Direct Plan - Growth,2021-07-12,2026-07-10,1230,4.993839835728953,Unknown,Unknown,0,0,False,False
125711,Shriram Aggressive Hybrid Fund- Direct Growth,2021-07-12,2026-07-10,1230,4.993839835728953,Unknown,Unknown,0,0,False,False
125953,UTI Fixed Income Interval Fund ( Half Yearly Plan-II)- Direct Plan - Growth Option,2021-07-12,2022-05-11,201,0.8295687885010267,Unknown,Unknown,0,0,False,False
126031,UTI Fixed Interval Income Fund (Annual Interval Plan) Series IV - Direct Plan - Growth Option,2021-07-12,2022-05-11,201,0.8295687885010267,Unknown,Unknown,0,0,False,False
126279,SBI Tax Advantage Fund - Series III - Direct Plan - Growth Option,2021-07-12,2024-03-27,668,2.707734428473648,Unknown,Unknown,0,0,False,False
126353,Invesco India - Invesco Pan European Equity Fund of Fund - Direct Plan - Growth Option,2021-07-12,2026-07-10,1137,4.993839835728953,Unknown,Unknown,0,0,False,False
126393,DSP Dynamic Asset Allocation Fund - Direct Plan - Growth,2021-07-12,2026-07-10,1230,4.993839835728953,Unknown,Unknown,0,0,False,False
126685,CANARA ROBECO CORPORATE BOND FUND - DIRECT PLAN - GROWTH OPTION,2021-07-12,2026-07-10,1209,4.993839835728953,Unknown,Unknown,0,0,False,False
126940,UTI Banking & PSU Fund - Direct Plan - Growth Option,2021-07-12,2026-07-10,1209,4.993839835728953,Unknown,Unknown,0,0,False,False
127042,Motilal Oswal Midcap Fund-Direct Plan-Growth Option,2021-07-12,2026-07-10,1230,4.993839835728953,Unknown,Unknown,0,0,False,False
127181,IDBI Credit Risk Fund Growth Direct,2021-07-12,2023-07-27,498,2.0396988364134154,Unknown,Unknown,0,0,False,False
127305,BNP Paribas Medium Term Fund - Direct Plan - Growth Option,2021-07-12,2022-03-13,164,0.6680355920602327,Unknown,Unknown,0,0,False,False
127850,BANK OF INDIA BALANCED ADVANTAGE FUND DIRECT PLAN  GROWTH,2021-07-12,2026-07-10,1230,4.993839835728953,Unknown,Unknown,0,0,False,False
128006,Kotak Medium Term Fund - Direct Growth,2021-07-12,2026-07-10,1209,4.993839835728953,Unknown,Unknown,0,0,False,False
128051,HDFC Credit Risk Debt Fund - Growth Option - Direct Plan,2021-07-12,2026-07-10,1210,4.993839835728953,Unknown,Unknown,0,0,False,False
128236,IDBI FLEXI CAP FUND Growth Direct,2021-07-12,2023-07-27,506,2.0396988364134154,Unknown,Unknown,0,0,False,False
128544,HDFC FMP 3360D March 2014 (1) - Growth Option - Direct Plan,2021-07-12,2023-06-06,462,1.9000684462696784,Unknown,Unknown,0,0,False,False
128629,HDFC Banking and PSU Debt Fund - Growth Option - Direct Plan,2021-07-12,2026-07-10,1210,4.993839835728953,Unknown,Unknown,0,0,False,False
129008,Franklin India Banking & PSU Debt Fund - Direct - Growth,2021-07-12,2026-07-10,1209,4.993839835728953,Unknown,Unknown,0,0,False,False
129046,Motilal Oswal Flexi cap Fund Direct Plan-Growth Option,2021-07-12,2026-07-10,1230,4.993839835728953,Unknown,Unknown,0,0,False,False
129052,HDFC ARBITRAGE FUND -Direct Plan - Growth Option,2021-07-12,2026-07-10,1230,4.993839835728953,Unknown,Unknown,0,0,False,False
129188,Invesco India - Invesco Global Equity Income Fund of Fund - Direct Plan - Growth,2021-07-12,2026-07-10,1137,4.993839835728953,Unknown,Unknown,0,0,False,False
129193,HSBC Multi Asset Active FOF - Growth Direct,2021-07-12,2026-07-10,1213,4.993839835728953,Unknown,Unknown,0,0,False,False
129197,HSBC Income Plus Arbitrage Active FOF - Growth Direct,2021-07-12,2026-07-10,1207,4.993839835728953,Unknown,Unknown,0,0,False,False
129200,HSBC Aggressive Hybrid Active FOF - Growth Direct,2021-07-12,2026-07-10,1213,4.993839835728953,Unknown,Unknown,0,0,False,False
129212,Sundaram Infrastructure Advantage Fund Direct Plan - Growth,2021-07-12,2026-07-10,1229,4.993839835728953,Unknown,Unknown,0,0,False,False
129220,L&T Emerging Businesses Fund - Direct Plan - Growth,2021-07-12,2022-11-24,339,1.3689253935660506,Unknown,Unknown,0,0,False,False
129440,Franklin India Feeder - Templeton European Opportunities Fund - Direct - Growth,2021-07-12,2025-06-30,963,3.9671457905544147,Unknown,Unknown,0,0,False,False
129649,Union Small Cap Fund - Direct Plan - Growth Option,2021-07-12,2026-07-10,1229,4.993839835728953,Unknown,Unknown,0,0,False,False
130050,Nippon India Medium Duration Fund - Direct Plan - Growth Option,2021-07-12,2026-07-10,1209,4.993839835728953,Unknown,Unknown,0,0,False,False
130206,Edelweiss Arbitrage Fund- Direct Plan- Growth Option,2021-07-12,2026-07-10,1231,4.993839835728953,Unknown,Unknown,0,0,False,False
130314,Axis Credit Risk Fund - Direct Plan - Growth,2021-07-12,2026-07-10,1217,4.993839835728953,Unknown,Unknown,0,0,False,False
130450,L&T Arbitrage Opportunities Fund - Direct Plan - Growth,2021-07-12,2022-11-24,339,1.3689253935660506,Unknown,Unknown,0,0,False,False
130479,BNP PARIBAS LIQUID FUND -- DIRECT PLAN - GROWTH OPTION,2021-07-12,2022-03-13,199,0.6680355920602327,Unknown,Unknown,0,0,False,False
130493,DSP Income Plus Arbitrage Omni FoF - Direct Plan - Growth,2021-07-12,2026-07-10,1183,4.993839835728953,Unknown,Unknown,0,0,False,False
130498,HDFC Large and Mid Cap Fund - Growth Option - Direct Plan,2021-07-12,2026-07-10,1230,4.993839835728953,Unknown,Unknown,0,0,False,False
130503,HDFC Small Cap Fund - Growth Option - Direct Plan,2021-07-12,2026-07-10,1230,4.993839835728953,Unknown,Unknown,0,0,False,False
130543,HDFC Income Plus Arbitrage Active FOF - Growth Option - Direct Plan,2021-07-12,2026-07-10,1231,4.993839835728953,Unknown,Unknown,0,0,False,False
130722,Invesco India Credit Risk Fund - Direct Plan - Growth,2021-07-12,2026-07-10,1209,4.993839835728953,Unknown,Unknown,0,0,False,False
130773,Axis Arbitrage Fund - Direct Plan - Growth,2021-07-12,2026-07-10,1238,4.993839835728953,Unknown,Unknown,0,0,False,False
130825,L&T Business Cycles Fund - Direct Plan - Growth,2021-07-12,2022-11-24,339,1.3689253935660506,Unknown,Unknown,0,0,False,False
130860,Nippon India Japan Equity Fund- Direct Plan- Growth Plan- Growth Option,2021-07-12,2026-07-10,1151,4.993839835728953,Unknown,Unknown,0,0,False,False
130861,Nippon India Japan Equity Fund- Direct Plan- Growth Plan- Bonus Option,2021-07-12,2026-07-10,1151,4.993839835728953,Unknown,Unknown,0,0,False,False
131061,ICICI Prudential Constant Maturity Gilt Fund - Direct Plan - Growth,2021-07-12,2026-07-10,1209,4.993839835728953,Unknown,Unknown,0,0,False,False
131301,DSP 10Y G-Sec Fund - Direct Plan - Growth,2021-07-12,2026-07-10,1213,4.993839835728953,Unknown,Unknown,0,0,False,False
131355,BANDHAN Balanced Advantage Fund Direct Plan Growth,2021-07-12,2026-07-10,1239,4.993839835728953,Unknown,Unknown,0,0,False,False
131373,Kotak Equity Savings Fund - Direct - Growth,2021-07-12,2026-07-10,1230,4.993839835728953,Unknown,Unknown,0,0,False,False
131580,360 ONE Focused Fund-Direct Plan-Growth,2021-07-12,2026-07-10,1230,4.993839835728953,Unknown,Unknown,0,0,False,False
131670,Aditya Birla Sun Life Balanced Advantage Fund - Direct Plan - Growth Option,2021-07-12,2026-07-10,1231,4.993839835728953,Unknown,Unknown,0,0,False,False
131865,Aditya Birla Sun Life Multi Asset Omni FoF- Direct Plan - Growth Option,2021-07-12,2026-07-10,1208,4.993839835728953,Unknown,Unknown,0,0,False,False
131898,Aditya Birla Sun Life Income Plus Arbitrage Active FOF- Direct Plan - Growth Option,2021-07-12,2026-07-10,1208,4.993839835728953,Unknown,Unknown,0,0,False,False
132009,Aditya Birla Sun Life Global Excellence Equity Fund Of Fund - Retail Plan - Direct Plan - Growth Option,2021-07-12,2026-07-09,1177,4.991101984941821,Unknown,Unknown,0,0,False,False
132140,Aditya Birla Sun Life Global Emerging Opportunities Fund - Direct plan - Growth Option,2021-07-12,2026-07-09,1177,4.991101984941821,Unknown,Unknown,0,0,False,False
132183,Aditya Birla Sun Life Conservative Hybrid Active FOF- Direct Plan - Growth Option,2021-07-12,2026-07-10,1208,4.993839835728953,Unknown,Unknown,0,0,False,False
132185,Aditya Birla Sun Life Aggressive Hybrid Omni FOF- Direct Plan - Growth Option,2021-07-12,2026-07-10,1208,4.993839835728953,Unknown,Unknown,0,0,False,False
132186,Aditya Birla Sun Life Dynamic Asset Allocation Omni FOF- Direct Plan - Growth Option,2021-07-12,2026-07-10,1208,4.993839835728953,Unknown,Unknown,0,0,False,False
132756,Tata ELSS Fund-Growth-Direct Plan,2021-07-12,2026-07-10,1230,4.993839835728953,Unknown,Unknown,0,0,False,False
132933,SBI LONG TERM ADVANTAGE FUND - SERIES I - DIRECT PLAN - GROWTH,2021-07-12,2025-02-03,882,3.564681724845996,Unknown,Unknown,0,0,False,False
132989,Franklin India Income Plus Arbitrage Active Fund of Funds- Growth Plan - Direct,2021-07-12,2026-07-10,1208,4.993839835728953,Unknown,Unknown,0,0,False,False
132995,Aditya Birla Sun Life Equity Savings Fund - Direct Plan - Growth,2021-07-12,2026-07-10,1230,4.993839835728953,Unknown,Unknown,0,0,False,False
133035,Kotak Aggressive Hybrid Fund - Direct Plan -Growth,2021-07-12,2026-07-10,1230,4.993839835728953,Unknown,Unknown,0,0,False,False
133181,Groww Arbitrage Fund (formerly known as Indiabulls Arbitrage Fund) - Direct Plan - Growth Option,2021-07-12,2023-10-27,567,2.291581108829569,Unknown,Unknown,0,0,False,False
133265,Nippon India Gilt  Fund- Direct Plan- Growth Plan- Bonus Option,2021-07-12,2026-07-10,1209,4.993839835728953,Unknown,Unknown,0,0,False,False
133324,Sundaram Long Term Tax Advantage Fund Series I Direct Plan - Growth,2021-07-12,2025-03-26,914,3.704312114989733,Unknown,Unknown,0,0,False,False
133364,SBI LONG TERM ADVANTAGE FUND - SERIES II - DIRECT PLAN - GROWTH,2021-07-12,2025-03-24,915,3.698836413415469,Unknown,Unknown,0,0,False,False
133386,Motilal Oswal ELSS Tax Saver Fund - Direct Plan - Growth Option,2021-07-12,2026-07-10,1230,4.993839835728953,Unknown,Unknown,0,0,False,False
133488,Baroda BNP Paribas Credit Risk Fund -Direct-Growth Option,2021-07-12,2026-07-10,1210,4.993839835728953,Unknown,Unknown,0,0,False,False
133516,Aditya Birla Sun Life Manufacturing Equity Fund - Direct Plan - Growth,2021-07-12,2026-07-10,1230,4.993839835728953,Unknown,Unknown,0,0,False,False
133568,Nippon India Retirement Fund- Wealth Creation Scheme- Direct Plan- Growth Plan - Growth Option,2021-07-12,2026-07-10,1230,4.993839835728953,Unknown,Unknown,0,0,False,False
133569,Nippon India Retirement Fund- Income Generation Scheme- Direct Plan- Growth Plan - Growth Option,2021-07-12,2026-07-10,1209,4.993839835728953,Unknown,Unknown,0,0,False,False
133604,L&T Resurgent India  Bond Fund - Direct Plan - Growth,2021-07-12,2022-11-24,333,1.3689253935660506,Unknown,Unknown,0,0,False,False
133629,Nippon India Retirement Fund- Income Generation Scheme- Direct Plan-Growth Plan- Bonus Option,2021-07-12,2026-07-10,1209,4.993839835728953,Unknown,Unknown,0,0,False,False
133630,Nippon India Retirement Fund- Wealth Creation Scheme- Direct Plan-Growth Plan- Bonus Option,2021-07-12,2026-07-10,1230,4.993839835728953,Unknown,Unknown,0,0,False,False
133710,LIC MF Large & Mid Cap Fund-Direct Plan-Growth,2021-07-12,2026-07-10,1230,4.993839835728953,Unknown,Unknown,0,0,False,False
133791,Kotak Corporate Bond Fund- Direct Plan- Growth Option,2021-07-12,2026-07-10,1209,4.993839835728953,Unknown,Unknown,0,0,False,False
133801,Kotak Infrastructure & Economic Reform Fund- Direct Plan- Growth Option,2021-07-12,2026-07-10,1230,4.993839835728953,Unknown,Unknown,0,0,False,False
133810,Kotak Low Duration Fund- Direct Plan- Growth Option,2021-07-12,2026-07-10,1209,4.993839835728953,Unknown,Unknown,0,0,False,False
133839,PGIM India Flexi Cap Fund - Direct Plan - Growth Option,2021-07-12,2026-07-10,1230,4.993839835728953,Unknown,Unknown,0,0,False,False
133859,SBI BANKING & FINANCIAL SERVICES FUND - DIRECT PLAN - GROWTH,2021-07-12,2026-07-10,1239,4.993839835728953,Unknown,Unknown,0,0,False,False
133925,DSP Low Duration Fund - Direct Plan - Growth,2021-07-12,2026-07-10,1213,4.993839835728953,Unknown,Unknown,0,0,False,False
134017,LIC MF Banking and Financial Services Fund-Direct Plan-Growth,2021-07-12,2026-07-10,1230,4.993839835728953,Unknown,Unknown,0,0,False,False
134045,Baroda ELSS 96 Plan B(Direct) -Growth Option,2021-07-12,2022-03-13,167,0.6680355920602327,Unknown,Unknown,0,0,False,False
134387,Aditya Birla Sun Life Credit Risk Fund - Direct Plan - Growth,2021-07-12,2026-07-10,1210,4.993839835728953,Unknown,Unknown,0,0,False,False
134494,Quantum Dynamic Term Fund - Direct Plan Growth Option,2021-07-12,2026-07-10,1209,4.993839835728953,Unknown,Unknown,0,0,False,False
134503,UTI Medium Duration Fund - Direct Plan - Growth Option,2021-07-12,2026-07-10,1209,4.993839835728953,Unknown,Unknown,0,0,False,False
134547,Nippon India Banking and PSU  Fund- Direct Plan-Growth Plan- Growth Option,2021-07-12,2026-07-10,1209,4.993839835728953,Unknown,Unknown,0,0,False,False
134552,Nippon India Banking and PSU Fund- Direct Plan-Growth Plan- Bonus Option,2021-07-12,2026-07-10,1209,4.993839835728953,Unknown,Unknown,0,0,False,False
134594,Nippon India Equity Savings Fund- Direct Plan- Growth Plan-Growth Option,2021-07-12,2026-07-10,1230,4.993839835728953,Unknown,Unknown,0,0,False,False
134595,Nippon India Equity Savings Fund- Direct Plan- Growth Plan- Bonus Option,2021-07-12,2026-07-10,1230,4.993839835728953,Unknown,Unknown,0,0,False,False
134643,SBI Equity Savings Fund - Direct Plan - Growth,2021-07-12,2026-07-10,1239,4.993839835728953,Unknown,Unknown,0,0,False,False
134813,Mirae Asset Aggressive Hybrid Fund - Direct Plan - Growth,2021-07-12,2026-07-10,1230,4.993839835728953,Unknown,Unknown,0,0,False,False
134923,Nippon India US Equity Opportunities Fund- Direct Plan- Growth Plan- Growth Option,2021-07-12,2026-07-10,1187,4.993839835728953,Unknown,Unknown,0,0,False,False
135120,Axis Equity Savings Fund - Direct Plan - Growth,2021-07-12,2026-07-10,1238,4.993839835728953,Unknown,Unknown,0,0,False,False
135341,Groww Value Fund (formerly known as Indiabulls Value Fund) - Direct Plan - Growth Option,2021-07-12,2026-07-10,1230,4.993839835728953,Unknown,Unknown,0,0,False,False
135506,SBI EQUITY OPPORTUNITIES FUND - SERIES IV - DIRECT PLAN - GROWTH,2021-07-12,2021-10-25,92,0.2874743326488706,Unknown,Unknown,0,0,False,False
135601,PGIM India ELSS Tax Saver Fund - Direct Plan - Growth Option,2021-07-12,2026-07-10,1230,4.993839835728953,Unknown,Unknown,0,0,False,False
135654,Navi ELSS Tax Saver Fund- Direct Plan- Growth Option,2021-07-12,2026-04-10,1170,4.744695414099931,Unknown,Unknown,0,0,False,False
135677,Navi Large & Midcap Fund- Direct Plan- Growth Option,2021-07-12,2026-07-10,1231,4.993839835728953,Unknown,Unknown,0,0,False,False
135682,Sundaram Long Term Tax Advantage Fund Series II Direct Plan - Growth,2021-07-12,2026-03-23,1157,4.695414099931554,Unknown,Unknown,0,0,False,False
135689,Indiabulls Savings Income Fund-Direct Plan-Growth Option,2021-07-12,2021-09-13,42,0.17248459958932238,Unknown,Unknown,0,0,False,False
135762,Axis Children's Fund - Lock in - Direct Growth,2021-07-12,2026-07-10,1238,4.993839835728953,Unknown,Unknown,0,0,False,False
135764,Axis Children's Fund - No Lock in - Direct Growth,2021-07-12,2026-07-10,1238,4.993839835728953,Unknown,Unknown,0,0,False,False
135781,Mirae Asset ELSS Tax Saver Fund - Direct Plan - Growth,2021-07-12,2026-07-10,1230,4.993839835728953,Unknown,Unknown,0,0,False,False
135793,Tata Banking And Financial Services Fund-Direct Plan-Growth,2021-07-12,2026-07-10,1230,4.993839835728953,Unknown,Unknown,0,0,False,False
135800,Tata Digital India Fund-Direct Plan-Growth,2021-07-12,2026-07-10,1229,4.993839835728953,Unknown,Unknown,0,0,False,False
135805,Tata India Consumer Fund-Direct Plan-Growth,2021-07-12,2026-07-10,1230,4.993839835728953,Unknown,Unknown,0,0,False,False
135810,Tata India Pharma & Healthcare Fund-Direct Plan-Growth,2021-07-12,2026-07-10,1230,4.993839835728953,Unknown,Unknown,0,0,False,False
135813,Tata Resources & Energy Fund-Direct Plan-Growth,2021-07-12,2026-07-10,1230,4.993839835728953,Unknown,Unknown,0,0,False,False
135916,BANDHAN Corporate Bond Fund - Direct Growth,2021-07-12,2026-07-10,1218,4.993839835728953,Unknown,Unknown,0,0,False,False
135962,UTI Long Term Advantage Fund Series III - Direct Plan - Growth Option,2021-07-12,2021-09-24,52,0.2026009582477755,Unknown,Unknown,0,0,False,False
136007,SBI Long Term Advantage Fund - Series III - Direct Plan - Growth,2021-07-12,2026-03-30,1169,4.714579055441479,Unknown,Unknown,0,0,False,False
136094,HDFC Retirement Savings Fund - Equity Plan - Growth Option - Direct Plan,2021-07-12,2026-07-10,1230,4.993839835728953,Unknown,Unknown,0,0,False,False
136124,UTI - Dual Advantage Fixed Term Series II-V (1997 Days) - Direct Plan - Growth Option,2021-07-12,2021-07-23,9,0.030116358658453114,Unknown,Unknown,0,0,False,False
136419,UTI - Dual Advantage Fixed Term Series III-I (1998 Days) - Direct Plan - Growth Option,2021-07-12,2021-08-23,29,0.11498973305954825,Unknown,Unknown,0,0,False,False
136464,HDFC Retirement Savings Fund - Hybrid-Equity Plan - Growth Option - Direct Plan,2021-07-12,2026-07-10,1230,4.993839835728953,Unknown,Unknown,0,0,False,False
136465,HDFC Retirement Savings Fund - Hybrid-Debt Plan - Growth Option - Direct Plan,2021-07-12,2026-07-10,1210,4.993839835728953,Unknown,Unknown,0,0,False,False
136567,DSP Equity Savings Fund - Direct Plan - Growth,2021-07-12,2026-07-10,1230,4.993839835728953,Unknown,Unknown,0,0,False,False
138270,PGIM India Short Duration Fund - Direct Plan - Growth,2021-07-12,2023-09-29,540,2.21492128678987,Unknown,Unknown,0,0,False,False
138299,PGIM India Liquid Fund - Direct Plan - Growth,2021-07-12,2026-07-12,1651,4.999315537303217,Unknown,Unknown,0,0,False,False
138312,PGIM India Large Cap Fund - Direct Plan - Growth,2021-07-12,2026-07-10,1230,4.993839835728953,Unknown,Unknown,0,0,False,False
138330,PGIM India Corporate Bond Fund - Direct Plan - Growth,2021-07-12,2026-07-10,1209,4.993839835728953,Unknown,Unknown,0,0,False,False
138358,PGIM India Ultra Short Duration Fund - Direct Plan - Growth,2021-07-12,2026-07-10,1209,4.993839835728953,Unknown,Unknown,0,0,False,False
138376,PGIM India Equity Savings Fund - Direct Plan - Growth,2021-07-12,2026-07-10,1230,4.993839835728953,Unknown,Unknown,0,0,False,False
138386,PGIM India Aggressive Hybrid Equity Fund - Direct Plan - Growth,2021-07-12,2026-07-10,1229,4.993839835728953,Unknown,Unknown,0,0,False,False
138443,PGIM India Low Duration Fund - Direct Plan - Growth,2021-07-12,2023-09-29,540,2.21492128678987,Unknown,Unknown,0,0,False,False
138456,PGIM India Emerging Markets Equity Fund of Fund - Direct Plan - Growth,2021-07-12,2026-07-10,1187,4.993839835728953,Unknown,Unknown,0,0,False,False
138472,PGIM India Gilt Fund - Direct Plan - Growth,2021-07-12,2026-07-10,1209,4.993839835728953,Unknown,Unknown,0,0,False,False
138528,PGIM India Global Equity Opportunities Fund of Fund- Direct Plan - Growth,2021-07-12,2026-07-10,1187,4.993839835728953,Unknown,Unknown,0,0,False,False
138564,PGIM India Banking and PSU Debt fund- Direct Plan-Growth,2021-07-12,2023-09-29,540,2.21492128678987,Unknown,Unknown,0,0,False,False
138875,PGIM India Arbitrage Fund - Direct Plan - Growth,2021-07-12,2026-07-10,1230,4.993839835728953,Unknown,Unknown,0,0,False,False
138898,PGIM India Credit Risk Fund - Direct Plan - Growth,2021-07-12,2022-01-21,131,0.5284052019164955,Unknown,Unknown,0,0,False,False
139221,Principal Arbitrage Fund - Direct Plan - Growth,2021-07-12,2021-12-30,116,0.4681724845995893,Unknown,Unknown,0,0,False,False
139257,JM Liquid Fund Unclaimed Redemption (Direct) Growth Plan,2021-07-12,2022-01-24,161,0.5366187542778919,Unknown,Unknown,0,0,False,False
139259,JM Liquid Fund Unclaimed Redemption IEF (Direct) Growth Plan,2021-07-12,2022-01-24,161,0.5366187542778919,Unknown,Unknown,0,0,False,False
139527,BANK OF INDIA MID & SMALL CAP EQUITY & DEBT FUND - DIRECT PLAN GROWTH,2021-07-12,2026-07-10,1230,4.993839835728953,Unknown,Unknown,0,0,False,False
139538,Mahindra Manulife Liquid Fund - Direct Plan -Growth,2021-07-12,2026-07-12,1357,4.999315537303217,Unknown,Unknown,0,0,False,False
139711,Sundaram Long Term Micro Cap Tax Advantage Fund Series III Direct Plan - Growth,2021-07-12,2026-07-10,1230,4.993839835728953,Unknown,Unknown,0,0,False,False
139781,Mahindra Manulife ELSS Tax Saver Fund - Direct Plan -Growth,2021-07-12,2026-07-10,1230,4.993839835728953,Unknown,Unknown,0,0,False,False
139859,UTI Capital Protection Oriented Scheme Series VIII -II  (1831 Days) - Direct Plan - Growth Option,2021-07-12,2021-09-28,54,0.2135523613963039,Unknown,Unknown,0,0,False,False
139872,Motilal Oswal Balanced Advantage Fund  (MOFDYNAMIC) - Direct Plan - Growth Option,2021-07-12,2026-07-10,1230,4.993839835728953,Unknown,Unknown,0,0,False,False
139971,IDBI Hybrid Equity Fund Growth Direct,2021-07-12,2023-07-27,506,2.0396988364134154,Unknown,Unknown,0,0,False,False
139990,Sundaram Long Term Micro Cap Tax Advantage Fund Series IV Direct Plan - Growth,2021-07-12,2026-07-10,1230,4.993839835728953,Unknown,Unknown,0,0,False,False
140046,UTI Long Term Advantage Fund Series IV - Direct Plan - Growth Option,2021-07-12,2021-09-24,52,0.2026009582477755,Unknown,Unknown,0,0,False,False
140068,UTI Capital Protection Oriented Scheme Series VIII-IV (1996 Days) - Direct Plan - Growth Option,2021-07-12,2022-04-28,197,0.7939767282683093,Unknown,Unknown,0,0,False,False
140175,Edelweiss Large & Mid Cap Fund - Direct Plan - Growth Option,2021-07-12,2026-07-10,1231,4.993839835728953,Unknown,Unknown,0,0,False,False
140196,Edelweiss Liquid Fund - Direct Plan - Growth Option,2021-07-12,2026-07-12,1622,4.999315537303217,Unknown,Unknown,0,0,False,False
140228,Edelweiss Mid Cap Fund - Direct Plan - Growth Option,2021-07-12,2026-07-10,1231,4.993839835728953,Unknown,Unknown,0,0,False,False
140237,Edelweiss Money Market Fund - Direct Plan - Growth Option,2021-07-12,2026-07-10,1210,4.993839835728953,Unknown,Unknown,0,0,False,False
140243,Edelweiss Greater China Equity Off-shore Fund - Direct Plan - Growth Option,2021-07-12,2026-07-09,1144,4.991101984941821,Unknown,Unknown,0,0,False,False
140256,Edelweiss ASEAN Equity Off-shore Fund - Direct Plan - Growth Option,2021-07-12,2026-07-10,1190,4.993839835728953,Unknown,Unknown,0,0,False,False
140274,Edelweiss US Value Equity Offshore Fund - Direct Plan - Growth Option,2021-07-12,2026-07-10,1174,4.993839835728953,Unknown,Unknown,0,0,False,False
140286,Edelweiss Banking and PSU Debt Fund - Direct Plan - Growth Option,2021-07-12,2026-07-10,1210,4.993839835728953,Unknown,Unknown,0,0,False,False
140296,Edelweiss Europe Dynamic Equity Offshore Fund - Growth Option - Direct Plan,2021-07-12,2026-07-10,1209,4.993839835728953,Unknown,Unknown,0,0,False,False
140298,Edelweiss Government Securities Fund - Direct Plan - Growth Option,2021-07-12,2026-07-10,1210,4.993839835728953,Unknown,Unknown,0,0,False,False
140327,Edelweiss Emerging Markets Opportunities Equity Offshore Fund - Direct Plan - Growth Option,2021-07-12,2026-07-10,1184,4.993839835728953,Unknown,Unknown,0,0,False,False
140347,Edelweiss Equity Savings Fund - Direct Plan - Growth Option,2021-07-12,2026-07-10,1231,4.993839835728953,Unknown,Unknown,0,0,False,False
140353,Edelweiss Flexi Cap Fund - Direct Plan - Growth Option,2021-07-12,2026-07-10,1231,4.993839835728953,Unknown,Unknown,0,0,False,False
140382,Bandhan Aggressive Hybrid Fund-Direct Plan Growth,2021-07-12,2026-07-10,1239,4.993839835728953,Unknown,Unknown,0,0,False,False
140386,BNP PARIBAS ARBITRAGE FUND-DIRECT PLAN-GROWTH OPTION,2021-07-12,2022-03-13,167,0.6680355920602327,Unknown,Unknown,0,0,False,False
140444,Mahindra Manulife Equity Savings Fund - Direct Plan -Growth,2021-07-12,2026-07-10,1230,4.993839835728953,Unknown,Unknown,0,0,False,False
140453,Sundaram Smart Nifty 100 Equal Weight Fund Direct Plan - Growth,2021-07-12,2021-12-31,117,0.47091033538672145,Unknown,Unknown,0,0,False,False
140454,UTI Long Term Advantage Fund Series V - Direct Plan - Growth Option,2021-07-12,2021-09-24,52,0.2026009582477755,Unknown,Unknown,0,0,False,False
140461,IDBI Midcap Fund Growth Direct,2021-07-12,2023-07-27,506,2.0396988364134154,Unknown,Unknown,0,0,False,False
140487,SBI Long Term Advantage Fund - Series IV - Direct Plan - Growth,2021-07-12,2026-07-10,1239,4.993839835728953,Unknown,Unknown,0,0,False,False
140603,BANDHAN Credit Risk Fund-Direct Plan-Growth,2021-07-12,2026-07-10,1218,4.993839835728953,Unknown,Unknown,0,0,False,False
140613,Mahindra Manulife Low Duration Fund - Direct Plan -Growth,2021-07-12,2026-07-10,1209,4.993839835728953,Unknown,Unknown,0,0,False,False
140655,UTI - Dual Advantage Fixed Term Series IV-IV (1997 Days) - Direct Plan - Growth Option,2021-07-12,2022-08-18,274,1.1006160164271048,Unknown,Unknown,0,0,False,False
140660,Sundaram Value Fund Series VII Direct Plan - Growth,2021-07-12,2021-12-07,100,0.405201916495551,Unknown,Unknown,0,0,False,False
140769,Mirae Asset Dynamic Bond Fund -Direct Plan -Growth,2021-07-12,2026-07-10,1209,4.993839835728953,Unknown,Unknown,0,0,False,False
141006,BNP PARIBAS SUBSTANTIAL EQUITY HYBRID FUND- DIRECT PLAN - GROWTH OPTION,2021-07-12,2022-03-13,167,0.6680355920602327,Unknown,Unknown,0,0,False,False
141141,Sundaram Long Term Micro Cap Tax Advantage Fund Series V Direct Plan - Growth,2021-07-12,2026-07-10,1230,4.993839835728953,Unknown,Unknown,0,0,False,False
141145,Sundaram Select Micro Cap Series XIV Direct Plan - Growth,2021-07-12,2022-04-28,197,0.7939767282683093,Unknown,Unknown,0,0,False,False
141226,Mahindra Manulife Multi Cap Fund - Direct Plan -Growth,2021-07-12,2026-07-10,1230,4.993839835728953,Unknown,Unknown,0,0,False,False
141248,Union Largecap Fund - Direct Plan - Growth Option,2021-07-12,2026-07-10,1229,4.993839835728953,Unknown,Unknown,0,0,False,False
141369,Axis Equity Advantage Fund - Series 1 - Direct Plan - Growth Option,2021-07-12,2021-09-30,56,0.2190280629705681,Unknown,Unknown,0,0,False,False
141404,Sundaram Select Micro Cap Series XV Direct Plan - Growth,2021-07-12,2022-05-31,219,0.8843258042436687,Unknown,Unknown,0,0,False,False
141430,HDFC Equity Opp Fund - II - 1126D May 2017 (1) - Growth Option - Direct Plan,2021-07-12,2022-01-14,128,0.5092402464065708,Unknown,Unknown,0,0,False,False
141475,IDBI Small Cap Fund - Growth Direct,2021-07-12,2023-07-27,506,2.0396988364134154,Unknown,Unknown,0,0,False,False
141561,Sundaram Select Small Cap Series VI Direct Plan - Growth,2021-07-12,2021-07-19,6,0.019164955509924708,Unknown,Unknown,0,0,False,False
141564,Sundaram Long Term Micro Cap Tax Advantage Fund Series VI Direct Plan - Growth,2021-07-12,2026-07-10,1230,4.993839835728953,Unknown,Unknown,0,0,False,False
141580,HDFC Equity Opp Fund - II - 1100D June 2017 (1) - Growth Option - Direct Plan,2021-07-12,2022-01-20,132,0.5256673511293635,Unknown,Unknown,0,0,False,False
141588,Axis Corporate Bond Fund - Direct Plan Growth,2021-07-12,2026-07-10,1217,4.993839835728953,Unknown,Unknown,0,0,False,False
141642,Axis Balanced Advantage Fund - Direct Plan - Growth,2021-07-12,2026-07-10,1238,4.993839835728953,Unknown,Unknown,0,0,False,False
141740,Sundaram Select Micro Cap Series XVI Direct Plan - Growth,2021-07-12,2022-08-30,282,1.1334702258726899,Unknown,Unknown,0,0,False,False
141808,Groww ELSS Tax Saver Fund (formerly known as Indiabulls Tax Savings Fund)- Direct Plan- Growth Option,2021-07-12,2026-07-10,1230,4.993839835728953,Unknown,Unknown,0,0,False,False
141813,BNP Paribas Focused 25 Equity Fund - Direct Plan - Growth Option,2021-07-12,2022-03-13,167,0.6680355920602327,Unknown,Unknown,0,0,False,False
141873,Sundaram Select Micro Cap Series XVII Direct Plan - Growth,2021-07-12,2022-10-13,312,1.2539356605065024,Unknown,Unknown,0,0,False,False
141877,DSP Nifty 50 Equal Weight Index Fund - Direct Plan - Growth,2021-07-12,2026-07-10,1230,4.993839835728953,Unknown,Unknown,0,0,False,False
141892,UTI Long Term Advantage Fund Series VI - Direct Plan - Growth Option,2021-07-12,2021-09-24,52,0.2026009582477755,Unknown,Unknown,0,0,False,False
141897,Nippon India Capital Builder Fund IV - Series B - Direct Plan - Growth Option,2021-07-12,2023-01-06,369,1.486652977412731,Unknown,Unknown,0,0,False,False
141915,Sundaram Value Fund Series IX Direct Plan - Growth,2021-07-12,2021-11-10,82,0.33127994524298426,Unknown,Unknown,0,0,False,False
141920,IDBI FOCUSED 30 EQUITY FUND - Growth Direct,2021-07-12,2023-07-27,506,2.0396988364134154,Unknown,Unknown,0,0,False,False
141924,HDFC Housing Opportunities Fund  - Growth Option - Direct Plan,2021-07-12,2026-07-10,1230,4.993839835728953,Unknown,Unknown,0,0,False,False
141925,Axis Flexi Cap Fund - Direct Plan - Growth,2021-07-12,2026-07-10,1238,4.993839835728953,Unknown,Unknown,0,0,False,False
141932,Sundaram Value Fund Series X Direct Plan - Growth,2021-07-12,2021-11-23,90,0.3668720054757016,Unknown,Unknown,0,0,False,False
141950,BANK OF INDIA Mid Cap Tax Fund Series 1 Direct Plan Growth,2021-07-12,2026-07-10,1230,4.993839835728953,Unknown,Unknown,0,0,False,False
141991,Nippon India Fixed Horizon Fund XXXV- Series 9- Direct Plan-Growth Option,2021-07-12,2021-08-20,27,0.10677618069815195,Unknown,Unknown,0,0,False,False
142038,Union Balanced Advantage Fund - Direct Plan - Growth Option,2021-07-12,2026-07-10,1229,4.993839835728953,Unknown,Unknown,0,0,False,False
142110,Mahindra Manulife Mid Cap Fund - Direct Plan -Growth,2021-07-12,2026-07-10,1230,4.993839835728953,Unknown,Unknown,0,0,False,False
142138,SBI Long Term Advantage Fund - Series V - Direct Plan - Growth,2021-07-12,2026-07-10,1239,4.993839835728953,Unknown,Unknown,0,0,False,False
142153,Sundaram Long Term Tax Advantage Fund Series III Direct Plan - Growth,2021-07-12,2026-07-10,1230,4.993839835728953,Unknown,Unknown,0,0,False,False
142172,UTI Long Term Advantage Fund Series VII - Direct Plan - Growth Option,2021-07-12,2021-09-24,52,0.2026009582477755,Unknown,Unknown,0,0,False,False
142198,Nippon India Fixed Horizon Fund XXXV- Series 16- Direct Plan-Growth Option,2021-07-12,2021-09-15,44,0.17796030116358658,Unknown,Unknown,0,0,False,False
142283,DSP Arbitrage Fund - Direct - Growth,2021-07-12,2026-07-10,1230,4.993839835728953,Unknown,Unknown,0,0,False,False
142388,Edelweiss Recently Listed IPO Fund Direct Plan Growth,2021-07-12,2026-07-10,1231,4.993839835728953,Unknown,Unknown,0,0,False,False
142415,Kotak India Growth Fund Series 4-Direct Plan-ayout of Income Distribution cum capital withdrawal option,2021-07-12,2024-02-22,646,2.614647501711157,Unknown,Unknown,0,0,False,False
142418,Kotak India Growth Fund Series 4-Direct Plan - Growth Option,2021-07-12,2024-02-22,646,2.614647501711157,Unknown,Unknown,0,0,False,False
142457,Nippon India Fixed Horizon Fund XXXVI- Series 2- Direct Plan-Growth Option,2021-07-12,2021-12-15,103,0.4271047227926078,Unknown,Unknown,0,0,False,False
142490,Axis Capital Builder Fund - Series 1 (1540 Days) - Direct Plan - Growth option,2021-07-12,2022-05-25,215,0.8678986995208761,Unknown,Unknown,0,0,False,False
142530,Kotak FMP Series 217-Direct Plan-Growth Option,2021-07-12,2021-07-15,4,0.008213552361396304,Unknown,Unknown,0,0,False,False
142533,Sundaram Emerging Small Cap Series I Direct Plan - Growth,2021-07-12,2023-03-09,412,1.6563997262149213,Unknown,Unknown,0,0,False,False
142555,Aditya Birla Sun Life Resurgent India Fund - Series 6 - Direct Plan-Growth,2021-07-12,2021-09-06,39,0.15331964407939766,Unknown,Unknown,0,0,False,False
142565,Nippon India Fixed Horizon Fund XXXVI- Series 5- Direct Plan-Growth Option,2021-07-12,2021-09-30,55,0.2190280629705681,Unknown,Unknown,0,0,False,False
142641,Mirae Asset Short Duration Fund - Direct Plan - Growth,2021-07-12,2026-07-10,1209,4.993839835728953,Unknown,Unknown,0,0,False,False
142701,IL&FS Infrastructure Debt Fund Series 3A - Growth - Direct,2021-09-30,2022-12-31,6,1.2511978097193703,Unknown,Unknown,0,0,False,False
142819,Nippon India Fixed Horizon Fund XXXVI- Series 8- Direct Plan-Growth Option,2021-07-12,2021-11-01,74,0.3066392881587953,Unknown,Unknown,0,0,False,False
143000,Aditya Birla Sun Life Resurgent India Fund - Series 7 - Direct Plan-Growth,2021-07-12,2021-10-04,58,0.2299794661190965,Unknown,Unknown,0,0,False,False
143010,Sundaram Emerging Small Cap Series II Direct Plan - Growth,2021-07-12,2023-04-10,431,1.7440109514031485,Unknown,Unknown,0,0,False,False
143079,Sundaram Long Term Tax Advantage Fund Series IV Direct Plan - Growth,2021-07-12,2026-07-10,1230,4.993839835728953,Unknown,Unknown,0,0,False,False
143160,HDFC FMP 1183D April 2018 (1) - Growth Option - Direct Plan,2021-07-12,2021-07-12,1,0.0,Unknown,Unknown,0,0,False,False
143163,Navi Aggressive Hybrid Fund - Direct Plan - Growth,2021-07-12,2026-07-10,1231,4.993839835728953,Unknown,Unknown,0,0,False,False
143171,Nippon India Fixed Horizon Fund XXXVII- Series 3- Direct Plan- Growth Option,2021-07-12,2021-11-08,77,0.3258042436687201,Unknown,Unknown,0,0,False,False
143174,Nippon India Fixed Horizon Fund XXXVII- Series 4- Direct Plan- Growth Option,2021-07-12,2022-04-05,177,0.731006160164271,Unknown,Unknown,0,0,False,False
143178,SBI Long Term Advantage Fund - Series VI - Direct Plan - Growth,2021-07-12,2026-07-10,1239,4.993839835728953,Unknown,Unknown,0,0,False,False
143226,Sundaram Emerging Small Cap Series III Direct Plan - Growth,2021-07-12,2023-05-10,451,1.8261464750171115,Unknown,Unknown,0,0,False,False
143230,HDFC FMP 1181D April 2018 (1) - Growth Option - Direct Plan,2021-07-12,2021-07-20,7,0.02190280629705681,Unknown,Unknown,0,0,False,False
143241,Union Corporate Bond Fund - Direct Plan - Growth Option,2021-07-12,2026-07-10,1208,4.993839835728953,Unknown,Unknown,0,0,False,False
143253,HDFC FMP 1434D May 2018 (1) - Growth Option - Direct Plan,2021-07-12,2022-04-11,182,0.7474332648870636,Unknown,Unknown,0,0,False,False
143269,Parag Parikh Liquid Fund- Direct Plan- Growth,2021-07-12,2026-07-12,1400,4.999315537303217,Unknown,Unknown,0,0,False,False
143272,Nippon India Fixed Horizon Fund XXXVII- Series 6- Direct Plan- Growth Option,2021-07-12,2022-04-05,177,0.731006160164271,Unknown,Unknown,0,0,False,False
143304,Aditya Birla Sun Life Fixed Term Plan - Series PU (1463 days) - Direct Plan-Growth,2021-07-12,2022-05-17,204,0.8459958932238193,Unknown,Unknown,0,0,False,False
143318,Aditya Birla Sun Life Fixed Term Plan - Series PV (1462 days) - Direct Plan-Growth,2021-07-12,2022-05-17,204,0.8459958932238193,Unknown,Unknown,0,0,False,False
143341,UTI Nifty Next 50 Index Fund - Direct Plan - Growth Option,2021-07-12,2026-07-10,1230,4.993839835728953,Unknown,Unknown,0,0,False,False
143343,Kotak FMP Series 226 - Direct Plan- Growth Option,2021-07-12,2022-05-25,210,0.8678986995208761,Unknown,Unknown,0,0,False,False
143353,IDBI Banking & Financial Services Fund - Direct Plan (Growth),2021-07-12,2023-07-27,506,2.0396988364134154,Unknown,Unknown,0,0,False,False
143360,UTI Fixed Term Income Fund Series XXIX-IV (1422 days) - Direct Plan - Growth Option,2021-07-12,2022-04-05,178,0.731006160164271,Unknown,Unknown,0,0,False,False
143396,IL&FS Infrastructure Debt Fund Series 3B - Growth - Direct,2021-09-30,2025-03-31,15,3.4989733059548254,Unknown,Unknown,0,0,False,False
143453,Nippon India Fixed Horizon Fund XXXVII- Series 9- Direct Plan- Growth Option,2021-07-12,2022-05-26,210,0.8706365503080082,Unknown,Unknown,0,0,False,False
143471,PGIM India Fixed Duration Fund - Series AY - Direct Plan - Growth Option,2021-07-12,2022-04-19,186,0.7693360711841205,Unknown,Unknown,0,0,False,False
143494,Nippon India Ultra Short Duration Fund- Direct Plan- Growth Option,2021-07-12,2026-07-10,1209,4.993839835728953,Unknown,Unknown,0,0,False,False
143506,Sundaram Emerging Small Cap Series IV Direct Plan - Growth,2021-07-12,2023-06-12,474,1.9164955509924708,Unknown,Unknown,0,0,False,False
143508,Baroda BNP Paribas Ultra Short Duration Fund- Direct Plan- Growth,2021-07-12,2026-07-10,1210,4.993839835728953,Unknown,Unknown,0,0,False,False
143537,Invesco India Aggressive Hybrid Fund - Direct Plan - Growth,2021-07-12,2026-07-10,1230,4.993839835728953,Unknown,Unknown,0,0,False,False
143547,Aditya Birla Sun Life Fixed Term Plan - Series PY (1409 days) - Direct Plan-Growth,2021-07-12,2022-04-06,179,0.7337440109514032,Unknown,Unknown,0,0,False,False
143548,Invesco India Fixed Maturity Plan - Series 31 - Plan D - Direct - Growth,2021-07-12,2022-06-20,228,0.9390828199863107,Unknown,Unknown,0,0,False,False
143579,IDFC Fixed Term Plan Series 149 Direct Plan -Growth (1424 Days),2021-07-12,2022-04-28,193,0.7939767282683093,Unknown,Unknown,0,0,False,False
143612,JM Low Duration Fund (Direct) - Growth,2021-07-12,2026-07-10,1209,4.993839835728953,Unknown,Unknown,0,0,False,False
143614,BANK OF INDIA Arbitrage Fund Direct Plan Growth,2021-07-12,2026-07-10,1230,4.993839835728953,Unknown,Unknown,0,0,False,False
143623,Kotak FMP Series 228-Direct Plan - Growth Option,2021-07-12,2021-07-19,6,0.019164955509924708,Unknown,Unknown,0,0,False,False
143683,PGIM India Fixed Duration Fund - Series BA - Direct Plan - Growth Option,2021-07-12,2022-05-30,213,0.8815879534565366,Unknown,Unknown,0,0,False,False
143704,Nippon India Nivesh Lakshya Long Duration Fund- Direct Plan- Growth Option,2021-07-12,2026-07-10,1209,4.993839835728953,Unknown,Unknown,0,0,False,False
143741,UTI Fixed Term Income Fund Series XXIX-VII (1135 days) - Direct Plan - Growth Option,2021-07-12,2021-07-15,4,0.008213552361396304,Unknown,Unknown,0,0,False,False
143783,Mirae Asset Healthcare Fund Direct Growth,2021-07-12,2026-07-10,1230,4.993839835728953,Unknown,Unknown,0,0,False,False
143793,Navi Flexi Cap Fund - Direct Plan - Growth,2021-07-12,2026-07-10,1231,4.993839835728953,Unknown,Unknown,0,0,False,False
143799,UTI Fixed Term Income Fund Series XXIX-VIII (1127 days) - Direct Plan - Growth Option,2021-07-12,2021-07-15,4,0.008213552361396304,Unknown,Unknown,0,0,False,False
143822,HDFC FMP 1124D June 2018 (1) - Growth Option - Direct Plan,2021-07-12,2021-07-26,10,0.038329911019849415,Unknown,Unknown,0,0,False,False
143828,Sundaram Multi Cap Fund Series I Direct Plan - Growth,2021-07-12,2023-06-28,486,1.9603011635865846,Unknown,Unknown,0,0,False,False
143835,Tata Value Fund Series 1 Direct Plan Growth,2021-07-12,2021-07-19,6,0.019164955509924708,Unknown,Unknown,0,0,False,False
143848,Kotak FMP Series 230-Direct Plan-Growth Option,2021-07-12,2021-07-28,12,0.04380561259411362,Unknown,Unknown,0,0,False,False
143870,UTI Fixed Term Income Fund Series XXIX-IX (1109 days) - Direct Plan - Growth Option,2021-07-12,2021-07-15,4,0.008213552361396304,Unknown,Unknown,0,0,False,False
143892,IDFC Fixed Term Plan Series 152 Direct Plan -Growth (1452 Days),2021-07-12,2022-06-13,223,0.919917864476386,Unknown,Unknown,0,0,False,False
143928,Aditya Birla Sun Life Fixed Term Plan - Series QF (1385 days) - Direct Plan-Growth,2021-07-12,2022-04-05,178,0.731006160164271,Unknown,Unknown,0,0,False,False
143946,Nippon India Fixed Horizon Fund XXXVIII- Series 2- Direct Plan- Growth Option,2021-07-12,2022-05-26,210,0.8706365503080082,Unknown,Unknown,0,0,False,False
143949,Nippon India Fixed Horizon Fund XXXVIII- Series 3- Direct Plan- Growth Option,2021-07-12,2021-07-14,3,0.0054757015742642025,Unknown,Unknown,0,0,False,False
143978,Edelweiss Fixed Maturity Plan - Series 49 - Direct Growth,2021-07-12,2021-07-22,8,0.02737850787132101,Unknown,Unknown,0,0,False,False
143994,Kotak FMP Series 232-Direct Plan-Growth Option,2021-07-12,2021-08-05,18,0.06570841889117043,Unknown,Unknown,0,0,False,False
143997,UTI Fixed Term Income Fund Series XXIX-XI (1112 days) - Direct Plan - Growth Option,2021-07-12,2021-07-15,4,0.008213552361396304,Unknown,Unknown,0,0,False,False
144016,Axis Fixed Term Plan - Series 95 (1185 Days) - Direct Plan - Growth Option,2021-07-12,2021-09-30,55,0.2190280629705681,Unknown,Unknown,0,0,False,False
144040,L&T FMP Series XVII - Plan B - Direct Plan - Growth Option,2021-07-12,2022-06-13,223,0.919917864476386,Unknown,Unknown,0,0,False,False
144063,Kotak FMP Series 233 - Direct Plan - Growth Option,2021-07-12,2021-08-11,22,0.08213552361396304,Unknown,Unknown,0,0,False,False
144084,Nippon India Fixed Horizon Fund XXXVIII- Series 5- Direct Plan - Growth Option,2021-07-12,2021-08-10,21,0.07939767282683094,Unknown,Unknown,0,0,False,False
144096,UTI Fixed Term Income Fund Series XXIX-XIII (1122 days) - Direct Plan - Growth Option,2021-07-12,2021-08-12,23,0.08487337440109514,Unknown,Unknown,0,0,False,False
144110,HDFC FMP 1122D July 2018 (1) - Growth Option - Direct Plan,2021-07-12,2021-07-29,13,0.04654346338124572,Unknown,Unknown,0,0,False,False
144114,SBI Dual Advantage Fund - Series XXIX - Direct Plan - Growth,2021-07-12,2021-07-26,13,0.038329911019849415,Unknown,Unknown,0,0,False,False
144117,HSBC Fixed Term Series 135 - Direct Plan Growth Option,2021-07-12,2021-07-30,14,0.049281314168377825,Unknown,Unknown,0,0,False,False
144119,DSP FMP Series - 236 - 36M - Direct Plan - Growth,2021-07-12,2021-07-29,13,0.04654346338124572,Unknown,Unknown,0,0,False,False
144125,PGIM India Fixed Duration Fund - Series BB - Direct Plan - Growth Option,2021-07-12,2021-07-20,7,0.02190280629705681,Unknown,Unknown,0,0,False,False
144144,IDFC Fixed Term Plan Series 156 Direct Plan -Growth (1103 days),2021-07-12,2021-07-19,6,0.019164955509924708,Unknown,Unknown,0,0,False,False
144150,IDFC Equity Opportunity - Series 6 (1194 DAYS)-Direct Plan Growth,2021-07-12,2021-11-02,78,0.30937713894592744,Unknown,Unknown,0,0,False,False
144159,Nippon India Fixed Horizon Fund XXXVIII- Series 6- Direct Plan -Growth Option,2021-07-12,2021-08-17,25,0.09856262833675565,Unknown,Unknown,0,0,False,False
144173,BANDHAN ULTRA SHORT DURATION FUND - DIRECT PLAN GROWTH,2021-07-12,2026-07-10,1218,4.993839835728953,Unknown,Unknown,0,0,False,False
144186,Aditya Birla Sun Life Fixed Term Plan - Series QL (1099 days) - Direct Plan-Growth,2021-07-12,2021-07-12,1,0.0,Unknown,Unknown,0,0,False,False
144200,Sundaram Multi Cap Fund Series II Direct Plan - Growth,2021-07-12,2023-07-25,504,2.0342231348391513,Unknown,Unknown,0,0,False,False
144201,UTI Fixed Term Income Fund Series XXIX-XIV (1131 days) - Direct Plan - Growth Option,2021-07-12,2021-08-10,21,0.07939767282683094,Unknown,Unknown,0,0,False,False
144213,Tata Value Fund Series 2 -Direct Plan-Growth,2021-07-12,2021-08-09,20,0.07665982203969883,Unknown,Unknown,0,0,False,False
144215,DSP FMP Series - 237 - 36M - Direct Plan - Growth,2021-07-12,2021-07-29,13,0.04654346338124572,Unknown,Unknown,0,0,False,False
144226,Aditya Birla Sun Life Fixed Term Plan - Series QM (1100 days) - Direct Plan-Growth,2021-07-12,2021-07-15,4,0.008213552361396304,Unknown,Unknown,0,0,False,False
144227,UTI Fixed Term Income Fund Series XXIX-XV (1124 days) - Direct Plan - Growth Option,2021-07-12,2021-08-10,21,0.07939767282683094,Unknown,Unknown,0,0,False,False
144237,Sundaram Fixed Term Plan IK Direct Plan - Growth,2021-07-12,2021-07-14,3,0.0054757015742642025,Unknown,Unknown,0,0,False,False
144243,DSP FMP Series - 238 - 36M - Direct Plan - Growth,2021-07-12,2021-07-29,13,0.04654346338124572,Unknown,Unknown,0,0,False,False
144248,Nippon India Fixed Horizon Fund XXXVIII- Series 7- Direct Plan- Growth Option,2021-07-12,2021-08-23,28,0.11498973305954825,Unknown,Unknown,0,0,False,False
144268,Franklin India Fixed Maturity Plans - Series 4 - Plan B (1098 days)- Growth - Direct,2021-07-12,2021-07-28,12,0.04380561259411362,Unknown,Unknown,0,0,False,False
144275,IDFC Fixed Term Plan Series 159 DIRECT PLAN-GROWTH (1098 days),2021-07-12,2021-07-22,8,0.02737850787132101,Unknown,Unknown,0,0,False,False
144279,Kotak FMP Series 234 - Direct Plan - Growth Option,2021-07-12,2021-09-20,47,0.19164955509924708,Unknown,Unknown,0,0,False,False
144283,Kotak FMP Series 235 - Direct Plan - Growth option,2021-07-12,2021-08-26,31,0.12320328542094455,Unknown,Unknown,0,0,False,False
144287,Tata Fixed Maturity Plan Series 55 Scheme D-Direct Plan -Growth,2021-07-12,2021-07-26,10,0.038329911019849415,Unknown,Unknown,0,0,False,False
144293,Tata Fixed Maturity Plan Series 55 Scheme E-Direct Plan-Growth,2021-07-12,2021-07-29,13,0.04654346338124572,Unknown,Unknown,0,0,False,False
144299,DSP FMP Series - 239 - 36M - Direct Plan - Growth,2021-07-12,2021-07-29,13,0.04654346338124572,Unknown,Unknown,0,0,False,False
144312,Union Equity Savings Fund - Direct Plan - Growth Option,2021-07-12,2026-07-10,1229,4.993839835728953,Unknown,Unknown,0,0,False,False
144315,BANK OF INDIA Midcap Tax Fund Series 2 Direct Plan Growth,2021-07-12,2026-07-10,1230,4.993839835728953,Unknown,Unknown,0,0,False,False
144319,Aditya Birla Sun Life Fixed Term Plan - Series QN (1100 days) - Direct Plan-Growth,2021-07-12,2021-07-22,8,0.02737850787132101,Unknown,Unknown,0,0,False,False
144326,Aditya Birla Sun Life Fixed Term Plan - Series QO (1100 days) - Direct Plan-Growth,2021-07-12,2021-07-23,9,0.030116358658453114,Unknown,Unknown,0,0,False,False
144332,Invesco India Fixed Maturity Plan - Series 32 - Plan C - Direct - Growth,2021-07-12,2021-07-29,13,0.04654346338124572,Unknown,Unknown,0,0,False,False
144335,Kotak Balanced Advantage Fund  - Direct Plan -Growth Option,2021-07-12,2026-07-10,1230,4.993839835728953,Unknown,Unknown,0,0,False,False
144339,UTI Corporate Bond Fund - Direct Plan - Growth Option,2021-07-12,2026-07-10,1209,4.993839835728953,Unknown,Unknown,0,0,False,False
144349,SBI Debt Fund Series C - 20 - (1100 Days) - Direct Plan - Growth,2021-07-12,2021-07-22,10,0.02737850787132101,Unknown,Unknown,0,0,False,False
144352,Nippon India Fixed Horizon Fund XXXVIII- Series 10- Direct Plan- Growth Option,2021-07-12,2022-05-26,210,0.8706365503080082,Unknown,Unknown,0,0,False,False
144356,HDFC FMP 1133D JULY 2018 (1) - Growth Option - Direct Plan,2021-07-12,2021-08-30,33,0.13415468856947296,Unknown,Unknown,0,0,False,False
144366,SBI Debt Fund Series C - 21 (1100 Days) - Direct Plan - Growth,2021-07-12,2021-08-03,20,0.06023271731690623,Unknown,Unknown,0,0,False,False
144369,PGIM India Fixed Duration Fund - Series BC - Direct Plan - Growth Option,2021-07-12,2021-08-11,22,0.08213552361396304,Unknown,Unknown,0,0,False,False
144386,Aditya Birla Sun Life Fixed Term Plan - Series QP (1100 days) - Direct Plan-Growth,2021-07-12,2021-07-29,13,0.04654346338124572,Unknown,Unknown,0,0,False,False
144394,Axis Aggressive Hybrid Fund - Direct Plan - Growth Option,2021-07-12,2026-07-10,1238,4.993839835728953,Unknown,Unknown,0,0,False,False
144403,Mahindra Manulife Dynamic Bond Fund - Direct Plan - Growth,2021-07-12,2026-07-10,1209,4.993839835728953,Unknown,Unknown,0,0,False,False
144412,Aditya Birla Sun Life Fixed Term Plan - Series QS (1100 days) - Direct Plan-Growth,2021-07-12,2021-07-28,12,0.04380561259411362,Unknown,Unknown,0,0,False,False
144437,Sundaram Emerging Small Cap Series V Direct Plan - Growth,2021-07-12,2023-08-14,518,2.088980150581793,Unknown,Unknown,0,0,False,False
144455,IDBI Long Term Value Fund-Direct Plan- Growth,2021-07-12,2023-07-27,506,2.0396988364134154,Unknown,Unknown,0,0,False,False
144459,Kotak FMP Series 237 - Direct Plan-Growth Option,2021-07-12,2021-10-25,70,0.2874743326488706,Unknown,Unknown,0,0,False,False
144466,Franklin India Equity Savings Fund- Growth Direct,2021-07-12,2026-07-10,1230,4.993839835728953,Unknown,Unknown,0,0,False,False
144482,Nippon India Fixed Horizon Fund XXXVIII- Series 11- Direct Plan- Growth Option,2021-07-12,2021-10-22,69,0.2792607802874743,Unknown,Unknown,0,0,False,False
144490,UTI Equity Savings Fund - Direct Plan - Growth Option,2021-07-12,2026-07-10,1230,4.993839835728953,Unknown,Unknown,0,0,False,False
144494,SBI Debt Fund Series C - 22 (1100 Days) - Direct Plan - Growth,2021-07-12,2021-08-23,37,0.11498973305954825,Unknown,Unknown,0,0,False,False
144500,Aditya Birla Sun Life Fixed Term Plan - Series QT (1100 days) - Direct Plan-Growth,2021-07-12,2021-08-06,19,0.06844626967830253,Unknown,Unknown,0,0,False,False
144503,HDFC FMP 1141D August 2018 (1) - Growth Option - Direct Plan,2021-07-12,2021-09-27,52,0.2108145106091718,Unknown,Unknown,0,0,False,False
144510,Aditya Birla Sun Life Fixed Term Plan - Series QU (1100 days) - Direct Plan-Growth,2021-07-12,2021-08-10,21,0.07939767282683094,Unknown,Unknown,0,0,False,False
144520,DSP FMP Series - 241 - 36M - Direct Plan - Growth,2021-07-12,2021-08-26,31,0.12320328542094455,Unknown,Unknown,0,0,False,False
144525,HDFC FMP 1105D August 2018 (1) - Growth Option - Direct Plan,2021-07-12,2021-08-17,25,0.09856262833675565,Unknown,Unknown,0,0,False,False
144528,Nippon India Fixed Horizon Fund XXXVIII- Series 12- Direct Plan- Growth Option,2021-07-12,2021-10-18,66,0.2683093771389459,Unknown,Unknown,0,0,False,False
144534,IDFC Fixed Term Plan Series 160 DIRECT PLAN-GROWTH (1105 days),2021-07-12,2021-08-18,26,0.10130047912388775,Unknown,Unknown,0,0,False,False
144542,Tata Fixed Maturity Plan Series 55 Scheme F-Direct Plan-Growth,2021-07-12,2021-08-22,28,0.11225188227241616,Unknown,Unknown,0,0,False,False
144546,Tata Flexi Cap Fund-Direct Plan-Growth,2021-07-12,2026-07-10,1230,4.993839835728953,Unknown,Unknown,0,0,False,False
144552,Aditya Birla Sun Life Fixed Term Plan - Series QV (1100 days) - Direct Plan-Growth,2021-07-12,2021-08-17,25,0.09856262833675565,Unknown,Unknown,0,0,False,False
144556,HSBC Fixed Term Series 136 - Direct Plan Growth Option,2021-07-12,2021-09-30,55,0.2190280629705681,Unknown,Unknown,0,0,False,False
144560,HDFC FMP 1113D August 2018 (1) - Growth Option - Direct Plan,2021-07-12,2021-08-30,33,0.13415468856947296,Unknown,Unknown,0,0,False,False
144567,Aditya Birla Sun Life Fixed Term Plan - Series QW (1099 days) - Direct Plan-Growth,2021-07-12,2021-08-17,25,0.09856262833675565,Unknown,Unknown,0,0,False,False
144571,UTI Fixed Term Income Fund Series XXX-I (1104 days) - Direct Plan - Growth Option,2021-07-12,2021-08-31,34,0.13689253935660506,Unknown,Unknown,0,0,False,False
144589,Kotak FMP Series 239 - Direct Plan - Growth option,2021-07-12,2022-04-11,182,0.7474332648870636,Unknown,Unknown,0,0,False,False
144610,Invesco India Fixed Maturity Plan - Series 32 - Plan D - Direct - Growth,2021-07-12,2021-08-26,31,0.12320328542094455,Unknown,Unknown,0,0,False,False
144614,Kotak FMP Series 240 - Direct Plan - Growth Option,2021-07-12,2021-10-13,64,0.2546201232032854,Unknown,Unknown,0,0,False,False
144620,Tata Fixed Maturity Plan Series 55 Scheme G-Direct Plan-Growth,2021-07-12,2021-08-30,33,0.13415468856947296,Unknown,Unknown,0,0,False,False
144626,Nippon India Fixed Horizon Fund XXXVIII- Series 14- Direct Plan- Growth Option,2021-07-12,2021-10-20,67,0.2737850787132101,Unknown,Unknown,0,0,False,False
144633,DSP FMP Series - 243 - 36M - Direct Plan - Growth,2021-07-12,2021-08-26,31,0.12320328542094455,Unknown,Unknown,0,0,False,False
144634,BNP Paribas India Consumption Fund - Direct Plan - Growth Option,2021-07-12,2022-03-13,167,0.6680355920602327,Unknown,Unknown,0,0,False,False
144641,PGIM India Fixed Duration Fund - Series BE - Direct Plan - Growth Option,2021-07-12,2021-09-02,36,0.14236824093086928,Unknown,Unknown,0,0,False,False
144646,DSP Corporate Bond Fund - Direct - Growth,2021-07-12,2026-07-10,1213,4.993839835728953,Unknown,Unknown,0,0,False,False
144653,Franklin India Fixed Maturity Plans Series 4 Plan C (1098 days) -Growth -Direct,2021-07-12,2021-09-01,35,0.13963039014373715,Unknown,Unknown,0,0,False,False
144658,Navi Arbitrage Fund - Direct Plan - Growth,2021-07-12,2021-07-22,8,0.02737850787132101,Unknown,Unknown,0,0,False,False
144666,UTI Fixed Term Income Fund Series XXX-II (1107 days) - Direct Plan - Growth Option,2021-07-12,2021-08-31,34,0.13689253935660506,Unknown,Unknown,0,0,False,False
144671,Kotak FMP Series 242 - Direct Plan  -Growth Option,2021-07-12,2021-10-18,66,0.2683093771389459,Unknown,Unknown,0,0,False,False
144673,Kotak India Growth Fund Series 7 - Direct Plan - Growth Option,2021-07-12,2021-08-31,35,0.13689253935660506,Unknown,Unknown,0,0,False,False
144675,Kotak India Growth Fund Series 7 -Direct Plan  -ayout of Income Distribution cum capital withdrawal option ,2021-07-12,2021-08-31,35,0.13689253935660506,Unknown,Unknown,0,0,False,False
144681,Motilal Oswal Equity Hybrid Fund (MOFEH) - Direct Plan Growth Option,2021-07-12,2024-01-19,624,2.521560574948665,Unknown,Unknown,0,0,False,False
144686,Aditya Birla Sun Life Fixed Term Plan - Series QQ (1100 days) - Direct Plan-Growth,2021-07-12,2021-08-31,34,0.13689253935660506,Unknown,Unknown,0,0,False,False
144692,Nippon India Fixed Horizon Fund XXXIX- Series 1- Direct Plan- Growth Option,2021-07-12,2021-10-20,67,0.2737850787132101,Unknown,Unknown,0,0,False,False
144707,Aditya Birla Sun Life Fixed Term Plan - Series QX (1103 days) - Direct Plan-Growth,2021-07-12,2021-08-30,33,0.13415468856947296,Unknown,Unknown,0,0,False,False
144725,IDFC Fixed Term Plan Series 161 DIRECT PLAN-GROWTH (1098 days),2021-07-12,2021-08-31,34,0.13689253935660506,Unknown,Unknown,0,0,False,False
144728,Sundaram Emerging Small Cap Series VI Direct Plan - Growth,2021-07-12,2023-09-07,535,2.1546885694729636,Unknown,Unknown,0,0,False,False
144736,UTI Fixed Term Income Fund Series XXX-III (1106 days) - Direct Plan - Growth Option,2021-07-12,2021-09-21,48,0.1943874058863792,Unknown,Unknown,0,0,False,False
144746,HDFC FMP 1122D August 2018 (1) - Growth Option - Direct Plan,2021-07-12,2021-09-30,55,0.2190280629705681,Unknown,Unknown,0,0,False,False
144751,Aditya Birla Sun Life Fixed Term Plan - Series QY (1100 days) - Direct Plan-Growth,2021-07-12,2021-09-01,35,0.13963039014373715,Unknown,Unknown,0,0,False,False
144754,Axis Ultra Short Duration Fund - Direct Plan Growth,2021-07-12,2026-07-10,1217,4.993839835728953,Unknown,Unknown,0,0,False,False
144764,Franklin India Fixed Maturity Plans Series4 - Plan D (1098 days) Growth- Direct,2021-07-12,2021-09-14,43,0.17522245037645448,Unknown,Unknown,0,0,False,False
144770,Nippon India Fixed Horizon Fund XXXIX- Series 2- Direct Plan- Growth Option,2021-07-12,2022-04-28,192,0.7939767282683093,Unknown,Unknown,0,0,False,False
144800,HDFC FMP 1487D August 2018 (1) - Growth Option - Direct Plan,2021-07-12,2022-09-29,297,1.215605749486653,Unknown,Unknown,0,0,False,False
144804,HDFC FMP 1105D August 2018 (2) - Growth Option - Direct Plan,2021-07-12,2021-09-06,38,0.15331964407939766,Unknown,Unknown,0,0,False,False
144823,DSP FMP Series - 244 - 36M - Direct Plan - Growth,2021-07-12,2021-09-06,38,0.15331964407939766,Unknown,Unknown,0,0,False,False
144826,Axis Fixed Term Plan - Series 96 (1124 Days) - Direct Plan - Growth Option,2021-07-12,2021-09-30,55,0.2190280629705681,Unknown,Unknown,0,0,False,False
144835,Sundaram Services Fund Direct Plan - Growth,2021-07-12,2026-07-10,1228,4.993839835728953,Unknown,Unknown,0,0,False,False
144842,SBI Debt Fund Series C - 23 - (1100 Days) - Direct Plan - Growth,2021-07-12,2021-09-03,47,0.14510609171800137,Unknown,Unknown,0,0,False,False
144850,Kotak FMP Series 243-Direct Plan -Growth Option,2021-07-12,2022-04-11,182,0.7474332648870636,Unknown,Unknown,0,0,False,False
144861,HDFC FMP 1115D September 2018 (1) - Growth Option - Direct Plan,2021-07-12,2021-09-30,55,0.2190280629705681,Unknown,Unknown,0,0,False,False
144868,Axis Fixed Term Plan - Series 97 (1116 Days) - Direct Plan - Growth Option,2021-07-12,2021-09-30,55,0.2190280629705681,Unknown,Unknown,0,0,False,False
144879,Invesco India Fixed Maturity Plan - Series 32 - Plan E - Direct - Growth,2021-07-12,2021-09-16,45,0.1806981519507187,Unknown,Unknown,0,0,False,False
144883,Tata Fixed Maturity Plan Series 55 Scheme I-Direct Plan-Growth,2021-07-12,2021-09-28,53,0.2135523613963039,Unknown,Unknown,0,0,False,False
144889,Nippon India India Opportunities Fund - Series A - Direct Plan - Growth Option,2021-07-12,2022-01-31,137,0.5557837097878165,Unknown,Unknown,0,0,False,False
144894,Aditya Birla Sun Life Fixed Term Plan - Series RA (1100 days) - Direct Plan-Growth,2021-07-12,2021-09-14,43,0.17522245037645448,Unknown,Unknown,0,0,False,False
144899,Nippon India Fixed Horizon Fund XXXIX- Series 4- Direct Plan- Growth Option,2021-07-12,2022-04-29,193,0.7967145790554415,Unknown,Unknown,0,0,False,False
144905,Shriram Flexi Cap Fund - Direct Growth,2021-07-12,2026-07-10,1230,4.993839835728953,Unknown,Unknown,0,0,False,False
144910,Nippon India Fixed Horizon Fund XXXIX- Series 5- Direct Plan- Growth Option,2021-07-12,2022-05-31,213,0.8843258042436687,Unknown,Unknown,0,0,False,False
144912,L&T FMP Series XVII - Plan C - Direct Plan - Growth Option,2021-07-12,2021-09-28,53,0.2135523613963039,Unknown,Unknown,0,0,False,False
144918,SBI Debt Fund Series C - 24 - (1100 Days) - Direct Plan - Growth,2021-07-12,2021-09-14,56,0.17522245037645448,Unknown,Unknown,0,0,False,False
144934,Nippon India Fixed Horizon Fund XXXIX- Series 6- Direct Plan- Growth Option,2021-07-12,2022-04-29,193,0.7967145790554415,Unknown,Unknown,0,0,False,False
144954,UTI - Fixed Term Income Fund Series XXX-IV (1125 Days) - Direct Plan - Growth Option,2021-07-12,2021-10-26,71,0.29021218343600275,Unknown,Unknown,0,0,False,False
144959,Franklin India Fixed Maturit Plans- Series 4- Plan E (1098 days)- Growth - Direct,2021-07-12,2021-09-29,54,0.216290212183436,Unknown,Unknown,0,0,False,False
144981,HDFC FMP 1381D September 2018 (1) - Growth Option - Direct Plan,2021-07-12,2022-06-30,236,0.9664613278576317,Unknown,Unknown,0,0,False,False
144985,Tata Fixed Maturity Plan Series 56 Scheme A-Direct Plan-Growth,2021-07-12,2021-09-28,53,0.2135523613963039,Unknown,Unknown,0,0,False,False
144988,Sundaram Emerging Small Cap VII Direct Plan - Growth,2021-07-12,2023-09-29,549,2.21492128678987,Unknown,Unknown,0,0,False,False
144992,SBI Debt Fund Series C - 25 - (1100 Days) - Direct Plan - Growth,2021-07-12,2021-09-27,68,0.2108145106091718,Unknown,Unknown,0,0,False,False
145006,Kotak FMP Series 245-Direct Plan-Growth Option,2021-07-12,2021-11-08,78,0.3258042436687201,Unknown,Unknown,0,0,False,False
145009,UTI - Fixed Term Income Fund Series XXX-V (1135 Days) - Direct Plan - Growth Option,2021-07-12,2021-10-26,71,0.29021218343600275,Unknown,Unknown,0,0,False,False
145031,Nippon India Fixed Horizon Fund XXXIX- Series 8- Direct Plan- Growth Option,2021-07-12,2022-05-05,196,0.813141683778234,Unknown,Unknown,0,0,False,False
145034,HDFC Ultra Short Term Fund - Direct Plan-Growth Option,2021-07-12,2026-07-10,1210,4.993839835728953,Unknown,Unknown,0,0,False,False
145050,Sundaram Money Market Fund Direct Plan - Growth,2021-07-12,2026-07-10,1208,4.993839835728953,Unknown,Unknown,0,0,False,False
145066,Aditya Birla Sun Life Fixed Term Plan - Series RC (1295 days) - Direct Plan - Growth,2021-07-12,2022-04-04,177,0.7282683093771389,Unknown,Unknown,0,0,False,False
145069,Aditya Birla Sun Life Fixed Term Plan- Series RD (1293 days)-Direct Plan-Growth,2021-07-12,2022-04-08,181,0.7392197125256673,Unknown,Unknown,0,0,False,False
145079,Invesco India Fixed Maturity Plan - Series 33 - Plan B - Direct - Growth,2021-07-12,2022-04-29,194,0.7967145790554415,Unknown,Unknown,0,0,False,False
145086,Kotak FMP Series 246 - Direct Plan - Growth Option,2021-07-12,2021-11-22,87,0.36413415468856947,Unknown,Unknown,0,0,False,False
145089,Aditya Birla Sun Life Fixed Term Plan - Series RE (1100 days) - Direct Plan-Growth,2021-07-12,2021-09-29,54,0.216290212183436,Unknown,Unknown,0,0,False,False
145096,Tata Fixed Maturity Plan Series 56 Scheme B-Direct Plan-Growth,2021-07-12,2021-10-06,59,0.23545516769336072,Unknown,Unknown,0,0,False,False
145100,Aditya Birla Sun Life Fixed Term Plan - Series QR (1126 days) - Direct Plan-Growth,2021-07-12,2021-11-03,77,0.31211498973305957,Unknown,Unknown,0,0,False,False
145104,HDFC FMP 1372D September 2018 (1) - Growth Option - Direct Plan,2021-07-12,2022-06-30,236,0.9664613278576317,Unknown,Unknown,0,0,False,False
145110,Axis Large & Mid Cap Fund - Direct Plan - Growth,2021-07-12,2026-07-10,1236,4.993839835728953,Unknown,Unknown,0,0,False,False
145137,Invesco India Smallcap Fund - Direct Plan - Growth,2021-07-12,2026-07-10,1230,4.993839835728953,Unknown,Unknown,0,0,False,False
145141,Nippon India Fixed Horizon Fund XXXIX- Series 9- Direct Plan- Growth Option,2021-07-12,2022-05-10,199,0.8268309377138946,Unknown,Unknown,0,0,False,False
145145,UTI - Fixed Term Income Fund Series XXX-VI (1107 Days) - Direct Plan - Growth Option,2021-07-12,2021-10-26,71,0.29021218343600275,Unknown,Unknown,0,0,False,False
145161,SBI Dual Advantage Fund Series XXX - Direct Plan - Growth,2021-07-12,2021-12-27,146,0.459958932238193,Unknown,Unknown,0,0,False,False
145164,L&T FMP Series XVIII - Plan A - Direct Plan - Growth Option,2021-07-12,2021-10-06,59,0.23545516769336072,Unknown,Unknown,0,0,False,False
145171,Franklin India Fixed Maturity Plans - Series 4 Plan F (1286 days)- Growth -Direct,2021-07-12,2022-04-19,186,0.7693360711841205,Unknown,Unknown,0,0,False,False
145177,Nippon India Fixed Horizon Fund XXXIX- Series 11- Direct Plan- Growth Option,2021-07-12,2022-05-30,212,0.8815879534565366,Unknown,Unknown,0,0,False,False
145187,Kotak FMP Series 247 -Direct Plan -Growth option,2021-07-12,2022-04-28,193,0.7939767282683093,Unknown,Unknown,0,0,False,False
145197,CANARA ROBECO FMP SERIES 8 - DIRECT PLAN - GROWTH OPTION,2021-07-12,2021-10-18,66,0.2683093771389459,Unknown,Unknown,0,0,False,False
145206,Tata Small Cap Fund-Direct Plan-Growth,2021-07-12,2026-07-10,1230,4.993839835728953,Unknown,Unknown,0,0,False,False
145214,Tata Fixed Maturity Plan Series 56 Scheme C-Direct Plan-Growth,2021-07-12,2021-10-13,64,0.2546201232032854,Unknown,Unknown,0,0,False,False
145228,HSBC Equity Hybrid Fund - Growth Direct,2021-07-12,2022-11-25,340,1.3716632443531827,Unknown,Unknown,0,0,False,False
145229,SBI Debt Fund Series C - 26 - (1125 Days) - Direct Plan - Growth,2021-07-12,2021-11-02,99,0.30937713894592744,Unknown,Unknown,0,0,False,False
145236,Aditya Birla Sun Life Fixed Term Plan - Series RH (1281 days) - Direct Plan - Growth,2021-07-12,2022-04-18,185,0.7665982203969883,Unknown,Unknown,0,0,False,False
145240,Kotak FMP Series 248 - Direct Plan -Growth Option,2021-07-12,2022-05-04,196,0.810403832991102,Unknown,Unknown,0,0,False,False
145272,HDFC FMP 1280D October 2018 (1) - Growth Option - Direct Plan,2021-07-12,2022-04-12,183,0.7501711156741958,Unknown,Unknown,0,0,False,False
145285,HDFC FMP 1344D October 2018 (1) - Growth Option - Direct Plan,2021-07-12,2022-06-28,234,0.9609856262833676,Unknown,Unknown,0,0,False,False
145295,UTI - Floater Fund - Direct Plan - Growth Option,2021-07-12,2026-07-10,1209,4.993839835728953,Unknown,Unknown,0,0,False,False
145298,HDFC FMP 1274D October 2018 (1) - Growth Option - Direct Plan,2021-07-12,2022-04-12,183,0.7501711156741958,Unknown,Unknown,0,0,False,False
145304,Tata Fixed Matuirty Plan Series 56 Scheme D-Direct Plan-Growth,2021-07-12,2021-11-29,92,0.38329911019849416,Unknown,Unknown,0,0,False,False
145318,Franklin India Fixed Maturity Plans - Series 5 Plan A (1273 days)- Growth -Direct,2021-07-12,2022-04-26,191,0.7885010266940452,Unknown,Unknown,0,0,False,False
145329,UTI - Fixed Term Income Fund Series XXX-VIII (1286 Days) - Direct Plan - Growth Option,2021-07-12,2022-04-19,186,0.7693360711841205,Unknown,Unknown,0,0,False,False
145339,UTI - Fixed Term Income Fund Series XXX-IX (1266 Days) - Direct Plan - Growth Option,2021-07-12,2022-04-19,186,0.7693360711841205,Unknown,Unknown,0,0,False,False
145353,Aditya Birla Sun Life Fixed Term Plan - Series RI (1100 days) - Direct Plan-Growth,2021-07-12,2021-11-02,76,0.30937713894592744,Unknown,Unknown,0,0,False,False
145356,Mahindra Manulife Consumption Fund - Direct Plan -Growth,2021-07-12,2026-07-10,1230,4.993839835728953,Unknown,Unknown,0,0,False,False
145372,SBI Debt Fund Series C - 27 - (391 Days) - Direct Plan - Growth,2021-07-12,2023-05-02,568,1.8042436687200547,Unknown,Unknown,0,0,False,False
145376,L&T Focused Equity Fund - Direct Plan - Growth Option,2021-07-12,2022-11-24,339,1.3689253935660506,Unknown,Unknown,0,0,False,False
145381,Kotak FMP Series 250-Direct Plan-Growth Option,2021-07-12,2022-06-01,215,0.8870636550308009,Unknown,Unknown,0,0,False,False
145394,HDFC FMP 1261D October 2018 (1) - Growth Option - Direct Plan,2021-07-12,2022-04-07,180,0.7364818617385352,Unknown,Unknown,0,0,False,False
145396,Baroda BNP Paribas Balanced Advantage Fund-Direct Plan-Growth Option,2021-07-12,2026-07-10,1231,4.993839835728953,Unknown,Unknown,0,0,False,False
145407,Nippon India Fixed Horizon Fund XXXIX - Series 14 - Direct Plan - Growth Option,2021-07-12,2022-04-29,193,0.7967145790554415,Unknown,Unknown,0,0,False,False
145412,Aditya Birla Sun Life Fixed Term Plan - Series RL (1254 days) - Direct Plan-Growth,2021-07-12,2022-04-05,178,0.731006160164271,Unknown,Unknown,0,0,False,False
145415,UTI - Fixed Term Income Fund Series XXX-X (1267 Days) - Direct Plan - Growth Option,2021-07-12,2022-04-19,186,0.7693360711841205,Unknown,Unknown,0,0,False,False
145426,HDFC FMP 1265D October 2018 (1) - Growth Option - Direct Plan,2021-07-12,2022-04-18,185,0.7665982203969883,Unknown,Unknown,0,0,False,False
145454,DSP Healthcare Fund - Direct Plan - Growth,2021-07-12,2026-07-10,1206,4.993839835728953,Unknown,Unknown,0,0,False,False
145461,HDFC FMP 1260D October 2018 (1) - Growth Option - Direct Plan,2021-07-12,2022-04-12,183,0.7501711156741958,Unknown,Unknown,0,0,False,False
145469,Aditya Birla Sun Life Fixed Term Plan - Series RN (1240 days) - Direct Plan-Growth,2021-07-12,2022-04-06,179,0.7337440109514032,Unknown,Unknown,0,0,False,False
145473,Union Value Fund - Direct Plan - Growth Option,2021-07-12,2026-07-10,1229,4.993839835728953,Unknown,Unknown,0,0,False,False
145478,Sundaram Equity Savings Fund Direct Plan - Growth,2021-07-12,2021-12-31,117,0.47091033538672145,Unknown,Unknown,0,0,False,False
145486,ADITYA BIRLA SUN LIFE OVERNIGHT FUND-DIRECT PLAN-GROWTH,2021-07-12,2026-07-11,1601,4.996577686516085,Unknown,Unknown,0,0,False,False
145492,HDFC FMP 1246D NOVEMBER 2018 (1) - Growth Option - Direct Plan,2021-07-12,2022-04-18,185,0.7665982203969883,Unknown,Unknown,0,0,False,False
145499,SBI Debt Fund Series C - 28 - (386 Days) - Direct Plan - Growth,2021-07-12,2023-05-02,568,1.8042436687200547,Unknown,Unknown,0,0,False,False
145505,UTI - Fixed Term Income Fund Series XXX-XI (1246 Days) - Direct Plan - Growth Option,2021-07-12,2022-04-26,191,0.7885010266940452,Unknown,Unknown,0,0,False,False
145528,Nippon India Fixed Horizon Fund XXXIX- Series15- Direct Plan - Growth option,2021-07-12,2022-04-29,193,0.7967145790554415,Unknown,Unknown,0,0,False,False
145530,Franklin India Fixed Maturity Plans- Series 5- Plan B (1244 days)- Growth Direct,2021-07-12,2022-04-26,191,0.7885010266940452,Unknown,Unknown,0,0,False,False
145536,ICICI Prudential Overnight Fund - Direct Plan - Growth,2021-07-12,2026-07-12,1560,4.999315537303217,Unknown,Unknown,0,0,False,False
145552,Motilal Oswal Nasdaq 100 Fund of Fund- Direct Plan Growth,2021-07-12,2026-07-10,1230,4.993839835728953,Unknown,Unknown,0,0,False,False
145553,UTI - Fixed Term Income Fund Series XXX-XII (1254 Days) - Direct Plan - Growth Option,2021-07-12,2022-05-04,196,0.810403832991102,Unknown,Unknown,0,0,False,False
145571,Aditya Birla Sun Life Fixed Term Plan - Series RQ (1103 days) - Direct Plan-Growth,2021-07-12,2021-12-06,97,0.4024640657084189,Unknown,Unknown,0,0,False,False
145576,Aditya Birla Sun Life Fixed Term Plan - Series RO (1241 days) - Direct Plan-Growth,2021-07-12,2022-04-13,184,0.7529089664613279,Unknown,Unknown,0,0,False,False
145579,Aditya Birla Sun Life Fixed Term Plan - Series RP (1239 days) - Direct Plan-Growth,2021-07-12,2022-04-18,185,0.7665982203969883,Unknown,Unknown,0,0,False,False
145583,Tata Fixed Maturity Plan Series 56 Scheme F - Direct Plan - Growth,2021-07-12,2022-04-04,177,0.7282683093771389,Unknown,Unknown,0,0,False,False
145589,Groww Dynamic Term Fund (formerly known as Indiabulls Dynamic Bond Fund) - Direct Plan - Growth option,2021-07-12,2026-07-10,1209,4.993839835728953,Unknown,Unknown,0,0,False,False
145599,Groww Aggressive Hybrid Fund (formerly known as Indiabulls Equity Hybrid Fund) - Direct Plan - Growth option,2021-07-12,2026-07-10,1230,4.993839835728953,Unknown,Unknown,0,0,False,False
145612,Nippon India Fixed Horizon Fund XXXX - Series 1 - Direct Plan - Growth Option,2021-07-12,2022-05-02,194,0.8049281314168378,Unknown,Unknown,0,0,False,False
145616,Nippon India Fixed Horizon Fund XXXX - Series 2 - Direct Plan - Growth Option,2021-07-12,2022-04-29,193,0.7967145790554415,Unknown,Unknown,0,0,False,False
145619,Nippon India Fixed Horizon Fund XXXX - Series 3 - Direct Plan - Growth Option,2021-07-12,2022-05-31,213,0.8843258042436687,Unknown,Unknown,0,0,False,False
145637,Kotak FMP Series 252-1261 days Direct plan-Growth option,2021-07-12,2022-05-17,204,0.8459958932238193,Unknown,Unknown,0,0,False,False
145643,HDFC FMP 1232D NOVEMBER 2018 (1) - Growth Option - Direct Plan,2021-07-12,2022-04-12,183,0.7501711156741958,Unknown,Unknown,0,0,False,False
145647,SBI Debt Fund Series C - 30 - (385 Days) - Direct Plan - Growth,2021-07-12,2023-05-02,565,1.8042436687200547,Unknown,Unknown,0,0,False,False
145654,UTI - Fixed Term Income Fund Series XXX-XIII (1224 Days) - Direct Plan - Growth Option,2021-07-12,2022-04-19,186,0.7693360711841205,Unknown,Unknown,0,0,False,False
145665,Nippon India Fixed Horizon Fund XXXX - Series 4 - Direct Plan - Growth Option,2021-07-12,2022-04-29,193,0.7967145790554415,Unknown,Unknown,0,0,False,False
145672,Axis Capital Builder Fund - Series 4 (1582 Days) - Direct Plan - Growth Option,2021-07-12,2023-04-20,438,1.7713894592744694,Unknown,Unknown,0,0,False,False
145678,BANK OF INDIA Small Cap Fund Direct Plan Growth,2021-07-12,2026-07-10,1230,4.993839835728953,Unknown,Unknown,0,0,False,False
145682,L&T FMP Series XVIII - Plan B - Direct Plan - Growth Option,2021-07-12,2022-04-11,182,0.7474332648870636,Unknown,Unknown,0,0,False,False
145688,Aditya Birla Sun Life Fixed Term Plan - Series RR (1240 days) - Direct Plan-Growth,2021-07-12,2022-04-28,193,0.7939767282683093,Unknown,Unknown,0,0,False,False
145693,Mirae Asset Equity Savings Fund- Direct Plan- Growth,2021-07-12,2026-07-10,1230,4.993839835728953,Unknown,Unknown,0,0,False,False
145699,Invesco India Fixed Maturity Plan - Series 33 - Plan D - Direct - Growth,2021-07-12,2022-06-06,218,0.9007529089664613,Unknown,Unknown,0,0,False,False
145716,Kotak FMP Series 253-1260 days-direct plan-growth option,2021-07-12,2022-05-19,206,0.8514715947980835,Unknown,Unknown,0,0,False,False
145720,HDFC FMP 1224D DECEMBER 2018 (1) - Growth Option - Direct Plan,2021-07-12,2022-04-12,183,0.7501711156741958,Unknown,Unknown,0,0,False,False
145724,Tata Arbitrage Fund-Direct Plan-Growth,2021-07-12,2026-07-10,1231,4.993839835728953,Unknown,Unknown,0,0,False,False
145746,SBI Debt Fund Series C - 32 - (380 Days) - Direct Plan - Growth,2021-07-12,2023-05-02,568,1.8042436687200547,Unknown,Unknown,0,0,False,False
145760,Nippon India Fixed Horizon Fund XXXX - Series 5 - Direct Plan - Growth Option,2021-07-12,2022-05-02,194,0.8049281314168378,Unknown,Unknown,0,0,False,False
145767,IDFC Fixed Term Plan Series 163 DIRECT PLAN-GROWTH (1223 days),2021-07-12,2022-04-20,187,0.7720739219712526,Unknown,Unknown,0,0,False,False
145774,Aditya Birla Sun Life Fixed Term Plan - Series RU (1225 days) - Direct Plan-Growth,2021-07-12,2022-04-26,191,0.7885010266940452,Unknown,Unknown,0,0,False,False
145780,Franklin India Fixed Maturity Plans - Series5 Plan C (1259 days)- Growth Direct,2021-07-12,2022-06-01,215,0.8870636550308009,Unknown,Unknown,0,0,False,False
145783,Kotak FMP Series 254-Direct Plan-Growth Option,2021-07-12,2022-05-17,204,0.8459958932238193,Unknown,Unknown,0,0,False,False
145790,Nippon India Fixed Horizon Fund XXXX - Series 6 - Direct Plan - Growth Option,2021-07-12,2022-04-29,193,0.7967145790554415,Unknown,Unknown,0,0,False,False
145796,HDFC FMP 1218D December 2018 (1) - Growth Option - Direct Plan,2021-07-12,2022-04-12,183,0.7501711156741958,Unknown,Unknown,0,0,False,False
145807,Aditya Birla Sun Life Fixed Term Plan - Series RV (1224 days) - Direct Plan-Growth,2021-07-12,2022-04-26,191,0.7885010266940452,Unknown,Unknown,0,0,False,False
145810,Nippon India Overnight Fund - Direct Plan - Growth Option,2021-07-12,2026-07-12,1541,4.999315537303217,Unknown,Unknown,0,0,False,False
145819,Shriram ELSS Tax Saver Fund - Direct Growth,2021-07-12,2026-07-10,1230,4.993839835728953,Unknown,Unknown,0,0,False,False
145834,Motilal Oswal Liquid Fund - Direct Growth,2021-07-12,2026-07-12,1370,4.999315537303217,Unknown,Unknown,0,0,False,False
145838,UTI - Fixed Term Income Fund Series XXX-XIV (1209 Days) - Direct Plan - Growth Option,2021-07-12,2022-04-19,186,0.7693360711841205,Unknown,Unknown,0,0,False,False
145845,UTI - Fixed Term Income Fund Series XXX-XV (1223 Days) - Direct Plan - Growth Option,2021-07-12,2022-04-19,186,0.7693360711841205,Unknown,Unknown,0,0,False,False
145855,SBI Debt Fund Series C - 33 (1216 Days) - Direct Plan - Growth,2021-07-12,2022-04-19,243,0.7693360711841205,Unknown,Unknown,0,0,False,False
145860,HDFC FMP 1211D December 2018 (1) - Growth Option - Direct Plan,2021-07-12,2022-04-12,183,0.7501711156741958,Unknown,Unknown,0,0,False,False
145866,HDFC FMP 1203D December 2018 (1) - Growth Option - Direct Plan,2021-07-12,2022-04-12,183,0.7501711156741958,Unknown,Unknown,0,0,False,False
145880,Nippon India Fixed Horizon Fund XXXX - Series 7 - Direct Plan - Growth Option,2021-07-12,2022-04-28,192,0.7939767282683093,Unknown,Unknown,0,0,False,False
145895,LIC MF Arbitrage Fund-Direct Plan-Growth,2021-07-12,2026-07-10,1230,4.993839835728953,Unknown,Unknown,0,0,False,False
145902,Kotak FMP Series 255-Direct Plan-Growth n,2021-07-12,2022-05-24,209,0.865160848733744,Unknown,Unknown,0,0,False,False
145917,Nippon India Fixed Horizon Fund XXXX - Series 8 - Direct Plan - Growth Option,2021-07-12,2022-05-30,212,0.8815879534565366,Unknown,Unknown,0,0,False,False
145919,Aditya Birla Sun Life Fixed Term Plan - Series RW (1202 days) - Direct Plan-Growth,2021-07-12,2022-04-11,182,0.7474332648870636,Unknown,Unknown,0,0,False,False
145925,Aditya Birla Sun Life Fixed Term Plan - Series RX (1200 days) - Direct Plan-Growth,2021-07-12,2022-04-21,188,0.7748117727583846,Unknown,Unknown,0,0,False,False
145929,Franklin India Fixed Maturity Plans -Series 5 Plan D (1238 days)- Growth - Direct,2021-07-12,2022-06-01,215,0.8870636550308009,Unknown,Unknown,0,0,False,False
145939,UTI - Fixed Term Income Fund Series XXXI-I (1209 Days) - Direct Plan - Growth Option,2021-07-12,2022-04-19,186,0.7693360711841205,Unknown,Unknown,0,0,False,False
145944,Aditya Birla Sun Life Fixed Term Plan - Series RY (1199 days) - Direct Plan-Growth,2021-07-12,2022-04-18,185,0.7665982203969883,Unknown,Unknown,0,0,False,False
145947,SBI DEBT FUND SERIES C - 34 (1211 DAYS) - DIRECT PLAN - GROWTH,2021-07-12,2022-04-25,248,0.785763175906913,Unknown,Unknown,0,0,False,False
145954,LIC MF Short Duration Fund-Direct Plan-Growth,2021-07-12,2026-07-10,1209,4.993839835728953,Unknown,Unknown,0,0,False,False
145961,Kotak FMP Series 256-Direct Plan-Growth Option,2021-07-12,2022-06-03,217,0.892539356605065,Unknown,Unknown,0,0,False,False
145971,WhiteOak Capital Liquid Fund- Direct plan-Growth Option,2021-07-12,2026-07-12,1364,4.999315537303217,Unknown,Unknown,0,0,False,False
145980,IDFC Fixed Term Plan Series 166 DIRECT PLAN-GROWTH (1207 days),2021-07-12,2022-04-18,185,0.7665982203969883,Unknown,Unknown,0,0,False,False
145982,HDFC FMP 1196D December 2018 (1) - Growth Option - Direct Plan,2021-07-12,2022-04-12,183,0.7501711156741958,Unknown,Unknown,0,0,False,False
145987,SBI Debt Fund Series C - 35 (376 Days) - Direct Plan - Growth,2021-07-12,2023-06-06,598,1.9000684462696784,Unknown,Unknown,0,0,False,False
146010,Tata Balanced Advantage Fund-Direct Plan-Growth,2021-07-12,2026-07-10,1230,4.993839835728953,Unknown,Unknown,0,0,False,False
146030,Nippon India Fixed Horizon Fund XXXX - Series 11 - Direct Plan - Growth Plan,2021-07-12,2022-04-29,193,0.7967145790554415,Unknown,Unknown,0,0,False,False
146037,UTI - Fixed Term Income Fund Series XXXI-II (1222 Days) - Direct Plan - Growth Option,2021-07-12,2022-05-24,209,0.865160848733744,Unknown,Unknown,0,0,False,False
146043,Nippon India Fixed Horizon Fund XXXX - Series 12 - Direct Plan - Growth Option,2021-07-12,2022-05-30,212,0.8815879534565366,Unknown,Unknown,0,0,False,False
146045,Kotak FMP Series 257-Direct plan-Growth Option,2021-07-12,2022-06-30,236,0.9664613278576317,Unknown,Unknown,0,0,False,False
146053,Franklin India Fixed Maturity Plans- Series 5- Plan E (1224 days)- Growth- Direct,2021-07-12,2022-06-01,215,0.8870636550308009,Unknown,Unknown,0,0,False,False
146056,HDFC FMP 1190D January 2019 (1) - Growth Option - Direct Plan,2021-07-12,2022-04-12,183,0.7501711156741958,Unknown,Unknown,0,0,False,False
146062,DSP Overnight Fund - Direct Plan - Growth,2021-07-12,2026-07-12,1550,4.999315537303217,Unknown,Unknown,0,0,False,False
146075,Tata Ultra Short Term Fund-Direct Plan-Growth,2021-07-12,2026-07-10,1210,4.993839835728953,Unknown,Unknown,0,0,False,False
146088,IDFC Fixed Term Plan Series 167 DIRECT PLAN-GROWTH (1202 days),2021-07-12,2022-04-26,191,0.7885010266940452,Unknown,Unknown,0,0,False,False
146102,HSBC Fixed Term Series 137 Direct Plan Growth Option,2021-07-12,2022-04-18,185,0.7665982203969883,Unknown,Unknown,0,0,False,False
146130,CANARA ROBECO SMALL CAP FUND - DIRECT PLAN - GROWTH OPTION,2021-07-12,2026-07-10,1230,4.993839835728953,Unknown,Unknown,0,0,False,False
146134,Aditya Birla Sun Life Fixed Term Plan - Series SA (1180 days) - Direct Plan-Growth,2021-07-12,2022-04-11,182,0.7474332648870636,Unknown,Unknown,0,0,False,False
146141,Kotak Overnight Fund -Direct Plan-Growth Option,2021-07-12,2026-07-12,1545,4.999315537303217,Unknown,Unknown,0,0,False,False
146145,HDFC FMP 1182D January 2019 (1) - Growth Option - Direct Plan,2021-07-12,2022-04-12,183,0.7501711156741958,Unknown,Unknown,0,0,False,False
146155,HDFC FMP 1175D January 2019 (1) - Growth Option - Direct Plan,2021-07-12,2022-04-11,182,0.7474332648870636,Unknown,Unknown,0,0,False,False
146157,Axis Fixed Term Plan - Series 100 (1172 Days) - Direct Plan - Growth Option,2021-07-12,2022-04-07,180,0.7364818617385352,Unknown,Unknown,0,0,False,False
146172,Nippon India Fixed Horizon Fund XXXX - Series 14 - Direct Plan - Growth Option,2021-07-12,2022-05-02,194,0.8049281314168378,Unknown,Unknown,0,0,False,False
146174,SBI Debt Fund Series C - 38 (389 Days) - Direct Plan - Growth,2021-07-12,2023-06-23,614,1.946611909650924,Unknown,Unknown,0,0,False,False
146191,BANDHAN Overnight Fund - Direct Plan - Growth,2021-07-12,2026-07-12,1558,4.999315537303217,Unknown,Unknown,0,0,False,False
146196,Edelweiss Small Cap Fund - Direct Plan - Growth,2021-07-12,2026-07-10,1231,4.993839835728953,Unknown,Unknown,0,0,False,False
146201,Aditya Birla Sun Life Dual Advantage Fund- Series 2 - Direct Plan - Growth,2021-07-12,2022-04-28,193,0.7939767282683093,Unknown,Unknown,0,0,False,False
146215,SBI Corporate Bond Fund - Direct Plan - Growth,2021-07-12,2026-07-10,1218,4.993839835728953,Unknown,Unknown,0,0,False,False
146245,UTI - Fixed Term Income Fund Series XXXI-III (1174 Days) - Direct Plan - Growth Option,2021-07-12,2022-04-19,186,0.7693360711841205,Unknown,Unknown,0,0,False,False
146261,UTI - Fixed Term Income Fund Series XXXI-IV (1204 Days) - Direct Plan - Growth Option,2021-07-12,2022-05-24,209,0.865160848733744,Unknown,Unknown,0,0,False,False
146277,HDFC FMP 1168D January 2019 (1) - Growth Option - Direct Plan,2021-07-12,2022-04-11,182,0.7474332648870636,Unknown,Unknown,0,0,False,False
146284,kotak FMP Series 259 -Direct Plan-Growth Option,2021-07-12,2022-07-18,248,1.0157426420260096,Unknown,Unknown,0,0,False,False
146289,SBI Debt Fund Series C - 40- (1177 Days) - Direct Plan - Growth,2021-07-12,2022-04-20,244,0.7720739219712526,Unknown,Unknown,0,0,False,False
146297,Union Arbitrage Fund - Direct Plan - Growth Option,2021-07-12,2026-07-10,1229,4.993839835728953,Unknown,Unknown,0,0,False,False
146299,Nippon India Fixed Horizon Fund XXXX - Series 15 - Direct Plan - Growth Option,2021-07-12,2022-05-04,195,0.810403832991102,Unknown,Unknown,0,0,False,False
146302,CANARA ROBECO CAPITAL PROTECTION ORIENTED FUND SERIES 10 - DIRECT PLAN - GROWTH OPTION,2021-07-12,2022-04-11,182,0.7474332648870636,Unknown,Unknown,0,0,False,False
146312,SBI Debt Fund Series C - 41 (1178 Days) - Direct Plan - Growth,2021-07-12,2022-04-27,250,0.7912388774811773,Unknown,Unknown,0,0,False,False
146320,Axis Fixed Term Plan - Series 101 (1154 Days) - Direct Plan - Growth Option,2021-07-12,2022-04-11,182,0.7474332648870636,Unknown,Unknown,0,0,False,False
146327,kotak FMP Series 261-Direct Plan-Growth Option,2021-07-12,2022-07-26,254,1.0376454483230664,Unknown,Unknown,0,0,False,False
146331,Nippon India Fixed Horizon Fund XXXX - Series 16 - Direct Plan - Growth Option,2021-07-12,2022-06-15,224,0.9253935660506503,Unknown,Unknown,0,0,False,False
146349,ICICI Prudential Retirement Fund - Pure Equity - Direct Plan - Growth Option,2021-07-12,2026-07-10,1230,4.993839835728953,Unknown,Unknown,0,0,False,False
146367,SBI Debt Fund Series C - 43 (384 Days) - Direct Plan - Growth,2021-07-12,2023-05-23,586,1.8617385352498288,Unknown,Unknown,0,0,False,False
146375,Franklin India Fixed Maturity Plans- Series 5 Plan F (1203 days)-Growth Direct,2021-07-12,2022-06-01,215,0.8870636550308009,Unknown,Unknown,0,0,False,False
146376,DSP Nifty 50 Index Fund - Direct Plan - Growth,2021-07-12,2026-07-10,1230,4.993839835728953,Unknown,Unknown,0,0,False,False
146381,DSP Nifty Next 50 Index Fund - Direct Plan - Growth,2021-07-12,2026-07-10,1230,4.993839835728953,Unknown,Unknown,0,0,False,False
146386,Baroda BNP Paribas Fixed Maturity Plan- Series P- Direct Plan- Growth Option,2021-07-12,2022-04-19,187,0.7693360711841205,Unknown,Unknown,0,0,False,False
146396,Aditya Birla Sun Life Fixed Term Plan - Series SF (1161 days) - Direct Plan-Growth,2021-07-12,2022-04-19,186,0.7693360711841205,Unknown,Unknown,0,0,False,False
146402,BNP Paribas Dynamic Equity Fund - Direct Plan-Growth Option,2021-07-12,2022-03-13,167,0.6680355920602327,Unknown,Unknown,0,0,False,False
146407,ADITYA BIRLA SUN LIFE BAL BHAVISHYA YOJNA DIRECT GROWTH,2021-07-12,2026-07-10,1230,4.993839835728953,Unknown,Unknown,0,0,False,False
146424,L&T FMP Series XVIII - Plan C - Direct Plan - Growth Option,2021-07-12,2022-05-10,200,0.8268309377138946,Unknown,Unknown,0,0,False,False
146428,L&T FMP Series XVIII - Plan D - Direct Plan - Growth Option,2021-07-12,2022-04-11,182,0.7474332648870636,Unknown,Unknown,0,0,False,False
146457,Invesco India Equity Savings Fund - Direct Plan - Growth,2021-07-12,2026-07-10,1230,4.993839835728953,Unknown,Unknown,0,0,False,False
146462,DSP FMP Series - 250 - 39M - Direct Plan - Growth,2021-07-12,2022-04-21,188,0.7748117727583846,Unknown,Unknown,0,0,False,False
146468,HDFC FMP 1154D February 2019 (1) - Growth Option - Direct Plan,2021-07-12,2022-04-11,182,0.7474332648870636,Unknown,Unknown,0,0,False,False
146473,Nippon India Fixed Horizon Fund XXXX - Series 17 - Direct Plan - Growth Option,2021-07-12,2022-05-02,194,0.8049281314168378,Unknown,Unknown,0,0,False,False
146475,UTI - Fixed Term Income Fund Series XXXI-V (1174 Days) - Direct Plan - Growth Option,2021-07-12,2022-05-10,200,0.8268309377138946,Unknown,Unknown,0,0,False,False
146487,HSBC Fixed Term Series 139 - Direct Plan - Direct Plan - Growth Option,2021-07-12,2022-05-04,196,0.810403832991102,Unknown,Unknown,0,0,False,False
146491,Aditya Birla Sun Life Fixed Term Plan - Series SG (1155 days) - Direct Plan - Growth,2021-07-12,2022-04-20,187,0.7720739219712526,Unknown,Unknown,0,0,False,False
146495,SBI Debt Fund Series C - 44 (378 Days) - Direct Plan - Growth,2021-07-12,2023-05-23,586,1.8617385352498288,Unknown,Unknown,0,0,False,False
146498,HDFC FMP 1146D February 2019 (1) - Growth Option - Direct Plan,2021-07-12,2022-04-11,182,0.7474332648870636,Unknown,Unknown,0,0,False,False
146505,IDFC Fixed Term Plan Series 176 DIRECT PLAN-GROWTH (1170 days),2021-07-12,2022-05-06,198,0.8158795345653662,Unknown,Unknown,0,0,False,False
146513,Nippon India Nifty Next 50 Junior BeES FoF - Direct Plan - Growth Plan - Growth Option,2021-07-12,2026-07-10,1230,4.993839835728953,Unknown,Unknown,0,0,False,False
146517,IDBI Healthcare Fund - Direct Plan - Growth,2021-07-12,2023-07-27,506,2.0396988364134154,Unknown,Unknown,0,0,False,False
146538,UTI - Fixed Term Income Fund Series XXXI-VI (1167 Days) - Direct Plan - Growth Option,2021-07-12,2022-05-10,200,0.8268309377138946,Unknown,Unknown,0,0,False,False
146547,SBI Capital Protection Oriented Fund - Series A (Plan 1) - Direct Plan - Growth,2021-07-12,2022-09-12,367,1.1690622861054072,Unknown,Unknown,0,0,False,False
146549,Mahindra Manulife Large Cap Fund - Direct Plan -Growth,2021-07-12,2026-07-10,1230,4.993839835728953,Unknown,Unknown,0,0,False,False
146566,Axis Fixed Term Plan - Series 102 (1133 Days) - Direct Plan - Growth Option,2021-07-12,2022-04-11,182,0.7474332648870636,Unknown,Unknown,0,0,False,False
146575,Aditya Birla Sun Life Retirement Fund-The 30s Plan-Direct Growth,2021-07-12,2026-07-10,1230,4.993839835728953,Unknown,Unknown,0,0,False,False
146592,SBI Debt Fund Series C - 46 (376 Days) - Direct Plan- Growth,2021-07-12,2023-06-06,598,1.9000684462696784,Unknown,Unknown,0,0,False,False
146596,Nippon India Fixed Horizon Fund XXXX - Series 19 - Direct Plan - Growth Option,2021-07-12,2022-06-15,224,0.9253935660506503,Unknown,Unknown,0,0,False,False
146605,Kotak FMP Series 263-1203 days- Direct Plan- Growth,2021-07-12,2022-06-16,226,0.9281314168377823,Unknown,Unknown,0,0,False,False
146608,UTI - Fixed Term Income Fund Series XXXI-VII (1155 Days) - Direct Plan - Growth Option,2021-07-12,2022-05-10,200,0.8268309377138946,Unknown,Unknown,0,0,False,False
146626,Aditya Birla Sun Life Fixed Term Plan - Series SI (1141 days) - Direct Plan- Growth,2021-07-12,2022-04-19,186,0.7693360711841205,Unknown,Unknown,0,0,False,False
146631,HDFC FMP 1133D February 2019 (1) - Growth Option - Direct Plan,2021-07-12,2022-04-11,182,0.7474332648870636,Unknown,Unknown,0,0,False,False
146640,Aditya Birla Sun Life Fixed Term Plan - Series SJ (1135 days) - Direct Plan-Growth,2021-07-12,2022-04-20,187,0.7720739219712526,Unknown,Unknown,0,0,False,False
146643,SBI Equity Minimum Variance Fund - Direct Plan - Growth,2021-07-12,2026-07-10,1239,4.993839835728953,Unknown,Unknown,0,0,False,False
146650,HDFC FMP 1126D March 2019 (1) - Growth Option - Direct Plan,2021-07-12,2022-04-11,182,0.7474332648870636,Unknown,Unknown,0,0,False,False
146656,SBI Debt Fund Series C - 48 (385 Days) - Direct Plan - Growth,2021-07-12,2023-06-22,613,1.943874058863792,Unknown,Unknown,0,0,False,False
146670,Franklin India Fixed Maturity Plans- Series 6 Plan C (1169 days)- Growth- Direct,2021-07-12,2022-06-01,215,0.8870636550308009,Unknown,Unknown,0,0,False,False
146672,Nippon India Fixed Horizon Fund XLI - Series 1 - Direct Plan - Growth Option,2021-07-12,2022-04-29,193,0.7967145790554415,Unknown,Unknown,0,0,False,False
146675,Axis Overnight Fund - Direct Plan - Growth Option,2021-07-12,2026-07-12,1539,4.999315537303217,Unknown,Unknown,0,0,False,False
146689,IDFC Fixed Term Plan Series 177 DIRECT PLAN-GROWTH (1160 days),2021-07-12,2022-05-17,204,0.8459958932238193,Unknown,Unknown,0,0,False,False
146701,BANDHAN Fixed Term Plan Series 179 DIRECT PLAN-GROWTH (3652 days),2021-07-12,2026-07-10,1218,4.993839835728953,Unknown,Unknown,0,0,False,False
146704,SBI Capital Protection Oriented Fund - Series A (Plan 2) - Direct Plan - Growth,2021-07-12,2022-09-12,367,1.1690622861054072,Unknown,Unknown,0,0,False,False
146706,UTI - Fixed Term Income Fund Series XXXI-VIII (1153 Days) - Direct Plan - Growth Option,2021-07-12,2022-05-04,196,0.810403832991102,Unknown,Unknown,0,0,False,False
146716,ICICI Prudential Retirement Fund - Hybrid Conservative - Direct Plan - Growth Option,2021-07-12,2026-07-10,1209,4.993839835728953,Unknown,Unknown,0,0,False,False
146721,ICICI Prudential Retirement Fund - Hybrid Aggressive - Direct Plan - Growth Option,2021-07-12,2026-07-10,1230,4.993839835728953,Unknown,Unknown,0,0,False,False
146727,ICICI Prudential Retirement Fund - Pure Debt - Direct Plan - Growth Option,2021-07-12,2026-07-10,1209,4.993839835728953,Unknown,Unknown,0,0,False,False
146733,Edelweiss Fixed Maturity Plan - Series 55 - Direct Plan - Growth,2021-07-12,2022-04-28,193,0.7939767282683093,Unknown,Unknown,0,0,False,False
146741,DSP FMP Series - 251 - 38M - Direct Plan - Growth,2021-07-12,2022-05-09,199,0.8240930869267625,Unknown,Unknown,0,0,False,False
146765,SBI Debt Fund Series C - 49 (390 Days) - Direct Plan - Growth,2021-07-12,2023-07-04,623,1.9767282683093772,Unknown,Unknown,0,0,False,False
146772,HSBC Large & Mid Cap Fund - Direct Growth,2021-07-12,2026-07-10,1230,4.993839835728953,Unknown,Unknown,0,0,False,False
146777,HDFC FMP 1127D March 2019 (1) - Growth Option - Direct Plan,2021-07-12,2022-04-18,185,0.7665982203969883,Unknown,Unknown,0,0,False,False
146780,Aditya Birla Sun Life Fixed Term Plan - Series SK (1128 days) - Direct Plan-Growth,2021-07-12,2022-04-20,187,0.7720739219712526,Unknown,Unknown,0,0,False,False
146787,Mirae Asset Fixed Maturity Plan Series III Direct Plan Growth,2021-07-12,2022-04-12,183,0.7501711156741958,Unknown,Unknown,0,0,False,False
146834,Kotak FMP Series 265-Direct Plan-Growth Option,2021-07-12,2022-06-21,229,0.9418206707734429,Unknown,Unknown,0,0,False,False
146847,Nippon India Fixed Horizon Fund XLI - Series 4 - Direct Plan - Growth Option,2021-07-12,2022-06-15,224,0.9253935660506503,Unknown,Unknown,0,0,False,False
146851,IDFC Fixed Term Plan Series 178 DIRECT PLAN-GROWTH (1154 Days),2021-07-12,2022-05-23,208,0.8624229979466119,Unknown,Unknown,0,0,False,False
146863,UTI - Fixed Term Income Fund Series XXXI-IX (1168 Days) - Direct Plan - Growth Option,2021-07-12,2022-06-07,219,0.9034907597535934,Unknown,Unknown,0,0,False,False
146872,UTI - Fixed Term Income Fund Series XXXI-X (1168 Days) - Direct Plan - Growth Option,2021-07-12,2022-05-30,213,0.8815879534565366,Unknown,Unknown,0,0,False,False
146878,SBI Debt Fund Series C - 50 (383 Days) - Direct Plan - Growth,2021-07-12,2023-07-04,623,1.9767282683093772,Unknown,Unknown,0,0,False,False
146886,Axis Fixed Term Plan - Series 104 (1112 Days) - Direct Plan - Growth Option,2021-07-12,2022-04-12,183,0.7501711156741958,Unknown,Unknown,0,0,False,False
146893,HDFC FMP 1120D March 2019 (1) - Growth Option - Direct Plan,2021-07-12,2022-04-18,185,0.7665982203969883,Unknown,Unknown,0,0,False,False
146898,HDFC FMP 1118D March 2019 (1) - Growth Option - Direct Plan,2021-07-12,2022-04-18,185,0.7665982203969883,Unknown,Unknown,0,0,False,False
146909,Aditya Birla Sun Life Fixed Term Plan - Series SL (1120 days) - Direct Plan-Growth,2021-07-12,2022-04-19,186,0.7693360711841205,Unknown,Unknown,0,0,False,False
146930,Aditya Birla Sun Life Retirement Fund-The 40s Plan-Direct Plan-Growth,2021-07-12,2026-07-10,1230,4.993839835728953,Unknown,Unknown,0,0,False,False
146940,Aditya Birla Sun Life Retirement Fund-The 50s Plan-Direct Plan-Growth,2021-07-12,2026-07-10,1210,4.993839835728953,Unknown,Unknown,0,0,False,False
146943,Aditya Birla Sun Life Retirement Fund-The 50s Plus-Debt Plan-Direct Plan-Growth,2021-07-12,2026-07-10,1210,4.993839835728953,Unknown,Unknown,0,0,False,False
146945,Sundaram Fixed Term Plan IS Direct Plan - Growth,2021-07-12,2022-04-12,183,0.7501711156741958,Unknown,Unknown,0,0,False,False
146951,ICICI Prudential Bharat Consumption Fund - Direct Plan - Growth Option,2021-07-12,2026-07-10,1230,4.993839835728953,Unknown,Unknown,0,0,False,False
146963,Sundaram Overnight Fund Direct Plan - Growth,2021-07-12,2026-07-12,1587,4.999315537303217,Unknown,Unknown,0,0,False,False
146974,SBI Fixed Maturity Plan (FMP) - Series 1 (3668 Days) - Direct Plan - Growth,2021-07-12,2026-07-10,1590,4.993839835728953,Unknown,Unknown,0,0,False,False
146980,Tata Overnight Fund-Direct Plan-Growth,2021-07-12,2026-07-12,1556,4.999315537303217,Unknown,Unknown,0,0,False,False
146987,UTI - Fixed Term Income Fund Series XXXI-XI (1169 Days) - Direct Plan - Growth Option,2021-07-12,2022-06-08,220,0.9062286105407256,Unknown,Unknown,0,0,False,False
147003,Union Overnight Fund - Direct Plan - Growth Option,2021-07-12,2026-07-12,1373,4.999315537303217,Unknown,Unknown,0,0,False,False
147021,Kotak FMP Series 267-Direct PLan-Growth Option,2021-07-12,2022-06-23,231,0.947296372347707,Unknown,Unknown,0,0,False,False
147071,UTI - Fixed Term Income Fund Series XXXI-XII (1148 Days) - Direct Plan - Growth Option,2021-07-12,2022-06-07,219,0.9034907597535934,Unknown,Unknown,0,0,False,False
147098,Nippon India Fixed Maturity Plan XLI - Series 8 - Direct Plan - Growth Option,2021-07-12,2026-07-10,1208,4.993839835728953,Unknown,Unknown,0,0,False,False
147104,SBI Fixed Maturity Plan (FMP) - Series 2 (1178 Days) - Direct Plan - Growth,2021-07-12,2022-07-06,310,0.9828884325804244,Unknown,Unknown,0,0,False,False
147125,BNP Paribas Overnight Fund - Direct Plan-Growth Option,2021-07-12,2022-03-13,199,0.6680355920602327,Unknown,Unknown,0,0,False,False
147131,Principal Small Cap Fund - Direct Plan - Growth Option,2021-07-12,2021-12-30,116,0.4681724845995893,Unknown,Unknown,0,0,False,False
147135,SBI Fixed Maturity Plan (FMP) - Series 3 (1179 Days) - Direct Plan - Growth,2021-07-12,2022-07-14,317,1.0047912388774811,Unknown,Unknown,0,0,False,False
147152,HSBC Fixed Term Series 140 Direct plan - Growth Option,2021-07-12,2022-06-15,225,0.9253935660506503,Unknown,Unknown,0,0,False,False
147157,ITI Liquid Fund - Direct Plan - Growth Option,2021-07-12,2026-07-12,1506,4.999315537303217,Unknown,Unknown,0,0,False,False
147165,UTI - Fixed Term Income Fund Series XXXI-XIII (1127 Days) - Direct Plan - Growth Option,2021-07-12,2022-06-07,219,0.9034907597535934,Unknown,Unknown,0,0,False,False
147183,ITI Multi Cap Fund - Direct Plan - Growth Option,2021-07-12,2026-07-10,1229,4.993839835728953,Unknown,Unknown,0,0,False,False
147196,Baroda BNP Paribas Overnight Fund - Direct Plan - Growth,2021-07-12,2026-07-12,1463,4.999315537303217,Unknown,Unknown,0,0,False,False
147206,Mirae Asset Focused Fund Direct Plan Growth,2021-07-12,2026-07-10,1230,4.993839835728953,Unknown,Unknown,0,0,False,False
147210,Aditya Birla Sun Life Fixed Term Plan - Series SN (1099 days) - Direct Plan-Growth,2021-07-12,2022-05-09,199,0.8240930869267625,Unknown,Unknown,0,0,False,False
147214,Franklin India Overnight Fund- Growth - Direct,2021-07-12,2026-07-12,1548,4.999315537303217,Unknown,Unknown,0,0,False,False
147237,HDFC FMP 1100D April 2019 (1) - Growth Option - Direct Plan,2021-07-12,2022-05-11,201,0.8295687885010267,Unknown,Unknown,0,0,False,False
147242,SBI Capital Protection Oriented Fund - Series A (Plan 3) - Direct Plan - Growth,2021-07-12,2023-05-02,568,1.8042436687200547,Unknown,Unknown,0,0,False,False
147248,SBI Fixed Maturity Plan (FMP) - Series 6 (3668 Days) - Direct Plan - Growth,2021-07-12,2026-07-10,1590,4.993839835728953,Unknown,Unknown,0,0,False,False
147253,Aditya Birla Sun Life Fixed Term Plan - Series SO (1099 days) - Direct Plan-Growth,2021-07-12,2022-05-23,208,0.8624229979466119,Unknown,Unknown,0,0,False,False
147255,UTI - Fixed Term Income Fund Series XXXI-XIV (1111 Days) - Direct Plan - Growth Option,2021-07-12,2022-06-07,219,0.9034907597535934,Unknown,Unknown,0,0,False,False
147269,KOTAK FLOATING RATE FUND-DIRECT PLAN-GROWTH OPTION,2021-07-12,2026-07-10,1209,4.993839835728953,Unknown,Unknown,0,0,False,False
147287,HSBC Overnight Fund - Direct Growth,2021-07-12,2026-07-12,1495,4.999315537303217,Unknown,Unknown,0,0,False,False
147306,DSP Quant Fund - Direct Plan - Growth,2021-07-12,2026-07-10,1230,4.993839835728953,Unknown,Unknown,0,0,False,False
147311,WhiteOak Capital Ultra Short Duration Fund- Direct plan-Growth Option,2021-07-12,2026-07-10,1209,4.993839835728953,Unknown,Unknown,0,0,False,False
147318,SBI Fixed Maturity Plan (FMP) - Series 7 (1175 Days) - Direct Plan - Growth,2021-07-12,2022-08-10,340,1.0787132101300478,Unknown,Unknown,0,0,False,False
147322,UTI - Fixed Term Income Fund Series XXXI-XV (1099 Days) - Direct Plan - Growth Option,2021-07-12,2022-06-07,219,0.9034907597535934,Unknown,Unknown,0,0,False,False
147333,SBI Fixed Maturity Plan (FMP) - Series 8 (1178 Days) - Direct Plan - Growth,2021-07-12,2022-08-24,351,1.1170431211498972,Unknown,Unknown,0,0,False,False
147346,ICICI Prudential MNC Fund - Direct Plan - Growth Option,2021-07-12,2026-07-10,1229,4.993839835728953,Unknown,Unknown,0,0,False,False
147353,Nippon India Fixed Horizon Fund XLI - Series 10 - Direct Plan - Growth Option,2021-07-12,2022-06-30,235,0.9664613278576317,Unknown,Unknown,0,0,False,False
147355,Nippon India Fixed Horizon Fund XLI - Series 11 - Direct Plan - Growth Option,2021-07-12,2022-08-02,258,1.056810403832991,Unknown,Unknown,0,0,False,False
147359,SBI Capital Protection Oriented Fund - Series A (Plan 4) - Direct Plan - Growth,2021-07-12,2023-06-05,597,1.8973305954825461,Unknown,Unknown,0,0,False,False
147363,UTI - Fixed Term Income Fund Series XXXII-I (1126 days) Direct Plan Growth Option,2021-07-12,2022-07-19,249,1.0184804928131417,Unknown,Unknown,0,0,False,False
147372,QUANTUM ESG BEST IN CLASS STRATEGY FUND - DIRECT PLAN - GROWTH OPTION,2021-07-12,2026-07-10,1230,4.993839835728953,Unknown,Unknown,0,0,False,False
147377,Baroda BNP Paribas Money Market Fund- Direct Plan - Growth,2021-07-12,2026-07-10,1210,4.993839835728953,Unknown,Unknown,0,0,False,False
147385,Tata Medium Term Fund -Direct Plan -Growth (Segregated Portfolio 1),2021-07-12,2022-02-09,143,0.5804243668720055,Unknown,Unknown,0,0,False,False
147389,Tata Corporate Bond Fund - Direct Plan -Growth (Segregated Portfolio 1),2021-07-12,2022-02-09,143,0.5804243668720055,Unknown,Unknown,0,0,False,False
147396,Tata Treasury Advantage Fund- Direct Plan -Growth Option (Segregated Portfolio 1),2021-07-12,2022-02-09,143,0.5804243668720055,Unknown,Unknown,0,0,False,False
147406,Shriram Balanced Advantage Fund - Direct Growth,2021-07-12,2026-07-10,1230,4.993839835728953,Unknown,Unknown,0,0,False,False
147409,Aditya Birla Sun Life Pharma and Healthcare Fund-Direct-Growth,2021-07-12,2026-07-10,1230,4.993839835728953,Unknown,Unknown,0,0,False,False
147411,UTI - Fixed Term Income Fund Series XXXII-II (1111 Days) - Direct Plan - Growth Option,2021-07-12,2022-07-19,249,1.0184804928131417,Unknown,Unknown,0,0,False,False
147422,SBI Fixed Maturity Plan (FMP) - Series 9 (1178 Days) - Direct Plan - Growth,2021-07-12,2022-09-14,369,1.1745379876796715,Unknown,Unknown,0,0,False,False
147440,Sundaram Ultra Short Term Fund Direct Plan - Growth,2021-07-12,2021-12-31,115,0.47091033538672145,Unknown,Unknown,0,0,False,False
147445,Mirae Asset Midcap Fund- Direct Growth Option,2021-07-12,2026-07-10,1230,4.993839835728953,Unknown,Unknown,0,0,False,False
147446,Mahindra Manulife Aggressive Hybrid Fund - Direct Plan -Growth,2021-07-12,2026-07-10,1230,4.993839835728953,Unknown,Unknown,0,0,False,False
147450,Groww Overnight Fund (formerly known as Indiabulls Overnight Fund)- Direct Plan- Growth Option,2021-07-12,2026-07-12,1500,4.999315537303217,Unknown,Unknown,0,0,False,False
147463,Nippon India Fixed Horizon Fund XLI - Series 12 - Direct Plan - Growth Option,2021-07-12,2022-08-01,257,1.054072553045859,Unknown,Unknown,0,0,False,False
147467,SBI Fixed Maturity Plan (FMP) - Series 10 (1178 Days) - Direct Plan - Growth,2021-07-12,2022-09-21,375,1.1937029431895962,Unknown,Unknown,0,0,False,False
147473,Kotak Focused Fund- Direct Plan- Growth option,2021-07-12,2026-07-10,1230,4.993839835728953,Unknown,Unknown,0,0,False,False
147481,Parag Parikh ELSS Tax Saver Fund- Direct Growth,2021-07-12,2026-07-10,1230,4.993839835728953,Unknown,Unknown,0,0,False,False
147486,SBI Fixed Maturity Plan (FMP) - Series 11 (1178 Days) - Direct Plan - Growth,2021-07-12,2022-09-28,382,1.212867898699521,Unknown,Unknown,0,0,False,False
147492,Union Focused Fund - Direct Plan - Growth Option,2021-07-12,2026-07-10,1229,4.993839835728953,Unknown,Unknown,0,0,False,False
147496,Baroda BNP Paribas Equity Savings Fund - Direct Plan - Growth,2021-07-12,2026-07-10,1231,4.993839835728953,Unknown,Unknown,0,0,False,False
147509,SBI Fixed Maturity Plan (FMP) - Series 12 (1179 Days) - Direct Plan - Growth,2021-07-12,2022-10-06,389,1.2347707049965777,Unknown,Unknown,0,0,False,False
147515,LIC MF Overnight Fund-Direct Plan-Growth,2021-07-12,2026-07-12,1584,4.999315537303217,Unknown,Unknown,0,0,False,False
147520,SBI Fixed Maturity Plan (FMP) - Series 13 (1108 Days) - Direct Plan - Growth,2021-07-12,2022-08-03,334,1.0595482546201231,Unknown,Unknown,0,0,False,False
147531,CANARA ROBECO OVERNIGHT FUND - DIRECT PLAN - GROWTH OPTION,2021-07-12,2026-07-12,1306,4.999315537303217,Unknown,Unknown,0,0,False,False
147541,ITI ELSS Tax Saver Fund - Direct Plan - Growth Option,2021-07-12,2026-07-10,1229,4.993839835728953,Unknown,Unknown,0,0,False,False
147560,SBI Fixed Maturity Plan (FMP) - Series 14 (384 Days) - Direct Plan - Growth,2021-07-12,2023-08-23,666,2.113620807665982,Unknown,Unknown,0,0,False,False
147564,Mahindra Manulife Overnight Fund - Direct Plan -Growth,2021-07-12,2026-07-12,1356,4.999315537303217,Unknown,Unknown,0,0,False,False
147567,Axis Money Market Fund - Direct Plan - Growth Option,2021-07-12,2026-07-10,1217,4.993839835728953,Unknown,Unknown,0,0,False,False
147570,Edelweiss Overnight Fund - Direct Plan - Growth,2021-07-12,2026-07-12,1623,4.999315537303217,Unknown,Unknown,0,0,False,False
147582,SBI Fixed Maturity Plan (FMP) - Series 15 (1123 Days) - Direct Plan - Growth,2021-07-12,2022-09-01,358,1.1389459274469542,Unknown,Unknown,0,0,False,False
147587,Sundaram Equity Fund Direct Plan - Growth,2021-07-12,2021-12-31,117,0.47091033538672145,Unknown,Unknown,0,0,False,False
147593,WhiteOak Capital Overnight Fund- Direct plan-Growth Option,2021-07-12,2022-12-18,392,1.434633812457221,Unknown,Unknown,0,0,False,False
147606,PGIM India Overnight Fund - Direct Plan - Growth Option,2021-07-12,2026-07-12,1651,4.999315537303217,Unknown,Unknown,0,0,False,False
147612,SBI Fixed Maturity Plan (FMP) - Series 16 (1116 Days) - Direct Plan - Growth,2021-07-12,2022-09-08,364,1.158110882956879,Unknown,Unknown,0,0,False,False
147617,ITI Arbitrage Fund - Direct Plan - Growth Option,2021-07-12,2026-07-10,1229,4.993839835728953,Unknown,Unknown,0,0,False,False
147627,SBI Fixed Maturity Plan (FMP) - Series 17 (1116 Days) - Direct Plan - Growth,2021-07-12,2022-09-15,370,1.1772758384668036,Unknown,Unknown,0,0,False,False
147631,SBI Capital Protection Oriented Fund - Series A (Plan 5) - Direct Plan - Growth,2021-07-12,2023-05-24,587,1.864476386036961,Unknown,Unknown,0,0,False,False
147636,Tata Banking & PSU Debt Fund-Direct Plan-Growth,2021-07-12,2024-06-14,708,2.924024640657084,Unknown,Unknown,0,0,False,False
147641,SBI Fixed Maturity Plan (FMP) - Series 18 (1108 Days) - Direct Plan - Growth,2021-07-12,2022-09-28,382,1.212867898699521,Unknown,Unknown,0,0,False,False
147644,SBI Capital Protection Oriented Fund - Series A (Plan 6) - Direct Plan - Growth,2021-07-12,2023-06-14,605,1.9219712525667352,Unknown,Unknown,0,0,False,False
147648,ICICI Prudential Global Advantage Fund (FOF) - Direct Plan - Growth Option,2021-07-12,2026-07-10,1155,4.993839835728953,Unknown,Unknown,0,0,False,False
147651,UTI - Credit Risk Fund (Segregated - 13092019) - Direct Plan - Growth Option,2021-07-12,2022-03-10,163,0.6598220396988365,Unknown,Unknown,0,0,False,False
147662,ICICI Prudential Commodities Fund - Direct Plan - Growth Option,2021-07-12,2026-07-10,1230,4.993839835728953,Unknown,Unknown,0,0,False,False
147666,Axis Nifty 100 Index Fund - Direct Plan - Growth Option,2021-07-12,2026-07-10,1238,4.993839835728953,Unknown,Unknown,0,0,False,False
147672,SBI Fixed Maturity Plan (FMP) - Series 19 (1115 Days) - Direct  Plan - Growth,2021-07-12,2022-10-27,407,1.2922655715263518,Unknown,Unknown,0,0,False,False
147675,Nippon India Ultra Short Duration Fund - Segregated Portfolio 1 - Direct Plan - Growth Option,2021-07-12,2022-03-10,162,0.6598220396988365,Unknown,Unknown,0,0,False,False
147689,Nippon India Equity Hybrid Fund - Segregated Portfolio 1 - Direct Plan - Growth Plan,2021-07-12,2025-03-21,911,3.6906228610540723,Unknown,Unknown,0,0,False,False
147691,Nippon India Equity Savings Fund - Segregated Portfolio 1 - Direct Plan - Growth Plan - Bonus Option,2021-07-12,2025-03-21,911,3.6906228610540723,Unknown,Unknown,0,0,False,False
147697,Nippon India Equity Savings Fund - Segregated Portfolio 1 - Direct Plan - Growth Plan - Growth Option,2021-07-12,2025-03-21,911,3.6906228610540723,Unknown,Unknown,0,0,False,False
147704,Motilal Oswal Large and Midcap Fund - Direct Plan Growth,2021-07-12,2026-07-10,1230,4.993839835728953,Unknown,Unknown,0,0,False,False
147713,ITI Overnight Fund - Direct Plan - Growth Option,2021-07-12,2026-07-12,1506,4.999315537303217,Unknown,Unknown,0,0,False,False
147720,SBI Fixed Maturity Plan (FMP) - Series 20 (1109 Days) - Direct Plan - Growth,2021-07-12,2022-10-27,407,1.2922655715263518,Unknown,Unknown,0,0,False,False
147727,Kotak Pioneer Fund- Direct Plan- Growth Option,2021-07-12,2026-07-09,1226,4.991101984941821,Unknown,Unknown,0,0,False,False
147731,Mahindra Manulife Ultra Short Duration Fund - Direct Plan -Growth,2021-07-12,2026-07-10,1209,4.993839835728953,Unknown,Unknown,0,0,False,False
147736,Mirae Asset Overnight Fund Direct Plan Growth,2021-07-12,2026-07-12,1531,4.999315537303217,Unknown,Unknown,0,0,False,False
147744,SBI Fixed Maturity Plan (FMP) - Series 21 (1109 Days) - Direct Plan - Growth,2021-07-12,2022-11-04,414,1.3141683778234086,Unknown,Unknown,0,0,False,False
147750,Union Large & Midcap Fund - Direct Plan - Growth Option,2021-07-12,2026-07-10,1229,4.993839835728953,Unknown,Unknown,0,0,False,False
147754,SBI Fixed Maturity Plan (FMP) - Series 22 (1106 Days) - Direct Plan - Growth,2021-07-12,2022-11-14,422,1.3415468856947297,Unknown,Unknown,0,0,False,False
147757,Tata Focused Fund-Direct Plan-Growth,2021-07-12,2026-07-10,1230,4.993839835728953,Unknown,Unknown,0,0,False,False
147764,SBI Fixed Maturity Plan (FMP) - Series 23 (1106 Days) - Direct Plan - Growth,2021-07-12,2022-11-23,430,1.3661875427789185,Unknown,Unknown,0,0,False,False
147772,LIC MF Ultra Short Duration Fund-Direct Plan-Growth,2021-07-12,2026-07-10,1209,4.993839835728953,Unknown,Unknown,0,0,False,False
147777,SBI Fixed Maturity Plan (FMP) - Series 24 (1107) - Direct Plan - Growth,2021-07-12,2022-12-01,437,1.3880903490759753,Unknown,Unknown,0,0,False,False
147778,Principal Midcap Fund - Direct Plan- Growth,2021-07-12,2021-12-30,116,0.4681724845995893,Unknown,Unknown,0,0,False,False
147783,SBI Fixed Maturity Plan (FMP) - Series 25 (1120 Days) - Direct Plan - Growth,2021-07-12,2022-12-20,453,1.4401095140314852,Unknown,Unknown,0,0,False,False
147789,ITI Balanced Advantage Fund - Direct Plan - Growth Option,2021-07-12,2026-07-10,1229,4.993839835728953,Unknown,Unknown,0,0,False,False
147792,SBI Fixed Maturity Plan (FMP) - Series 26 (1112 Days) - Direct Plan - Growth,2021-07-12,2022-12-19,452,1.4373716632443532,Unknown,Unknown,0,0,False,False
147794,Motilal Oswal Nifty 50 Index Fund - Direct plan - Growth,2021-07-12,2026-07-10,1230,4.993839835728953,Unknown,Unknown,0,0,False,False
147796,Motilal Oswal Nifty Next 50 Index Fund - Direct plan - Growth,2021-07-12,2026-07-10,1230,4.993839835728953,Unknown,Unknown,0,0,False,False
147802,Aditya Birla Sun Life Credit Risk Fund- Segregated Portfolio 1- Direct Plan- Growth,2021-07-12,2022-09-30,298,1.218343600273785,Unknown,Unknown,0,0,False,False
147808,Aditya Birla Sun Life Dynamic Bond Fund- Segregated Portfolio 1- Growth - Direct Plan,2021-07-12,2022-09-30,298,1.218343600273785,Unknown,Unknown,0,0,False,False
147816,Aditya Birla Sun Life Medium Term Plan- Segregated Portfolio 1-Growth - Direct Plan,2021-07-12,2022-09-30,298,1.218343600273785,Unknown,Unknown,0,0,False,False
147825,Axis Retirement Fund - Aggressive Plan - Direct Growth,2021-07-12,2026-07-10,1238,4.993839835728953,Unknown,Unknown,0,0,False,False
147826,Axis Retirement Fund - Dynamic Plan - Direct Growth,2021-07-12,2026-07-10,1238,4.993839835728953,Unknown,Unknown,0,0,False,False
147830,Axis Retirement Fund - Conservative Plan - Direct Growth,2021-07-12,2026-07-10,1217,4.993839835728953,Unknown,Unknown,0,0,False,False
147837,JM Overnight Fund - (Direct) - Growth,2021-07-12,2026-07-12,1549,4.999315537303217,Unknown,Unknown,0,0,False,False
147840,Mahindra Manulife Large & Mid Cap Fund - Direct Plan -Growth,2021-07-12,2026-07-10,1230,4.993839835728953,Unknown,Unknown,0,0,False,False
147844,Aditya Birla Sun Life PSU Equity Fund-Direct Plan-Growth,2021-07-12,2026-07-10,1230,4.993839835728953,Unknown,Unknown,0,0,False,False
147851,Bharat Bond FOF - April 2023 - Direct Plan - Growth Option,2021-07-12,2023-04-18,429,1.7659137577002053,Unknown,Unknown,0,0,False,False
147857,Bharat Bond FOF - April 2030 - Direct Plan - Growth Option,2021-07-12,2026-07-10,1212,4.993839835728953,Unknown,Unknown,0,0,False,False
147864,Tata Quant Fund-Direct Plan-Growth,2021-07-12,2025-04-01,913,3.7207392197125255,Unknown,Unknown,0,0,False,False
147873,SBI Fixed Maturity Plan (FMP) - Series 27 (1203 Days) - Direct Plan - Growth,2021-07-12,2023-04-25,563,1.78507871321013,Unknown,Unknown,0,0,False,False
147883,Invesco India Overnight Fund - Direct Plan - Growth,2021-07-12,2026-07-12,1505,4.999315537303217,Unknown,Unknown,0,0,False,False
147889,Axis Income Plus Arbitrage Active FOF - Direct Plan - Growth Option,2021-07-12,2026-07-10,1214,4.993839835728953,Unknown,Unknown,0,0,False,False
147908,HSBC Ultra Short Duration Fund - Direct Growth,2021-07-12,2026-07-10,1210,4.993839835728953,Unknown,Unknown,0,0,False,False
147919,ITI Small Cap Fund - Direct Plan - Growth Option,2021-07-12,2026-07-10,1229,4.993839835728953,Unknown,Unknown,0,0,False,False
147927,Sundaram Arbitrage Fund Direct Plan - Growth,2021-07-12,2021-12-31,117,0.47091033538672145,Unknown,Unknown,0,0,False,False
147928,Axis ESG Integration Strategy Fund - Direct Plan - Growth Option,2021-07-12,2026-07-10,1237,4.993839835728953,Unknown,Unknown,0,0,False,False
147937,Indiabulls Liquid Fund- Direct Plan- Growth -Unclaimed Redemption < 3 Yrs,2021-07-12,2021-11-29,116,0.38329911019849416,Unknown,Unknown,0,0,False,False
147939,Indiabulls Liquid Fund- Direct Plan- Growth- Unclaimed Redemption> 3Yrs,2021-07-12,2021-11-29,116,0.38329911019849416,Unknown,Unknown,0,0,False,False
147942,SBI Capital Protection Oriented Fund - Series A (Plan 7) - Direct Plan - Growth,2021-07-12,2023-07-19,636,2.0177960301163584,Unknown,Unknown,0,0,False,False
147946,BANDHAN SMALL CAP FUND - DIRECT PLAN GROWTH,2021-07-12,2026-07-10,1239,4.993839835728953,Unknown,Unknown,0,0,False,False
147951,BANK OF INDIA Overnight Fund Direct Plan Growth,2021-07-12,2026-07-12,1339,4.999315537303217,Unknown,Unknown,0,0,False,False
147958,Franklin India Credit Risk Fund- Segregated Portfolio 2- 10.90% Vodafone Idea Ltd 02Sep2023-Direct Growth Plan,2021-07-12,2023-09-11,528,2.1656399726214923,Unknown,Unknown,0,0,False,False
147966,Franklin India Income Opportunities Fund- Segregated Portfolio 2- 10.90% Vodafone Idea Ltd 02Sep2023-Direct Growth Plan,2021-07-12,2023-09-11,528,2.1656399726214923,Unknown,Unknown,0,0,False,False
147988,Franklin India Dynamic Accrual Fund- Segregated Portfolio 2- 10.90% Vodafone Idea Ltd 02Sep2023-Direct-Growth Plan,2021-07-12,2023-09-11,528,2.1656399726214923,Unknown,Unknown,0,0,False,False
147999,Franklin India Low Duration Fund- Segregated Portfolio 2- 10.90% Vodafone Idea Ltd 02Sep2023-Direct- Growth Plan,2021-07-12,2023-09-11,528,2.1656399726214923,Unknown,Unknown,0,0,False,False
148015,Franklin India Short term Income Plan- Retail Plan- Segregated Portfolio 2- 10.90% Vodafone Idea Ltd 02Sep2023-Direct-Growth Option,2021-07-12,2023-09-11,528,2.1656399726214923,Unknown,Unknown,0,0,False,False
148026,Sundaram Balanced Advantage Fund Direct Plan - Growth,2021-07-12,2021-12-31,117,0.47091033538672145,Unknown,Unknown,0,0,False,False
148035,ICICI Prudential Diversified Equity All Cap Omni FOF - Direct Plan - Growth,2021-07-12,2026-07-10,1211,4.993839835728953,Unknown,Unknown,0,0,False,False
148053,Tata Multi Asset Allocation Fund-Direct Plan-Growth,2021-07-12,2026-07-10,1229,4.993839835728953,Unknown,Unknown,0,0,False,False
148056,SBI Fixed Maturity Plan (FMP) - Series 28 (1163 Days) - Direct Plan - Growth,2021-07-12,2023-04-25,563,1.78507871321013,Unknown,Unknown,0,0,False,False
148063,Edelweiss US Technology Equity Fund of Fund- Direct Plan- Growth,2021-07-12,2026-07-10,1174,4.993839835728953,Unknown,Unknown,0,0,False,False
148073,Union Midcap Fund - Direct Plan - Growth Option,2021-07-12,2026-07-10,1229,4.993839835728953,Unknown,Unknown,0,0,False,False
148080,Nippon India Strategic Debt Fund - Segregated Portfolio 1 - Direct Plan - Growth Option,2021-07-12,2022-01-27,134,0.5448323066392882,Unknown,Unknown,0,0,False,False
148086,UTI - Bond Fund (Segregated - 17022020) - Direct Plan - Growth Option,2021-07-12,2022-01-27,134,0.5448323066392882,Unknown,Unknown,0,0,False,False
148101,Nippon India Credit Risk Fund - Segregated Portfolio 1 - Direct Plan - Growth Plan,2021-07-12,2022-01-27,134,0.5448323066392882,Unknown,Unknown,0,0,False,False
148106,UTI - Regular Saving Fund (Segregated - 17022020) - Direct Plan - Growth Option,2021-07-12,2022-01-27,134,0.5448323066392882,Unknown,Unknown,0,0,False,False
148118,UTI - Dynamic Bond Fund (Segregated - 17022020) - Direct Plan - Growth Option,2021-07-12,2022-01-27,134,0.5448323066392882,Unknown,Unknown,0,0,False,False
148136,UTI - Medium Term Fund (Segregated - 17022020) - Direct Plan - Growth Option,2021-07-12,2022-01-27,134,0.5448323066392882,Unknown,Unknown,0,0,False,False
148147,UTI - Credit Risk Fund (Segregated - 17022020) - Direct Plan - Growth Option,2021-07-12,2022-01-31,136,0.5557837097878165,Unknown,Unknown,0,0,False,False
148161,PGIM India Money Market Fund - Direct Plan - Growth Option,2021-07-12,2026-07-10,1209,4.993839835728953,Unknown,Unknown,0,0,False,False
148172,SBI Capital Protection Oriented Fund - Series A (Plan 8) - Direct Plan - Growth,2021-07-12,2023-07-27,643,2.0396988364134154,Unknown,Unknown,0,0,False,False
148176,Nippon India Fixed Horizon fund - XLII - Series 4 - Direct Plan - Growth Option,2021-07-12,2023-05-22,450,1.8590006844626967,Unknown,Unknown,0,0,False,False
148178,Nippon India Capital Protection Oriented Fund II - Plan A - Direct Plan - Growth Option,2021-07-12,2023-08-07,504,2.0698151950718686,Unknown,Unknown,0,0,False,False
148193,SBI Fixed Maturity Plan (FMP) - Series 31 (1160 Days) - Direct Plan - Growth,2021-07-12,2023-05-19,583,1.8507871321013005,Unknown,Unknown,0,0,False,False
148197,UTI - Fixed Term Income Fund Series XXXIII-I (1135 Days) - Direct Plan - Growth Option,2021-07-12,2023-04-25,434,1.78507871321013,Unknown,Unknown,0,0,False,False
148207,PGIM India Credit Risk Fund - Segregated Portfolio 1 - Direct Plan Growth Option,2021-07-12,2022-01-21,131,0.5284052019164955,Unknown,Unknown,0,0,False,False
148242,UTI - Credit Risk Fund (Segregated - 06032020) - Direct Plan - Growth Option,2021-07-12,2026-07-10,1210,4.993839835728953,Unknown,Unknown,0,0,False,False
148257,UTI - Medium Term Fund (Segregated - 06032020) - Direct Plan - Growth Option,2021-07-12,2026-07-10,1210,4.993839835728953,Unknown,Unknown,0,0,False,False
148261,Nippon India Credit Risk Fund - Segregated Portfolio 2 - Direct Plan - Growth Plan,2021-07-12,2026-07-10,1209,4.993839835728953,Unknown,Unknown,0,0,False,False
148265,Nippon India Aggressive  Hybrid Fund - Segregated Portfolio 2 - Direct Plan - Growth Plan,2021-07-12,2026-07-10,1230,4.993839835728953,Unknown,Unknown,0,0,False,False
148273,Nippon India Equity Savings Fund - Segregated Portfolio 2 - Direct Plan - Growth Plan - Bonus Option,2021-07-12,2026-07-10,1230,4.993839835728953,Unknown,Unknown,0,0,False,False
148274,Nippon India Equity Savings Fund - Segregated Portfolio 2 - Direct Plan - Growth Plan - Growth Option,2021-07-12,2026-07-10,1230,4.993839835728953,Unknown,Unknown,0,0,False,False
148285,Nippon India Medium Duration Fund - Segregated Portfolio 2 - Direct Plan - Growth Option,2021-07-12,2026-07-10,1209,4.993839835728953,Unknown,Unknown,0,0,False,False
148296,Nippon India Conservative Hybrid  Fund - Segregated Portfolio 2 - Direct Plan - Growth Plan - Growth Option,2021-07-12,2026-07-10,1209,4.993839835728953,Unknown,Unknown,0,0,False,False
148304,Franklin India Credit Risk Fund - Segregated Portfolio 3 (9.50% Yes bank Ltd CO 23Dec21) - Direct Growth Plan,2021-07-12,2026-07-10,1209,4.993839835728953,Unknown,Unknown,0,0,False,False
148308,Franklin India Dynamic Accrual Fund - Segregated Portfolio 3 (9.50% Yes Bank Ltd CO 23Dec21) - Direct Growth Plan,2021-07-12,2026-07-10,1209,4.993839835728953,Unknown,Unknown,0,0,False,False
148313,Franklin India Short Tem Income Plan - Segregated Portfolio 3 (9.50% Yes Bank Ltd CO 23Dec21) - Direct Retail Plan Growth Option,2021-07-12,2026-07-10,1209,4.993839835728953,Unknown,Unknown,0,0,False,False
148325,Baroda Treasury Advantage Fund-Plan B (Direct)- Growth Option- Segregated Portfolio-1,2021-07-12,2022-03-13,164,0.6680355920602327,Unknown,Unknown,0,0,False,False
148333,Baroda BNP Paribas Credit Risk Fund- Direct- Growth Option- Segregated Portfolio- 1,2021-07-12,2026-07-10,1209,4.993839835728953,Unknown,Unknown,0,0,False,False
148353,ITI Large Cap Fund - Direct Plan - Growth Option,2021-07-12,2026-07-10,1229,4.993839835728953,Unknown,Unknown,0,0,False,False
148360,L&T Nifty 50 Index Fund - Direct Plan - Growth,2021-07-12,2022-11-24,339,1.3689253935660506,Unknown,Unknown,0,0,False,False
148363,L&T Next Nifty 50 Index Fund - Direct Plan - Growth Option,2021-07-12,2022-11-24,339,1.3689253935660506,Unknown,Unknown,0,0,False,False
148369,SBI Fixed Maturity Plan (FMP) - Series 32 (1140 Days) - Direct Plan - Growth,2021-07-12,2023-05-31,593,1.8836413415468858,Unknown,Unknown,0,0,False,False
148381,Motilal Oswal S&P 500 Index Fund - Direct Plan Growth,2021-07-12,2026-07-10,1229,4.993839835728953,Unknown,Unknown,0,0,False,False
148385,SBI Fixed Maturity Plan (FMP) - Series 33 (1128 Days) - Direct Plan - Growth,2021-07-12,2023-05-30,592,1.8809034907597535,Unknown,Unknown,0,0,False,False
148387,SBI Fixed Maturity Plan (FMP) - Series 34 (3682 Days) - Direct Plan - Growth,2021-07-12,2026-07-10,1590,4.993839835728953,Unknown,Unknown,0,0,False,False
148397,IL&FS Infrastructure Debt Fund Series 2A - Growth - Direct,2021-09-30,2026-06-30,20,4.747433264887063,Unknown,Unknown,0,0,False,False
148398,IL&FS Infrastructure Debt Fund Series 2B - Growth - Direct,2021-09-30,2026-06-30,20,4.747433264887063,Unknown,Unknown,0,0,False,False
148399,IL&FS Infrastructure Debt Fund Series 2C - Growth - Direct,2021-09-30,2026-06-30,20,4.747433264887063,Unknown,Unknown,0,0,False,False
148401,Mirae Asset Arbitrage Fund Direct Growth,2021-07-12,2026-07-10,1230,4.993839835728953,Unknown,Unknown,0,0,False,False
148404,BANK OF INDIA Flexi Cap Fund Direct Plan -Growth,2021-07-12,2026-07-10,1230,4.993839835728953,Unknown,Unknown,0,0,False,False
148411,HSBC Focused Fund - Direct Growth,2021-07-12,2026-07-10,1230,4.993839835728953,Unknown,Unknown,0,0,False,False
148413,JM Liquid Fund - Unclaimed Brokerage I.E.F. (Direct) - Growth Plan,2021-07-12,2026-07-12,1549,4.999315537303217,Unknown,Unknown,0,0,False,False
148414,JM Liquid Fund - Unclaimed Application Refund Amount I.E.F. (Direct) - Growth Plan,2021-07-12,2026-07-12,1549,4.999315537303217,Unknown,Unknown,0,0,False,False
148415,JM Liquid Fund - Withheld Brokerage I.E.F. (Direct) - Growth Plan,2021-07-12,2025-03-27,1119,3.707049965776865,Unknown,Unknown,0,0,False,False
148419,Mirae Asset Banking and PSU Fund - Direct Plan - Growth,2021-07-12,2026-07-10,1209,4.993839835728953,Unknown,Unknown,0,0,False,False
148446,BHARAT Bond FOF- April 2025- Direct Pan- Growth Option,2021-07-12,2025-04-16,914,3.761806981519507,Unknown,Unknown,0,0,False,False
148450,BHARAT Bond FOF- April 2031- Direct Plan- Growth Option,2021-07-12,2026-07-10,1212,4.993839835728953,Unknown,Unknown,0,0,False,False
148454,Motilal Oswal Multi Asset Fund - Direct Plan - Growth Option,2021-07-12,2025-07-18,992,4.016427104722792,Unknown,Unknown,0,0,False,False
148457,Nippon India Multi Asset Allocation Fund - Direct Plan - Growth Option,2021-07-12,2026-07-10,1228,4.993839835728953,Unknown,Unknown,0,0,False,False
148468,Mahindra Manulife Arbitrage Fund - Direct Plan -Growth,2021-07-12,2026-07-10,1230,4.993839835728953,Unknown,Unknown,0,0,False,False
148474,Baroda BNP Paribas Large and Mid Cap Fund- Direct Plan -Growth Option,2021-07-12,2026-07-10,1231,4.993839835728953,Unknown,Unknown,0,0,False,False
148479,Union Medium Duration Fund - Direct Plan -  Growth Option,2021-07-12,2025-01-29,861,3.5509924709103355,Unknown,Unknown,0,0,False,False
148481,Invesco India Focused Fund - Direct Plan - Growth,2021-07-12,2026-07-10,1230,4.993839835728953,Unknown,Unknown,0,0,False,False
148485,Axis Global Equity Alpha Fund of Fund - Direct Plan - Growth Option,2021-07-12,2026-07-10,1185,4.993839835728953,Unknown,Unknown,0,0,False,False
148490,SBI Children's Fund - Investment Plan - Direct Plan - Growth,2021-07-12,2026-07-10,1237,4.993839835728953,Unknown,Unknown,0,0,False,False
148492,HSBC Corporate Bond Fund - Direct Plan - Growth,2021-07-12,2022-11-25,334,1.3716632443531827,Unknown,Unknown,0,0,False,False
148500,Mirae Asset Diversified Equity Allocator Passive FOF - Direct Plan - Growth,2021-07-12,2026-07-10,1230,4.993839835728953,Unknown,Unknown,0,0,False,False
148507,Sundaram Large Cap Fund (Formerly Known as Sundaram Blue Chip Fund)Direct Plan - Growth,2021-07-12,2026-07-10,1229,4.993839835728953,Unknown,Unknown,0,0,False,False
148516,ICICI Prudential ESG Exclusionary Strategy Fund - Direct Plan - Growth,2021-07-12,2026-07-10,1229,4.993839835728953,Unknown,Unknown,0,0,False,False
148519,Nippon India Nifty Smallcap 250 Index Fund - Direct Plan - Growth Option,2021-07-12,2026-07-10,1230,4.993839835728953,Unknown,Unknown,0,0,False,False
148524,Principal Large Cap Fund - Direct Growth,2021-07-12,2021-12-30,116,0.4681724845995893,Unknown,Unknown,0,0,False,False
148529,Mirae Asset Ultra Short Duration Fund Direct Growth,2021-07-12,2026-07-10,1209,4.993839835728953,Unknown,Unknown,0,0,False,False
148534,ITI Banking & PSU Debt Fund - Direct Plan - Growth Option,2021-07-12,2026-07-10,1208,4.993839835728953,Unknown,Unknown,0,0,False,False
148539,Aditya Birla Sun Life Special Opportunities Fund-Direct-Growth,2021-07-12,2026-07-10,1230,4.993839835728953,Unknown,Unknown,0,0,False,False
148550,SBI Floating Rate Debt Fund - Direct Plan - Growth,2021-07-12,2026-07-10,1218,4.993839835728953,Unknown,Unknown,0,0,False,False
148555,Edelweiss MSCI India Domestic & World Healthcare 45 Index Fund Direct Plan - Growth,2021-07-12,2026-07-10,1187,4.993839835728953,Unknown,Unknown,0,0,False,False
148564,quant ESG Integration Strategy Fund - Growth Option - Direct Plan,2021-07-12,2026-07-10,1230,4.993839835728953,Unknown,Unknown,0,0,False,False
148567,Mahindra Manulife Focused Fund - Direct Plan -Growth,2021-07-12,2026-07-10,1230,4.993839835728953,Unknown,Unknown,0,0,False,False
148574,Mirae Asset Nifty 100 ESG Sector Leaders Fund of Fund Direct Growth,2021-07-12,2026-07-10,1230,4.993839835728953,Unknown,Unknown,0,0,False,False
148592,Union Aggressive Hybrid Fund - Direct Plan - Growth Option,2021-07-12,2026-07-10,1229,4.993839835728953,Unknown,Unknown,0,0,False,False
148595,DSP Value Fund - Direct Plan - Growth,2021-07-12,2026-07-09,1149,4.991101984941821,Unknown,Unknown,0,0,False,False
148600,ICICI Prudential Quant Fund Direct Plan Growth,2021-07-12,2026-07-10,1230,4.993839835728953,Unknown,Unknown,0,0,False,False
148606,Kotak ESG Exclusionary Strategy Fund - Direct Plan - Growth Option,2021-07-12,2026-07-10,1230,4.993839835728953,Unknown,Unknown,0,0,False,False
148614,Invesco India - Invesco Global Consumer Trends Fund of Fund - Direct Plan - Growth,2021-07-12,2026-07-10,1137,4.993839835728953,Unknown,Unknown,0,0,False,False
148618,UTI Small Cap Fund - Direct Plan - Growth Option,2021-07-12,2026-07-10,1230,4.993839835728953,Unknown,Unknown,0,0,False,False
148623,Mirae Asset Banking and Financial Services Fund Direct Growth,2021-07-12,2026-07-10,1230,4.993839835728953,Unknown,Unknown,0,0,False,False
148628,Baroda BNP Paribas Banking and PSU Bond Fund- Direct Plan -Growth Option,2021-07-12,2025-10-16,1035,4.262833675564682,Unknown,Unknown,0,0,False,False
148634,Axis Innovation Fund - Direct Plan - Growth Option,2021-07-12,2026-07-10,1236,4.993839835728953,Unknown,Unknown,0,0,False,False
148637,Aditya Birla Sun Life ESG Integration Strategy Fund-Direct Plan-Growth,2021-07-12,2026-07-10,1230,4.993839835728953,Unknown,Unknown,0,0,False,False
148642,Nippon India Diversified Equity Flexicap Passive FoF - Direct Plan - Growth Option,2021-07-12,2026-07-10,1230,4.993839835728953,Unknown,Unknown,0,0,False,False
148646,Kotak International REIT Overseas Equity Omni FOF - Direct Plan - Growth,2021-07-12,2026-07-10,1090,4.993839835728953,Unknown,Unknown,0,0,False,False
148651,ICICI Prudential Business Cycle Fund Direct Plan Growth,2021-07-12,2026-07-10,1229,4.993839835728953,Unknown,Unknown,0,0,False,False
148656,TRUSTMF BANKING & PSU FUND - DIRECT GROWTH,2021-07-12,2026-02-10,1112,4.583162217659138,Unknown,Unknown,0,0,False,False
148658,PGIM India Balanced Advantage Fund -  Direct Plan - Growth Option,2021-07-12,2026-07-10,1230,4.993839835728953,Unknown,Unknown,0,0,False,False
148662,Kotak US Specific Equity Passive FOF- Direct Plan - Growth,2021-07-12,2026-07-10,1138,4.993839835728953,Unknown,Unknown,0,0,False,False
148666,Nippon India Multi - Asset Omni FoF - Direct Plan - Growth Option,2021-07-12,2026-07-10,1230,4.993839835728953,Unknown,Unknown,0,0,False,False
148683,SBI Retirement Benefit Fund - Aggressive Plan - Direct Plan - Growth,2021-07-12,2026-07-10,1239,4.993839835728953,Unknown,Unknown,0,0,False,False
148685,SBI Retirement Benefit Fund - Aggressive Hybrid Plan - Direct Plan - Growth,2021-07-12,2026-07-10,1239,4.993839835728953,Unknown,Unknown,0,0,False,False
148688,SBI Retirement Benefit Fund - Conservative Plan - Direct Plan - Growth,2021-07-12,2026-07-10,1218,4.993839835728953,Unknown,Unknown,0,0,False,False
148690,SBI Retirement Benefit Fund - Conservative Hybrid Plan - Direct Plan - Growth,2021-07-12,2026-07-10,1218,4.993839835728953,Unknown,Unknown,0,0,False,False
148699,Axis Greater China Equity Fund of Fund - Direct Plan - Growth Option,2021-07-12,2026-07-10,1170,4.993839835728953,Unknown,Unknown,0,0,False,False
148703,UTI Nifty 200 Momentum 30 Index Fund - Direct Plan - Growth Option,2021-07-12,2026-07-10,1230,4.993839835728953,Unknown,Unknown,0,0,False,False
148711,BANDHAN FLOATER FUND  - DIRECT PLAN GROWTH,2021-07-12,2026-07-10,1218,4.993839835728953,Unknown,Unknown,0,0,False,False
148721,Nippon India Nifty 50 Value 20 Index Fund - Direct Plan - Growth Option,2021-07-12,2026-07-10,1230,4.993839835728953,Unknown,Unknown,0,0,False,False
148726,Nippon India Nifty Midcap 150 Index Fund - Direct Plan - Growth Option,2021-07-12,2026-07-10,1230,4.993839835728953,Unknown,Unknown,0,0,False,False
148729,Mahindra Manulife Short Duration Fund - Direct Plan -Growth,2021-07-12,2026-07-10,1209,4.993839835728953,Unknown,Unknown,0,0,False,False
148733,ITI Mid Cap Fund - Direct Plan - Growth Option,2021-07-12,2026-07-10,1229,4.993839835728953,Unknown,Unknown,0,0,False,False
148737,HSBC Global Equity Climate Change Fund of Fund - Direct - Growth,2021-07-12,2026-03-25,1071,4.700889801505818,Unknown,Unknown,0,0,False,False
148745,Kotak Nifty Next 50 Index Fund - Direct Plan - Growth Option,2021-07-12,2026-07-10,1230,4.993839835728953,Unknown,Unknown,0,0,False,False
148747,Motilal Oswal Multi Asset Passive Fund of Fund - Direct Growth,2021-07-12,2026-07-10,1229,4.993839835728953,Unknown,Unknown,0,0,False,False
148750,Motilal Oswal Asset Allocation FOF- C- Direct Growth,2021-07-12,2026-07-10,1229,4.993839835728953,Unknown,Unknown,0,0,False,False
148751,Invesco India ESG Integration Strategy Fund - Direct Plan - Growth,2021-07-12,2026-07-10,1230,4.993839835728953,Unknown,Unknown,0,0,False,False
148755,Mirae Asset Corporate Bond Fund Direct Growth Plan,2021-07-12,2026-07-10,1209,4.993839835728953,Unknown,Unknown,0,0,False,False
148760,SBI US Specific Equity Active FoF - Direct Plan - Growth,2021-07-12,2026-07-10,1164,4.993839835728953,Unknown,Unknown,0,0,False,False
148771,DSP Floater Fund - Direct Plan - Growth,2021-07-12,2026-07-10,1213,4.993839835728953,Unknown,Unknown,0,0,False,False
148789,BANDHAN CRISIL IBX Gilt June 2027 Index Fund Direct Plan-Growth,2021-07-12,2026-07-10,1218,4.993839835728953,Unknown,Unknown,0,0,False,False
148792,BANDHAN CRISIL IBX Gilt April 2028 Index Fund Direct Plan-Growth,2021-07-12,2026-07-10,1218,4.993839835728953,Unknown,Unknown,0,0,False,False
148795,Edelweiss NIFTY PSU Bond Plus SDL Apr 2026 50:50 Index Fund - Direct Plan - Growth,2021-07-12,2026-04-30,1162,4.799452429842574,Unknown,Unknown,0,0,False,False
148807,Aditya Birla Sun Life Nifty Midcap 150 Index Fund-Direct Growth,2021-07-12,2026-07-10,1230,4.993839835728953,Unknown,Unknown,0,0,False,False
148815,Aditya Birla Sun Life Nifty Smallcap 50 Index Fund-Direct Growth,2021-07-12,2026-07-10,1230,4.993839835728953,Unknown,Unknown,0,0,False,False
148822,ICICI Prudential Nifty 100 Low Volatility 30 ETF FOF - Direct Plan - Growth,2021-07-12,2026-07-10,1230,4.993839835728953,Unknown,Unknown,0,0,False,False
148827,SBI Fixed Maturity Plan (FMP) - Series 41 (1498 Days) - Direct Plan - Growth,2021-07-12,2025-04-30,1210,3.800136892539357,Unknown,Unknown,0,0,False,False
148841,TRUSTMF Liquid Fund-Direct Plan-Growth,2021-07-12,2026-07-12,1516,4.999315537303217,Unknown,Unknown,0,0,False,False
148846,SBI Fixed Maturity Plan (FMP) Series 42 (1857 Days) - Direct Plan - Growth,2021-07-12,2026-04-29,1540,4.7967145790554415,Unknown,Unknown,0,0,False,False
148883,Canara Robeco Focused Fund - Direct Plan - Growth Option,2021-07-12,2026-07-10,1230,4.993839835728953,Unknown,Unknown,0,0,False,False
148897,BNP Paribas Funds Aqua Fund of Fund - Direct Plan - Growth Option,2021-07-12,2022-03-10,163,0.6598220396988365,Unknown,Unknown,0,0,False,False
148903,HDFC Multi-Asset Active FOF - Growth Option -Direct Plan,2021-07-12,2026-07-10,1231,4.993839835728953,Unknown,Unknown,0,0,False,False
148913,ITI Ultra Short Duration Fund - Direct Plan - Growth Option,2021-07-12,2026-07-10,1208,4.993839835728953,Unknown,Unknown,0,0,False,False
148921,Aditya Birla Sun Life Multi-Cap Fund-Direct Growth,2021-07-12,2026-07-10,1230,4.993839835728953,Unknown,Unknown,0,0,False,False
148925,quant Quantamental Fund - Growth Option - Direct Plan,2021-07-12,2026-07-10,1230,4.993839835728953,Unknown,Unknown,0,0,False,False
148928,Mirae Asset NYSE FANG + ETF Fund of Fund Direct Growth,2021-07-12,2026-07-10,1188,4.993839835728953,Unknown,Unknown,0,0,False,False
148941,SBI Fixed Maturity Plan (FMP) Series 43 (1616 Days) - Direct Plan - Growth,2021-07-12,2025-09-30,1353,4.219028062970568,Unknown,Unknown,0,0,False,False
148945,SBI Nifty Next 50 Index Fund - Direct Plan - Growth,2021-07-12,2026-07-10,1239,4.993839835728953,Unknown,Unknown,0,0,False,False
148954,Axis Global Innovation Fund of Fund - Direct Plan - Growth,2021-07-12,2026-07-10,1185,4.993839835728953,Unknown,Unknown,0,0,False,False
148958,Parag Parikh Conservative Hybrid Fund - Direct Plan - Growth,2021-07-12,2026-07-10,1209,4.993839835728953,Unknown,Unknown,0,0,False,False
148962,Aditya Birla Sun Life Nifty 50 Equal Weight Index Fund-Direct Growth,2021-07-12,2026-07-10,1230,4.993839835728953,Unknown,Unknown,0,0,False,False
148967,SBI Fixed Maturity Plan (FMP) - Series 44 (1855 Days) - Direct Plan - Growth,2021-07-12,2026-06-30,1582,4.9664613278576315,Unknown,Unknown,0,0,False,False
148972,ITI Value Fund - Direct Plan - Growth Option,2021-07-12,2026-07-10,1229,4.993839835728953,Unknown,Unknown,0,0,False,False
148978,Kotak Nifty 50 Index Fund - Direct Plan-Growth,2021-07-12,2026-07-10,1230,4.993839835728953,Unknown,Unknown,0,0,False,False
148980,BANK OF INDIA Large Cap Fund Direct Plan Growth,2021-07-12,2026-07-10,1230,4.993839835728953,Unknown,Unknown,0,0,False,False
148986,HDFC Banking & Financial Services Fund - Growth Option - Direct Plan,2021-07-12,2026-07-10,1230,4.993839835728953,Unknown,Unknown,0,0,False,False
148990,ICICI Prudential Flexicap Fund - Direct Plan - Growth,2021-07-19,2026-07-10,1225,4.974674880219028,Unknown,Unknown,0,0,False,False
148993,Axis Quant Fund - Direct Plan - Growth,2021-07-12,2026-07-10,1238,4.993839835728953,Unknown,Unknown,0,0,False,False
148999,SBI Fixed Maturity Plan (FMP) Series 45 (1840 Days) - Direct Plan - Growth,2021-07-12,2026-06-30,1582,4.9664613278576315,Unknown,Unknown,0,0,False,False
149007,Tata Floating Rate Fund -Direct Plan-Growth,2021-07-12,2026-07-10,1210,4.993839835728953,Unknown,Unknown,0,0,False,False
149011,Invesco India Medium Duration Fund - Direct Plan - Growth,2021-07-19,2026-07-10,1204,4.974674880219028,Unknown,Unknown,0,0,False,False
149017,Aditya Birla Sun Life Fixed Term Plan - Series TI (1837 days) - Direct Plan - Growth Option,2021-07-12,2026-07-09,1209,4.991101984941821,Unknown,Unknown,0,0,False,False
149019,PGIM India Small Cap Fund - Direct Plan- Growth Option,2021-08-02,2026-07-10,1216,4.936344969199179,Unknown,Unknown,0,0,False,False
149029,ITI Dynamic Bond Fund - Direct Plan - Growth Option,2021-07-15,2026-07-10,1205,4.985626283367557,Unknown,Unknown,0,0,False,False
149039,Navi Nifty 50 Index Fund-Direct Plan-Growth,2021-07-16,2026-07-10,1227,4.982888432580425,Unknown,Unknown,0,0,False,False
149043,SBI Fixed Maturity Plan (FMP) - Series 46 (1850 Days) - Direct Plan - Growth,2021-07-14,2026-07-10,1588,4.988364134154689,Unknown,Unknown,0,0,False,False
149049,Axis Floater Fund - Direct Plan - Growth,2021-08-02,2026-07-10,1203,4.936344969199179,Unknown,Unknown,0,0,False,False
149059,Kotak Global Innovation Overseas Equity Omni FOF- Direct Plan -Growth,2021-08-05,2026-07-09,1141,4.9253935660506505,Unknown,Unknown,0,0,False,False
149062,Aditya Birla Sun Life Fixed Term Plan - Series TJ (1838 days) - Direct Plan - Growth Option,2021-07-20,2026-07-10,1204,4.971937029431896,Unknown,Unknown,0,0,False,False
149071,Tata Business Cycle Fund-Direct Plan-Growth,2021-08-11,2026-07-10,1209,4.91170431211499,Unknown,Unknown,0,0,False,False
149076,TRUSTMF Short Duration Fund-Direct Plan-Growth,2021-08-09,2026-07-10,1191,4.917180013689254,Unknown,Unknown,0,0,False,False
149082,SBI Fixed Maturity Plan (FMP) Series 47 (1434 Days) - Direct Plan - Growth,2021-07-30,2025-06-25,1249,3.9041752224503763,Unknown,Unknown,0,0,False,False
149085,Canara Robeco Value Fund - Direct Plan - Growth Option,2021-09-06,2026-07-10,1192,4.8405201916495555,Unknown,Unknown,0,0,False,False
149091,UTI Focused Fund - Direct Plan - Growth Option,2021-08-26,2026-07-10,1199,4.870636550308008,Unknown,Unknown,0,0,False,False
149094,Nippon India Flexi Cap Fund - Direct Plan - Growth Plan - Growth Option,2021-08-18,2026-07-10,1204,4.892539356605065,Unknown,Unknown,0,0,False,False
149098,Bandhan US specific Equity Active FOF - GROWTH - DIRECT PLAN,2021-08-23,2026-07-10,1100,4.878850102669404,Unknown,Unknown,0,0,False,False
149104,Mahindra Manulife Flexi Cap Fund - Direct Plan -Growth,2021-08-25,2026-07-10,1200,4.87337440109514,Unknown,Unknown,0,0,False,False
149107,HDFC NIFTY50 Equal weight Index Fund - Direct Plan - Growth Option,2021-08-20,2026-07-10,1203,4.887063655030801,Unknown,Unknown,0,0,False,False
149111,SBI Fixed Maturity Plan (FMP) - Series 48 (1458 Days) - Direct Plan - Growth,2021-08-11,2025-07-31,1274,3.969883641341547,Unknown,Unknown,0,0,False,False
149112,Mirae Asset Money Market Fund Direct Growth,2021-08-12,2026-07-10,1187,4.908966461327857,Unknown,Unknown,0,0,False,False
149117,Union Money Market Fund - Direct Plan -  Growth Option,2021-08-27,2026-07-10,1177,4.867898699520876,Unknown,Unknown,0,0,False,False
149129,Nippon India Fixed Maturity Plan - XLIII - Series 1- Direct Plan - Growth Option,2021-08-24,2026-06-29,1171,4.84599589322382,Unknown,Unknown,0,0,False,False
149134,SBI Balanced Advantage Fund - Direct Plan - Growth,2021-09-07,2026-07-10,1199,4.837782340862423,Unknown,Unknown,0,0,False,False
149139,Kotak FMP Series 292 - Direct Plan - Growth,2021-08-20,2026-05-14,1144,4.731006160164271,Unknown,Unknown,0,0,False,False
149141,Baroda BNP Paribas Business Cycle Fund - Direct Plan - Growth,2021-09-21,2026-07-10,1183,4.799452429842574,Unknown,Unknown,0,0,False,False
149147,SBI Fixed Maturity Plan (FMP) - Series 49 (1823 Days) - Direct Plan - Growth,2021-08-31,2026-07-10,1547,4.856947296372348,Unknown,Unknown,0,0,False,False
149154,HSBC Mid Cap Fund - Direct - Growth,2021-09-29,2022-11-25,286,1.1553730321697468,Unknown,Unknown,0,0,False,False
149158,ICICI Prudential Nifty Alpha Low - Volatility 30 ETF FOF - Direct Plan - Growth,2021-09-21,2026-07-10,1182,4.799452429842574,Unknown,Unknown,0,0,False,False
149166,Axis Value Fund - Direct Plan - Growth,2021-09-28,2026-07-10,1185,4.780287474332649,Unknown,Unknown,0,0,False,False
149170,Mirae Asset S&P 500 Top 50 ETF Fund of Fund Direct Growth,2021-09-23,2026-07-10,1139,4.7939767282683095,Unknown,Unknown,0,0,False,False
149174,SBI Fixed Maturity Plan (FMP) - Series 50 (1843 Days) - Direct Plan - Growth,2021-09-15,2026-07-10,1534,4.815879534565366,Unknown,Unknown,0,0,False,False
149180,HDFC Developed World Overseas Equity Passive FOF - Direct Plan - Growth Option,2021-10-06,2026-07-09,1166,4.75564681724846,Unknown,Unknown,0,0,False,False
149185,Kotak Multicap Fund-Direct Plan-Growth,2021-10-06,2026-07-10,1171,4.758384668035592,Unknown,Unknown,0,0,False,False
149190,DSP FMP Series - 264 - 60M - 17D - Direct - Growth,2021-09-14,2026-07-10,1171,4.818617385352498,Unknown,Unknown,0,0,False,False
149195,SBI Fixed Maturity Plan (FMP) - Series 51 (1846 Days) - Direct Plan - Growth,2021-09-23,2026-07-10,1526,4.7939767282683095,Unknown,Unknown,0,0,False,False
149199,Aditya Birla Sun Life Nifty SDL Plus PSU Bond SEP 2026 60:40 Index Fund-Direct Growth,2021-09-27,2026-07-10,1159,4.783025325119781,Unknown,Unknown,0,0,False,False
149210,ICICI Prudential Nifty PSU Bond Plus SDL Sep 2027 40:60 Index Fund - Direct Plan Growth,2021-09-29,2026-07-10,1156,4.777549623545517,Unknown,Unknown,0,0,False,False
149219,ICICI Prudential NASDAQ 100 Index Fund - Direct Plan - Growth,2021-10-19,2026-07-10,1120,4.722792607802875,Unknown,Unknown,0,0,False,False
149230,Mahindra Manulife Asia Pacific REITs FOF - Direct Plan - Growth,2021-10-22,2026-07-10,1094,4.714579055441479,Unknown,Unknown,0,0,False,False
149232,SBI Fixed Maturity Plan (FMP) - Series 52 (1848 Days) - Direct Plan - Growth,2021-10-05,2026-07-10,1516,4.761122518822724,Unknown,Unknown,0,0,False,False
149240,Motilal Oswal 5 Year G-Sec Fund Of Fund Direct -Growth,2021-10-12,2026-07-10,1148,4.741957563312799,Unknown,Unknown,0,0,False,False
149243,Axis Nifty AAA Bond Plus SDL Apr 2026 50:50 ETF FOF - Direct Plan - Growth Option,2021-10-22,2026-04-30,1100,4.520191649555099,Unknown,Unknown,0,0,False,False
149247,Edelweiss NIFTY PSU Bond Plus SDL Apr 2027 50:50 Index Fund - Direct Plan Growth,2021-10-18,2026-07-10,1145,4.725530458590007,Unknown,Unknown,0,0,False,False
149250,Edelweiss Nifty 50 Index Fund Direct Plan Growth,2021-10-07,2026-07-10,1171,4.75564681724846,Unknown,Unknown,0,0,False,False
149254,Edelweiss Nifty 100 Quality 30 Index Fund Direct Plan Growth,2021-10-07,2026-07-10,1171,4.75564681724846,Unknown,Unknown,0,0,False,False
149261,LIC MF Balanced Advantage Fund-Direct Plan-Growth,2021-11-15,2026-07-10,1146,4.648870636550308,Unknown,Unknown,0,0,False,False
149264,NJ Balanced Advantage Fund - Direct Plan - Growth Option,2021-11-01,2026-07-10,1154,4.687200547570157,Unknown,Unknown,0,0,False,False
149268,ITI Pharma and Healthcare Fund - Direct Plan - Growth Option,2021-11-11,2026-07-10,1147,4.659822039698836,Unknown,Unknown,0,0,False,False
149279,SBI Fixed Maturity Plan (FMP) - Series 53 (1839 Days) - Direct Plan - Growth,2021-11-01,2026-07-10,1493,4.687200547570157,Unknown,Unknown,0,0,False,False
149283,ICICI Prudential Nifty Smallcap 250 Index Fund - Direct Plan - Growth,2021-11-03,2026-07-10,1152,4.681724845995893,Unknown,Unknown,0,0,False,False
149288,HDFC NIFTY Next 50 Index Fund - Direct Plan - Growth Option,2021-11-03,2026-07-10,1152,4.681724845995893,Unknown,Unknown,0,0,False,False
149291,Aditya Birla Sun Life US Equity Passive FOF-Direct-Growth,2021-11-08,2026-07-10,1149,4.6680355920602326,Unknown,Unknown,0,0,False,False
149295,Aditya Birla Sun Life Business Cycle Fund-Direct Growth,2021-12-08,2026-07-10,1130,4.58590006844627,Unknown,Unknown,0,0,False,False
149298,PGIM India Global Select Real Estate Securities Fund of Fund - Direct Plan - Growth Option,2021-12-08,2026-07-10,1088,4.58590006844627,Unknown,Unknown,0,0,False,False
149303,BANDHAN MULTI CAP FUND - GROWTH - DIRECT PLAN,2021-12-03,2026-07-10,1142,4.59958932238193,Unknown,Unknown,0,0,False,False
149307,SBI Fixed Maturity Plan (FMP) - Series 54 (1842 Days) - Direct Plan - Growth,2021-11-15,2026-07-10,1481,4.648870636550308,Unknown,Unknown,0,0,False,False
149318,360 ONE QUANT FUND DIRECT GROWTH,2021-11-30,2026-07-10,1136,4.607802874743326,Unknown,Unknown,0,0,False,False
149321,ITI Banking and Financial Services Fund - Direct Plan - Growth Option,2021-12-08,2026-07-10,1129,4.58590006844627,Unknown,Unknown,0,0,False,False
149329,Nippon India Taiwan Equity Fund- Direct Plan- Growth Option,2021-12-14,2026-07-10,1063,4.569472963723477,Unknown,Unknown,0,0,False,False
149331,ICICI Prudential BSE 500 ETF FOF - Direct Plan - Growth,2021-12-02,2026-07-10,1134,4.602327173169062,Unknown,Unknown,0,0,False,False
149335,Quant Value Fund - Growth Option  - Direct Plan,2021-12-01,2026-07-10,1135,4.605065023956194,Unknown,Unknown,0,0,False,False
149343,Edelweiss NIFTY Large Midcap 250 Index Fund - Direct Plan Growth,2021-12-03,2026-07-10,1134,4.59958932238193,Unknown,Unknown,0,0,False,False
149345,SBI Fixed Maturity Plan (FMP) - Series 55 (1849 Days) - Direct Plan - Growth,2021-11-30,2026-07-10,1468,4.607802874743326,Unknown,Unknown,0,0,False,False
149349,Motilal Oswal MSCI EAFE Top 100 Select Index Fund - Direct Plan Growth,2021-12-07,2024-01-12,519,2.0971937029431897,Unknown,Unknown,0,0,False,False
149361,Tata Corporate Bond Fund-Direct Plan-Growth,2021-12-07,2026-07-10,1113,4.588637919233402,Unknown,Unknown,0,0,False,False
149368,HDFC Multi Cap Fund - Growth Option - Direct Plan,2021-12-10,2026-07-10,1128,4.5804243668720055,Unknown,Unknown,0,0,False,False
149373,Axis Nifty 50 Index Fund - Direct Plan - Growth,2021-12-08,2026-07-10,1138,4.58590006844627,Unknown,Unknown,0,0,False,False
149376,Axis Fixed Term Plan Series 109 (111 Days) - Direct Plan - Growth Option,2021-11-29,2022-03-14,73,0.2874743326488706,Unknown,Unknown,0,0,False,False
149381,Mirae AssetHang Seng TECH ETF Fund of Fund Direct Plan - Growth Option,2021-12-09,2026-07-10,1074,4.583162217659138,Unknown,Unknown,0,0,False,False
149383,Axis Multicap Fund - Direct Growth,2021-12-23,2026-07-10,1127,4.544832306639288,Unknown,Unknown,0,0,False,False
149389,ICICI Prudential Nifty Midcap 150 Index Fund - Direct Plan - Growth,2021-12-23,2026-07-10,1119,4.544832306639288,Unknown,Unknown,0,0,False,False
149401,BHARAT Bond ETF FOF - April 2032 Direct Growth,2021-12-16,2026-07-10,1108,4.563997262149213,Unknown,Unknown,0,0,False,False
149406,Mahindra Manulife Balanced Advantage Fund - Direct Plan - Growth,2022-01-03,2026-07-10,1112,4.514715947980835,Unknown,Unknown,0,0,False,False
149420,SBI Fixed Maturity Plan (FMP) - Series 56 (1232 Days) - Direct Plan - Growth,2021-12-23,2025-04-30,1068,3.351129363449692,Unknown,Unknown,0,0,False,False
149431,SBI Fixed Maturity Plan (FMP) - Series 57 (1835 Days) - Direct Plan - Growth,2021-12-20,2026-07-10,1451,4.553045859000685,Unknown,Unknown,0,0,False,False
149441,ICICI Prudential Passive Multi-Asset Fund of Funds - Direct Plan - Growth,2022-01-17,2026-07-10,1056,4.476386036960986,Unknown,Unknown,0,0,False,False
149447,Navi Nifty Next 50 Index Fund- Direct Plan- Growth,2022-01-20,2026-07-10,1100,4.468172484599589,Unknown,Unknown,0,0,False,False
149450,Samco Flexi Cap Fund - Direct Plan - Growth Option,2022-02-09,2026-07-10,1084,4.413415468856948,Unknown,Unknown,0,0,False,False
149455,ICICI Prudential Strategic Metal and Energy Equity Fund of Fund - Direct Plan Growth,2022-02-03,2026-07-10,1035,4.42984257357974,Unknown,Unknown,0,0,False,False
149460,SBI Fixed Maturity Plan (FMP) - Series 58 (1842 Days) - Direct Plan - Growth,2022-01-12,2026-07-10,1431,4.490075290896646,Unknown,Unknown,0,0,False,False
149466,Axis Nifty Next 50 Index Fund - Direct Plan - Growth,2022-02-02,2026-07-10,1099,4.432580424366872,Unknown,Unknown,0,0,False,False
149474,SBI CPSE Bond Plus SDL Sep 2026 50:50 Index Fund - Direct Plan - Growth,2022-01-27,2026-07-10,1085,4.4490075290896645,Unknown,Unknown,0,0,False,False
149483,Sundaram Nifty 100 Equal Weight Fund (Formerly Known as Principal Nifty 100 Equal Weight Fund) - Direct Plan - Growth Option,2022-01-03,2026-07-10,1112,4.514715947980835,Unknown,Unknown,0,0,False,False
149526,Sundaram Low Duration Fund (Formerly Known as Principal Low Duration Fund) - Direct Plan - Growth Option,2022-01-03,2026-07-10,1093,4.514715947980835,Unknown,Unknown,0,0,False,False
149533,Sundaram Focused Fund (Formerly Known as Principal Focused Multicap Fund)- Direct Plan - Growth Option,2022-01-03,2026-07-10,1112,4.514715947980835,Unknown,Unknown,0,0,False,False
149539,Sundaram Ultra Short Duration Fund (Formerly Known as Principal Ultra Short Term Fund)- Direct Plan -Growth Option,2022-01-03,2026-07-10,1093,4.514715947980835,Unknown,Unknown,0,0,False,False
149550,Sundaram Arbitrage Fund (Formerly Known as Prinicpal Arbitrage Fund) - Direct Plan - Growth,2022-01-03,2026-07-10,1112,4.514715947980835,Unknown,Unknown,0,0,False,False
149570,Sundaram ELSS Tax Saver Fund Direct Plan Growth,2022-01-03,2026-07-10,1112,4.514715947980835,Unknown,Unknown,0,0,False,False
149587,Sundaram Short Duration Fund (Formerly Known as Principal Short Term Debt Fund)- Direct Plan - Growth Option,2022-01-03,2026-07-10,1093,4.514715947980835,Unknown,Unknown,0,0,False,False
149601,Sundaram Aggressive Hybrid Fund (Formerly Known as Principal Hybrid Equity Fund)- Direct Plan - Growth Option,2022-01-03,2026-07-10,1112,4.514715947980835,Unknown,Unknown,0,0,False,False
149664,Sundaram Liquid Fund (Formerly Known as Principal Cash Management Fund) - Direct Plan - Growth Option,2022-01-01,2026-07-12,1441,4.525667351129363,Unknown,Unknown,0,0,False,False
149669,Sundaram Multi Cap Fund (Formerly Known as Principal Multi Cap Growth Fund)-Direct Plan - Growth Option,2022-01-03,2026-07-10,1112,4.514715947980835,Unknown,Unknown,0,0,False,False
149679,Sundaram Equity Savings Fund (Formerly Known as Principal Equity Savings Fund) - Direct Plan - Growth Option,2022-01-03,2026-07-10,1112,4.514715947980835,Unknown,Unknown,0,0,False,False
149717,Sundaram Balanced Advantage Fund ( Formerly Known as Principal Balanced Advantage Fund) - Direct Plan - Growth Option,2022-01-03,2026-07-10,1112,4.514715947980835,Unknown,Unknown,0,0,False,False
149753,Axis CRISIL IBX 70:30 CPSE Plus SDL April 2025 Index Fund - Direct Plan - Growth,2022-02-01,2025-04-30,786,3.241615331964408,Unknown,Unknown,0,0,False,False
149760,Nippon India Silver ETF FOF- Direct Plan-Growth Option,2022-02-08,2026-07-10,1087,4.41615331964408,Unknown,Unknown,0,0,False,False
149763,Invesco India Flexi Cap Fund - Direct Plan - Growth,2022-02-16,2026-07-10,1081,4.394250513347022,Unknown,Unknown,0,0,False,False
149775,ICICI Prudential Silver ETF FOF - Direct Plan - Growth,2022-02-02,2026-07-10,1075,4.432580424366872,Unknown,Unknown,0,0,False,False
149780,Aditya Birla Sun Life Silver ETF FOF-Direct Growth,2022-02-04,2026-07-10,1079,4.427104722792608,Unknown,Unknown,0,0,False,False
149790,Mirae Asset Nifty India Manufacturing ETF FOF - Direct Plan - Growth,2022-02-01,2026-07-10,1092,4.435318275154004,Unknown,Unknown,0,0,False,False
149794,Aditya Birla Sun Life Nifty SDL Apr 2027 Index Fund-Direct Growth,2022-01-31,2026-07-10,1075,4.438056125941136,Unknown,Unknown,0,0,False,False
149797,TRUST MF OVERNIGHT FUND-DIRECT PLAN-GROWTH,2022-01-19,2026-07-12,1361,4.476386036960986,Unknown,Unknown,0,0,False,False
149803,UTI BSE Sensex Index Fund - Direct Plan - Growth Option,2022-02-01,2026-07-10,1092,4.435318275154004,Unknown,Unknown,0,0,False,False
149804,Navi Nifty Bank Index Fund- Direct Plan- Growth,2022-02-04,2026-07-10,1090,4.427104722792608,Unknown,Unknown,0,0,False,False
149806,PGIM India Low Duration Fund - Segregated Portfolio 1 - Direct Plan - Growth Option,2022-01-24,2023-09-29,409,1.678302532511978,Unknown,Unknown,0,0,False,False
149816,DSP Global Innovation Overseas Equity Omni FoF - Direct - Growth,2022-02-15,2026-07-09,985,4.394250513347022,Unknown,Unknown,0,0,False,False
149822,SBI Fixed Maturity Plan (FMP) - Series 59 (1618 Days) - Direct Plan - Growth,2022-02-08,2026-07-06,1404,4.405201916495551,Unknown,Unknown,0,0,False,False
149826,JM Overnight Fund - (Direct) - Unclaimed Redemption I.E.F. - Growth Plan,2022-01-24,2026-07-12,1389,4.462696783025325,Unknown,Unknown,0,0,False,False
149829,JM Overnight Fund - (Direct) - Unclaimed Redemption - Growth Plan,2022-01-24,2026-07-12,1389,4.462696783025325,Unknown,Unknown,0,0,False,False
149830,Navi Total Stock Market US Specific Equity Passive FoF- Direct Plan- Growth,2022-02-24,2026-07-10,1037,4.372347707049966,Unknown,Unknown,0,0,False,False
149832,BANDHAN NIFTY 100 INDEX FUND - DIRECT PLAN - GROWTH,2022-02-25,2026-07-10,1083,4.369609856262834,Unknown,Unknown,0,0,False,False
149838,Aditya Birla Sun Life Nifty Next 50 Index Fund-Direct Growth,2022-02-21,2026-07-10,1078,4.380561259411362,Unknown,Unknown,0,0,False,False
149841,Kotak Manufacture in India Fund - Direct Plan Growth,2022-03-02,2026-07-10,1072,4.355920602327173,Unknown,Unknown,0,0,False,False
149847,Axis Multi Factor Passive FoF - Direct Plan - Growth Option,2022-02-28,2026-07-10,1081,4.361396303901437,Unknown,Unknown,0,0,False,False
149855,Kotak Nifty SDL Apr  2027 Top 12 Equal Weight Index Fund-Direct Plan-Growth,2022-02-18,2026-07-10,1061,4.388774811772758,Unknown,Unknown,0,0,False,False
149858,ICICI Prudential Nifty Bank Index Fund - Direct Plan Growth,2022-03-03,2026-07-10,1071,4.353182751540041,Unknown,Unknown,0,0,False,False
149865,Kotak Nifty SDL Apr 2032 Top 12 Equal Weight Index Fund-Direct Plan- Growth,2022-02-18,2026-07-10,1061,4.388774811772758,Unknown,Unknown,0,0,False,False
149868,HDFC NIFTY 100 Index Fund - Direct Plan - Growth Option,2022-02-23,2026-07-10,1076,4.375085557837098,Unknown,Unknown,0,0,False,False
149870,HDFC Nifty 100 Equal Weight Index Fund - Direct Plan - Growth Option,2022-02-23,2026-07-10,1076,4.375085557837098,Unknown,Unknown,0,0,False,False
149873,Axis CRISIL IBX SDL May 2027 Index Fund - Direct Plan - Growth,2022-02-25,2026-07-10,1064,4.369609856262834,Unknown,Unknown,0,0,False,False
149878,SBI Fixed Maturity Plan (FMP) - Series 60 (1878 Days) - Direct Plan - Growth,2022-02-22,2026-07-10,1396,4.37782340862423,Unknown,Unknown,0,0,False,False
149881,UTI BSE Low Volatility Index Fund - Direct Plan  - Growth Option,2022-03-07,2026-07-10,1069,4.342231348391513,Unknown,Unknown,0,0,False,False
149882,SBI Multicap Fund- Direct Plan- Growth option,2022-03-15,2026-07-10,1072,4.3203285420944555,Unknown,Unknown,0,0,False,False
149892,Navi Nifty Midcap 150 Index Fund Direct Plan- Growth,2022-03-11,2026-07-10,1066,4.331279945242985,Unknown,Unknown,0,0,False,False
149894,Axis Nifty Smallcap 50 Index Fund - Direct Plan - Growth Option,2022-03-15,2026-07-10,1071,4.3203285420944555,Unknown,Unknown,0,0,False,False
149908,ITI Conservative Hybrid Fund- Direct Plan- Growth Option,2022-03-15,2023-12-29,436,1.7905544147843941,Unknown,Unknown,0,0,False,False
149910,Navi NASDAQ100 US Specific Equity Passive FOF- Direct- Growth,2022-03-25,2026-07-10,1018,4.292950034223135,Unknown,Unknown,0,0,False,False
149917,Nippon India Fixed Maturity Plan-XLIII-Series 5- Direct Plan-Growth Option,2022-03-07,2026-07-10,1051,4.342231348391513,Unknown,Unknown,0,0,False,False
149924,HDFC FMP 1861D March 2022 - Growth Option - Direct Plan,2022-03-09,2026-07-10,1050,4.336755646817249,Unknown,Unknown,0,0,False,False
149934,HDFC FMP 1162D March 2022 - Growth Option - Direct Plan,2022-03-15,2025-05-19,768,3.1786447638603694,Unknown,Unknown,0,0,False,False
149936,Axis Nifty Midcap 50 Index Fund - Direct Plan - Growth Option,2022-03-31,2026-07-10,1060,4.276522929500342,Unknown,Unknown,0,0,False,False
149950,Edelweiss CRISIL PSU Plus SDL 50:50 Oct 2025 Index Fund - Direct Plan Growth,2022-03-11,2025-10-31,882,3.6413415468856947,Unknown,Unknown,0,0,False,False
149961,Invesco India - Invesco EQQQ Nasdaq-100 ETF Fund of Fund - Direct Plan - Growth,2022-04-25,2026-07-10,941,4.20807665982204,Unknown,Unknown,0,0,False,False
149966,HSBC CRISIL IBX 50:50 Gilt Plus SDL Apr 2028 Index Fund - Direct - Growth,2022-04-04,2026-07-10,1034,4.265571526351814,Unknown,Unknown,0,0,False,False
149970,DSP Nifty SDL Plus G-Sec Jun 2028 30:70 Index Fund - Direct - Growth,2022-03-22,2026-07-10,1045,4.301163586584531,Unknown,Unknown,0,0,False,False
149993,SBI Fixed Maturity Plan (FMP)- Series 61 (1927 Days)- Direct Plan- Growth option,2022-03-29,2026-07-10,1366,4.2819986310746065,Unknown,Unknown,0,0,False,False
149999,ICICI Prudential Nifty SDL Sep 2027 Index Fund - Direct Plan - Growth,2022-03-25,2026-07-10,1038,4.292950034223135,Unknown,Unknown,0,0,False,False
150002,HDFC FMP 1876D March 2022 - Growth Option - Direct Plan,2022-03-29,2026-07-10,1037,4.2819986310746065,Unknown,Unknown,0,0,False,False
150012,Nippon India Nifty AAA CPSE Bond Plus SDL - Apr 2027 Maturity 60:40 Index Fund - Direct Plan - Growth Option,2022-03-29,2026-07-10,1036,4.2819986310746065,Unknown,Unknown,0,0,False,False
150159,BARODA BNP PARIBAS ELSS Tax Saver Fund - Direct Plan - Growth Option,2022-03-14,2026-07-10,1064,4.323066392881588,Unknown,Unknown,0,0,False,False
150169,BARODA BNP PARIBAS LOW DURATION Fund - Direct Plan - Growth Option,2022-03-14,2026-07-10,1046,4.323066392881588,Unknown,Unknown,0,0,False,False
150180,Baroda BNP Paribas Dynamic Bond Fund - Direct Plan - Growth Option,2022-03-14,2026-07-10,1046,4.323066392881588,Unknown,Unknown,0,0,False,False
150187,BARODA BNP PARIBAS LARGE CAP Fund - Direct Plan - Growth Option,2022-03-14,2026-07-10,1064,4.323066392881588,Unknown,Unknown,0,0,False,False
150206,BARODA BNP PARIBAS Conservative Hybrid Fund - Direct Plan - Growth Option,2022-03-14,2026-07-10,1046,4.323066392881588,Unknown,Unknown,0,0,False,False
150212,BARODA BNP PARIBAS Mid Cap Fund - Direct Plan - Growth Option,2022-03-14,2026-07-10,1064,4.323066392881588,Unknown,Unknown,0,0,False,False
150237,BARODA BNP PARIBAS Corporate Bond Fund - Direct Plan - Growth Option,2022-03-14,2026-07-10,1046,4.323066392881588,Unknown,Unknown,0,0,False,False
150241,BARODA BNP PARIBAS Medium Duration Fund - Direct Plan - Growth Option,2022-03-14,2024-09-10,604,2.4941820670773445,Unknown,Unknown,0,0,False,False
150251,BARODA BNP PARIBAS ARBITRAGE FUND-DIRECT PLAN-GROWTH OPTION,2022-03-14,2026-07-10,1064,4.323066392881588,Unknown,Unknown,0,0,False,False
150260,Baroda BNP Paribas Aggressive Hybrid Fund- DIRECT PLAN - GROWTH OPTION,2022-03-14,2026-07-10,1064,4.323066392881588,Unknown,Unknown,0,0,False,False
150264,BARODA BNP PARIBAS Focused Fund - Direct Plan - Growth Option,2022-03-14,2026-07-10,1064,4.323066392881588,Unknown,Unknown,0,0,False,False
150266,BARODA BNP PARIBAS India Consumption Fund - Direct Plan - Growth Option,2022-03-14,2026-07-10,1064,4.323066392881588,Unknown,Unknown,0,0,False,False
150285,Baroda BNP Paribas Aqua Fund of Fund - Direct Plan - Growth Option,2022-03-13,2026-07-09,1027,4.323066392881588,Unknown,Unknown,0,0,False,False
150294,Baroda BNP Paribas Medium Duration Fund - Direct Plan - Growth - Segregated Portfolio - 1,2022-03-14,2024-09-10,603,2.4941820670773445,Unknown,Unknown,0,0,False,False
150310,ICICI PRUDENTIAL HOUSING OPPORTUNITIES FUND - Direct Plan Growth,2022-04-19,2026-07-10,1041,4.224503764544832,Unknown,Unknown,0,0,False,False
150313,UTI Nifty Midcap 150 Quality 50 Index Fund - Direct Plan - Growth Option,2022-04-13,2026-07-10,1043,4.240930869267625,Unknown,Unknown,0,0,False,False
150316,Aditya Birla Sun Life Fixed Term Plan - Series TQ (1879 days) - Direct Plan - Growth Option,2022-03-25,2026-07-10,1039,4.292950034223135,Unknown,Unknown,0,0,False,False
150320,Kotak FMP Series-294-105 days-Direct Plan- Growth,2022-03-31,2022-07-08,67,0.27104722792607805,Unknown,Unknown,0,0,False,False
150326,Tata Nifty SDL Plus AAA PSU Bond Dec 6040 Index Fund- Direct Plan-Growth,2022-04-05,2026-07-10,1033,4.262833675564682,Unknown,Unknown,0,0,False,False
150344,Tata Nifty India Digital ETF Fund of Fund-Direct Plan-Growth,2022-04-22,2026-07-10,1038,4.216290212183436,Unknown,Unknown,0,0,False,False
150346,WhiteOak Capital Flexi Cap Fund Direct Plan-Growth,2022-08-03,2026-07-10,966,3.9342915811088295,Unknown,Unknown,0,0,False,False
150353,Aditya Birla Sun Life Crisil IBX 60:40 SDL+AAA PSU-Apr 2027 Index Fund-Direct Growth,2022-03-30,2026-07-10,1036,4.2792607802874745,Unknown,Unknown,0,0,False,False
150357,Aditya Birla Sun Life Crisil IBX 60:40 SDL+AAA PSU-APR 2025 Index Fund-Direct Growth,2022-03-31,2025-04-30,746,3.082819986310746,Unknown,Unknown,0,0,False,False
150358,Mirae Asset Nifty SDL Jun 2027 Index Fund -Direct Plan - Growth,2022-03-31,2026-07-10,1034,4.276522929500342,Unknown,Unknown,0,0,False,False
150362,SBI Fixed Maturity Plan (FMP)- Series 62 (191 Days)- Direct Plan- Growth option,2022-04-06,2022-10-06,158,0.5010266940451745,Unknown,Unknown,0,0,False,False
150367,NJ Arbitrage Fund - Direct Plan - Growth Option,2022-08-02,2026-07-10,967,3.9370294318959616,Unknown,Unknown,0,0,False,False
150369,NJ Overnight Fund - Direct Plan - Growth Option,2022-08-02,2026-07-12,1092,3.9425051334702257,Unknown,Unknown,0,0,False,False
150376,Edelweiss Focused Fund - Direct Plan - Growth,2022-08-03,2026-07-10,967,3.9342915811088295,Unknown,Unknown,0,0,False,False
150379,SBI Fixed Maturity Plan (FMP) - Series 66 (1361 Days) - Direct Plan - Growth,2022-07-26,2026-04-09,1201,3.704312114989733,Unknown,Unknown,0,0,False,False
150387,Baroda BNP Paribas Flexi Cap Fund - Direct Plan - Growth Option,2022-08-22,2026-07-10,955,3.8822724161533197,Unknown,Unknown,0,0,False,False
150390,Quantum Nifty 50 ETF FOF - Direct Plan - Growth,2022-08-05,2026-07-10,964,3.9288158795345653,Unknown,Unknown,0,0,False,False
150392,LIC MF Money Market Fund-Direct Plan-Growth,2022-08-03,2026-07-10,950,3.9342915811088295,Unknown,Unknown,0,0,False,False
150395,HDFC FMP 1158D July 2022 - Growth Option - Direct Plan,2022-07-26,2025-09-25,769,3.167693360711841,Unknown,Unknown,0,0,False,False
150404,BANDHAN MIDCAP FUND - GROWTH - DIRECT PLAN,2022-08-19,2026-07-10,965,3.890485968514716,Unknown,Unknown,0,0,False,False
150407,Union Gilt Fund - Direct Plan - Growth Option,2022-08-17,2026-07-10,943,3.89596167008898,Unknown,Unknown,0,0,False,False
150410,UTI Gilt Fund with 10 year Constant Duration - Direct Plan - Growth Option,2022-08-03,2026-07-10,950,3.9342915811088295,Unknown,Unknown,0,0,False,False
150428,DSP Nifty Midcap 150 Quality 50 Index Fund - Direct - Growth,2022-08-04,2026-07-10,965,3.9315537303216974,Unknown,Unknown,0,0,False,False
150431,Aditya Birla Sun Life Fixed Term Plan - Series TS (91 days) - Direct Plan - Growth Option,2022-07-22,2022-10-19,59,0.243668720054757,Unknown,Unknown,0,0,False,False
150440,quant Large Cap Fund - Growth Option - Direct Plan,2022-08-12,2026-07-10,960,3.909650924024641,Unknown,Unknown,0,0,False,False
150443,Motilal Oswal BSE Financials ex Bank 30 Index Fund Direct Growth,2022-08-04,2026-07-10,965,3.9315537303216974,Unknown,Unknown,0,0,False,False
150449,ICICI Prudential Fixed Maturity Plan - Series 88 - 226 Days Plan E - Direct Plan - Growth,2022-07-28,2023-03-09,151,0.6132785763175906,Unknown,Unknown,0,0,False,False
150452,ICICI Prudential Nifty 200 Momentum 30 Index Fund - Direct Plan - Growth,2022-08-08,2026-07-10,963,3.920602327173169,Unknown,Unknown,0,0,False,False
150460,SBI Fixed Maturity Plan (FMP) - Series 67 (1467 Days) - Direct Plan - Growth,2022-08-05,2026-07-10,1255,3.9288158795345653,Unknown,Unknown,0,0,False,False
150462,Aditya Birla Sun Life Fixed Term Plan - Series TT (153 days) - Direct Plan - Growth Option,2022-08-01,2022-12-28,100,0.4079397672826831,Unknown,Unknown,0,0,False,False
150468,ICICI Prudential Nifty IT Index Fund - Direct Plan - Growth,2022-08-19,2026-07-10,956,3.890485968514716,Unknown,Unknown,0,0,False,False
150470,Mirae Asset Balanced Advantage Fund Direct Plan- Growth,2022-08-12,2026-07-10,960,3.909650924024641,Unknown,Unknown,0,0,False,False
150481,Franklin India Balanced Advantage Fund- Growth- Direct,2022-09-06,2026-07-10,944,3.8412046543463383,Unknown,Unknown,0,0,False,False
150484,Aditya Birla Sun Life Long Duration Fund-Direct Growth,2022-08-10,2026-07-10,947,3.915126625598905,Unknown,Unknown,0,0,False,False
150487,Nippon India Nifty Alpha Low Volatility 30 Index Fund - Direct Plan - Growth Option,2022-08-22,2026-07-10,955,3.8822724161533197,Unknown,Unknown,0,0,False,False
150505,Canara Robeco Banking and PSU Debt Fund- Direct Plan- Growth Option,2022-08-24,2026-07-10,938,3.8767967145790556,Unknown,Unknown,0,0,False,False
150513,TRUSTMF MONEY MARKET FUND-DIRECT PLAN-GROWTH,2022-08-18,2026-07-10,943,3.893223819301848,Unknown,Unknown,0,0,False,False
150515,Navi Nifty India Manufacturing Index Fund- Direct Plan- Growth,2022-08-29,2026-07-10,951,3.863107460643395,Unknown,Unknown,0,0,False,False
150532,Tata Housing Opportunities Fund - Direct Plan - Growth,2022-09-09,2026-07-10,942,3.8329911019849416,Unknown,Unknown,0,0,False,False
150539,ICICI Prudential PSU Equity Fund - Direct Plan - Growth,2022-09-13,2026-07-10,940,3.8220396988364134,Unknown,Unknown,0,0,False,False
150545,JM Short Duration Fund (Direct) - Growth,2022-09-01,2026-07-10,933,3.8548939082819986,Unknown,Unknown,0,0,False,False
150547,HDFC FMP 1406D August 2022 - Growth Option - Direct Plan,2022-08-25,2026-06-30,930,3.8466803559206024,Unknown,Unknown,0,0,False,False
150554,Union Retirement Fund - Direct Plan - Growth Option,2022-09-29,2026-07-10,928,3.7782340862423,Unknown,Unknown,0,0,False,False
150562,Shriram Overnight Fund -  Direct Growth,2022-09-05,2026-05-29,1143,3.728952772073922,Unknown,Unknown,0,0,False,False
150571,Sundaram Flexicap Fund Direct Growth,2022-09-07,2026-07-10,944,3.838466803559206,Unknown,Unknown,0,0,False,False
150576,SBI Fixed Maturity Plan (FMP) - Series 63 (372 Days) - Direct Plan - Growth,2022-08-30,2023-08-29,316,0.9965776865160849,Unknown,Unknown,0,0,False,False
150581,Edelweiss Gold and Silver ETF FOF - Direct Plan - Growth,2022-09-16,2026-07-10,938,3.813826146475017,Unknown,Unknown,0,0,False,False
150584,WhiteOak Capital Mid Cap Fund Direct Plan Growth,2022-09-08,2026-07-10,943,3.8357289527720737,Unknown,Unknown,0,0,False,False
150587,WhiteOak Capital ELSS Tax Saver Fund Direct Plan Growth,2022-10-17,2026-07-10,917,3.728952772073922,Unknown,Unknown,0,0,False,False
150591,BANDHAN NIFTY200 MOMENTUM 30 INDEX FUND - GROWTH - DIRECT PLAN,2022-09-05,2026-07-10,955,3.8439425051334704,Unknown,Unknown,0,0,False,False
150595,Mirae Asset Global Electric & Autonomous Vehicles Equity Passive FOF - Direct Plan - Growth,2022-09-08,2026-07-10,943,3.8357289527720737,Unknown,Unknown,0,0,False,False
150597,Mirae Asset Global X Artificial Intelligence & Technology ETF Fund of Fund - Direct Plan- Growth,2022-09-08,2026-07-10,909,3.8357289527720737,Unknown,Unknown,0,0,False,False
150601,Kotak FMP Series 296-Direct Plan-Growth,2022-08-29,2022-11-29,62,0.2518822724161533,Unknown,Unknown,0,0,False,False
150602,SBI Fixed Maturity Plan (FMP) - Series 64 (1169 Days) - Direct Plan - Growth,2022-09-07,2025-11-10,1029,3.1759069130732374,Unknown,Unknown,0,0,False,False
150614,SBI Fixed Maturity Plan (FMP) - Series 65 (367 Days) - Direct Plan - Growth,2022-09-13,2023-09-07,312,0.9828884325804244,Unknown,Unknown,0,0,False,False
150615,Axis Silver Fund of Fund- Direct Plan-Growth Option,2022-09-27,2026-07-10,938,3.783709787816564,Unknown,Unknown,0,0,False,False
150624,Kotak Business Cycle - Direct Plan - Growth,2022-10-06,2026-07-10,924,3.759069130732375,Unknown,Unknown,0,0,False,False
150627,Nippon India Fixed Maturity Plan-XLIV-Series 1-Direct Plan-Growth Option,2022-09-23,2026-07-10,917,3.7946611909650922,Unknown,Unknown,0,0,False,False
150631,Samco Overnight Fund - Direct Plan - Growth Option,2022-10-13,2026-07-12,1121,3.7453798767967146,Unknown,Unknown,0,0,False,False
150636,BANDHAN NIFTY100 LOW VOLATILITY 30 INDEX FUND - GROWTH - DIRECT PLAN,2022-10-07,2026-07-10,932,3.756331279945243,Unknown,Unknown,0,0,False,False
150639,ICICI Prudential Nifty50 Equal Weight Index Fund- Direct Plan - Growth,2022-10-04,2026-07-10,925,3.7645448323066395,Unknown,Unknown,0,0,False,False
150643,ICICI Prudential Nifty Auto Index Fund - Direct Plan - Growth,2022-10-12,2026-07-10,920,3.7426420260095825,Unknown,Unknown,0,0,False,False
150649,SBI Fixed Maturity Plan (FMP) - Series 68 (1302 Days) - Direct Plan - Growth,2022-09-29,2026-04-15,1148,3.542778918548939,Unknown,Unknown,0,0,False,False
150655,HDFC FMP 1359D September - Growth Option - Direct Plan,2022-10-11,2026-06-30,899,3.7180013689253935,Unknown,Unknown,0,0,False,False
150659,LIC MF Multi Cap Fund-Direct Plan-Growth,2022-11-02,2026-07-10,907,3.685147159479808,Unknown,Unknown,0,0,False,False
150663,Aditya Birla Sun Life Nifty SDL Sep 2025 Index Fund-Direct Growth,2022-09-29,2025-09-30,728,3.0034223134839153,Unknown,Unknown,0,0,False,False
150666,Aditya Birla Sun Life Fixed Term Plan - Series TX (91 days) - Direct Plan - Growth Option,2022-09-23,2022-12-21,60,0.243668720054757,Unknown,Unknown,0,0,False,False
150671,Edelweiss CRISIL IBX 50:50 Gilt Plus SDL April 2037 Index Fund - Direct Plan - Growth,2022-10-13,2026-07-10,905,3.7399041752224504,Unknown,Unknown,0,0,False,False
150673,SBI Nifty Midcap 150 Index Fund - Direct Plan - Growth,2022-10-11,2026-07-10,930,3.7453798767967146,Unknown,Unknown,0,0,False,False
150677,SBI Nifty Smallcap 250 Index Fund - Direct Plan - Growth,2022-10-11,2026-07-10,930,3.7453798767967146,Unknown,Unknown,0,0,False,False
150681,SBI |CRISIL IBX Gilt Index - June 2036 Fund - Direct Plan - Growth,2022-10-10,2026-07-10,916,3.7481177275838466,Unknown,Unknown,0,0,False,False
150685,ICICI PRUDENTIAL TRANSPORTATION AND LOGISTICS FUND - Direct Plan - Growth,2022-10-31,2026-07-10,909,3.6906228610540723,Unknown,Unknown,0,0,False,False
150688,Aditya Birla Sun Life Multi-Asset Passive FOF-Direct Growth,2022-10-18,2026-07-10,914,3.7262149212867897,Unknown,Unknown,0,0,False,False
150692,TATA CRISIL-IBX GILT INDEX - APRIL 2026 INDEX FUND - DIRECT PLAN - GROWTH,2022-10-04,2026-02-13,816,3.36208076659822,Unknown,Unknown,0,0,False,False
150698,Aditya Birla Sun Life Crisil IBX Gilt-April 2026 Index Fund-Direct Growth,2022-10-10,2026-04-30,860,3.5537303216974676,Unknown,Unknown,0,0,False,False
150702,Aditya Birla Sun Life Crisil IBX 50:50 Gilt Plus SDL Apr 2028 Index Fund-Direct Growth,2022-10-17,2026-07-10,903,3.728952772073922,Unknown,Unknown,0,0,False,False
150706,SBI CRISIL IBX Gilt Index - April 2029 Fund - Direct Plan - Growth,2022-10-10,2026-07-10,916,3.7481177275838466,Unknown,Unknown,0,0,False,False
150711,SBI CRISIL IBX SDL Index - September 2027 Fund - Direct Plan - Growth,2022-10-10,2026-07-10,916,3.7481177275838466,Unknown,Unknown,0,0,False,False
150714,UTI Gold ETF Fund of Fund - Direct Plan - Growth Option,2022-10-31,2026-07-10,909,3.6906228610540723,Unknown,Unknown,0,0,False,False
150716,BANDHAN TRANSPORTATION AND LOGISTICS FUND - GROWTH - DIRECT PLAN,2022-10-27,2026-07-10,920,3.701574264202601,Unknown,Unknown,0,0,False,False
150725,Kotak Nifty SDL Plus AAA PSU Bond Jul 2028 60:40 Index Fund Direct Plan - Growth,2022-10-17,2026-07-10,902,3.728952772073922,Unknown,Unknown,0,0,False,False
150727,Edelweiss CRISIL IBX 50:50 Gilt Plus SDL June 2027 Index Fund - Direct Plan - Growth,2022-10-20,2026-07-10,900,3.7207392197125255,Unknown,Unknown,0,0,False,False
150729,ICICI Prudential Nifty SDL Dec 2028 Index Fund - Direct Plan - Growth,2022-10-13,2026-07-10,904,3.7399041752224504,Unknown,Unknown,0,0,False,False
150733,ICICI Prudential Nifty G-Sec Dec 2030 Index Fund - Direct Plan - Growth,2022-10-12,2026-07-10,905,3.7426420260095825,Unknown,Unknown,0,0,False,False
150737,HDFC Silver ETF Fund of Fund - Growth Option - Direct Plan,2022-10-28,2026-07-10,911,3.698836413415469,Unknown,Unknown,0,0,False,False
150738,Tata Nifty Midcap 150 Momentum 50 Index Fund - Growth - Direct Plan,2022-10-31,2026-07-10,909,3.6906228610540723,Unknown,Unknown,0,0,False,False
150746,BANDHAN CRISIL IBX GILT APRIL 2026 INDEX FUND - DIRECT PLAN - GROWTH,2022-10-21,2026-04-30,858,3.5236139630390144,Unknown,Unknown,0,0,False,False
150751,Axis NASDAQ 100 US Specific Equity Passive FOF - Direct Plan - Growth,2022-11-04,2026-07-10,887,3.679671457905544,Unknown,Unknown,0,0,False,False
150754,Nippon India Nifty AAA PSU Bond Plus SDL - Sep 2026 Maturity 50:50 Index Fund-Direct Plan-Growth Option,2022-10-28,2026-07-10,895,3.698836413415469,Unknown,Unknown,0,0,False,False
150773,Aditya Birla Sun Life Fixed Term Plan - Series TY (76 days) - Direct Plan - Growth Option,2022-10-21,2023-01-03,50,0.2026009582477755,Unknown,Unknown,0,0,False,False
150778,Aditya Birla Sun Life Crisil IBX Gilt-Apr-2029 Index Fund-Direct Growth,2022-10-21,2026-07-10,899,3.7180013689253935,Unknown,Unknown,0,0,False,False
150783,Kotak FMP Series 297-Direct Plan-Growth,2022-10-21,2023-03-20,102,0.4106776180698152,Unknown,Unknown,0,0,False,False
150788,Mirae Asset Nifty AAA PSU Bond Plus SDL Apr 2026 50:50 Index Fund - Direct Plan - Growth,2022-10-21,2026-04-30,850,3.5236139630390144,Unknown,Unknown,0,0,False,False
150792,Mirae Asset CRISIL IBX Gilt Index - April 2033 Index Fund - Direct Plan - Growth,2022-10-21,2026-07-10,898,3.7180013689253935,Unknown,Unknown,0,0,False,False
150797,WhiteOak Capital Large Cap Fund Direct Plan Growth,2022-12-02,2026-07-10,886,3.6030116358658453,Unknown,Unknown,0,0,False,False
150805,HDFC Business Cycle Fund - Growth Option - Direct Plan,2022-11-30,2026-07-10,888,3.6084873374401094,Unknown,Unknown,0,0,False,False
150807,Edelweiss CRISIL IBX 50:50 Gilt Plus SDL Sep 2028 Index Fund - Direct Plan - Growth,2022-11-14,2026-07-10,886,3.652292950034223,Unknown,Unknown,0,0,False,False
150809,SBI Fixed Maturity Plan (FMP) - Series 69 (367 Days) - Direct Plan - Growth,2022-11-09,2023-11-02,310,0.9801505817932923,Unknown,Unknown,0,0,False,False
150815,JM Midcap Fund (Direct) - Growth,2022-11-25,2026-07-10,891,3.62217659137577,Unknown,Unknown,0,0,False,False
150817,Canara Robeco Mid Cap Fund- Direct Plan- Growth Option,2022-12-06,2026-07-10,884,3.592060232717317,Unknown,Unknown,0,0,False,False
150822,Kotak Income Plus Arbitrage Omni FOF-Direct Plan-Growth,2022-11-21,2026-07-10,881,3.6331279945242985,Unknown,Unknown,0,0,False,False
150824,Nippon India Nifty SDL Plus G-Sec - Jun 2028 Maturity 70:30 Index Fund-Direct Plan-Growth Option,2022-11-25,2026-07-10,876,3.62217659137577,Unknown,Unknown,0,0,False,False
150833,UTI Fixed Term Income Fund - Series XXXV-I (1260 Days) - Direct Plan - Growth Option,2022-11-16,2026-04-27,832,3.4442162902121836,Unknown,Unknown,0,0,False,False
150838,Samco ELSS Tax Saver Fund - Direct Plan - Growth Option,2022-12-29,2026-07-10,867,3.5290896646132786,Unknown,Unknown,0,0,False,False
150842,DSP FMP Series - 267 - 1172 Days - Direct - Growth,2022-11-15,2026-07-10,888,3.649555099247091,Unknown,Unknown,0,0,False,False
150845,HDFC Nifty G-Sec Dec 2026 Index Fund - Growth Option - Direct Plan,2022-11-10,2026-07-10,888,3.6632443531827517,Unknown,Unknown,0,0,False,False
150847,HDFC Nifty G-Sec July 2031 Index Fund - Growth Option - Direct Plan,2022-11-10,2026-07-10,888,3.6632443531827517,Unknown,Unknown,0,0,False,False
150854,Axis Nifty SDL September 2026 Debt Index Fund - Direct Plan - Growth,2022-11-24,2026-07-10,885,3.6249144421629023,Unknown,Unknown,0,0,False,False
150858,Union Multicap Fund - Direct Plan - Growth Option,2022-12-26,2026-07-10,870,3.5373032169746748,Unknown,Unknown,0,0,False,False
150865,Baroda BNP Paribas Multi Asset Fund - Direct Plan - Growth Option,2022-12-26,2026-07-10,870,3.5373032169746748,Unknown,Unknown,0,0,False,False
150868,BANDHAN CRISIL IBX 90:10 SDL PLUS GILT - NOV 2026 INDEX FUND - DIRECT GROWTH,2022-11-18,2026-07-10,890,3.6413415468856947,Unknown,Unknown,0,0,False,False
150871,BANDHAN CRISIL IBX 90:10 SDL PLUS GILT APRIL 2032 INDEX FUND - DIRECT GROWTH,2022-11-30,2026-07-10,882,3.6084873374401094,Unknown,Unknown,0,0,False,False
150875,Aditya Birla Sun Life Fixed Term Plan - Series TZ (90 days) - Direct Plan - Growth Option,2022-11-14,2023-02-08,62,0.23545516769336072,Unknown,Unknown,0,0,False,False
150883,SBI Fixed Maturity Plan (FMP) - Series 71 (364 Days) - Direct Plan - Growth,2022-11-24,2023-11-15,309,0.974674880219028,Unknown,Unknown,0,0,False,False
150885,DSP FMP Series - 268 - 1281 Days - Direct - Growth,2022-11-25,2026-05-29,851,3.5071868583162216,Unknown,Unknown,0,0,False,False
150888,BANDHAN CRISIL IBX 90:10 SDL PLUS GILT - SEP27 INDEX FUND - DIRECT GROWTH,2022-11-25,2026-07-10,885,3.62217659137577,Unknown,Unknown,0,0,False,False
150892,Edelweiss Nifty Smallcap 250 Index Fund - Direct Plan - Growth,2022-12-02,2026-07-10,887,3.6030116358658453,Unknown,Unknown,0,0,False,False
150899,Edelweiss Nifty Next 50 Index Fund - Direct Plan - Growth,2022-12-02,2026-07-10,887,3.6030116358658453,Unknown,Unknown,0,0,False,False
150902,Edelweiss Nifty Midcap150 Momentum 50 Index Fund - Direct Plan - Growth,2022-12-02,2026-07-10,887,3.6030116358658453,Unknown,Unknown,0,0,False,False
150906,Nippon India Nifty G-Sec Sep 2027 Maturity Index Fund-Direct Plan-Growth Option,2022-12-07,2026-07-10,868,3.589322381930185,Unknown,Unknown,0,0,False,False
150908,Nippon India Fixed Horizon Fund XLIV - Series 2-Direct Plan-Growth Option,2022-11-29,2023-03-13,73,0.28473648186173856,Unknown,Unknown,0,0,False,False
150915,Mahindra Manulife Small Cap Fund - Direct Plan - Growth,2022-12-14,2026-07-10,878,3.57015742642026,Unknown,Unknown,0,0,False,False
150919,SBI Fixed Maturity Plan (FMP)-Series 72 (1239 Days) Direct Plan- Growth,2022-11-29,2026-04-13,1095,3.370294318959617,Unknown,Unknown,0,0,False,False
150920,Nippon India Nifty G-Sec Jun 2036 Maturity Index Fund-Direct Plan-Growth Option,2022-12-20,2026-07-10,859,3.5537303216974676,Unknown,Unknown,0,0,False,False
150930,ICICI Prudential Nifty Pharma Index Fund - Direct Plan - Growth,2022-12-15,2026-07-10,877,3.567419575633128,Unknown,Unknown,0,0,False,False
150932,Nippon India Fixed Maturity Plan - XLIV - Series 4-Direct Plan-Growth Option,2022-12-09,2026-04-13,806,3.3429158110882957,Unknown,Unknown,0,0,False,False
150938,Aditya Birla Sun Life Crisil IBX 60:40 SDL + AAA PSU APR 2026 Index Fund-Direct Growth,2022-12-06,2026-04-30,822,3.3976728268309375,Unknown,Unknown,0,0,False,False
150947,Kotak FMP Series 299 - Direct Plan - Growth,2022-11-30,2023-03-13,72,0.28199863107460643,Unknown,Unknown,0,0,False,False
150950,ICICI Prudential Fixed Maturity Plan - Series 88 - 1226 Days Plan F - Direct Plan - Growth,2022-12-09,2026-04-16,808,3.351129363449692,Unknown,Unknown,0,0,False,False
150955,ICICI Prudential Fixed Maturity Plan - Series 88 - 91 Days Plan G - Direct Plan - Growth,2022-12-14,2023-03-13,62,0.243668720054757,Unknown,Unknown,0,0,False,False
150963,UTI Fixed Term Income Fund - Series XXXV-II (1223 Days) - Direct Plan - Growth Option,2022-12-13,2026-04-15,805,3.3374401095140316,Unknown,Unknown,0,0,False,False
150984,SBI Fixed Maturity Plan (FMP) - Series 73 (1226 Days) - Direct Plan - Growth,2022-12-15,2026-04-16,1083,3.3347022587268995,Unknown,Unknown,0,0,False,False
150989,BHARAT Bond ETF FOF - April 2033 - Direct Plan - Growth,2022-12-16,2026-07-10,864,3.564681724845996,Unknown,Unknown,0,0,False,False
150996,HSBC Corporate Bond Fund - Direct Growth,2022-11-28,2026-07-10,876,3.6139630390143735,Unknown,Unknown,0,0,False,False
151014,HSBC Gilt Fund - Direct Growth,2022-11-28,2026-07-10,876,3.6139630390143735,Unknown,Unknown,0,0,False,False
151036,HSBC Midcap Fund - Direct Growth,2022-11-28,2026-07-10,890,3.6139630390143735,Unknown,Unknown,0,0,False,False
151040,HSBC Infrastructure Fund - Direct Growth,2022-11-28,2026-07-10,890,3.6139630390143735,Unknown,Unknown,0,0,False,False
151045,HSBC Credit Risk Fund - Direct Growth,2022-11-28,2026-07-10,876,3.6139630390143735,Unknown,Unknown,0,0,False,False
151054,HSBC Money Market Fund - Direct Growth,2022-11-28,2026-07-10,876,3.6139630390143735,Unknown,Unknown,0,0,False,False
151060,HSBC Equity Savings Fund - Direct Growth,2022-11-28,2026-07-10,890,3.6139630390143735,Unknown,Unknown,0,0,False,False
151067,HSBC Short Duration Fund - Direct Growth,2022-11-28,2026-07-10,876,3.6139630390143735,Unknown,Unknown,0,0,False,False
151078,HSBC ELSS Tax saver Fund - Direct Growth,2022-11-28,2026-07-10,890,3.6139630390143735,Unknown,Unknown,0,0,False,False
151087,HSBC Dynamic Bond Fund - Direct Growth,2022-11-28,2026-07-10,876,3.6139630390143735,Unknown,Unknown,0,0,False,False
151107,HSBC Banking and PSU Debt Fund - Direct Growth,2022-11-28,2026-07-10,876,3.6139630390143735,Unknown,Unknown,0,0,False,False
151113,HSBC Value Fund - Direct Growth,2022-11-28,2026-07-10,890,3.6139630390143735,Unknown,Unknown,0,0,False,False
151117,HSBC Low Duration Fund - Direct Growth,2022-11-28,2026-07-10,876,3.6139630390143735,Unknown,Unknown,0,0,False,False
151122,HSBC Aggressive Hybrid Fund - Direct Growth,2022-11-28,2026-07-10,890,3.6139630390143735,Unknown,Unknown,0,0,False,False
151129,HSBC Balanced Advantage Fund - Direct Growth,2022-11-28,2026-07-10,890,3.6139630390143735,Unknown,Unknown,0,0,False,False
151130,HSBC Small Cap Fund - Direct Growth,2022-11-28,2026-07-10,890,3.6139630390143735,Unknown,Unknown,0,0,False,False
151138,HSBC Arbitrage Fund - Direct Growth,2022-11-28,2026-07-10,890,3.6139630390143735,Unknown,Unknown,0,0,False,False
151142,HSBC Business Cycles Fund - Direct Growth,2022-11-28,2026-07-10,890,3.6139630390143735,Unknown,Unknown,0,0,False,False
151146,HSBC Medium Duration Fund - Direct Growth,2022-11-28,2026-07-10,876,3.6139630390143735,Unknown,Unknown,0,0,False,False
151157,HSBC NIFTY 50 INDEX FUND - Direct Growth,2022-11-28,2026-07-10,890,3.6139630390143735,Unknown,Unknown,0,0,False,False
151160,HSBC NIFTY NEXT 50 INDEX FUND - Direct Growth,2022-11-28,2026-07-10,890,3.6139630390143735,Unknown,Unknown,0,0,False,False
151165,360 ONE ELSS Tax Saver Nifty 50 Index Fund - Direct Plan - Growth,2023-01-02,2026-07-10,865,3.5181382614647503,Unknown,Unknown,0,0,False,False
151174,Kotak FMP Series 300 - Direct Plan - Growth,2022-12-15,2026-04-15,803,3.3319644079397674,Unknown,Unknown,0,0,False,False
151179,Axis Long Duration Fund - Direct Plan - Growth,2022-12-30,2026-07-10,859,3.5263518138261465,Unknown,Unknown,0,0,False,False
151181,HDFC Nifty G-Sec Jun 2027 Index Fund - Growth Option - Direct Plan,2022-12-09,2026-07-10,867,3.583846680355921,Unknown,Unknown,0,0,False,False
151183,HDFC Nifty G-Sec Sep 2032 Index Fund - Growth Option - Direct Plan,2022-12-09,2026-07-10,867,3.583846680355921,Unknown,Unknown,0,0,False,False
151185,UTI CRISIL SDL Maturity April 2033 Index Fund - Direct Plan - Growth Option,2022-12-22,2026-07-10,857,3.5482546201232035,Unknown,Unknown,0,0,False,False
151186,Aditya Birla Sun Life Fixed Term Plan - Series UB (1224 days) - Direct Plan Growth Option,2022-12-20,2026-04-22,806,3.3374401095140316,Unknown,Unknown,0,0,False,False
151190,quant Overnight Fund - Growth Option - Direct Plan,2022-12-05,2026-07-12,1015,3.600273785078713,Unknown,Unknown,0,0,False,False
151211,ICICI Prudential Nifty SDL Sep 2026 Index Fund - Direct Plan - Growth,2022-12-22,2026-07-10,857,3.5482546201232035,Unknown,Unknown,0,0,False,False
151214,SBI Long Duration Fund - Direct Plan - Growth,2022-12-28,2026-07-10,862,3.5318275154004106,Unknown,Unknown,0,0,False,False
151218,Kotak Nifty SDL Jul 2026 Index Fund Direct Plan Growth,2022-12-28,2026-07-10,853,3.5318275154004106,Unknown,Unknown,0,0,False,False
151225,HDFC FMP 1204D December - Growth Option - Direct Plan,2022-12-27,2026-04-13,795,3.293634496919918,Unknown,Unknown,0,0,False,False
151228,quant Gilt Fund - Growth Option - Direct Plan,2022-12-22,2026-07-10,858,3.5482546201232035,Unknown,Unknown,0,0,False,False
151232,Tata Multicap Fund - Direct Plan - Growth,2023-02-09,2026-07-10,838,3.4140999315537304,Unknown,Unknown,0,0,False,False
151239,UTI CRISIL SDL Maturity June 2027 Index Fund - Direct Plan - Growth Option,2023-01-12,2026-07-10,842,3.490759753593429,Unknown,Unknown,0,0,False,False
151243,DSP FMP Series - 269 - 160 Days - Direct Growth,2022-12-23,2023-05-31,106,0.4353182751540041,Unknown,Unknown,0,0,False,False
151247,Kotak FMP Series 302 - Direct Plan - Growth,2022-12-27,2023-03-23,60,0.23545516769336072,Unknown,Unknown,0,0,False,False
151252,SBI Fixed Maturity Plan (FMP)-Series 74 (1243 Days)- Direct Plan- Growth,2023-01-10,2026-05-29,1090,3.381245722108145,Unknown,Unknown,0,0,False,False
151266,Kotak FMP Series 303 - Direct Plan - Growth,2023-01-03,2023-07-03,120,0.49555099247091033,Unknown,Unknown,0,0,False,False
151267,WhiteOak Capital Balanced Advantage Fund Direct Plan Growth,2023-02-13,2026-07-10,836,3.403148528405202,Unknown,Unknown,0,0,False,False
151269,SBI Fixed Maturity Plan (FMP)-Series 75 (366 Days)- Direct Plan- Growth,2023-01-17,2024-01-10,313,0.9801505817932923,Unknown,Unknown,0,0,False,False
151273,Tata Nifty G-Sec Dec 2029 Index Fund - Direct Plan - Growth,2023-01-18,2026-07-10,839,3.4743326488706368,Unknown,Unknown,0,0,False,False
151283,Baroda BNP Paribas Nifty SDL December 2026 Index Fund - Direct Plan - Growth Option,2023-01-30,2026-07-10,831,3.4414784394250515,Unknown,Unknown,0,0,False,False
151286,Kotak FMP Series 304-Direct Plan-Growth Option,2023-01-03,2026-07-10,849,3.515400410677618,Unknown,Unknown,0,0,False,False
151290,HSBC Multi Cap Fund - Direct - Growth,2023-02-03,2026-07-10,842,3.430527036276523,Unknown,Unknown,0,0,False,False
151300,Axis CRISIL IBX 50:50 Gilt Plus SDL June 2028 Index Fund - Direct Plan - Growth,2023-01-27,2026-07-10,840,3.4496919917864477,Unknown,Unknown,0,0,False,False
151301,Tata Nifty G Sec Dec 2026 Index Fund-Direct Plan-Growth,2023-01-20,2026-07-10,837,3.468856947296372,Unknown,Unknown,0,0,False,False
151307,Aditya Birla Sun Life Multi Asset Allocation Fund-Direct Growth,2023-02-02,2026-07-10,843,3.433264887063655,Unknown,Unknown,0,0,False,False
151313,HDFC Long Duration Debt Fund - Growth Option - Direct Plan,2023-01-20,2026-07-10,837,3.468856947296372,Unknown,Unknown,0,0,False,False
151316,Kotak FMP Series 305 - Direct Plan - Growth,2023-01-25,2026-05-04,786,3.271731690622861,Unknown,Unknown,0,0,False,False
151320,TRUSTMF CORPORATE BOND FUND-DIRECT PLAN-GROWTH,2023-01-23,2026-07-10,836,3.460643394934976,Unknown,Unknown,0,0,False,False
151329,DSP CRISIL-IBX 50:50 Gilt Plus SDL - April 2033 Index Fund - Direct - Growth,2023-01-27,2026-07-10,835,3.4496919917864477,Unknown,Unknown,0,0,False,False
151341,UTI Fixed Term Income Fund - Series XXXV-III (1176 Days) - Direct Plan - Growth Option,2023-01-30,2026-04-15,772,3.2060232717316905,Unknown,Unknown,0,0,False,False
151351,SBI Fixed Maturity Plan (FMP) - Series 76 (1221 Days) - Direct Plan - Growth,2023-02-01,2026-05-29,1071,3.3210130047912387,Unknown,Unknown,0,0,False,False
151360,Kotak FMP Series 306 - Direct Plan - Growth,2023-01-31,2023-04-25,55,0.2299794661190965,Unknown,Unknown,0,0,False,False
151364,UTI NIFTY SDL Plus AAA PSU Bond Apr 2026 75:25 Index Fund - Direct Plan - Growth Option,2023-02-13,2026-04-30,773,3.2087611225188226,Unknown,Unknown,0,0,False,False
151365,Edelweiss CRISIL IBX 50:50 Gilt Plus SDL Short Duration Index fund - Direct Plan - Growth,2023-02-16,2026-07-10,819,3.3949349760438055,Unknown,Unknown,0,0,False,False
151368,Axis Business Cycles Fund - Direct Plan - Growth,2023-02-27,2026-07-10,834,3.3648186173853527,Unknown,Unknown,0,0,False,False
151373,DSP Nifty SDL Plus G-Sec Sep 2027 50:50 Index Fund - Direct - Growth,2023-02-15,2026-07-10,822,3.3976728268309375,Unknown,Unknown,0,0,False,False
151379,ITI Flexi Cap Fund- Direct Plan- Growth,2023-02-22,2026-07-10,828,3.378507871321013,Unknown,Unknown,0,0,False,False
151384,Kotak Banking & Financial Services Fund - Direct Plan - Growth,2023-03-06,2026-07-10,821,3.345653661875428,Unknown,Unknown,0,0,False,False
151390,Nippon India Nifty SDL Plus G-Sec-Jun 2029 Maturity 70:30 Index Fund-Direct Plan-Growth Option,2023-02-21,2026-07-10,815,3.381245722108145,Unknown,Unknown,0,0,False,False
151396,Aditya Birla Sun Life Crisil IBX AAA Mar 2024 Index Fund-Direct Growth,2023-02-06,2024-04-02,278,1.1526351813826146,Unknown,Unknown,0,0,False,False
151403,SBI Fixed Maturity Plan (FMP)-Series 77 (366 Days) Direct Plan- Growth,2023-02-21,2024-02-14,313,0.9801505817932923,Unknown,Unknown,0,0,False,False
151407,"PGIM India CRISIL IBX Gilt Index - Apr 2028 Fund - Direct Plan, Growth Option",2023-02-27,2026-07-10,811,3.3648186173853527,Unknown,Unknown,0,0,False,False
151408,BANDHAN CRISIL IBX GILT APRIL 2032 INDEX FUND - DIRECT GROWTH,2023-02-16,2026-07-10,827,3.3949349760438055,Unknown,Unknown,0,0,False,False
151412,Mirae Asset Flexi Cap Fund - Direct Plan - Growth,2023-02-27,2026-07-10,826,3.3648186173853527,Unknown,Unknown,0,0,False,False
151420,Kotak Nifty SDL Jul 2033 Index Fund Direct Plan Growth Option,2023-02-22,2026-07-10,814,3.378507871321013,Unknown,Unknown,0,0,False,False
151421,Mirae Asset Fixed Maturity Plan - Series V -Plan 1 - Direct Plan - Growth,2023-02-15,2023-05-15,56,0.243668720054757,Unknown,Unknown,0,0,False,False
151427,Aditya Birla Sun Life CRISIL IBX SDL Jun 2032 INDEX FUND - Direct Growth,2023-02-16,2026-07-10,819,3.3949349760438055,Unknown,Unknown,0,0,False,False
151435,AXIS CRISIL IBX 50:50 Gilt Plus SDL September 2027 Index Fund- DIRECT PLAN-GROWTH,2023-03-01,2026-07-10,817,3.359342915811088,Unknown,Unknown,0,0,False,False
151440,Nippon India Nifty G-Sec Oct 2028 Maturity Index Fund-Direct Plan-Growth Option,2023-03-08,2026-07-10,805,3.3401779603011637,Unknown,Unknown,0,0,False,False
151443,Bank of India Multi Cap Fund Direct Plan - Growth,2023-03-06,2026-07-10,821,3.345653661875428,Unknown,Unknown,0,0,False,False
151449,DSP FMP Series - 270 - 1172 Days - Direct - Growth,2023-02-27,2026-07-10,814,3.3648186173853527,Unknown,Unknown,0,0,False,False
151451,SBI Fixed Maturity Plan (FMP)-Series 78 (1170 Days) Direct Plan- Growth,2023-02-28,2026-05-05,1030,3.1813826146475015,Unknown,Unknown,0,0,False,False
151456,HDFC Nifty SDL Oct 2026 Index Fund - Growth Option - Direct Plan,2023-02-24,2026-07-10,813,3.373032169746749,Unknown,Unknown,0,0,False,False
151458,HDFC MNC Fund - Growth Option - Direct Plan,2023-03-09,2026-07-10,819,3.3374401095140316,Unknown,Unknown,0,0,False,False
151470,HDFC FMP 2638D February 2023 - Growth Option - Direct Plan,2023-02-23,2026-07-10,814,3.375770020533881,Unknown,Unknown,0,0,False,False
151471,NAVI ELSS TAX SAVER NIFTY 50 INDEX FUND - DIRECT PLAN GROWTH,2023-03-21,2026-07-10,812,3.3045859000684463,Unknown,Unknown,0,0,False,False
151479,HSBC CRISIL IBX Gilt June 2027 Index Fund - Direct - Growth,2023-03-27,2026-07-10,794,3.2881587953456535,Unknown,Unknown,0,0,False,False
151485,UTI Fixed Term Income Fund Series XXXVI - I (1574 Days) - Direct Plan - Growth Option,2023-03-03,2026-07-10,807,3.353867214236824,Unknown,Unknown,0,0,False,False
151487,UTI NIFTY SDL Plus AAA PSU Bond Apr 2028- 75:25 Index Fund - Direct Plan - Growth Option,2023-03-08,2026-07-10,805,3.3401779603011637,Unknown,Unknown,0,0,False,False
151489,HDFC Nifty G-Sec Jun 2036 Index Fund - Growth Option - Direct Plan,2023-03-15,2026-07-10,801,3.3210130047912387,Unknown,Unknown,0,0,False,False
151493,ICICI Prudential Fixed Maturity Plan - Series 88 - 1303 Days Plan S - Direct Plan - Growth,2023-03-15,2026-07-10,800,3.3210130047912387,Unknown,Unknown,0,0,False,False
151495,HDFC Nifty G-Sec Apr 2029 Index Fund - Growth Option - Direct Plan,2023-03-10,2026-07-10,804,3.3347022587268995,Unknown,Unknown,0,0,False,False
151501,Axis Fixed Term Plan - Series 112 (1143 Days) - Direct Plan - Growth,2023-03-08,2026-04-16,754,3.1074606433949348,Unknown,Unknown,0,0,False,False
151510,Kotak FMP Series 307 - Direct Plan - Growth,2023-03-08,2023-05-31,54,0.2299794661190965,Unknown,Unknown,0,0,False,False
151519,Aditya Birla Sun Life Fixed Term Plan - Series UF (180 days) - Direct Plan - Growth Option,2023-03-06,2023-08-29,116,0.48186173853524983,Unknown,Unknown,0,0,False,False
151523,UTI Long Duration Fund - Direct Plan - Growth Option,2023-03-21,2026-07-10,796,3.3045859000684463,Unknown,Unknown,0,0,False,False
151548,Bandhan US Treasury Bond 0-1 year specific Debt Passive FOF - DIRECT PLAN - GROWTH,2023-03-29,2026-07-10,768,3.2826830937713893,Unknown,Unknown,0,0,False,False
151551,Motilal Oswal Nifty G-sec May 2029 Index Fund- Direct Plan Growth Option,2023-03-10,2023-09-01,116,0.4791238877481177,Unknown,Unknown,0,0,False,False
151552,Mirae Asset Fixed Maturity Plan - Series V -Plan 2 - Direct Plan - Growth,2023-03-16,2023-06-13,57,0.243668720054757,Unknown,Unknown,0,0,False,False
151559,SBI Fixed Maturity Plan (FMP) - Series 79 (1130 Days) - Direct Plan - Growth,2023-03-21,2026-04-16,1000,3.0718685831622174,Unknown,Unknown,0,0,False,False
151562,Aditya Birla Sun Life Nifty SDL SEP 2027 Index Fund-Direct Growth,2023-03-13,2026-07-10,803,3.326488706365503,Unknown,Unknown,0,0,False,False
151565,HDFC FMP 1269D March 2023 - Growth Option - Direct Plan,2023-03-21,2026-07-10,797,3.3045859000684463,Unknown,Unknown,0,0,False,False
151570,HDFC NIFTY SDL Plus G-Sec Jun 2027 40:60 Index Fund - Growth Option - Direct Plan,2023-03-23,2026-07-10,796,3.299110198494182,Unknown,Unknown,0,0,False,False
151574,Baroda BNP Paribas NIFTY SDL December 2028 Index Fund - Direct Plan - Growth Option,2023-03-27,2026-07-10,793,3.2881587953456535,Unknown,Unknown,0,0,False,False
151577,Aditya Birla Sun Life Crisil IBX Gilt Apr 2028 Index Fund-Direct Growth,2023-03-16,2026-07-10,800,3.3182751540041067,Unknown,Unknown,0,0,False,False
151580,ICICI Prudential Innovation Fund - Direct Plan - Growth,2023-05-02,2026-07-10,785,3.189596167008898,Unknown,Unknown,0,0,False,False
151586,Axis Fixed Term Plan - Series 113 (1228 Days) - Direct Plan - Growth,2023-03-27,2026-07-10,801,3.2881587953456535,Unknown,Unknown,0,0,False,False
151593,Invesco India Nifty G-sec Jul 2027 Index Fund - Direct Plan - Growth,2023-03-21,2026-07-10,796,3.3045859000684463,Unknown,Unknown,0,0,False,False
151597,Invesco India Nifty G-sec Sep 2032 Index Fund - Direct Plan - Growth,2023-03-29,2026-07-10,791,3.2826830937713893,Unknown,Unknown,0,0,False,False
151603,Kotak Silver ETF Fund of Fund - Direct Plan - Growth Option,2023-04-11,2026-07-10,799,3.247091033538672,Unknown,Unknown,0,0,False,False
151608,Kotak Nifty SDL Jul 2028 Index Fund - Direct Plan - Growth,2023-04-05,2023-11-21,153,0.6297056810403833,Unknown,Unknown,0,0,False,False
151611,NJ ELSS Tax Saver Scheme Direct Growth,2023-06-19,2026-07-10,752,3.058179329226557,Unknown,Unknown,0,0,False,False
151613,SBI Fixed Maturity Plan (FMP)-Series 80 (366 Days) Direct Plan- Growth,2023-03-28,2024-03-20,315,0.9801505817932923,Unknown,Unknown,0,0,False,False
151620,TRUSTMF FIXED MATURITY PLAN -SERIES II (1196 DAYS)-DIRECT PLAN -GROWTH,2023-04-03,2026-07-09,789,3.266255989048597,Unknown,Unknown,0,0,False,False
151622,Union Fixed Maturity Plan - Series 13 - Direct Plan - Growth Option,2023-03-31,2026-04-15,731,3.0417522245037647,Unknown,Unknown,0,0,False,False
151625,Axis Fixed Term Plan - Series 114 (83 Days) - Direct Plan - Growth,2023-03-29,2023-06-14,50,0.2108145106091718,Unknown,Unknown,0,0,False,False
151638,ICICI Prudential Fixed Maturity Plan - Series 88 - Plan U - Direct Plan - Growth,2023-03-27,2023-06-13,51,0.2135523613963039,Unknown,Unknown,0,0,False,False
151639,SBI Fixed Maturity Plan (FMP)-Series 81 (1157 Days) Direct Plan- Growth,2023-04-11,2026-06-01,1012,3.14031485284052,Unknown,Unknown,0,0,False,False
151645,SBI Fixed Maturity Plan (FMP)-Series 82 (91 Days) Direct Plan- Growth,2023-04-03,2023-09-21,148,0.4681724845995893,Unknown,Unknown,0,0,False,False
151649,Kotak Nifty Smallcap 50 Index Fund - Direct Plan - Growth,2023-04-18,2026-07-10,795,3.2279260780287475,Unknown,Unknown,0,0,False,False
151674,Nippon India Fixed Maturity Plan-XLV-Series 4-Direct Plan-Growth Option,2023-03-31,2026-04-15,731,3.0417522245037647,Unknown,Unknown,0,0,False,False
151677,Kotak FMP Series 309 - Direct Plan - Growth,2023-03-31,2023-06-22,55,0.2272416153319644,Unknown,Unknown,0,0,False,False
151681,Kotak FMP Series 308 - Direct Plan - Growth,2023-04-03,2026-04-27,738,3.0663928815879533,Unknown,Unknown,0,0,False,False
151686,Kotak FMP Series 310 - Direct Plan - Growth Option,2023-03-31,2026-05-04,743,3.0937713894592744,Unknown,Unknown,0,0,False,False
151691,Mirae Asset Nifty SDL June 2028 Index Fund - Direct Plan - Growth,2023-04-03,2026-07-10,789,3.268993839835729,Unknown,Unknown,0,0,False,False
151700,Aditya Birla Sun Life Fixed Term Plan - Series UJ (1110 days) - Direct Plan - Growth Option,2023-03-28,2026-04-09,731,3.033538672142368,Unknown,Unknown,0,0,False,False
151708,Nippon India Fixed Maturity Plan-XLV-Series 5-Direct Plan-Growth Option,2023-03-31,2026-07-10,790,3.277207392197125,Unknown,Unknown,0,0,False,False
151713,quant Dynamic Asset Allocation Fund - Growth Option - Direct Plan,2023-04-13,2026-07-10,797,3.241615331964408,Unknown,Unknown,0,0,False,False
151724,HDFC NIFTY Midcap 150 Index Fund - Growth Option - Direct Plan,2023-04-21,2026-07-10,792,3.2197125256673513,Unknown,Unknown,0,0,False,False
151727,HDFC NIFTY Smallcap 250 Index Fund - Growth Option - Direct Plan,2023-04-21,2026-07-10,792,3.2197125256673513,Unknown,Unknown,0,0,False,False
151728,HDFC BSE 500 Index Fund - Growth Option - Direct Plan,2023-04-21,2026-07-10,792,3.2197125256673513,Unknown,Unknown,0,0,False,False
151731,UTI Silver ETF Fund of Fund - Direct Plan - Growth Option,2023-04-25,2026-07-10,790,3.2087611225188226,Unknown,Unknown,0,0,False,False
151735,Baroda BNP Paribas Floater Fund - Direct Plan - Growth Option,2023-04-27,2024-09-10,332,1.374401095140315,Unknown,Unknown,0,0,False,False
151739,UTI Nifty 500 Value 50 Index Fund - Direct Plan - Growth Option,2023-05-12,2026-07-10,778,3.162217659137577,Unknown,Unknown,0,0,False,False
151743,Kotak FMP Series 311 - Direct Plan - Growth Option,2023-05-09,2023-09-14,90,0.35044490075290896,Unknown,Unknown,0,0,False,False
151745,WhiteOak Capital Multi Asset Allocation Fund Direct Plan Growth,2023-05-22,2026-07-10,759,3.134839151266256,Unknown,Unknown,0,0,False,False
151750,HDFC Defence Fund - Growth Option - Direct Plan,2023-06-02,2026-07-10,763,3.1047227926078027,Unknown,Unknown,0,0,False,False
151753,Samco Active Momentum Fund - Direct Plan - Growth Option,2023-07-12,2026-07-10,736,2.9952087611225187,Unknown,Unknown,0,0,False,False
151755,Baroda BNP Paribas Value Fund - Direct Plan - Growth option,2023-06-09,2026-07-10,758,3.0855578370978782,Unknown,Unknown,0,0,False,False
151757,quant Business Cycle Fund - Growth Option - Direct Plan,2023-05-31,2026-07-10,765,3.1101984941820673,Unknown,Unknown,0,0,False,False
151762,UTI Nifty50 Equal Weight Index Fund - Direct Plan - Growth Option,2023-06-09,2026-07-10,758,3.0855578370978782,Unknown,Unknown,0,0,False,False
151764,UTI BSE Housing Index Fund - Direct Plan - Growth Option,2023-06-09,2026-07-10,758,3.0855578370978782,Unknown,Unknown,0,0,False,False
151769,SBI BSE Sensex Index Fund - Direct Plan - Growth,2023-05-31,2026-07-10,774,3.1101984941820673,Unknown,Unknown,0,0,False,False
151777,ITI Focused Fund - Direct Plan - Growth,2023-06-21,2026-07-10,749,3.052703627652293,Unknown,Unknown,0,0,False,False
151781,Kotak Nifty 200 Momentum 30 Index Fund - Direct Plan - Growth Option,2023-06-20,2026-07-10,751,3.055441478439425,Unknown,Unknown,0,0,False,False
151785,Axis Nifty IT Index Fund - Direct Plan - Growth,2023-07-18,2026-07-10,740,2.9787816563997263,Unknown,Unknown,0,0,False,False
151791,quant BFSI Fund - Growth Option - Direct Plan,2023-06-21,2026-07-10,750,3.052703627652293,Unknown,Unknown,0,0,False,False
151792,Edelweiss Multi Asset Allocation Fund - Direct Plan - Growth,2023-06-26,2026-07-10,735,3.0390143737166326,Unknown,Unknown,0,0,False,False
151796,360 ONE FLEXICAP FUND-DIRECT PLAN- GROWTH,2023-07-06,2026-07-10,740,3.0116358658453115,Unknown,Unknown,0,0,False,False
151804,HDFC Consumption Fund - Growth Option - Direct Plan,2023-07-12,2026-07-10,736,2.9952087611225187,Unknown,Unknown,0,0,False,False
151810,Mirae Asset Multicap Fund - Direct Plan - Growth,2023-08-22,2026-07-10,708,2.8829568788501025,Unknown,Unknown,0,0,False,False
151814,Motilal Oswal Nifty Microcap 250 Index Fund- Direct- Growth Option,2023-07-11,2026-07-10,737,2.9979466119096507,Unknown,Unknown,0,0,False,False
151816,BANDHAN FINANCIAL SERVICES FUND - DIRECT PLAN - GROWTH,2023-07-31,2026-07-10,732,2.943189596167009,Unknown,Unknown,0,0,False,False
151824,Canara Robeco Multi Cap Fund - Direct Plan - Growth Option,2023-08-02,2026-07-10,721,2.937713894592745,Unknown,Unknown,0,0,False,False
151833,Bajaj Finserv Liquid Fund - Direct Plan - Growth,2023-07-05,2026-07-12,908,3.0198494182067077,Unknown,Unknown,0,0,False,False
151849,Bajaj Finserv Overnight Fund - Direct Plan - Growth,2023-07-05,2026-07-12,907,3.0198494182067077,Unknown,Unknown,0,0,False,False
151853,quant Healthcare Fund - Growth Option - Direct Plan,2023-07-18,2026-07-10,732,2.9787816563997263,Unknown,Unknown,0,0,False,False
151875,NAVI Overnight Fund Direct Plan Growth,2023-07-18,2024-11-14,389,1.3278576317590691,Unknown,Unknown,0,0,False,False
151881,Kotak Quant Fund - Direct Plan - Growth Option,2023-08-08,2026-07-10,717,2.921286789869952,Unknown,Unknown,0,0,False,False
151885,UTI Balanced Advantage Fund - Direct Plan - Growth Option,2023-08-17,2026-07-10,711,2.8966461327857633,Unknown,Unknown,0,0,False,False
151889,Bajaj Finserv Money Market Fund-Direct Plan-Growth,2023-07-26,2026-07-10,713,2.9568788501026693,Unknown,Unknown,0,0,False,False
151895,Bajaj Finserv Flexi Cap Fund-Direct Plan-Growth,2023-08-16,2026-07-10,712,2.8993839835728954,Unknown,Unknown,0,0,False,False
151901,HDFC Transportation and Logistics Fund - Growth Option - Direct Plan,2023-08-17,2026-07-10,711,2.8966461327857633,Unknown,Unknown,0,0,False,False
151905,Union Innovation & Opportunities Fund - Direct Plan - Growth Option,2023-09-13,2026-07-10,692,2.8227241615331966,Unknown,Unknown,0,0,False,False
151911,Kotak Nifty Financial Services Ex-Bank Index Fund - Direct Plan - Growth option,2023-08-21,2026-07-10,709,2.8856947296372346,Unknown,Unknown,0,0,False,False
151916,quant Manufacturing Fund - Growth Option - Direct Plan,2023-08-16,2026-07-10,712,2.8993839835728954,Unknown,Unknown,0,0,False,False
151917,NJ Flexi Cap Fund - Direct Plan - Growth Option,2023-09-06,2026-07-10,697,2.841889117043121,Unknown,Unknown,0,0,False,False
151937,LIC MF Nifty Next 50 Index Fund-Direct Plan-Growth,2023-07-31,2026-07-10,723,2.943189596167009,Unknown,Unknown,0,0,False,False
151952,LIC MF Equity Savings Fund-Direct Plan-Growth,2023-07-31,2026-07-10,723,2.943189596167009,Unknown,Unknown,0,0,False,False
151974,LIC MF Gold ETF Fund of Fund-Direct Plan-Growth,2023-07-31,2026-07-10,712,2.943189596167009,Unknown,Unknown,0,0,False,False
152002,LIC MF Mid Cap Fund-Direct Plan-Growth,2023-07-31,2026-07-10,723,2.943189596167009,Unknown,Unknown,0,0,False,False
152004,LIC MF Small Cap Fund-Direct Plan-Growth,2023-07-31,2026-07-10,723,2.943189596167009,Unknown,Unknown,0,0,False,False
152010,LIC MF Focused Fund-Direct Plan-Growth,2023-07-31,2026-07-10,723,2.943189596167009,Unknown,Unknown,0,0,False,False
152018,LIC MF Value Fund-Direct Plan-Growth,2023-07-31,2026-07-10,723,2.943189596167009,Unknown,Unknown,0,0,False,False
152024,LIC MF Healthcare Fund-Direct Plan-Growth,2023-07-31,2026-07-10,723,2.943189596167009,Unknown,Unknown,0,0,False,False
152032,HSBC Consumption Fund - Direct Growth,2023-09-04,2026-07-10,699,2.847364818617385,Unknown,Unknown,0,0,False,False
152033,Nippon India Innovation Fund-Direct Plan-Growth Option,2023-09-01,2026-07-10,700,2.855578370978782,Unknown,Unknown,0,0,False,False
152039,Kotak BSE Housing Index Fund - Direct Plan - Growth Option,2023-09-04,2026-07-10,699,2.847364818617385,Unknown,Unknown,0,0,False,False
152041,Bandhan Nifty IT Index Fund - Direct Plan - Growth,2023-09-01,2026-07-10,709,2.855578370978782,Unknown,Unknown,0,0,False,False
152045,Mahindra Manulife Business Cycle Fund - Direct Plan - Growth,2023-09-13,2026-07-10,692,2.8227241615331966,Unknown,Unknown,0,0,False,False
152051,Shriram Multi Asset Allocation Fund - Direct Growth,2023-09-15,2026-07-10,690,2.817248459958932,Unknown,Unknown,0,0,False,False
152056,DSP Multi Asset Allocation Fund - Direct - Growth,2023-09-29,2026-07-10,634,2.7789185489390826,Unknown,Unknown,0,0,False,False
152059,HDFC Technology Fund - Growth Option - Direct Plan,2023-09-08,2026-07-10,695,2.836413415468857,Unknown,Unknown,0,0,False,False
152062,NAVI BSE SENSEX INDEX FUND - DIRECT PLAN - GROWTH,2023-09-05,2026-07-10,699,2.844626967830253,Unknown,Unknown,0,0,False,False
152064,Kotak Multi Asset Allocation Fund - Direct Plan - Growth Option,2023-10-03,2026-07-10,681,2.7679671457905544,Unknown,Unknown,0,0,False,False
152067,quant Teck Fund - Growth Option - Direct Plan,2023-09-12,2026-07-10,693,2.8254620123203287,Unknown,Unknown,0,0,False,False
152071,WhiteOak Capital Multi Cap Fund Direct Plan Growth,2023-09-25,2026-07-10,685,2.7898699520876113,Unknown,Unknown,0,0,False,False
152076,360 ONE Balanced Hybrid Fund- Direct Plan - Growth,2023-10-03,2026-07-10,669,2.7679671457905544,Unknown,Unknown,0,0,False,False
152077,Bajaj Finserv Arbitrage Fund-Direct Plan-Growth,2023-09-18,2026-07-10,689,2.809034907597536,Unknown,Unknown,0,0,False,False
152082,HDFC Pharma and Healthcare Fund - Growth Option - Direct Plan,2023-10-04,2026-07-10,680,2.7652292950034223,Unknown,Unknown,0,0,False,False
152087,UTI Innovation Fund - Direct Plan - Growth Option,2023-10-18,2026-07-10,670,2.726899383983573,Unknown,Unknown,0,0,False,False
152090,Motilal Oswal Developed Market Ex US ETFs Fund of Funds Direct Plan Growth,2023-09-26,2026-07-10,683,2.7871321013004793,Unknown,Unknown,0,0,False,False
152092,Groww Nifty Total Market Index Fund - Direct Plan - Growth,2023-10-25,2026-07-10,666,2.707734428473648,Unknown,Unknown,0,0,False,False
152094,Edelweiss Multi Cap Fund - Direct Plan - Growth,2023-10-30,2026-07-10,664,2.6940451745379876,Unknown,Unknown,0,0,False,False
152098,Kotak Nifty G-Sec July 2033 Index Fund - Direct Plan - Growth,2023-10-13,2026-07-10,661,2.7405886379192332,Unknown,Unknown,0,0,False,False
152102,Bandhan Retirement Fund - Direct Plan - Growth,2023-10-19,2026-07-10,678,2.724161533196441,Unknown,Unknown,0,0,False,False
152107,QUANTUM SMALL CAP FUND - DIRECT PLAN GROWTH OPTION,2023-11-03,2026-07-10,656,2.6830937713894594,Unknown,Unknown,0,0,False,False
152109,Parag Parikh Arbitrage Fund - Direct Plan Growth,2023-11-03,2026-07-10,659,2.6830937713894594,Unknown,Unknown,0,0,False,False
152114,PGIM India Money Market Fund - Segregated Portfolio 1 - Direct Plan - Growth Option,2023-10-03,2026-07-10,669,2.7679671457905544,Unknown,Unknown,0,0,False,False
152128,Baroda BNP Paribas Small Cap Fund - Direct Plan - Growth option,2023-11-01,2026-07-10,661,2.6885694729637235,Unknown,Unknown,0,0,False,False
152132,WhiteOak Capital Balanced Hybrid Fund Direct Plan Growth,2023-10-30,2026-07-10,651,2.6940451745379876,Unknown,Unknown,0,0,False,False
152135,Helios Flexi Cap Fund - Direct Plan - Growth Option,2023-11-15,2026-07-10,653,2.650239561943874,Unknown,Unknown,0,0,False,False
152140,Aditya Birla Sun Life US Treasury 1-3 Year Bond ETFs Fund Of Funds-Direct Growth,2023-11-02,2026-07-10,659,2.6858316221765914,Unknown,Unknown,0,0,False,False
152150,Aditya Birla Sun Life US Treasury 3-10 Year Bond ETFs Fund Of Funds-Direct Growth,2023-11-02,2026-07-10,659,2.6858316221765914,Unknown,Unknown,0,0,False,False
152152,Helios Overnight Fund - Direct Plan - Growth Option,2023-10-25,2026-07-12,701,2.7132101300479126,Unknown,Unknown,0,0,False,False
152156,Zerodha Nifty LargeMidcap 250 Index Fund - Direct Plan - Growth option,2023-11-10,2026-07-10,654,2.6639288158795345,Unknown,Unknown,0,0,False,False
152157,Zerodha ELSS Tax Saver Nifty LargeMidcap 250 Index Fund - Direct Plan - Growth option,2023-11-10,2026-07-10,654,2.6639288158795345,Unknown,Unknown,0,0,False,False
152158,Aditya Birla Sun Life Transportation and Logistics Fund-Direct Growth,2023-11-21,2026-07-10,648,2.6338124572210813,Unknown,Unknown,0,0,False,False
152162,Bajaj Finserv Banking and PSU Fund-Direct Plan- Growth,2023-11-15,2026-07-10,640,2.650239561943874,Unknown,Unknown,0,0,False,False
152169,Kotak Consumption Fund - Direct plan - Growth Option,2023-11-22,2026-07-10,647,2.631074606433949,Unknown,Unknown,0,0,False,False
152175,Kotak FMP Series 323 - Direct Plan - Growth Option,2023-11-07,2024-02-01,58,0.23545516769336072,Unknown,Unknown,0,0,False,False
152177,Bandhan Nifty Alpha 50 Index Fund - Direct Plan - Growth,2023-11-10,2026-07-10,663,2.6639288158795345,Unknown,Unknown,0,0,False,False
152183,DSP Gold ETF Fund of Fund - Direct - Growth,2023-11-20,2026-07-10,649,2.6365503080082138,Unknown,Unknown,0,0,False,False
152188,Samco Dynamic Asset Allocation Fund - Direct Plan - Growth Option,2024-01-04,2026-07-10,618,2.513347022587269,Unknown,Unknown,0,0,False,False
152189,quant Momentum Fund - Growth Option - Direct Plan,2023-11-21,2026-07-10,648,2.6338124572210813,Unknown,Unknown,0,0,False,False
152194,Bajaj Finserv Balanced Advantage Fund-Direct Plan-Growth,2023-12-18,2026-07-10,630,2.5598904859685145,Unknown,Unknown,0,0,False,False
152202,Axis India Manufacturing Fund - Direct Plan - Growth,2023-12-27,2026-07-10,632,2.535249828884326,Unknown,Unknown,0,0,False,False
152206,DSP Banking & Financial Services Fund - Direct - Growth,2023-12-11,2026-07-10,635,2.5790554414784395,Unknown,Unknown,0,0,False,False
152214,Kotak Healthcare Fund - Direct Plan - Growth Option,2023-12-18,2026-07-10,630,2.5598904859685145,Unknown,Unknown,0,0,False,False
152219,Union Children's Fund - Direct Plan - Growth Option,2023-12-21,2026-07-10,627,2.5516769336071183,Unknown,Unknown,0,0,False,False
152224,Kotak FMP Series 324 - Direct Plan - Growth Option,2023-11-30,2024-03-12,69,0.28199863107460643,Unknown,Unknown,0,0,False,False
152226,Whiteoak Capital Large & Mid Cap Fund Direct Plan Growth,2023-12-26,2026-07-10,625,2.537987679671458,Unknown,Unknown,0,0,False,False
152227,Axis Fixed Term Plan - Series 118 (100 Days) - Direct Plan - Growth,2023-12-08,2024-03-13,64,0.26283367556468173,Unknown,Unknown,0,0,False,False
152237,Motilal Oswal Small Cap Fund - Direct - Growth,2023-12-29,2026-07-10,622,2.529774127310062,Unknown,Unknown,0,0,False,False
152240,Axis US Specific Treasury Dynamic Debt Passive FOF - Direct Plan - Growth Option,2023-12-27,2026-07-10,615,2.535249828884326,Unknown,Unknown,0,0,False,False
152243,DSP Nifty Smallcap250 Quality 50 Index Fund - Direct - Growth,2023-12-26,2026-07-10,625,2.537987679671458,Unknown,Unknown,0,0,False,False
152249,Kotak FMP Series 325 - Direct Plan - Growth Option,2023-12-19,2024-03-13,57,0.2327173169062286,Unknown,Unknown,0,0,False,False
152250,Aditya Birla Sun Life Fixed Maturity Plan - Series UQ (92 days) - Direct Plan - Growth Option,2023-12-13,2024-03-12,60,0.2464065708418891,Unknown,Unknown,0,0,False,False
152254,Groww Banking & Financial Services Fund - Direct Plan - Growth,2024-02-07,2026-07-10,596,2.4202600958247777,Unknown,Unknown,0,0,False,False
152255,quant Commodities Fund - Growth Option - Direct Plan,2023-12-28,2026-07-10,623,2.532511978097194,Unknown,Unknown,0,0,False,False
152259,Aditya Birla Sun Life Fixed Maturity Plan - Series UR (85 days) - Direct Plan - Growth Option,2023-12-21,2024-03-13,55,0.2272416153319644,Unknown,Unknown,0,0,False,False
152264,BANDHAN Nifty Smallcap 250 Index Fund - Direct Plan - Growth,2023-12-26,2026-07-10,634,2.537987679671458,Unknown,Unknown,0,0,False,False
152267,Aditya Birla Sun Life Crisil IBX Gilt Apr 2033 Index Fund-Direct Growth,2023-12-26,2026-07-10,614,2.537987679671458,Unknown,Unknown,0,0,False,False
152279,Kotak FMP Series 326 - Direct Plan - Growth Option,2023-12-29,2024-06-18,110,0.47091033538672145,Unknown,Unknown,0,0,False,False
152283,Nippon India Fixed Maturity Plan XLVI Series 1 - Direct Plan - Growth,2023-12-22,2024-03-21,60,0.2464065708418891,Unknown,Unknown,0,0,False,False
152287,Tata Gold ETF Fund of Fund Direct Plan Growth Option,2024-01-24,2026-07-10,605,2.458590006844627,Unknown,Unknown,0,0,False,False
152293,Tata Silver ETF Fund of Fund Direct Plan Growth Option,2024-01-24,2026-07-10,605,2.458590006844627,Unknown,Unknown,0,0,False,False
152303,SBI Fixed Maturity Plan-Series 91 (90 Days) - Direct Plan - Growth,2024-01-05,2024-03-27,74,0.2245037645448323,Unknown,Unknown,0,0,False,False
152310,DSP Multicap Fund - Direct - Growth,2024-01-31,2026-07-10,601,2.439425051334702,Unknown,Unknown,0,0,False,False
152314,Sundaram Multi Asset Allocation Fund Direct Plan Growth,2024-01-29,2026-07-10,603,2.4449007529089664,Unknown,Unknown,0,0,False,False
152321,WhiteOak Capital Banking & Financial Services Fund - Direct Growth,2024-02-07,2026-07-10,596,2.4202600958247777,Unknown,Unknown,0,0,False,False
152324,Bandhan Multi Asset Allocation Fund - Direct Plan - Growth,2024-02-01,2026-07-10,609,2.43668720054757,Unknown,Unknown,0,0,False,False
152329,Baroda BNP Paribas Nifty 50 Index Fund - Direct Plan - Growth option,2024-01-30,2026-07-10,602,2.4421629021218343,Unknown,Unknown,0,0,False,False
152332,Aditya Birla Sun Life Fixed Maturity Plan - Series US (100 days) - Direct Plan - Growth Option,2024-01-11,2024-04-18,62,0.2683093771389459,Unknown,Unknown,0,0,False,False
152336,quant Consumption Fund - Growth Option - Direct Plan,2024-01-25,2026-07-10,604,2.455852156057495,Unknown,Unknown,0,0,False,False
152342,Kotak FMP Series 327 - Direct Plan - Growth Option,2024-01-18,2024-04-22,59,0.2600958247775496,Unknown,Unknown,0,0,False,False
152344,Mirae Asset Multi Asset Allocation Fund - Direct Plan - Growth,2024-02-01,2026-07-10,600,2.43668720054757,Unknown,Unknown,0,0,False,False
152349,WhiteOak Capital Pharma and Heathcare Fund Direct Plan Growth,2024-02-07,2026-07-10,596,2.4202600958247777,Unknown,Unknown,0,0,False,False
152354,Motilal Oswal Large Cap Direct Plan Growth,2024-02-12,2026-07-10,593,2.406570841889117,Unknown,Unknown,0,0,False,False
152358,Old Bridge Focused Fund - Direct Growth,2024-01-25,2026-07-10,605,2.455852156057495,Unknown,Unknown,0,0,False,False
152365,ICICI Prudential Nifty50 Value 20 Index Fund - Direct Plan - Growth,2024-02-05,2026-07-10,598,2.425735797399042,Unknown,Unknown,0,0,False,False
152370,SBI Nifty50 Equal Weight Index Fund - Direct Plan - Growth,2024-02-06,2026-07-10,606,2.42299794661191,Unknown,Unknown,0,0,False,False
152375,Axis Fixed Term Plan - Series 120 (91 Days) - Direct Plan - Growth,2024-01-31,2024-04-23,53,0.2272416153319644,Unknown,Unknown,0,0,False,False
152380,HSBC Multi Asset Allocation Fund - Direct - Growth,2024-03-01,2026-07-10,579,2.3572895277207393,Unknown,Unknown,0,0,False,False
152382,PGIM India Large and Midcap Fund - Direct Plan - Growth Option,2024-02-16,2026-07-10,589,2.3956194387405887,Unknown,Unknown,0,0,False,False
152389,Nippon India Nifty Bank Index Fund - Direct Plan - Growth Option,2024-02-26,2026-07-10,583,2.3682409308692676,Unknown,Unknown,0,0,False,False
152392,Nippon India Nifty IT Index Fund - Direct Plan - Growth Option,2024-02-26,2026-07-10,583,2.3682409308692676,Unknown,Unknown,0,0,False,False
152396,Bank of India Multi Asset Allocation Fund-Direct Plan-Growth,2024-03-01,2026-07-10,568,2.3572895277207393,Unknown,Unknown,0,0,False,False
152400,SBI Fixed Maturity Plan-Series 92 (91 days) - Direct Plan - Growth,2024-02-13,2024-05-06,75,0.2272416153319644,Unknown,Unknown,0,0,False,False
152408,Bajaj Finserv Large and Mid Cap Fund- Direct Plan- Growth,2024-02-29,2026-07-10,580,2.3600273785078714,Unknown,Unknown,0,0,False,False
152409,Union Business Cycle Fund - Direct Plan - Growth Option,2024-03-12,2026-07-10,573,2.327173169062286,Unknown,Unknown,0,0,False,False
152415,quant PSU Fund - Growth Option - Direct Plan,2024-02-21,2026-07-10,586,2.3819301848049284,Unknown,Unknown,0,0,False,False
152417,SBI Energy Opportunities Fund - Direct Plan - Growth,2024-03-01,2026-07-10,588,2.3572895277207393,Unknown,Unknown,0,0,False,False
152422,Axis BSE Sensex Index Fund - Direct Plan - Growth,2024-02-29,2026-07-10,588,2.3600273785078714,Unknown,Unknown,0,0,False,False
152431,Groww Nifty Smallcap 250 Index Fund - Direct Plan - Growth,2024-03-01,2026-07-10,579,2.3572895277207393,Unknown,Unknown,0,0,False,False
152437,Edelweiss Technology Fund - Direct Plan - Growth,2024-03-07,2026-07-10,574,2.3408624229979464,Unknown,Unknown,0,0,False,False
152443,Mahindra Manulife Multi Asset Allocation Fund- Direct Plan - Growth,2024-03-15,2026-07-10,570,2.31895961670089,Unknown,Unknown,0,0,False,False
152450,Canara Robeco Manufacturing Fund - Direct Plan - Growth Option,2024-03-15,2026-07-10,570,2.31895961670089,Unknown,Unknown,0,0,False,False
152451,Kotak Fixed Maturity Plan Series 328 - 90 Days - Direct Plan - Growth Option,2024-02-21,2024-05-16,55,0.2327173169062286,Unknown,Unknown,0,0,False,False
152459,Mirae Asset Nifty Smallcap 250 Momentum Quality 100 ETF Fund of Fund - Direct Plan - Growth,2024-03-04,2026-07-10,578,2.349075975359343,Unknown,Unknown,0,0,False,False
152462,Kotak Technology Fund - Direct Plan - Growth Option,2024-03-07,2026-07-10,575,2.3408624229979464,Unknown,Unknown,0,0,False,False
152468,Parag Parikh Dynamic Asset Allocation Fund - Direct Plan Growth,2024-02-28,2026-07-10,572,2.3627652292950034,Unknown,Unknown,0,0,False,False
152470,Baroda BNP Paribas Innovation Fund Direct plan - Growth Option,2024-03-07,2026-07-10,575,2.3408624229979464,Unknown,Unknown,0,0,False,False
152474,Quantum Multi Asset Allocation Fund - Direct Plan Growth Option,2024-03-07,2026-07-10,574,2.3408624229979464,Unknown,Unknown,0,0,False,False
152482,ICICI Prudential Nifty LargeMidcap 250 Index Fund - Direct Plan - Growth,2024-03-14,2026-07-10,571,2.321697467488022,Unknown,Unknown,0,0,False,False
152491,Kotak Long Duration Fund - Direct Plan - Growth,2024-03-12,2026-07-10,562,2.327173169062286,Unknown,Unknown,0,0,False,False
152495,Tata Fixed Maturity Plan Series 61 Scheme A (91 days) - Direct Plan Growth Option,2024-03-20,2024-06-11,52,0.2272416153319644,Unknown,Unknown,0,0,False,False
152509,Helios Balanced Advantage Fund- Direct Plan- Growth Option,2024-03-28,2026-07-10,562,2.2833675564681726,Unknown,Unknown,0,0,False,False
152515,Axis CRISIL IBX SDL June 2034 Debt Index Fund - Direct Plan - Growth Option,2024-03-26,2026-02-04,457,1.8617385352498288,Unknown,Unknown,0,0,False,False
152520,Bandhan Long Duration Fund - Direct Plan - Growth,2024-03-21,2026-07-10,564,2.302532511978097,Unknown,Unknown,0,0,False,False
152528,DSP US Specific Debt Passive FoF - Direct - Growth,2024-03-19,2026-07-10,543,2.308008213552361,Unknown,Unknown,0,0,False,False
152535,Navi NiftyIT Index Fund - Direct Plan- Growth,2024-03-28,2026-07-10,563,2.2833675564681726,Unknown,Unknown,0,0,False,False
152537,PGIM India Retirement Fund - Direct Plan - Growth Option,2024-04-19,2026-07-10,548,2.223134839151266,Unknown,Unknown,0,0,False,False
152545,Kotak Fixed Maturity Plan Series 329 - 90 Days - Direct Plan - Growth Option,2024-03-26,2024-06-19,54,0.2327173169062286,Unknown,Unknown,0,0,False,False
152549,Kotak Nifty AAA Bond Jun 2025 HTM Index Fund - Direct Plan - Growth option,2024-03-31,2025-06-30,302,1.2484599589322383,Unknown,Unknown,0,0,False,False
152557,Tata Nifty Auto Index Fund - Direct Plan - Growth,2024-04-30,2026-07-10,541,2.193018480492813,Unknown,Unknown,0,0,False,False
152564,Tata Nifty MidSmall Healthcare Index Fund - Direct Plan - Growth,2024-04-30,2026-07-10,541,2.193018480492813,Unknown,Unknown,0,0,False,False
152570,Tata Nifty Realty Index Fund - Direct Plan - Growth,2024-04-30,2026-07-10,541,2.193018480492813,Unknown,Unknown,0,0,False,False
152577,Tata Nifty Financial Services Index Fund - Direct Plan - Growth,2024-04-30,2026-07-10,541,2.193018480492813,Unknown,Unknown,0,0,False,False
152584,TRUSTMF Flexi Cap Fund-Direct Plan- Growth,2024-04-29,2026-07-10,543,2.195756331279945,Unknown,Unknown,0,0,False,False
152586,Samco Special Opportunities Fund - Direct Plan - Growth,2024-06-13,2026-07-10,511,2.0725530458590007,Unknown,Unknown,0,0,False,False
152588,Tata Nifty500 Multicap India Manufacturing 50:30:20 Index Fund -Direct Plan-Growth,2024-04-30,2026-07-10,541,2.193018480492813,Unknown,Unknown,0,0,False,False
152595,Tata Nifty500 Multicap Infrastructure 50:30:20 Index Fund - Direct Plan - Growth,2024-04-30,2026-07-10,541,2.193018480492813,Unknown,Unknown,0,0,False,False
152600,HDFC Manufacturing fund - Growth Option - Direct Plan,2024-05-16,2026-07-10,530,2.1492128678986995,Unknown,Unknown,0,0,False,False
152607,Bandhan Innovation Fund - Direct Plan - Growth,2024-05-02,2026-07-10,549,2.187542778918549,Unknown,Unknown,0,0,False,False
152614,JM Small Cap Fund (Direct) - Growth Option,2024-06-24,2026-07-10,505,2.0424366872005475,Unknown,Unknown,0,0,False,False
152616,Edelweiss Nifty Alpha Low Volatility 30 Index Fund - Direct Plan - Growth,2024-05-21,2026-07-10,529,2.135523613963039,Unknown,Unknown,0,0,False,False
152628,Baroda BNP Paribas Retirement Fund - Direct plan - Growth option,2024-05-31,2026-07-10,520,2.108145106091718,Unknown,Unknown,0,0,False,False
152629,Axis Nifty Bank Index Fund - Direct Plan - Growth Option,2024-05-29,2026-07-10,530,2.113620807665982,Unknown,Unknown,0,0,False,False
152637,Groww Nifty Non-Cyclical Consumer Index Fund - Direct Plan Growth,2024-05-24,2026-07-10,525,2.127310061601643,Unknown,Unknown,0,0,False,False
152639,Bajaj Finserv Multi Asset Allocation Fund - Direct Growth,2024-06-06,2026-07-10,516,2.0917180013689256,Unknown,Unknown,0,0,False,False
152644,WhiteOak Capital Special Opportunities Fund - Direct Growth,2024-06-05,2026-07-10,517,2.0944558521560577,Unknown,Unknown,0,0,False,False
152645,Mirae Asset Nifty MidSmallcap400 Momentum Quality 100 ETF Fund of Fund - Direct Plan - Growth,2024-05-31,2026-07-10,520,2.108145106091718,Unknown,Unknown,0,0,False,False
152651,Motilal Oswal Multi Cap Fund-Direct Plan Growth,2024-06-21,2026-07-10,506,2.0506502395619437,Unknown,Unknown,0,0,False,False
152654,DSP Nifty Bank Index Fund - Direct - Growth,2024-05-31,2026-07-10,520,2.108145106091718,Unknown,Unknown,0,0,False,False
152657,SBI Automotive Opportunities Fund - Direct Plan - Growth,2024-06-12,2026-07-10,521,2.0752908966461328,Unknown,Unknown,0,0,False,False
152659,Aditya Birla Sun Life Crisil IBX Gilt June 2027 Index Fund-Direct Growth,2024-06-06,2026-07-10,509,2.0917180013689256,Unknown,Unknown,0,0,False,False
152663,Kotak NIFTY 100 Low Volatility 30 Index Fund - Direct plan - Growth option,2024-06-12,2026-07-10,512,2.0752908966461328,Unknown,Unknown,0,0,False,False
152672,Mahindra Manulife Manufacturing Fund - Direct Plan - Growth,2024-06-26,2026-07-10,503,2.0369609856262834,Unknown,Unknown,0,0,False,False
152677,Sundaram Business Cycle Fund Direct Plan Growth,2024-06-26,2026-07-10,503,2.0369609856262834,Unknown,Unknown,0,0,False,False
152679,Helios Financial Services Fund - Direct Plan - Growth Option,2024-06-25,2026-07-10,504,2.0396988364134154,Unknown,Unknown,0,0,False,False
152684,Aditya Birla Sun Life Quant Fund - Direct Growth,2024-07-01,2026-07-10,500,2.023271731690623,Unknown,Unknown,0,0,False,False
152688,Canara Robeco Balanced Advantage Fund - Direct Plan - Growth Option,2024-08-06,2026-07-10,475,1.9247091033538672,Unknown,Unknown,0,0,False,False
152694,Motilal Oswal Quant Fund - Direct - Growth,2024-06-10,2026-07-10,514,2.080766598220397,Unknown,Unknown,0,0,False,False
152697,Baroda BNP Paribas Manufacturing Fund - Direct Plan - Growth Option,2024-07-03,2026-07-10,498,2.0177960301163584,Unknown,Unknown,0,0,False,False
152702,Kotak Special Opportunities Fund - Direct Plan - Growth Option,2024-07-05,2026-07-10,496,2.0123203285420943,Unknown,Unknown,0,0,False,False
152710,Edelweiss Business Cycle Fund - Direct Plan - Growth,2024-07-31,2026-07-10,479,1.9411362080766599,Unknown,Unknown,0,0,False,False
152712,Motilal Oswal Nifty India Defence Index Fund Direct Plan Growth,2024-07-09,2026-07-10,494,2.001368925393566,Unknown,Unknown,0,0,False,False
152716,Bandhan Nifty Total Market Index Fund - Direct Plan - Growth,2024-07-11,2026-07-10,500,1.995893223819302,Unknown,Unknown,0,0,False,False
152718,Mirae Asset Nifty200 Alpha 30 ETF Fund of Fund - Direct Plan - Growth,2024-07-29,2026-07-10,481,1.946611909650924,Unknown,Unknown,0,0,False,False
152728,ICICI PRUDENTIAL ENERGY OPPORTUNITIES FUND - Direct Plan - Growth,2024-07-23,2026-07-10,485,1.9630390143737166,Unknown,Unknown,0,0,False,False
152731,Axis Nifty 500 Index Fund - Direct Plan - Growth Option,2024-07-16,2026-07-10,497,1.9822039698836413,Unknown,Unknown,0,0,False,False
152735,SBI Silver ETF Fund of Fund- Direct Plan - Growth,2024-07-18,2026-07-10,490,1.9767282683093772,Unknown,Unknown,0,0,False,False
152739,Franklin India Multi Cap Fund - Direct - Growth,2024-07-29,2026-07-10,480,1.946611909650924,Unknown,Unknown,0,0,False,False
152742,Tata Nifty India Tourism Index Fund - Direct - Growth,2024-07-29,2026-07-10,481,1.946611909650924,Unknown,Unknown,0,0,False,False
152755,Kotak BSE PSU Index Fund - Direct Plan - Growth,2024-08-05,2026-07-10,476,1.9274469541409993,Unknown,Unknown,0,0,False,False
152756,Invesco India Manufacturing Fund - Direct Plan - Growth,2024-08-19,2026-07-10,467,1.88911704312115,Unknown,Unknown,0,0,False,False
152760,Motilal Oswal Manufacturing Fund - Direct Plan- Growth,2024-08-14,2026-07-10,469,1.9028062970568105,Unknown,Unknown,0,0,False,False
152767,KOTAK NIFTY MIDCAP 50 INDEX FUND-DIRECT PLAN- GROWTH,2024-08-21,2026-07-10,465,1.8836413415468858,Unknown,Unknown,0,0,False,False
152770,Groww Nifty EV & New Age Automotive ETF FOF- Direct Plan - Growth,2024-08-14,2026-07-10,469,1.9028062970568105,Unknown,Unknown,0,0,False,False
152776,SBI Innovative Opportunities Fund - Direct Plan - Growth,2024-08-27,2026-07-10,469,1.8672142368240932,Unknown,Unknown,0,0,False,False
152783,BAJAJ FINSERV LARGE CAP FUND - DIRECT PLAN - GROWTH,2024-08-23,2026-07-10,463,1.8781656399726214,Unknown,Unknown,0,0,False,False
152787,Union Multi Asset Allocation Fund- Direct Plan - Growth Option,2024-09-13,2026-07-10,448,1.8206707734428473,Unknown,Unknown,0,0,False,False
152789,Bank of India Business Cycle Fund - Direct Plan - Growth,2024-09-02,2026-07-10,457,1.8507871321013005,Unknown,Unknown,0,0,False,False
152793,Bandhan Nifty Bank Index Fund - Direct Plan - Growth,2024-08-28,2026-07-10,468,1.864476386036961,Unknown,Unknown,0,0,False,False
152796,Motilal Oswal Business Cycle Fund - Direct Plan- Growth,2024-09-02,2026-07-10,457,1.8507871321013005,Unknown,Unknown,0,0,False,False
152798,Aditya Birla Sun Life Nifty India Defence Index Fund-Direct Growth,2024-09-02,2026-07-10,457,1.8507871321013005,Unknown,Unknown,0,0,False,False
152805,Axis Consumption Fund Direct Plan - Growth,2024-09-18,2026-07-10,452,1.8069815195071868,Unknown,Unknown,0,0,False,False
152814,DSP Nifty Top 10 Equal Weight Index Fund - Direct - Growth,2024-09-06,2026-07-10,453,1.839835728952772,Unknown,Unknown,0,0,False,False
152815,PGIM India Multi Cap Fund - Direct Plan - Growth Option,2024-09-13,2026-07-10,448,1.8206707734428473,Unknown,Unknown,0,0,False,False
152821,ITI Large & Midcap Fund - Direct Plan - Growth,2024-09-13,2026-07-10,448,1.8206707734428473,Unknown,Unknown,0,0,False,False
152825,Franklin India Ultra Short Duration Fund - Direct - Growth,2024-08-29,2026-07-10,451,1.8617385352498288,Unknown,Unknown,0,0,False,False
152829,HSBC India Export Opportunities Fund - Direct Growth,2024-09-30,2026-07-10,437,1.7741273100616017,Unknown,Unknown,0,0,False,False
152836,Tata Nifty200 Alpha 30 Index Fund - Direct -Growth,2024-09-11,2026-07-10,450,1.8261464750171115,Unknown,Unknown,0,0,False,False
152842,Nippon India Nifty 500 Equal Weight Index Fund - Direct Plan - Growth Option,2024-09-11,2026-07-10,450,1.8261464750171115,Unknown,Unknown,0,0,False,False
152844,Bandhan BSE Healthcare Index Fund Direct Plan - Growth,2024-09-09,2026-07-10,459,1.8316221765913758,Unknown,Unknown,0,0,False,False
152847,Samco Multi Cap Fund - Direct Plan - Growth,2024-11-06,2026-07-10,412,1.672826830937714,Unknown,Unknown,0,0,False,False
152849,WhiteOak Capital Arbitrage Fund Direct Plan Growth,2024-09-10,2026-07-10,451,1.8288843258042438,Unknown,Unknown,0,0,False,False
152851,Franklin India Medium to Long Duration Fund - Direct Growth,2024-09-24,2026-07-10,433,1.7905544147843941,Unknown,Unknown,0,0,False,False
152855,Bandhan Nifty Midcap 150 Index Fund-Direct Plan-Growth,2024-09-20,2026-07-10,450,1.8015058179329226,Unknown,Unknown,0,0,False,False
152859,UTI Nifty 200 Quality 30 Index Fund - Direct Plan - Growth Option,2024-09-24,2026-07-10,441,1.7905544147843941,Unknown,Unknown,0,0,False,False
152863,Invesco India Technology Fund - Direct Plan - Growth,2024-09-25,2026-07-10,440,1.787816563997262,Unknown,Unknown,0,0,False,False
152864,UTI Nifty Private Bank Index Fund - Direct Plan - Growth Option,2024-09-24,2026-07-10,441,1.7905544147843941,Unknown,Unknown,0,0,False,False
152869,Kotak CRISIL -IBX AAA Financial Services Index Sep-2027 Fund-DIRECT PLAN-GROWTH Option,2024-09-23,2026-07-10,435,1.7932922655715264,Unknown,Unknown,0,0,False,False
152870,Kotak Nifty India Tourism Index Fund-Direct-Growth Option,2024-09-30,2026-07-10,437,1.7741273100616017,Unknown,Unknown,0,0,False,False
152875,Motilal Oswal Nifty 500 Momentum 50 Index Fund-Direct Plan-Growth,2024-09-30,2026-07-10,437,1.7741273100616017,Unknown,Unknown,0,0,False,False
152878,Bandhan Business Cycle Fund - Direct Plan - Growth,2024-10-01,2026-07-10,443,1.7713894592744694,Unknown,Unknown,0,0,False,False
152881,Nippon India Nifty 500 Momentum 50 Index Fund - Direct Plan - Growth Option,2024-10-01,2026-07-10,436,1.7713894592744694,Unknown,Unknown,0,0,False,False
152887,Axis CRISIL-IBX AAA Bond NBFC - Jun 2027 Index Fund - Direct Plan - Growth Option,2024-09-26,2026-07-10,439,1.78507871321013,Unknown,Unknown,0,0,False,False
152889,HDFC NIFTY LargeMidcap 250 Index Fund - Growth Option - Direct,2024-10-09,2026-07-10,431,1.7494866529774127,Unknown,Unknown,0,0,False,False
152898,Baroda BNP Paribas Credit Risk fund -Direct - Growth option -Seg. Portfolio 2 (erstwhile BBNPP Medium Duration Fund Direct-Growth option Seg. Portfolio 1),2024-09-11,2026-07-10,442,1.8261464750171115,Unknown,Unknown,0,0,False,False
152908,SBI Nifty 500 Index Fund- Direct Plan- Growth,2024-10-04,2026-07-10,441,1.7631759069130732,Unknown,Unknown,0,0,False,False
152910,Kotak MNC Fund-Direct Plan-Growth,2024-10-31,2026-07-10,415,1.6892539356605065,Unknown,Unknown,0,0,False,False
152915,WhiteOak Capital Digital Bharat Fund Direct Plan Growth,2024-10-14,2026-07-10,428,1.7357973990417521,Unknown,Unknown,0,0,False,False
152916,Kotak Nifty Midcap 150 Momentum 50 Index Fund-Direct Plan-Growth,2024-10-11,2026-07-10,429,1.7440109514031485,Unknown,Unknown,0,0,False,False
152920,LIC MF Manufacturing Fund-Direct Plan-Growth,2024-10-16,2026-07-10,426,1.730321697467488,Unknown,Unknown,0,0,False,False
152925,Groww Nifty India Defence ETF FOF - Direct Growth,2024-10-15,2026-07-10,427,1.73305954825462,Unknown,Unknown,0,0,False,False
152931,Baroda BNP Paribas Nifty200 Momentum 30 Index Fund - Direct Plan - Growth Option,2024-10-16,2026-07-10,426,1.730321697467488,Unknown,Unknown,0,0,False,False
152936,ICICI Prudential Nifty200 Value 30 Index Fund - Direct Plan - Growth,2024-10-21,2026-07-10,423,1.7166324435318274,Unknown,Unknown,0,0,False,False
152939,TRUSTMF SMALL CAP FUND -DIRECT PLAN-GROWTH,2024-11-05,2026-07-10,414,1.675564681724846,Unknown,Unknown,0,0,False,False
152941,Helios Large & Mid Cap Fund - Direct Plan - Growth Option,2024-11-04,2026-07-10,414,1.678302532511978,Unknown,Unknown,0,0,False,False
152947,Aditya Birla Sun Life Crisil-IBX AAA NBFC-HFC Index-Sep 2026 Fund-Direct Growth,2024-10-09,2026-07-10,424,1.7494866529774127,Unknown,Unknown,0,0,False,False
152949,Axis Nifty500 Value 50 Index Fund - Direct Plan - Growth Option,2024-10-30,2026-07-10,423,1.6919917864476386,Unknown,Unknown,0,0,False,False
152951,Tata Nifty Capital Markets Index Fund - Direct Plan Growth Option,2024-10-30,2026-07-10,416,1.6919917864476386,Unknown,Unknown,0,0,False,False
152958,Aditya Birla Sun Life Crisil-IBX AAA NBFC-HFC Index-Dec 2025 Fund-Direct Growth,2024-10-16,2025-12-31,294,1.2073921971252566,Unknown,Unknown,0,0,False,False
152962,WhiteOak Capital ESG Best-In-Class Strategy Fund Direct Plan Growth,2024-10-31,2026-07-10,415,1.6892539356605065,Unknown,Unknown,0,0,False,False
152964,Motilal Oswal Digital India Fund - Direct Plan - Growth,2024-11-08,2026-07-10,410,1.6673511293634498,Unknown,Unknown,0,0,False,False
152968,Mirae Asset Nifty Total Market Index Fund - Direct Plan - Growth,2024-10-29,2026-07-10,417,1.6947296372347707,Unknown,Unknown,0,0,False,False
152972,Mirae Asset Nifty 50 Index Fund - Direct Plan - Growth,2024-10-25,2026-07-10,419,1.7056810403832992,Unknown,Unknown,0,0,False,False
152976,Mirae Asset Nifty LargeMidcap 250 Index Fund - Direct Plan - Growth,2024-10-25,2026-07-10,419,1.7056810403832992,Unknown,Unknown,0,0,False,False
152980,Groww Gold ETF FOF - DIRECT - GROWTH,2024-11-08,2026-07-10,410,1.6673511293634498,Unknown,Unknown,0,0,False,False
152985,Edelweiss Nifty500 Multicap Momentum Quality 50 Index Fund - Direct - Growth,2024-11-05,2026-07-10,413,1.675564681724846,Unknown,Unknown,0,0,False,False
152990,Bandhan Nifty 500 Value 50 Index Fund Direct Plan - Growth,2024-10-30,2026-07-10,423,1.6919917864476386,Unknown,Unknown,0,0,False,False
152992,Nippon India CRISIL - IBX AAA Financial Services - Dec 2026 Index Fund - Direct Plan - Growth Option,2024-10-29,2026-07-10,410,1.6947296372347707,Unknown,Unknown,0,0,False,False
152996,Nippon India CRISIL - IBX AAA Financial Services - Jan 2028 Index Fund - Direct Plan - Growth Option,2024-10-29,2026-07-10,410,1.6947296372347707,Unknown,Unknown,0,0,False,False
153000,Baroda BNP Paribas Nifty Midcap 150 Index Fund - Direct Plan - Growth Option,2024-11-06,2026-07-10,412,1.672826830937714,Unknown,Unknown,0,0,False,False
153003,Bandhan Nifty 500 Momentum 50 Index Fund Direct Plan-Growth,2024-10-30,2026-07-10,423,1.6919917864476386,Unknown,Unknown,0,0,False,False
153007,Mirae Asset Gold ETF Fund of Fund - Direct Plan - Growth,2024-10-28,2026-07-10,418,1.6974674880219027,Unknown,Unknown,0,0,False,False
153011,Zerodha Gold ETF FoF-Direct Plan - Growth Option,2024-11-19,2026-07-10,404,1.6372347707049966,Unknown,Unknown,0,0,False,False
153015,SBI Nifty India Consumption Index Fund- Direct Plan- Growth,2024-11-06,2026-07-10,419,1.672826830937714,Unknown,Unknown,0,0,False,False
153023,Motilal Oswal Nifty MidSmall Healthcare Index Fund- Direct Plan-Growth,2024-11-25,2026-07-10,401,1.620807665982204,Unknown,Unknown,0,0,False,False
153025,Motilal Oswal Nifty MidSmall India Consumption Index Fund - Direct Plan- Growth,2024-11-25,2026-07-10,401,1.620807665982204,Unknown,Unknown,0,0,False,False
153027,Motilal Oswal Nifty MidSmall Financial Services Index Fund - Direct Plan- Growth,2024-11-25,2026-07-10,401,1.620807665982204,Unknown,Unknown,0,0,False,False
153029,Motilal Oswal Nifty MidSmall IT and Telecom Index Fund - Direct Plan- Growth,2024-11-25,2026-07-10,401,1.620807665982204,Unknown,Unknown,0,0,False,False
153030,Aditya Birla Sun Life Crisil-IBX AAA Financial Services Index-Sep 2027 Fund-Direct Growth,2024-11-14,2026-07-10,399,1.6509240246406571,Unknown,Unknown,0,0,False,False
153034,Groww Multicap Fund - Direct - Growth,2024-12-18,2026-07-10,384,1.5578370978781657,Unknown,Unknown,0,0,False,False
153035,Shriram Liquid Fund - Direct Plan Growth Option,2024-11-20,2026-07-12,529,1.6399726214921286,Unknown,Unknown,0,0,False,False
153039,PGIM India Healthcare Fund - Direct Plan - Growth Option,2024-12-11,2026-07-10,389,1.5770020533880904,Unknown,Unknown,0,0,False,False
153043,Franklin India Arbitrage Fund - Direct - Growth,2024-11-19,2026-07-10,404,1.6372347707049966,Unknown,Unknown,0,0,False,False
153047,Invesco India Multi Asset Allocation Fund - Direct Plan - Growth,2024-12-19,2026-07-10,383,1.5550992470910336,Unknown,Unknown,0,0,False,False
153051,Axis CRISIL-IBX AAA Bond Financial Services - Sep 2027 Index Fund - Direct Plan - Growth Option,2024-11-26,2026-07-10,400,1.6180698151950719,Unknown,Unknown,0,0,False,False
153055,Tata India Innovation Fund- Direct Growth,2024-12-05,2026-07-10,393,1.593429158110883,Unknown,Unknown,0,0,False,False
153060,Nippon India Nifty Realty Index Fund-Direct Plan- Growth Option,2024-12-09,2026-07-10,391,1.5824777549623545,Unknown,Unknown,0,0,False,False
153064,Nippon India Nifty Auto Index Fund - Direct Plan- Growth Option,2024-12-09,2026-07-10,391,1.5824777549623545,Unknown,Unknown,0,0,False,False
153070,ICICI Prudential Equity Minimum Variance Fund - Direct Plan - Growth,2024-12-09,2026-07-10,391,1.5824777549623545,Unknown,Unknown,0,0,False,False
153075,BAJAJ FINSERV CONSUMPTION FUND - DIRECT - GROWTH,2024-12-03,2026-07-10,395,1.5989048596851472,Unknown,Unknown,0,0,False,False
153076,Shriram Multi Sector Rotation Fund - Direct Plan Growth Option,2024-12-13,2026-07-10,387,1.571526351813826,Unknown,Unknown,0,0,False,False
153081,Aditya Birla Sun Life BSE India Infrastructure Index Fund-Direct Growth,2024-12-05,2026-07-10,393,1.593429158110883,Unknown,Unknown,0,0,False,False
153083,Axis Momentum Fund - Direct Plan - Growth Option,2024-12-18,2026-07-10,390,1.5578370978781657,Unknown,Unknown,0,0,False,False
153086,UTI Nifty Alpha Low-Volatility 30 Index Fund - Direct Plan - Growth Option,2024-12-03,2026-07-10,395,1.5989048596851472,Unknown,Unknown,0,0,False,False
153089,UTI Nifty Midcap 150 Index Fund - Direct Plan - Growth Option,2024-12-03,2026-07-10,395,1.5989048596851472,Unknown,Unknown,0,0,False,False
153090,Samco Arbitrage Fund - Direct Plan - Growth,2024-11-29,2026-07-10,397,1.6098562628336757,Unknown,Unknown,0,0,False,False
153092,Samco Multi Asset Allocation Fund - Direct Plan - Growth,2024-12-31,2026-07-10,376,1.5222450376454484,Unknown,Unknown,0,0,False,False
153094,Quantum Ethical Fund - Direct Plan Growth Option,2024-12-20,2026-07-10,381,1.5523613963039014,Unknown,Unknown,0,0,False,False
153097,HDFC Nifty India Digital Index Fund - Growth Option - Direct,2024-12-11,2026-07-10,389,1.5770020533880904,Unknown,Unknown,0,0,False,False
153102,Franklin India Long Duration Fund - Direct - Growth,2024-12-11,2026-07-10,381,1.5770020533880904,Unknown,Unknown,0,0,False,False
153105,Mirae Asset Long Duration Fund - Direct Plan - Growth,2024-12-09,2026-07-10,384,1.5824777549623545,Unknown,Unknown,0,0,False,False
153109,Union Active Momentum Fund - Direct Plan - Growth Option,2024-12-23,2026-07-10,381,1.5441478439425051,Unknown,Unknown,0,0,False,False
153114,Bandhan Nifty 200 Quality 30 Index Fund - Direct Plan - Growth,2024-12-05,2026-07-10,399,1.593429158110883,Unknown,Unknown,0,0,False,False
153115,Edelweiss CRISIL IBX AAA Financial Services - Jan 2028 Index Fund - Direct - Growth,2024-11-29,2026-07-10,390,1.6098562628336757,Unknown,Unknown,0,0,False,False
153118,Kotak Transportation & Logistics Fund-Direct Growth,2024-12-23,2026-07-10,381,1.5441478439425051,Unknown,Unknown,0,0,False,False
153121,DSP Business Cycle Fund - Direct - Growth,2024-12-18,2026-07-10,384,1.5578370978781657,Unknown,Unknown,0,0,False,False
153124,Aditya Birla Sun Life Conglomerate Fund-Direct Growth,2024-12-30,2026-07-10,377,1.5249828884325805,Unknown,Unknown,0,0,False,False
153132,Tata BSE Select Business Groups Index Fund - Direct Growth,2024-12-18,2026-07-10,384,1.5578370978781657,Unknown,Unknown,0,0,False,False
153138,Motilal Oswal Nifty Capital Market Index Fund - Direct Plan - Growth,2024-12-20,2026-07-10,382,1.5523613963039014,Unknown,Unknown,0,0,False,False
153139,Bank of India Consumption Fund - Direct - Growth,2024-12-23,2026-07-10,381,1.5441478439425051,Unknown,Unknown,0,0,False,False
153146,Kotak Nifty 100 Equal Weight Index Fund - Direct Plan - Growth,2024-12-30,2026-07-10,377,1.5249828884325805,Unknown,Unknown,0,0,False,False
153150,Kotak Nifty 50 Equal Weight Index Fund - Direct Plan - Growth,2024-12-30,2026-07-10,377,1.5249828884325805,Unknown,Unknown,0,0,False,False
153154,SBI Quant Fund- Direct Plan- Growth,2024-12-31,2026-07-10,382,1.5222450376454484,Unknown,Unknown,0,0,False,False
153157,BAJAJ FINSERV HEALTHCARE FUND - DIRECT - GROWTH,2024-12-30,2026-07-10,377,1.5249828884325805,Unknown,Unknown,0,0,False,False
153161,ICICI Prudential Nifty 500 Index Fund - Direct Plan - Growth,2024-12-23,2026-07-10,381,1.5441478439425051,Unknown,Unknown,0,0,False,False
153163,Tata Fixed Maturity Plan Series 61 Scheme D Direct Plan Growth,2024-12-11,2025-03-05,58,0.2299794661190965,Unknown,Unknown,0,0,False,False
153171,Baroda BNP Paribas Children's Fund - Direct Plan - Growth Option,2024-12-31,2026-07-10,376,1.5222450376454484,Unknown,Unknown,0,0,False,False
153172,Axis CRISIL-IBX AAA Bond NBFC-HFC - Jun 2027 Index Fund - Direct Plan - Growth option,2024-12-13,2026-07-10,386,1.571526351813826,Unknown,Unknown,0,0,False,False
153179,Aditya Birla Sun Life Crisil-IBX financial Services 3 to 6 months Debt Index Fund-Direct Growth,2024-12-18,2026-07-10,377,1.5578370978781657,Unknown,Unknown,0,0,False,False
153184,ICICI Prudential Rural Opportunities Fund - Direct Plan - Growth,2025-01-29,2026-07-10,355,1.4428473648186173,Unknown,Unknown,0,0,False,False
153187,Motilal Oswal Arbitrage Fund-Direct Plan-Growth,2024-12-27,2026-07-10,378,1.5331964407939767,Unknown,Unknown,0,0,False,False
153189,WhiteOak Capital Quality Equity Fund Direct Plan Growth,2025-01-30,2026-07-10,354,1.4401095140314852,Unknown,Unknown,0,0,False,False
153192,Mirae Asset Nifty India New Age Consumption ETF Fund of Fund - Direct Plan - Growth,2025-01-03,2026-07-10,373,1.514031485284052,Unknown,Unknown,0,0,False,False
153196,Mirae Asset Small Cap Fund - Direct Plan - Growth,2025-02-03,2026-07-10,352,1.429158110882957,Unknown,Unknown,0,0,False,False
153201,BAJAJ FINSERV ELSS TAX SAVER FUND - DIRECT - GROWTH,2025-02-03,2026-07-10,352,1.429158110882957,Unknown,Unknown,0,0,False,False
153204,UTI Quant Fund - Direct Plan - Growth Option,2025-01-24,2026-07-10,358,1.4565366187542779,Unknown,Unknown,0,0,False,False
153206,Bajaj Finserv Gilt Fund - Direct - Growth,2025-01-16,2026-07-10,357,1.4784394250513346,Unknown,Unknown,0,0,False,False
153213,Bandhan Nifty Alpha Low Volatility 30 Index Fund - Direct Plan - Growth,2025-01-24,2026-07-10,364,1.4565366187542779,Unknown,Unknown,0,0,False,False
153214,Edelweiss Consumption Fund - Direct - Growth,2025-02-24,2026-07-10,337,1.3716632443531827,Unknown,Unknown,0,0,False,False
153219,DSP BSE SENSEX Next 30 Index Fund - Direct - Growth,2025-01-30,2026-07-10,354,1.4401095140314852,Unknown,Unknown,0,0,False,False
153223,Kotak Nifty SmallCap 250 Index Fund- Direct - Growth,2025-01-30,2026-07-10,354,1.4401095140314852,Unknown,Unknown,0,0,False,False
153225,Baroda BNP Paribas Energy Opportunities Fund - Direct Plan - Growth Option,2025-02-12,2026-07-10,345,1.404517453798768,Unknown,Unknown,0,0,False,False
153230,Groww Nifty India Railways PSU Index Fund - Direct Plan - Growth,2025-02-07,2026-07-10,348,1.4182067077344285,Unknown,Unknown,0,0,False,False
153236,ICICI Prudential CRISIL-IBX AAA Bond Financial Services Index -Dec 2026 Fund- Direct Plan - Growth,2025-01-28,2025-11-14,192,0.7939767282683093,Unknown,Unknown,0,0,False,False
153239,Samco Large Cap Fund - Direct Plan - Growth Option,2025-03-28,2026-07-10,315,1.2840520191649556,Unknown,Unknown,0,0,False,False
153242,Union Short Duration Fund - Direct Plan - Growth Option,2025-02-03,2026-07-10,345,1.429158110882957,Unknown,Unknown,0,0,False,False
153244,Axis Nifty500 Momentum 50 Index Fund - Direct Plan - Growth Option,2025-02-18,2026-07-10,347,1.3880903490759753,Unknown,Unknown,0,0,False,False
153246,LIC MF Multi Asset Allocation Fund-Direct Plan-Growth,2025-02-18,2026-07-10,341,1.3880903490759753,Unknown,Unknown,0,0,False,False
153250,SBI Nifty Bank Index Fund-Direct Plan- Growth,2025-02-12,2026-07-10,351,1.404517453798768,Unknown,Unknown,0,0,False,False
153258,Motilal Oswal Innovation Opportunities Fund - Direct Plan- Growth,2025-02-24,2026-07-10,337,1.3716632443531827,Unknown,Unknown,0,0,False,False
153260,ITI Bharat Consumption Fund - Direct Plan - Growth,2025-03-05,2026-07-10,331,1.3470225872689938,Unknown,Unknown,0,0,False,False
153266,HSBC Financial Services Fund - Direct Growth,2025-03-04,2026-07-10,332,1.3497604380561259,Unknown,Unknown,0,0,False,False
153270,UTI Nifty India Manufacturing Index Fund - Direct Plan - Growth Option,2025-02-18,2026-07-10,341,1.3880903490759753,Unknown,Unknown,0,0,False,False
153272,UTI Nifty Midsmallcap 400 Momentum Quality 100 Index Fund - Direct Plan - Growth Option,2025-02-18,2026-07-10,341,1.3880903490759753,Unknown,Unknown,0,0,False,False
153274,Nippon India Active Momentum Fund-Direct Plan - Growth Option,2025-03-03,2026-07-10,333,1.352498288843258,Unknown,Unknown,0,0,False,False
153286,Kotak BSE Sensex Index Fund- Direct - Growth,2025-02-20,2026-07-10,339,1.3826146475017111,Unknown,Unknown,0,0,False,False
153291,Invesco India Business Cycle Fund - Direct Plan - Growth,2025-03-03,2026-07-10,333,1.352498288843258,Unknown,Unknown,0,0,False,False
153294,Bank of India Money Market Fund - Direct - Growth,2025-02-05,2026-07-10,343,1.4236824093086926,Unknown,Unknown,0,0,False,False
153303,Mahindra Manulife Value Fund - Direct Plan - Growth,2025-03-05,2026-07-10,331,1.3470225872689938,Unknown,Unknown,0,0,False,False
153309,BAJAJ FINSERV MULTI CAP FUND - DIRECT - GROWTH,2025-03-03,2026-07-10,333,1.352498288843258,Unknown,Unknown,0,0,False,False
153313,Kotak CRISIL - IBX AAA Bond Financial Services Index Dec 2026 Fund - Direct - Growth,2025-02-20,2026-07-10,333,1.3826146475017111,Unknown,Unknown,0,0,False,False
153316,Bandhan Fixed Maturity Plan (FMP) - Series 209 (93 Days) - Direct Plan - Growth,2025-02-12,2025-05-15,58,0.2518822724161533,Unknown,Unknown,0,0,False,False
153320,SBI Nifty IT Index Fund - Direct Plan - Growth,2025-02-27,2026-07-10,341,1.3634496919917864,Unknown,Unknown,0,0,False,False
153326,Helios Mid Cap Fund - Direct Plan - Growth Option,2025-03-17,2026-07-10,324,1.3141683778234086,Unknown,Unknown,0,0,False,False
153328,Groww Nifty 200 ETF FOF - Direct - Growth,2025-03-04,2026-07-10,332,1.3497604380561259,Unknown,Unknown,0,0,False,False
153330,ANGEL ONE NIFTY TOTAL MARKET INDEX FUND DIRECT PLAN GROWTH OPTION,2025-03-05,2026-07-10,332,1.3470225872689938,Unknown,Unknown,0,0,False,False
153335,Edelweiss CRISIL IBX AAA Bond NBFC HFC Jun 2027 Index Fund - Direct Plan - Growth Option,2025-02-20,2026-07-10,333,1.3826146475017111,Unknown,Unknown,0,0,False,False
153340,Union Gold ETF Fund of Fund - Direct Plan - Growth Option,2025-03-04,2026-07-10,332,1.3497604380561259,Unknown,Unknown,0,0,False,False
153348,DSP Nifty Private Bank Index Fund - Direct - Growth,2025-03-06,2026-07-10,330,1.3442847364818618,Unknown,Unknown,0,0,False,False
153350,Bandhan Nifty Next 50 Index Fund - Direct Plan - Growth,2025-03-03,2026-07-10,339,1.352498288843258,Unknown,Unknown,0,0,False,False
153353,Kotak Nifty Commodities Index Fund-Direct Growth,2025-03-18,2026-07-10,323,1.3114305270362765,Unknown,Unknown,0,0,False,False
153355,WhiteOak Capital Equity Savings Fund Direct Plan Growth,2025-03-13,2026-07-10,325,1.325119780971937,Unknown,Unknown,0,0,False,False
153364,Motilal Oswal Active Momentum Fund- Direct-Growth,2025-03-21,2026-07-10,320,1.3032169746748803,Unknown,Unknown,0,0,False,False
153368,Franklin India Low Duration Fund-Direct-Growth,2025-03-06,2026-07-10,324,1.3442847364818618,Unknown,Unknown,0,0,False,False
153372,Kotak CRISIL-IBX Financial Services 3-6 Months Debt Index Fund-Direct-Growth,2025-03-11,2026-07-10,321,1.3305954825462012,Unknown,Unknown,0,0,False,False
153376,Unifi Dynamic Asset Allocation Fund - Direct Growth,2025-03-17,2026-07-10,324,1.3141683778234086,Unknown,Unknown,0,0,False,False
153380,Mirae Asset BSE 200 Equal Weight ETF Fund of Fund - Direct Plan - Growth,2025-03-19,2026-07-10,322,1.3086926762491444,Unknown,Unknown,0,0,False,False
153385,Mirae Asset BSE Select IPO ETF Fund of Fund - Direct Plan - Growth,2025-03-19,2026-07-10,322,1.3086926762491444,Unknown,Unknown,0,0,False,False
153389,Bandhan CRISIL-IBX 10:90 Gilt Plus SDL Index - Dec 2029 Fund-Direct Plan-Growth,2025-03-11,2026-07-10,327,1.3305954825462012,Unknown,Unknown,0,0,False,False
153394,ICICI Prudential Nifty EV & New Age Automotive ETF FOF - Direct Plan - Growth,2025-04-21,2026-07-10,302,1.218343600273785,Unknown,Unknown,0,0,False,False
153401,KOTAK NIFTY MIDCAP 150 INDEX FUND-DIRECT PLAN-GROWTH,2025-03-28,2026-07-10,315,1.2840520191649556,Unknown,Unknown,0,0,False,False
153407,Bandhan CRISIL-IBX Financial Services 3-6 Months Debt Index Fund - Direct Plan - Growth,2025-03-17,2026-07-10,324,1.3141683778234086,Unknown,Unknown,0,0,False,False
153411,ICICI Prudential CRISIL-IBX Financial Services 3-6 Months Debt Index Fund - Direct Plan - Growth,2025-03-20,2026-07-10,315,1.3059548254620124,Unknown,Unknown,0,0,False,False
153416,Edelweiss Low Duration Fund - Direct Plan Growth,2025-03-21,2026-07-10,314,1.3032169746748803,Unknown,Unknown,0,0,False,False
153420,Tata BSE Quality Index Fund Direct plan Growth Option,2025-04-08,2026-07-10,308,1.2539356605065024,Unknown,Unknown,0,0,False,False
153426,quant Arbitrage Fund - Growth Option - Direct Plan,2025-04-07,2026-07-10,309,1.2566735112936345,Unknown,Unknown,0,0,False,False
153432,SBI BSE PSU BANK INDEX FUND- Direct Plan- Growth,2025-03-28,2026-07-10,321,1.2840520191649556,Unknown,Unknown,0,0,False,False
153436,Zerodha Overnight Fund - Direct Plan - Growth Option,2025-04-09,2026-07-12,390,1.2566735112936345,Unknown,Unknown,0,0,False,False
153442,UTI Income Plus Arbitrage Active Fund of Fund - Direct Plan - Growth Option,2025-04-08,2026-07-10,308,1.2539356605065024,Unknown,Unknown,0,0,False,False
153443,Aditya Birla Sun Life Crisil-IBX Financial Services 9-12 Months Debt Index Fund-Direct Growth,2025-03-24,2026-07-10,313,1.2950034223134839,Unknown,Unknown,0,0,False,False
153447,Kotak Energy Opportunities Fund-Direct-Growth,2025-05-02,2026-07-10,294,1.1882272416153319,Unknown,Unknown,0,0,False,False
153453,Groww Nifty 500 Momentum 50 ETF FOF - Direct Plan - Growth,2025-04-25,2026-07-10,298,1.2073921971252566,Unknown,Unknown,0,0,False,False
153458,ICICI Prudential Quality Fund - Direct Plan - Growth,2025-05-26,2026-07-10,278,1.1225188227241616,Unknown,Unknown,0,0,False,False
153461,Kotak Nifty Top 10 Equal Weight Index Fund-Direct Plan-Growth,2025-05-02,2026-07-10,294,1.1882272416153319,Unknown,Unknown,0,0,False,False
153465,Canara Robeco Multi Asset Allocation Fund - Direct Plan - Growth,2025-06-03,2026-07-10,272,1.1006160164271048,Unknown,Unknown,0,0,False,False
153470,Nippon India Nifty 500 Quality 50 Index Fund - Direct Plan - Growth Option,2025-05-08,2026-07-10,290,1.1718001368925393,Unknown,Unknown,0,0,False,False
153474,Nippon India Nifty 500 Low Volatility 50 Index Fund - Direct Plan - Growth Option,2025-05-08,2026-07-10,290,1.1718001368925393,Unknown,Unknown,0,0,False,False
153477,Groww Gilt Fund - Direct - Growth,2025-05-13,2026-07-10,283,1.158110882956879,Unknown,Unknown,0,0,False,False
153479,Bajaj Finserv Nifty Next 50 Index Fund - Direct - Growth,2025-05-14,2026-07-10,286,1.1553730321697468,Unknown,Unknown,0,0,False,False
153484,Motilal Oswal Infrastructure Fund-Direct-Growth,2025-05-19,2026-07-10,283,1.1416837782340863,Unknown,Unknown,0,0,False,False
153487,DSP Silver ETF Fund of Fund - Direct - Growth,2025-05-15,2026-07-10,285,1.1526351813826146,Unknown,Unknown,0,0,False,False
153497,Edelweiss BSE Internet Economy Index Fund - Direct Plan - Growth,2025-05-16,2026-07-10,284,1.1498973305954825,Unknown,Unknown,0,0,False,False
153498,SBI Income Plus Arbitrage Active FOF- Direct Plan- Growth,2025-05-07,2026-07-10,292,1.1745379876796715,Unknown,Unknown,0,0,False,False
153506,Bajaj Finserv Nifty 50 Index Fund - Direct - Growth,2025-05-19,2026-07-10,283,1.1416837782340863,Unknown,Unknown,0,0,False,False
153513,Tata Income Plus Arbitrage Active FOF - Direct Plan Growth Option,2025-05-26,2026-07-10,274,1.1225188227241616,Unknown,Unknown,0,0,False,False
153515,UTI Multi Cap Fund - Direct Plan - Growth Option,2025-05-20,2026-07-10,282,1.1389459274469542,Unknown,Unknown,0,0,False,False
153517,HDFC CRISIL-IBX Financial Services 3-6 Months Debt Index Fund - Direct Growth Plan,2025-05-06,2026-07-10,287,1.1772758384668036,Unknown,Unknown,0,0,False,False
153525,Groww Silver ETF FOF - Direct - Growth,2025-05-26,2026-07-10,278,1.1225188227241616,Unknown,Unknown,0,0,False,False
153529,ANGEL ONE NIFTY 50 INDEX FUND-DIRECT-GROWTH,2025-05-28,2026-07-10,276,1.1170431211498972,Unknown,Unknown,0,0,False,False
153534,Samco Large & Mid Cap Fund - Direct Plan - Growth Option,2025-06-30,2026-07-10,253,1.0266940451745379,Unknown,Unknown,0,0,False,False
153536,Baroda BNP Paribas Income Plus Arbitrage Active FOF Direct Growth,2025-05-26,2026-07-10,274,1.1225188227241616,Unknown,Unknown,0,0,False,False
153543,Unifi Flexi Cap Fund - Direct Growth,2025-06-09,2026-07-10,268,1.0841889117043122,Unknown,Unknown,0,0,False,False
153546,ICICI Prudential Nifty200 Quality 30 Index Fund - Direct Plan - Growth,2025-06-10,2026-07-10,267,1.08145106091718,Unknown,Unknown,0,0,False,False
153552,Baroda BNP Paribas Multi Asset Active FOF Direct Growth,2025-06-02,2026-07-10,269,1.103353867214237,Unknown,Unknown,0,0,False,False
153555,SBI Nifty200 Quality 30 Index Fund-Direct Plan- Growth,2025-06-10,2026-07-10,272,1.08145106091718,Unknown,Unknown,0,0,False,False
153558,Motilal Oswal Services Fund - Direct Plan - Growth,2025-06-16,2026-07-10,263,1.0650239561943875,Unknown,Unknown,0,0,False,False
153567,Nippon India BSE Sensex Next 30 Index Fund- Direct Plan- Growth Option,2025-06-12,2026-07-10,265,1.0759753593429158,Unknown,Unknown,0,0,False,False
153570,Unifi Liquid Fund- Direct Growth,2025-06-12,2026-07-12,340,1.08145106091718,Unknown,Unknown,0,0,False,False
153575,Union Income Plus Arbitrage Active FOF - Direct Plan - Growth Option,2025-06-16,2026-07-10,259,1.0650239561943875,Unknown,Unknown,0,0,False,False
153581,Tata Nifty Midcap 150 Index Fund - Direct Plan - Growth Option,2025-06-25,2026-07-10,256,1.0403832991101984,Unknown,Unknown,0,0,False,False
153590,DSP Nifty IT Index Fund - Direct - Growth,2025-06-20,2026-07-10,259,1.054072553045859,Unknown,Unknown,0,0,False,False
153594,DSP Nifty Healthcare Index Fund - Direct- Growth,2025-06-20,2026-07-10,259,1.054072553045859,Unknown,Unknown,0,0,False,False
153596,Motilal Oswal BSE 1000 Index Fund - Direct Plan - Growth,2025-07-01,2026-07-10,252,1.0239561943874058,Unknown,Unknown,0,0,False,False
153600,Nippon India Income Plus Arbitrage Active Fund of Fund- Direct Plan- Growth Option,2025-06-19,2026-07-10,256,1.056810403832991,Unknown,Unknown,0,0,False,False
153604,Baroda BNP Paribas Health and Wellness Fund Direct Growth,2025-07-01,2026-07-10,252,1.0239561943874058,Unknown,Unknown,0,0,False,False
153612,BAJAJ FINSERV SMALL CAP FUND - DIRECT - GROWTH,2025-07-22,2026-07-10,237,0.9664613278576317,Unknown,Unknown,0,0,False,False
153614,ICICI Prudential Nifty Top 15 Equal Weight Index Fund - Direct Plan - Growth,2025-06-27,2026-07-10,254,1.0349075975359343,Unknown,Unknown,0,0,False,False
153620,HDFC INNOVATION FUND - DIRECT PLAN - GROWTH OPTION,2025-07-17,2026-07-10,240,0.9801505817932923,Unknown,Unknown,0,0,False,False
153624,Axis Services Opportunities Fund - Direct Plan - Growth Option,2025-07-30,2026-07-10,236,0.944558521560575,Unknown,Unknown,0,0,False,False
153626,Groww Nifty India Internet ETF FOF - Direct - Growth,2025-07-04,2026-07-10,249,1.0157426420260096,Unknown,Unknown,0,0,False,False
153629,JM Large & Mid Cap Fund (Direct) - Growth Option,2025-07-30,2026-07-10,231,0.944558521560575,Unknown,Unknown,0,0,False,False
153634,Mirae Asset CRISIL-IBX Financial Services 9-12 Months Debt Index Fund - Direct Plan - Growth,2025-06-26,2026-07-10,251,1.0376454483230664,Unknown,Unknown,0,0,False,False
153638,Mirae Asset Income plus Arbitrage Active FOF - Direct Plan - Growth,2025-07-07,2026-07-10,244,1.0075290896646132,Unknown,Unknown,0,0,False,False
153644,TRUSTMF MULTI CAP FUND -DIRECT PLAN-GROWTH,2025-07-25,2026-07-10,235,0.9582477754962354,Unknown,Unknown,0,0,False,False
153649,JioBlackRock Money Market Fund - Direct Plan - Growth Option,2025-07-07,2026-07-10,244,1.0075290896646132,Unknown,Unknown,0,0,False,False
153650,JioBlackRock Overnight Fund - Direct Plan - Growth Option,2025-07-06,2026-07-12,317,1.0157426420260096,Unknown,Unknown,0,0,False,False
153651,JioBlackRock Liquid Fund - Direct Plan - Growth Option,2025-07-06,2026-07-12,317,1.0157426420260096,Unknown,Unknown,0,0,False,False
153654,Union Low Duration Fund - Direct Plan - Growth Option,2025-07-18,2026-07-10,235,0.9774127310061602,Unknown,Unknown,0,0,False,False
153656,Zerodha Silver ETF FoF - Direct Growth,2025-07-11,2026-07-10,244,0.9965776865160849,Unknown,Unknown,0,0,False,False
153660,KOTAK NIFTY 200 QUALITY 30 INDEX FUND - DIRECT PLAN - GROWTH,2025-07-18,2026-07-10,239,0.9774127310061602,Unknown,Unknown,0,0,False,False
153662,SBI Nifty200 Momentum 30 Index Fund- Direct Plan- Growth,2025-07-15,2026-07-10,247,0.9856262833675564,Unknown,Unknown,0,0,False,False
153669,Sundaram Multi-Factor Fund - Direct - Growth,2025-07-23,2026-07-10,236,0.9637234770704997,Unknown,Unknown,0,0,False,False
153674,Mahindra Manulife Banking & Financial Services Fund - Direct - Growth,2025-07-21,2026-07-10,238,0.9691991786447639,Unknown,Unknown,0,0,False,False
153679,ICICI Prudential Nifty Private Bank Index Fund - Direct Plan - Growth,2025-07-18,2026-07-10,239,0.9774127310061602,Unknown,Unknown,0,0,False,False
153680,Kotak Nifty AAA Bond Financial Services Mar 2028 Index Fund - Direct Plan - Growth,2025-07-14,2026-07-10,239,0.9883641341546886,Unknown,Unknown,0,0,False,False
153684,ICICI Prudential Active Momentum Fund - Direct Plan - Growth,2025-07-28,2026-07-10,233,0.9500342231348392,Unknown,Unknown,0,0,False,False
153693,Nippon India MNC Fund- Direct Plan- Growth Option,2025-07-25,2026-07-10,234,0.9582477754962354,Unknown,Unknown,0,0,False,False
153697,Invesco India Income Plus Arbitrage Active Fund of Fund - Direct Plan - Growth,2025-07-22,2026-07-10,233,0.9664613278576317,Unknown,Unknown,0,0,False,False
153703,360 ONE Overnight Fund - Direct Plan - Growth,2025-07-13,2026-07-12,301,0.9965776865160849,Unknown,Unknown,0,0,False,False
153704,Groww Nifty 50 Index Fund Direct Growth,2025-07-22,2026-07-10,237,0.9664613278576317,Unknown,Unknown,0,0,False,False
153705,quant Equity Savings Fund - Growth Option - Direct Plan,2025-07-25,2026-07-10,234,0.9582477754962354,Unknown,Unknown,0,0,False,False
153712,Edelweiss Income Plus Arbitrage Active Fund of Funds - Direct Plan Growth,2025-07-21,2026-07-10,234,0.9691991786447639,Unknown,Unknown,0,0,False,False
153718,SBI Nifty100 Low Volatility 30 Index Fund- Direct Plan- Growth,2025-07-31,2026-07-10,235,0.9418206707734429,Unknown,Unknown,0,0,False,False
153722,Bandhan Multi-Factor Fund - Direct Plan - Growth,2025-08-01,2026-07-10,234,0.9390828199863107,Unknown,Unknown,0,0,False,False
153728,Bank of India Mid Cap Fund - Direct Plan Growth,2025-08-25,2026-07-10,214,0.8733744010951403,Unknown,Unknown,0,0,False,False
153731,Franklin India Multi Asset Allocation Fund- Direct-Growth,2025-07-31,2026-07-10,229,0.9418206707734429,Unknown,Unknown,0,0,False,False
153736,Aditya Birla Sun Life BSE 500 Momentum 50 Index Fund-Direct Growth,2025-08-11,2026-07-10,223,0.9117043121149897,Unknown,Unknown,0,0,False,False
153738,CAPITALMIND FLEXI CAP FUND DIRECT GROWTH,2025-08-06,2026-07-10,227,0.9253935660506503,Unknown,Unknown,0,0,False,False
153740,Aditya Birla Sun Life BSE 500 Quality 50 Index Fund - Direct Growth,2025-08-11,2026-07-10,223,0.9117043121149897,Unknown,Unknown,0,0,False,False
153745,Groww BSE Power ETF FOF Direct Growth,2025-08-08,2026-07-10,224,0.919917864476386,Unknown,Unknown,0,0,False,False
153749,Motilal Oswal Special Opportunities Fund - Direct - Growth,2025-08-21,2026-07-10,216,0.8843258042436687,Unknown,Unknown,0,0,False,False
153753,Kotak Active Momentum Fund - Direct Plan - Growth option,2025-08-28,2026-07-10,212,0.865160848733744,Unknown,Unknown,0,0,False,False
153757,Zerodha Multi Asset Passive FoF - Direct - Growth,2025-08-20,2026-07-10,217,0.8870636550308009,Unknown,Unknown,0,0,False,False
153758,BAJAJ FINSERV EQUITY SAVINGS FUND - DIRECT - GROWTH,2025-08-21,2026-07-10,216,0.8843258042436687,Unknown,Unknown,0,0,False,False
153774,360 ONE Multi Asset Allocation Fund - Direct Plan - Growth,2025-08-22,2026-07-10,211,0.8815879534565366,Unknown,Unknown,0,0,False,False
153776,Edelweiss Multi Asset Omni Fund of Fund- Direct Plan - Growth,2025-09-09,2026-07-10,204,0.8323066392881588,Unknown,Unknown,0,0,False,False
153781,Kotak Nifty Alpha 50 Index Fund - Direct Plan - Growth,2025-08-22,2026-07-10,215,0.8815879534565366,Unknown,Unknown,0,0,False,False
153786,Groww Nifty Next 50 Index Fund Direct Growth,2025-08-26,2026-07-10,213,0.8706365503080082,Unknown,Unknown,0,0,False,False
153787,JioBlackRock Nifty 50 Index Fund - Direct Plan - Growth Option,2025-08-22,2026-07-10,215,0.8815879534565366,Unknown,Unknown,0,0,False,False
153788,JioBlackRock Nifty Midcap 150 Index Fund - Direct Plan - Growth Option,2025-08-22,2026-07-10,215,0.8815879534565366,Unknown,Unknown,0,0,False,False
153789,JioBlackRock Nifty Next 50 Index Fund - Direct Plan - Growth Option,2025-08-22,2026-07-10,215,0.8815879534565366,Unknown,Unknown,0,0,False,False
153790,JioBlackRock Nifty Smallcap 250 Index Fund - Direct Plan - Growth Option,2025-08-22,2026-07-10,215,0.8815879534565366,Unknown,Unknown,0,0,False,False
153791,JioBlackRock Nifty 8-13 yr G-Sec Index Fund - Direct Plan - Growth Option,2025-08-22,2026-07-10,211,0.8815879534565366,Unknown,Unknown,0,0,False,False
153795,Baroda BNP Paribas Gold ETF Fund of Funds Direct Growth,2025-08-22,2026-07-10,215,0.8815879534565366,Unknown,Unknown,0,0,False,False
153801,DSP Nifty500 Flexicap Quality 30 Index Fund - Direct - Growth,2025-08-29,2026-07-10,211,0.8624229979466119,Unknown,Unknown,0,0,False,False
153804,TRUSTMF ARBITRAGE FUND -DIRECT PLAN-GROWTH,2025-09-01,2026-07-10,211,0.8542094455852156,Unknown,Unknown,0,0,False,False
153806,Nippon India Nifty India Manufacturing Index Fund- Direct Plan- Growth Option,2025-08-28,2026-07-10,212,0.865160848733744,Unknown,Unknown,0,0,False,False
153812,Mirae Asset Gold Silver Passive FoF - Direct Plan - Growth,2025-09-01,2026-07-10,210,0.8542094455852156,Unknown,Unknown,0,0,False,False
153816,Mirae Asset Multi Factor Passive FOF - Direct Plan - Growth,2025-09-01,2026-07-10,210,0.8542094455852156,Unknown,Unknown,0,0,False,False
153821,Groww Multi Asset Allocation Fund Direct Growth,2025-10-03,2026-07-10,188,0.7665982203969883,Unknown,Unknown,0,0,False,False
153824,Union Diversified Equity All Cap Active FOF - Direct Plan - Growth Option,2025-09-24,2026-07-10,193,0.7912388774811773,Unknown,Unknown,0,0,False,False
153827,ANGEL ONE GOLD ETF FOF- DIRECT GROWTH,2025-09-12,2026-07-10,201,0.8240930869267625,Unknown,Unknown,0,0,False,False
153829,Axis Nifty500 Quality 50 Index Fund - Direct Plan - Growth Option,2025-09-15,2026-07-10,204,0.8158795345653662,Unknown,Unknown,0,0,False,False
153832,SBI Dynamic Asset Allocation Active FoF - Direct Plan - Growth,2025-09-22,2026-07-10,195,0.7967145790554415,Unknown,Unknown,0,0,False,False
153838,Bandhan BSE India Sector Leaders Index Fund - Direct Plan - Growth,2025-09-25,2026-07-10,196,0.7885010266940452,Unknown,Unknown,0,0,False,False
153847,Baroda BNP Paribas Business Conglomerates Fund Direct Growth Option,2025-09-25,2026-07-10,192,0.7885010266940452,Unknown,Unknown,0,0,False,False
153858,Tata Nifty Next 50 Index Fund - Direct Plan Growth Option,2025-10-07,2026-07-10,186,0.75564681724846,Unknown,Unknown,0,0,False,False
153859,JioBlackRock Flexi Cap Fund - Direct Plan - Growth Option,2025-10-17,2026-07-10,178,0.7282683093771389,Unknown,Unknown,0,0,False,False
153860,HDFC Diversified Equity All Cap Active FOF - Direct Plan - Growth Plan,2025-09-30,2026-07-10,190,0.7748117727583846,Unknown,Unknown,0,0,False,False
153867,ICICI Prudential Conglomerate Fund - Direct Plan - Growth,2025-10-27,2026-07-10,174,0.7008898015058179,Unknown,Unknown,0,0,False,False
153872,THE WEALTH COMPANY FLEXI CAP FUND - DIRECT GROWTH,2025-10-17,2026-07-10,178,0.7282683093771389,Unknown,Unknown,0,0,False,False
153875,Kotak CRISIL-IBX Financial Services 9 to 12 Months Debt Index Fund - Direct - Growth,2025-09-30,2026-07-10,187,0.7748117727583846,Unknown,Unknown,0,0,False,False
153879,Axis CRISIL-IBX Financial Services 3-6 Months Debt Index Fund - Direct Plan - Growth option,2025-09-30,2026-07-10,191,0.7748117727583846,Unknown,Unknown,0,0,False,False
153883,THE WEALTH COMPANY LIQUID FUND DIRECT GROWTH,2025-10-16,2026-07-12,232,0.7364818617385352,Unknown,Unknown,0,0,False,False
153891,THE WEALTH COMPANY ARBITRAGE FUND DIRECT GROWTH,2025-10-17,2026-07-10,178,0.7282683093771389,Unknown,Unknown,0,0,False,False
153895,THE WEALTH COMPANY ETHICAL FUND DIRECT GROWTH,2025-10-17,2026-07-10,178,0.7282683093771389,Unknown,Unknown,0,0,False,False
153900,Invesco India Consumption Fund - Direct Plan - Growth,2025-10-29,2026-07-10,172,0.6954140999315537,Unknown,Unknown,0,0,False,False
153906,Zerodha Nifty 50 Index Fund - Direct Plan - Growth,2025-10-17,2026-07-10,178,0.7282683093771389,Unknown,Unknown,0,0,False,False
153908,Groww Nifty Capital Markets ETF FOF Direct Growth,2025-12-08,2026-07-10,145,0.5859000684462696,Unknown,Unknown,0,0,False,False
153912,Helios Small Cap Fund - Direct Plan - Growth Option,2025-11-28,2026-07-10,151,0.6132785763175906,Unknown,Unknown,0,0,False,False
153913,Motilal Oswal Consumption Fund-Direct-Growth,2025-10-29,2026-07-10,172,0.6954140999315537,Unknown,Unknown,0,0,False,False
153921,Kotak Gold Silver Passive FOF - Direct Plan - Growth,2025-11-04,2026-07-10,168,0.6789869952087612,Unknown,Unknown,0,0,False,False
153924,Axis Income Plus Arbitrage Passive FOF - Direct Plan - Growth Option,2025-11-17,2026-07-10,160,0.6433949349760438,Unknown,Unknown,0,0,False,False
153937,Bajaj Finserv Banking and Financial Services Fund - Direct - Growth,2025-12-03,2026-07-10,148,0.5995893223819302,Unknown,Unknown,0,0,False,False
153939,Groww Nifty Midcap 150 Index Fund Direct Growth,2025-11-17,2026-07-10,160,0.6433949349760438,Unknown,Unknown,0,0,False,False
153942,Franklin India Multi-Factor Fund- Direct- Growth,2025-11-28,2026-07-10,150,0.6132785763175906,Unknown,Unknown,0,0,False,False
153948,LIC MF Consumption Fund-Direct Plan-Growth,2025-11-25,2026-07-10,154,0.621492128678987,Unknown,Unknown,0,0,False,False
153956,ANGEL ONE NIFTY TOTAL MARKET MOMENTUM QUALITY 50 INDEX FUND - DIRECT GROWTH,2025-11-27,2026-07-10,152,0.6160164271047228,Unknown,Unknown,0,0,False,False
153959,HDFC BSE India Sector Leaders India Fund - Direct Plan - Growth Option,2025-11-26,2026-07-10,153,0.6187542778918549,Unknown,Unknown,0,0,False,False
153960,Axis Multi-Asset Active FoF - Direct Plan - Growth,2025-12-17,2026-07-10,137,0.5612594113620808,Unknown,Unknown,0,0,False,False
153970,Kotak Rural Opportunities Fund - Direct Plan - Growth,2025-12-04,2026-07-10,147,0.5968514715947981,Unknown,Unknown,0,0,False,False
153972,Bandhan Healthcare Fund - Direct Plan - Growth,2025-12-02,2026-07-10,152,0.6023271731690623,Unknown,Unknown,0,0,False,False
153979,Old Bridge Arbitrage Fund Direct Growth,2025-11-14,2026-07-10,161,0.6516084873374401,Unknown,Unknown,0,0,False,False
153982,Groww Money Market Fund Direct Growth,2025-11-20,2026-07-10,154,0.6351813826146475,Unknown,Unknown,0,0,False,False
153983,Mirae Asset Infrastructure Fund - Direct Plan - Growth,2025-12-08,2026-07-10,145,0.5859000684462696,Unknown,Unknown,0,0,False,False
153987,PGIM India Multi Asset Allocation Fund - Direct Plan - Growth Option,2025-12-03,2026-07-10,148,0.5995893223819302,Unknown,Unknown,0,0,False,False
153999,The Wealth Company Multi Asset Allocation Fund - Direct Growth,2025-12-12,2026-07-10,141,0.5749486652977412,Unknown,Unknown,0,0,False,False
154007,Mahindra Manulife Income Plus Arbitrage Active FOF  - Direct - Growth,2025-12-08,2026-07-10,142,0.5859000684462696,Unknown,Unknown,0,0,False,False
154011,Capitalmind Liquid Fund - Direct-Growth,2025-12-01,2026-07-12,179,0.6105407255304586,Unknown,Unknown,0,0,False,False
154014,DSP Nifty Midcap 150 Index Fund - Direct - Growth,2025-12-11,2026-07-10,142,0.5776865160848734,Unknown,Unknown,0,0,False,False
154018,DSP Nifty Smallcap 250 Index Fund - Direct - Growth,2025-12-11,2026-07-10,142,0.5776865160848734,Unknown,Unknown,0,0,False,False
154020,Union Consumption Fund - Direct Plan - Growth Option,2025-12-26,2026-07-10,132,0.5366187542778919,Unknown,Unknown,0,0,False,False
154027,Navi Nifty midsmallcap 400 Index Fund- Direct - Growth,2025-12-10,2026-07-10,143,0.5804243668720055,Unknown,Unknown,0,0,False,False
154028,Groww Multi Asset Omni FOF Direct Growth,2025-12-24,2026-07-10,133,0.5420944558521561,Unknown,Unknown,0,0,False,False
154032,Kotak Nifty500 Momentum 50 Index Fund - Direct Plan - Growth,2025-12-18,2026-07-10,137,0.5585215605749486,Unknown,Unknown,0,0,False,False
154043,Abakkus Flexi Cap Fund - Direct - Growth,2025-12-30,2026-07-10,130,0.5256673511293635,Unknown,Unknown,0,0,False,False
154051,Abakkus Liquid Fund - Direct Plan - Growth,2025-12-15,2026-07-12,176,0.5722108145106092,Unknown,Unknown,0,0,False,False
154063,Groww Small Cap Fund-Direct-Growth,2026-02-02,2026-07-10,108,0.432580424366872,Unknown,Unknown,0,0,False,False
154066,Tata BSE Multicap Consumption 50:30:20 Index Fund - Direct Plan Growth Option,2026-01-02,2026-07-10,127,0.5174537987679672,Unknown,Unknown,0,0,False,False
154072,Edelweiss Silver ETF Fund of Fund - Direct Plan Growth Option,2025-12-30,2026-07-10,130,0.5256673511293635,Unknown,Unknown,0,0,False,False
154076,JioBlackRock Arbitrage Fund - Direct Plan - Growth Option,2025-12-19,2026-07-10,136,0.5557837097878165,Unknown,Unknown,0,0,False,False
154078,Axis Gold and Silver Passive FOF - Direct Plan - Growth,2026-01-01,2026-07-10,131,0.5201916495550992,Unknown,Unknown,0,0,False,False
154079,JioBlackRock Short Duration Fund - Direct Plan - Growth Option,2026-01-22,2026-07-10,111,0.46269678302532513,Unknown,Unknown,0,0,False,False
154081,JioBlackRock Low Duration Fund - Direct Plan - Growth Option,2026-01-22,2026-07-10,111,0.46269678302532513,Unknown,Unknown,0,0,False,False
154082,JioBlackRock Sector Rotation Fund - Direct Plan - Growth Option,2026-02-19,2026-07-10,95,0.3860369609856263,Unknown,Unknown,0,0,False,False
154088,DSP Nifty 500 Index Fund - Direct - Growth,2026-01-05,2026-07-10,126,0.5092402464065708,Unknown,Unknown,0,0,False,False
154093,Bank of India Banking & Financial Services Fund - Direct Plan - Growth,2026-02-02,2026-07-10,108,0.432580424366872,Unknown,Unknown,0,0,False,False
154108,Edelweiss Financial Services Fund - Direct Plan - Growth Option,2026-02-18,2026-07-10,96,0.3887748117727584,Unknown,Unknown,0,0,False,False
154109,Zerodha Nifty Short Duration G-Sec Index Fund - Direct Plan - Growth Option,2026-01-19,2026-07-10,114,0.47091033538672145,Unknown,Unknown,0,0,False,False
154112,Motilal Oswal Diversified Equity Flexicap Passive Fund of Funds- Direct - Growth,2026-01-29,2026-07-10,110,0.44353182751540043,Unknown,Unknown,0,0,False,False
154121,Mahindra Manulife Innovation Opportunities Fund - Direct - Growth,2026-02-02,2026-07-10,108,0.432580424366872,Unknown,Unknown,0,0,False,False
154123,Sundaram Income Plus Arbitrage Active FoF Fund-Direct-Growth,2026-01-13,2026-07-10,120,0.487337440109514,Unknown,Unknown,0,0,False,False
154129,Bandhan Gold ETF FOF-Direct-Growth,2026-01-28,2026-07-10,114,0.4462696783025325,Unknown,Unknown,0,0,False,False
154131,THE WEALTH COMPANY GOLD ETF FOF DIRECT GROWTH,2026-02-04,2026-07-10,106,0.4271047227926078,Unknown,Unknown,0,0,False,False
154136,Bandhan Silver ETF FOF-Direct-Growth,2026-01-28,2026-07-10,114,0.4462696783025325,Unknown,Unknown,0,0,False,False
154142,Motilal Oswal Financial Services Fund- Direct Growth,2026-02-20,2026-07-10,94,0.38329911019849416,Unknown,Unknown,0,0,False,False
154144,Shriram Money Market Fund - Direct Plan Growth Option,2026-01-28,2026-07-10,108,0.4462696783025325,Unknown,Unknown,0,0,False,False
154145,Kotak Nifty200 Value 30 Index Fund - Direct - Growth,2026-02-12,2026-07-10,100,0.405201916495551,Unknown,Unknown,0,0,False,False
154149,Kotak Services Fund - Direct - Growth,2026-03-02,2026-07-10,88,0.35592060232717315,Unknown,Unknown,0,0,False,False
154155,Parag Parikh Large Cap Fund - Direct Plan - Growth,2026-02-06,2026-07-10,104,0.4216290212183436,Unknown,Unknown,0,0,False,False
154157,ITI Business Cycle Fund- Direct Plan- Growth,2026-03-12,2026-07-10,81,0.32854209445585214,Unknown,Unknown,0,0,False,False
154161,WhiteOak Capital Consumption Opportunities Fund Direct Plan Growth,2026-02-11,2026-07-10,101,0.4079397672826831,Unknown,Unknown,0,0,False,False
154164,Groww Nifty PSE ETF FOF Direct Growth,2026-02-13,2026-07-10,99,0.4024640657084189,Unknown,Unknown,0,0,False,False
154167,DSP Multi Asset Omni Fund of Funds - Direct - Growth,2026-02-26,2026-07-10,88,0.3668720054757016,Unknown,Unknown,0,0,False,False
154171,Axis BSE India Sectors Leaders Index Fund- Direct Plan- Growth Option,2026-02-16,2026-07-10,100,0.3942505133470226,Unknown,Unknown,0,0,False,False
154177,SBI Quality Fund - Direct Plan - Growth,2026-02-23,2026-07-10,95,0.3750855578370979,Unknown,Unknown,0,0,False,False
154179,HDFC Nifty India Consumption Index Fund - Direct Growth Plan,2026-02-18,2026-07-10,96,0.3887748117727584,Unknown,Unknown,0,0,False,False
154185,The Wealth Company Balanced Advantage Fund - Direct Growth,2026-02-19,2026-07-10,95,0.3860369609856263,Unknown,Unknown,0,0,False,False
154187,Mirae Asset BSE India Defence ETF FOF - Direct Plan - Growth,2026-02-24,2026-07-10,92,0.3723477070499658,Unknown,Unknown,0,0,False,False
154195,Baroda BNP Paribas Best-in-Class Strategy Fund - Direct - Growth Option,2026-03-06,2026-07-10,85,0.34496919917864477,Unknown,Unknown,0,0,False,False
154197,UTI Nifty500 Shariah Index Fund - Direct Plan Growth Option,2026-02-26,2026-07-10,90,0.3668720054757016,Unknown,Unknown,0,0,False,False
154200,Groww BSE Hospitals ETF FOF Direct Growth,2026-03-09,2026-07-10,84,0.33675564681724846,Unknown,Unknown,0,0,False,False
154204,Bajaj Finserv Low Duration Fund - Direct - Growth,2026-02-23,2026-07-10,91,0.3750855578370979,Unknown,Unknown,0,0,False,False
154206,ANGEL ONE SILVER ETF FOF -DIRECT GROWTH,2026-03-06,2026-07-10,85,0.34496919917864477,Unknown,Unknown,0,0,False,False
154208,Edelweiss Gold ETF Fund of Fund Direct Plan Growth Option,2026-03-06,2026-07-10,85,0.34496919917864477,Unknown,Unknown,0,0,False,False
154210,TRUSTMF MID CAP FUND -DIRECT -GROWTH,2026-03-24,2026-07-10,73,0.29568788501026694,Unknown,Unknown,0,0,False,False
154215,Abakkus Small Cap Fund - Direct Plan - Growth,2026-03-20,2026-07-10,75,0.3066392881587953,Unknown,Unknown,0,0,False,False
154216,Mirae Asset Nifty Metal ETF FOF - Direct Plan - Growth,2026-02-27,2026-07-10,89,0.36413415468856947,Unknown,Unknown,0,0,False,False
154225,Old Bridge Flexi Cap Fund Direct Growth,2026-03-04,2026-07-10,87,0.35044490075290896,Unknown,Unknown,0,0,False,False
154232,Capitalmind Multi Asset Allocation Fund-Direct-Growth,2026-03-20,2026-07-10,75,0.3066392881587953,Unknown,Unknown,0,0,False,False
154236,Capitalmind Arbitrage Fund-Direct-Growth,2026-03-20,2026-07-10,75,0.3066392881587953,Unknown,Unknown,0,0,False,False
154240,Axis Fixed Maturity Plan - Series 129 (108 Days) - Direct Plan - Growth,2026-02-27,2026-06-11,69,0.28473648186173856,Unknown,Unknown,0,0,False,False
154244,LIC MF Technology Fund-Direct Plan-Growth,2026-03-19,2026-07-10,76,0.30937713894592744,Unknown,Unknown,0,0,False,False
154250,Canara Robeco Banking and Financials Services Fund - Direct Plan - Growth,2026-03-23,2026-07-10,74,0.29842573579739906,Unknown,Unknown,0,0,False,False
154252,Nippon India CRISIL-IBX Financial Services 9-12 Months Debt Index Fund -Direct Plan - Growth Option,2026-03-04,2026-07-10,85,0.35044490075290896,Unknown,Unknown,0,0,False,False
154257,Helios Arbitrage Fund - Direct Growth,2026-03-23,2026-07-10,74,0.29842573579739906,Unknown,Unknown,0,0,False,False
154262,HDFC INCOME PLUS ARBITRAGE OMNI FOF - GROWTH OPTION - DIRECT PLAN,2026-03-12,2026-07-10,81,0.32854209445585214,Unknown,Unknown,0,0,False,False
154266,ICICI Prudential Diversified Equity All Cap Active FOF - Direct Plan - Growth,2026-03-23,2026-07-10,74,0.29842573579739906,Unknown,Unknown,0,0,False,False
154269,The Wealth Company Small Cap Fund- Direct-Growth,2026-03-30,2026-07-10,70,0.2792607802874743,Unknown,Unknown,0,0,False,False
154271,Nippon India CRISIL-IBX Financial Services 3-6 Months Debt Index Fund- Direct Plan- Growth Option,2026-03-13,2026-07-10,78,0.3258042436687201,Unknown,Unknown,0,0,False,False
154275,Kotak Multi Factor Passive FOF - Direct- Growth,2026-03-23,2026-07-10,74,0.29842573579739906,Unknown,Unknown,0,0,False,False
154278,Groww Nifty PSU Bank Index Fund Direct Growth,2026-03-27,2026-07-10,71,0.2874743326488706,Unknown,Unknown,0,0,False,False
154279,Mirae Asset Silver ETF FOF - Direct Plan - Growth,2026-03-25,2026-07-10,72,0.2929500342231348,Unknown,Unknown,0,0,False,False
154287,Kotak Quality Overseas Equity Omni FOF - Direct Plan - Growth-,2026-03-30,2026-07-10,65,0.2792607802874743,Unknown,Unknown,0,0,False,False
154292,Axis Fixed Maturity Plan - Series 130 (92 Days) - Direct Plan - Growth,2026-03-17,2026-06-11,57,0.23545516769336072,Unknown,Unknown,0,0,False,False
154295,HSBC Gold ETF Fund of fund - Direct Growth,2026-04-07,2026-07-10,65,0.25735797399041754,Unknown,Unknown,0,0,False,False
154301,Choice Nifty 50 Index Fund - Direct Plan Growth,2026-04-09,2026-07-10,63,0.2518822724161533,Unknown,Unknown,0,0,False,False
154304,Choice Nifty Next 50 Index Fund - Direct Plan Growth,2026-04-09,2026-07-10,63,0.2518822724161533,Unknown,Unknown,0,0,False,False
154306,Zerodha Nifty MidSmallcap400 50:50 Index Fund - Direct Plan - Growth Option,2026-04-13,2026-07-10,61,0.24093086926762491,Unknown,Unknown,0,0,False,False
154307,JioBlackRock Large Cap Fund - Direct Plan - Growth Option,2026-04-16,2026-07-10,59,0.2327173169062286,Unknown,Unknown,0,0,False,False
154308,HDFC CRISIL-IBX Financial Services 9-12 Months Debt Index Fund - Direct Growth Plan,2026-03-24,2026-07-10,72,0.29568788501026694,Unknown,Unknown,0,0,False,False
154310,Edelweiss Nifty LargeMidcap 250 Plus 8-13 yr G-Sec 70-30 Index Fund Direct Plan Growth,2026-04-09,2026-07-10,63,0.2518822724161533,Unknown,Unknown,0,0,False,False
154316,Kotak Multi Asset Active FOF - Direct - Growth,2026-04-30,2026-07-10,49,0.1943874058863792,Unknown,Unknown,0,0,False,False
154320,Groww Arbitrage Fund Direct Growth,2026-04-29,2026-07-10,50,0.1971252566735113,Unknown,Unknown,0,0,False,False
154321,Zerodha Nifty LargeMidcap250 Plus 8-13 Yr G-Sec 70:30 Index Fund - Direct Plan - Growth Option,2026-04-22,2026-07-10,55,0.216290212183436,Unknown,Unknown,0,0,False,False
154326,Axis Nifty India Defence Index Fund - Direct Plan - Growth,2026-05-06,2026-07-10,47,0.17796030116358658,Unknown,Unknown,0,0,False,False
154331,SBI CRISIL - IBX Financial Services 3-6 Months Debt Index Fund - Direct Plan - Growth,2026-04-27,2026-07-10,53,0.2026009582477755,Unknown,Unknown,0,0,False,False
154334,SBI CRISIL - IBX Financial Services 9-12 Months Debt Index Fund - Direct Plan - Growth,2026-04-27,2026-07-10,53,0.2026009582477755,Unknown,Unknown,0,0,False,False
154337,Motilal Oswal Contra Fund - Direct – Growth,2026-06-04,2026-07-10,26,0.09856262833675565,Unknown,Unknown,0,0,False,False
154340,Invesco India BSE Sensex Index Fund - Direct Plan - Growth,2026-05-15,2026-07-10,39,0.15331964407939766,Unknown,Unknown,0,0,False,False
154343,Invesco India Nifty Bank Index Fund - Direct Plan - Growth,2026-05-15,2026-07-10,39,0.15331964407939766,Unknown,Unknown,0,0,False,False
154346,Groww Nifty Private Bank Index Fund Direct Growth,2026-05-27,2026-07-10,31,0.12046543463381246,Unknown,Unknown,0,0,False,False
154370,SBI CRISIL-IBX 10:90 GILT + SDL INDEX DEC 2029 INDEX FUND - DIRECT - GROWTH,2026-06-01,2026-07-10,29,0.10677618069815195,Unknown,Unknown,0,0,False,False
154372,SBI NIFTY G-SEC JUL 2031 INDEX FUND - DIRECT - GROWTH,2026-06-01,2026-07-10,29,0.10677618069815195,Unknown,Unknown,0,0,False,False
154381,The Wealth Company Large & Mid Cap Fund Direct Growth,2026-06-12,2026-07-10,20,0.07665982203969883,Unknown,Unknown,0,0,False,False
154383,Groww Nifty Smallcap 250 Momentum Quality 100 Index Fund Direct Growth,2026-06-19,2026-07-10,15,0.057494866529774126,Unknown,Unknown,0,0,False,False
154388,Kotak Nifty Alpha Low Volatility 30 Index Fund - Direct- Growth,2026-06-22,2026-07-10,14,0.049281314168377825,Unknown,Unknown,0,0,False,False
154392,WhiteOak Capital Aggressive Hybrid Fund Direct Plan Growth,2026-07-01,2026-07-10,8,0.024640657084188913,Unknown,Unknown,0,0,False,False
154394,Shriram Overnight Fund- Direct Growth,2026-05-30,2026-07-12,40,0.11772758384668036,Unknown,Unknown,0,0,False,False
154413,Choice Overnight Fund - Growth Option - Direct Plan,2026-07-06,2026-07-12,6,0.01642710472279261,Unknown,Unknown,0,0,False,False
154427,HDFC Nifty Auto Index Fund- Direct Plan- Growth Option,2026-07-07,2026-07-10,4,0.008213552361396304,Unknown,Unknown,0,0,False,False
