normalized_underlying_name,direct_scheme_code,regular_scheme_code,mapping_status,direct_scheme_codes,regular_scheme_codes
10y g sec fund,131301.0,131297.0,high_confidence_candidate,,
3 years close ended equity fund maturity date 4 jan 2021,131484.0,131482.0,high_confidence_candidate,,
360 one balanced hybrid fund,152076.0,152075.0,high_confidence_candidate,,
360 one dynamic bond fund,122715.0,122612.0,high_confidence_candidate,,
360 one elss tax saver nifty 50 index fund,151165.0,151164.0,high_confidence_candidate,,
360 one flexicap fund,151796.0,151799.0,high_confidence_candidate,,
360 one focused fund,131580.0,131578.0,high_confidence_candidate,,
360 one liquid fund,125345.0,125259.0,high_confidence_candidate,,
360 one multi asset allocation fund,153774.0,153772.0,high_confidence_candidate,,
360 one overnight fund,153703.0,153700.0,high_confidence_candidate,,
360 one quant fund,149318.0,149317.0,high_confidence_candidate,,
5 star multi manager fof scheme,131901.0,131899.0,high_confidence_candidate,,
5 year g sec fund of fund,149240.0,149241.0,high_confidence_candidate,,
50 50 strategic sector fund,118426.0,110462.0,high_confidence_candidate,,
a c e fund analyst's conviction equalized series 1,141971.0,141969.0,high_confidence_candidate,,
a c e fund analyst's conviction equalized series 2,142499.0,142498.0,high_confidence_candidate,,
abakkus flexi cap fund,154043.0,154041.0,high_confidence_candidate,,
abakkus liquid fund,154051.0,154047.0,high_confidence_candidate,,
abakkus small cap fund,154215.0,154214.0,high_confidence_candidate,,
active momentum fund,,,ambiguous,"[153364, 153274, 153684, 153753]","[153365, 153276, 153755]"
aggressive hybrid active fof,,,rejected,,
aggressive hybrid fund,,,ambiguous,"[119019, 120261, 118794, 119053, 120674, 133035, 134813, 140382, 144394]","[100081, 100323, 100414, 100684, 133036, 134815, 140381, 144393]"
aggressive hybrid fund formerly known as principal hybrid equity fund,,,rejected,,
aggressive hybrid fund segregated portfolio 1,,,rejected,,
aggressive hybrid fund segregated portfolio 2,,,rejected,,
aggressive hybrid omni fof,132185.0,132174.0,high_confidence_candidate,,
aggressive hybrid passive fof,118485.0,112332.0,high_confidence_candidate,,
all seasons bond fund,,,rejected,,
angel one gold etf fof,153827.0,153828.0,high_confidence_candidate,,
angel one nifty 50 index fund,153529.0,153530.0,high_confidence_candidate,,
angel one nifty total market index fund,153330.0,153331.0,high_confidence_candidate,,
angel one nifty total market momentum quality 50 index fund,153956.0,153955.0,high_confidence_candidate,,
angel one silver etf fof,154206.0,154207.0,high_confidence_candidate,,
annual interval fund i,123646.0,106183.0,high_confidence_candidate,,
annual interval fund ii,125077.0,106707.0,high_confidence_candidate,,
annual interval fund series i,,,rejected,,
annual interval fund series i a,121541.0,121536.0,high_confidence_candidate,,
annual interval fund series i b,121552.0,121546.0,high_confidence_candidate,,
arbitrage fund,,,ambiguous,"[119526, 118474, 118931, 120364, 119771, 118585, 120795, 129052, 130773, 142283, 145895, 145724, 147927, 148401, 153187]","[112088, 108845, 106793, 106796, 105968, 104075, 130771, 142282, 145890, 145723, 147922, 148400, 153188]"
arbitrage fund formerly known as prinicpal arbitrage fund,,,rejected,,
asian equity fund,,,rejected,,
asset allocation aggressive,,,rejected,,
asset allocation conservative,,,rejected,,
asset allocation fof c,148750.0,148749.0,high_confidence_candidate,,
asset allocation moderate,,,rejected,,
assethang seng tech etf fund of fund,,,rejected,,
automotive opportunities fund,152657.0,152658.0,high_confidence_candidate,,
bajaj finserv arbitrage fund,152077.0,152078.0,high_confidence_candidate,,
bajaj finserv balanced advantage fund,152194.0,152196.0,high_confidence_candidate,,
bajaj finserv banking and financial services fund,153937.0,153935.0,high_confidence_candidate,,
bajaj finserv banking and psu fund,152162.0,152165.0,high_confidence_candidate,,
bajaj finserv consumption fund,153075.0,153072.0,high_confidence_candidate,,
bajaj finserv elss tax saver fund,153201.0,153202.0,high_confidence_candidate,,
bajaj finserv equity savings fund,153758.0,153769.0,high_confidence_candidate,,
bajaj finserv flexi cap fund,151895.0,151898.0,high_confidence_candidate,,
bajaj finserv gilt fund,153206.0,153211.0,high_confidence_candidate,,
bajaj finserv healthcare fund,153157.0,153155.0,high_confidence_candidate,,
bajaj finserv large and mid cap fund,152408.0,152406.0,high_confidence_candidate,,
bajaj finserv large cap fund,152783.0,152780.0,high_confidence_candidate,,
bajaj finserv liquid fund,151833.0,151837.0,high_confidence_candidate,,
bajaj finserv low duration fund,154204.0,154203.0,high_confidence_candidate,,
bajaj finserv money market fund,151889.0,151893.0,high_confidence_candidate,,
bajaj finserv multi asset allocation fund,152639.0,152642.0,high_confidence_candidate,,
bajaj finserv multi cap fund,153309.0,153307.0,high_confidence_candidate,,
bajaj finserv nifty 50 index fund,153506.0,153508.0,high_confidence_candidate,,
bajaj finserv nifty next 50 index fund,153479.0,153480.0,high_confidence_candidate,,
bajaj finserv overnight fund,151849.0,151851.0,high_confidence_candidate,,
bajaj finserv small cap fund,153612.0,153609.0,high_confidence_candidate,,
bal bhavishya yojna,146407.0,146409.0,high_confidence_candidate,,
balanced advantage fund,,,ambiguous,"[118968, 120377, 118737, 118736, 131670, 131355, 141642, 144335, 146010, 148026, 149134, 149261, 150470, 151885]","[131666, 131357, 141644, 144333, 146007, 148024, 149132, 149259, 150473, 151882]"
balanced advantage fund formerly known as principal balanced advantage fund,,,rejected,,
balanced advantage fund mofdynamic,139872.0,139870.0,high_confidence_candidate,,
balanced fund,,,rejected,,
bank of india arbitrage fund,143614.0,143620.0,high_confidence_candidate,,
bank of india balanced advantage fund,127850.0,127849.0,high_confidence_candidate,,
bank of india banking & financial services fund,154093.0,154095.0,high_confidence_candidate,,
bank of india business cycle fund,152789.0,152790.0,high_confidence_candidate,,
bank of india conservative hybrid fund fund,,,rejected,,
bank of india consumption fund,153139.0,153140.0,high_confidence_candidate,,
bank of india elss tax saver,119351.0,111710.0,high_confidence_candidate,,
bank of india flexi cap fund,148404.0,148405.0,high_confidence_candidate,,
bank of india large & mid cap fund,119350.0,110603.0,high_confidence_candidate,,
bank of india large cap fund,148980.0,148982.0,high_confidence_candidate,,
bank of india liquid fund,119369.0,109254.0,high_confidence_candidate,,
bank of india manufacturing & infrastructure fund,,,rejected,,
bank of india mid & small cap equity & debt fund,139527.0,139529.0,high_confidence_candidate,,
bank of india mid cap fund,153728.0,153726.0,high_confidence_candidate,,
bank of india mid cap tax fund series 1,141950.0,141952.0,high_confidence_candidate,,
bank of india midcap tax fund series 2,144315.0,144314.0,high_confidence_candidate,,
bank of india money market fund,153294.0,153293.0,high_confidence_candidate,,
bank of india multi asset allocation fund,152396.0,152398.0,high_confidence_candidate,,
bank of india multi cap fund,151443.0,151445.0,high_confidence_candidate,,
bank of india overnight fund,147951.0,147936.0,high_confidence_candidate,,
bank of india short term income fund,119382.0,111585.0,high_confidence_candidate,,
bank of india small cap fund,145678.0,145677.0,high_confidence_candidate,,
bank of india ultra short duration fund,119379.0,109269.0,high_confidence_candidate,,
banking & financial services fund,,,ambiguous,"[118588, 118589, 133859, 148986, 151384, 152206]","[133858, 151381, 152208]"
banking & psu debt fund,,,ambiguous,"[119550, 120533, 120438, 124175, 147636]","[108273, 103176, 103188, 117446, 124172, 147635]"
banking & psu fund,,,ambiguous,"[120338, 125503, 126940]","[105823, 126939]"
banking & psu fund formerly known as sundaram banking & psu debt fund,134363.0,134356.0,high_confidence_candidate,,
banking & psu fund formerly known as sundaram banking and psu debt fund,,,ambiguous,[119625],"[100784, 100781]"
banking and financial services fund,,,ambiguous,"[120244, 120733, 125597, 134017, 135793, 148623]","[102401, 125595, 134016, 135794, 148621]"
banking and psu debt,,,rejected,,
banking and psu debt fund,,,ambiguous,"[120256, 128629]",[113242]
banking and psu fund,,,ambiguous,"[121279, 134547, 134552, 148419]","[121280, 148416]"
baroda bnp paribas aggressive hybrid fund,,,rejected,,
baroda bnp paribas aqua fund of fund,150285.0,150284.0,high_confidence_candidate,,
baroda bnp paribas arbitrage fund,150251.0,150250.0,high_confidence_candidate,,
baroda bnp paribas balanced advantage fund,145396.0,145387.0,high_confidence_candidate,,
baroda bnp paribas banking and financial services fund,119333.0,117549.0,high_confidence_candidate,,
baroda bnp paribas banking and psu bond fund,148628.0,148625.0,high_confidence_candidate,,
baroda bnp paribas best in class strategy fund,154195.0,154194.0,high_confidence_candidate,,
baroda bnp paribas business conglomerates fund,153847.0,153844.0,high_confidence_candidate,,
baroda bnp paribas business cycle fund,149141.0,149140.0,high_confidence_candidate,,
baroda bnp paribas children's fund,153171.0,153170.0,high_confidence_candidate,,
baroda bnp paribas conservative hybrid fund,150206.0,150203.0,high_confidence_candidate,,
baroda bnp paribas corporate bond fund,150237.0,150235.0,high_confidence_candidate,,
baroda bnp paribas credit risk fund,133488.0,133486.0,high_confidence_candidate,,
baroda bnp paribas credit risk fund seg portfolio 2 erstwhile bbnpp medium duration fund seg portfolio 1,152898.0,152904.0,high_confidence_candidate,,
baroda bnp paribas credit risk fund segregated portfolio 1,148333.0,148330.0,high_confidence_candidate,,
baroda bnp paribas dynamic bond fund,150180.0,150173.0,high_confidence_candidate,,
baroda bnp paribas elss tax saver fund,150159.0,150156.0,high_confidence_candidate,,
baroda bnp paribas energy opportunities fund,153225.0,153226.0,high_confidence_candidate,,
baroda bnp paribas equity savings fund,147496.0,147494.0,high_confidence_candidate,,
baroda bnp paribas fixed maturity series p,146386.0,146384.0,high_confidence_candidate,,
baroda bnp paribas flexi cap fund,150387.0,150385.0,high_confidence_candidate,,
baroda bnp paribas floater fund,151735.0,151734.0,high_confidence_candidate,,
baroda bnp paribas focused fund,150264.0,150263.0,high_confidence_candidate,,
baroda bnp paribas gilt fund,119341.0,101187.0,high_confidence_candidate,,
baroda bnp paribas gold etf fund of funds,153795.0,153794.0,high_confidence_candidate,,
baroda bnp paribas health and wellness fund,153604.0,153602.0,high_confidence_candidate,,
baroda bnp paribas income plus arbitrage active fof,153536.0,153541.0,high_confidence_candidate,,
baroda bnp paribas india consumption fund,150266.0,150268.0,high_confidence_candidate,,
baroda bnp paribas innovation fund,152470.0,152472.0,high_confidence_candidate,,
baroda bnp paribas large and mid cap fund,148474.0,148471.0,high_confidence_candidate,,
baroda bnp paribas large cap fund,150187.0,150185.0,high_confidence_candidate,,
baroda bnp paribas liquid fund,119415.0,111704.0,high_confidence_candidate,,
baroda bnp paribas low duration fund,150169.0,150165.0,high_confidence_candidate,,
baroda bnp paribas manufacturing fund,152697.0,152696.0,high_confidence_candidate,,
baroda bnp paribas medium duration fund,150241.0,150240.0,high_confidence_candidate,,
baroda bnp paribas medium duration fund segregated portfolio 1,150294.0,150291.0,high_confidence_candidate,,
baroda bnp paribas mid cap fund,150212.0,150209.0,high_confidence_candidate,,
baroda bnp paribas money market fund,147377.0,147382.0,high_confidence_candidate,,
baroda bnp paribas multi asset active fof,153552.0,153548.0,high_confidence_candidate,,
baroda bnp paribas multi asset fund,150865.0,150863.0,high_confidence_candidate,,
baroda bnp paribas multi cap fund,119354.0,102020.0,high_confidence_candidate,,
baroda bnp paribas nifty 50 index fund,152329.0,152331.0,high_confidence_candidate,,
baroda bnp paribas nifty midcap 150 index fund,153000.0,153001.0,high_confidence_candidate,,
baroda bnp paribas nifty sdl december 2026 index fund,151283.0,151279.0,high_confidence_candidate,,
baroda bnp paribas nifty sdl december 2028 index fund,151574.0,151576.0,high_confidence_candidate,,
baroda bnp paribas nifty200 momentum 30 index fund,152931.0,152930.0,high_confidence_candidate,,
baroda bnp paribas overnight fund,147196.0,147193.0,high_confidence_candidate,,
baroda bnp paribas retirement fund,152628.0,152625.0,high_confidence_candidate,,
baroda bnp paribas short duration fund,119400.0,113036.0,high_confidence_candidate,,
baroda bnp paribas small cap fund,152128.0,152130.0,high_confidence_candidate,,
baroda bnp paribas ultra short duration fund,143508.0,143464.0,high_confidence_candidate,,
baroda bnp paribas value fund,151755.0,151747.0,high_confidence_candidate,,
baroda conservative hybrid fund b,,,rejected,,
baroda dynamic bond fund b,,,rejected,,
baroda elss 96 b,,,rejected,,
baroda fixed maturity series b b,,,rejected,,
baroda hybrid equity fund b,,,rejected,,
baroda income fund b,,,rejected,,
baroda large cap fund b,,,rejected,,
baroda mid cap fund b,,,rejected,,
baroda pioneer equity trigger fund series i b,,,rejected,,
baroda pioneer fixed maturity series a b,,,rejected,,
baroda pioneer fixed maturity series c b,,,rejected,,
baroda pioneer fixed maturity series d b,,,rejected,,
baroda pioneer fixed maturity series e b,,,rejected,,
baroda pioneer fixed maturity series f b,,,rejected,,
baroda pioneer fixed maturity series g b,,,rejected,,
baroda pioneer fixed maturity series h b,,,rejected,,
baroda pioneer fixed maturity series j b,,,rejected,,
baroda pioneer fixed maturity series k b,,,rejected,,
baroda pioneer fixed maturity series l b,,,rejected,,
baroda pioneer fixed maturity series m b,,,rejected,,
baroda pioneer fixed maturity series n b,,,rejected,,
baroda pioneer hybrid fund series 1 b,,,rejected,,
baroda pioneer psu bond fund b,,,rejected,,
baroda treasury advantage fund b,,,rejected,,
baroda treasury advantage fund b segregated portfolio 1,,,rejected,,
benchmark gsec fund,125510.0,125506.0,high_confidence_candidate,,
bharat bond etf fof april 2032,149401.0,149399.0,high_confidence_candidate,,
bharat bond etf fof april 2033,150989.0,150991.0,high_confidence_candidate,,
bharat bond fof april 2023,147851.0,147850.0,high_confidence_candidate,,
bharat bond fof april 2025 pan,,,rejected,,
bharat bond fof april 2030,147857.0,147854.0,high_confidence_candidate,,
bharat bond fof april 2031,148450.0,148452.0,high_confidence_candidate,,
bharat consumption fund,,,rejected,,
birla sun life commodities equities fund global multi commodity,,,rejected,,
birla sun life commodities equities fund global precious metals,,,rejected,,
birla sun life fixed term series gf 539 days,120208.0,120205.0,high_confidence_candidate,,
birla sun life fixed term series gg 368 days,120887.0,120891.0,high_confidence_candidate,,
birla sun life fixed term series gj 367 days,121007.0,121008.0,high_confidence_candidate,,
birla sun life fixed term series gm 367 days,121022.0,121023.0,high_confidence_candidate,,
birla sun life fixed term series go 369 days,121234.0,121237.0,high_confidence_candidate,,
birla sun life fixed term series gq 367 days,121317.0,121309.0,high_confidence_candidate,,
birla sun life fixed term series gr 399 days,121324.0,121311.0,high_confidence_candidate,,
birla sun life fixed term series gs 395 days,121493.0,121495.0,high_confidence_candidate,,
birla sun life fixed term series gt 366 days,122233.0,122234.0,high_confidence_candidate,,
birla sun life fixed term series gu 368 days,122351.0,122354.0,high_confidence_candidate,,
birla sun life fixed term series gv 368 days,122358.0,122361.0,high_confidence_candidate,,
birla sun life fixed term series gx 366 days,122427.0,122430.0,high_confidence_candidate,,
birla sun life fixed term series gy 366 days,122434.0,122435.0,high_confidence_candidate,,
birla sun life fixed term series hb 366 days,122947.0,122945.0,high_confidence_candidate,,
birla sun life fixed term series hd 366 days,121762.0,121761.0,high_confidence_candidate,,
birla sun life fixed term series he 386 days,121767.0,121770.0,high_confidence_candidate,,
birla sun life fixed term series hf 385 days,121799.0,121802.0,high_confidence_candidate,,
birla sun life fixed term series hg 381 days,121811.0,121813.0,high_confidence_candidate,,
birla sun life fixed term series hh 382 days,121919.0,121921.0,high_confidence_candidate,,
birla sun life fixed term series hn 197 days,123813.0,123810.0,high_confidence_candidate,,
birla sun life fixed term series ho 91 days,123816.0,123819.0,high_confidence_candidate,,
birla sun life fixed term series hp 30 days,123823.0,123821.0,high_confidence_candidate,,
birla sun life fixed term series hu 30 days,124060.0,124061.0,high_confidence_candidate,,
birla sun life fixed term series hx 91 days,124402.0,124404.0,high_confidence_candidate,,
birla sun life fixed term series ia 1099 days,124461.0,124460.0,high_confidence_candidate,,
birla sun life fixed term series ib 91 days,124466.0,124465.0,high_confidence_candidate,,
birla sun life fixed term series ih 1098 days,124820.0,124821.0,high_confidence_candidate,,
birla sun life fixed term series ii 1099 days,124845.0,124849.0,high_confidence_candidate,,
birla sun life fixed term series ij 91 days,124825.0,124827.0,high_confidence_candidate,,
birla sun life fixed term series is 368 days,125156.0,125158.0,high_confidence_candidate,,
birla sun life fixed term series it 367 days,125165.0,125163.0,high_confidence_candidate,,
birla sun life fixed term series iv 368 days,125251.0,125252.0,high_confidence_candidate,,
birla sun life fixed term series iw 368 days,125276.0,125280.0,high_confidence_candidate,,
birla sun life fixed term series jb 91 days,125587.0,125590.0,high_confidence_candidate,,
birla sun life fixed term series jd 91 days,125699.0,125701.0,high_confidence_candidate,,
birla sun life fixed term series je 368 days,125785.0,125788.0,high_confidence_candidate,,
birla sun life fixed term series jg 368 days,125944.0,125947.0,high_confidence_candidate,,
birla sun life fixed term series jl 368 days,126130.0,126132.0,high_confidence_candidate,,
birla sun life fixed term series jn 368 days,126221.0,126224.0,high_confidence_candidate,,
birla sun life fixed term series jo 367 days,126361.0,126358.0,high_confidence_candidate,,
birla sun life fixed term series js 368 days,126613.0,126616.0,high_confidence_candidate,,
birla sun life fixed term series jt 367 days,126671.0,126674.0,high_confidence_candidate,,
birla sun life fixed term series ju 369 days,126735.0,126738.0,high_confidence_candidate,,
birla sun life fixed term series jz 368 days,127055.0,127057.0,high_confidence_candidate,,
birla sun life fixed term series kb 367 days,127245.0,127246.0,high_confidence_candidate,,
birla sun life fixed term series kl 30 days,127997.0,127999.0,high_confidence_candidate,,
birla sun life fixed term series ku 378 days,128760.0,128765.0,high_confidence_candidate,,
birla sun life fixed term series kv 367 days,128774.0,128772.0,high_confidence_candidate,,
birla sun life fixed term series ky 369 days,128901.0,128896.0,high_confidence_candidate,,
birla sun life fixed term series lb 368 days,129080.0,129078.0,high_confidence_candidate,,
birla sun life floating rate long term,119509.0,101969.0,high_confidence_candidate,,
birla sun life interval income fund annual ii,121027.0,121347.0,high_confidence_candidate,,
birla sun life interval income fund annual iii,121327.0,121330.0,high_confidence_candidate,,
birla sun life interval income fund annual viii,122933.0,122936.0,high_confidence_candidate,,
blackrock dual advantage fund series 11 36m maturity date 04 apr 2016,120816.0,118864.0,high_confidence_candidate,,
blackrock dual advantage fund series 13 35m maturity date 04 apr 2016,121094.0,121092.0,high_confidence_candidate,,
blackrock dual advantage fund series 14 33m maturity date 03 may 2016,122162.0,122159.0,high_confidence_candidate,,
blackrock dual advantage fund series 15 36m,122487.0,122489.0,high_confidence_candidate,,
blackrock dual advantage fund series 16 36m,122698.0,122695.0,high_confidence_candidate,,
blackrock dual advantage fund series 17 35m maturity date 10 oct 2016,123286.0,123284.0,high_confidence_candidate,,
blackrock dual advantage fund series 18 34m maturity date 10 oct 2016,124118.0,124116.0,high_confidence_candidate,,
blackrock dual advantage fund series 19 36m,124914.0,124912.0,high_confidence_candidate,,
blackrock dual advantage fund series 29 40m,131182.0,131179.0,high_confidence_candidate,,
blackrock dual advantage fund series 34 36m,133505.0,133508.0,high_confidence_candidate,,
blackrock dual advantage fund series 35 36m,133667.0,133669.0,high_confidence_candidate,,
blackrock dual advantage fund series 36 36m,133916.0,133917.0,high_confidence_candidate,,
blackrock fmp series 103 12m,122844.0,122840.0,high_confidence_candidate,,
blackrock fmp series 104 12m july 2016 maturity,122941.0,122938.0,high_confidence_candidate,,
blackrock fmp series 105 12m maturity date 04 aug 2016,123034.0,123031.0,high_confidence_candidate,,
blackrock fmp series 106 3m,123048.0,123045.0,high_confidence_candidate,,
blackrock fmp series 107 12m maturity date 11 aug 2016,123144.0,123148.0,high_confidence_candidate,,
blackrock fmp series 108 12m maturity date 18 aug 2016,123275.0,123273.0,high_confidence_candidate,,
blackrock fmp series 109 12m maturity date 18 aug 2016,123302.0,123299.0,high_confidence_candidate,,
blackrock fmp series 110 12m maturity date 29 aug 2016,,,rejected,,
blackrock fmp series 111 12m maturity date 29 sep 2016,123517.0,123519.0,high_confidence_candidate,,
blackrock fmp series 112 3m,123630.0,123629.0,high_confidence_candidate,,
blackrock fmp series 113 12m maturity date 29 sep 2016,123673.0,123676.0,high_confidence_candidate,,
blackrock fmp series 114 3m,123680.0,123683.0,high_confidence_candidate,,
blackrock fmp series 115 12m maturity date 29 sep 2016,124103.0,124100.0,high_confidence_candidate,,
blackrock fmp series 116 3m,124110.0,124109.0,high_confidence_candidate,,
blackrock fmp series 117 12m maturity date 29 sep 2016,124168.0,124166.0,high_confidence_candidate,,
blackrock fmp series 118 12m maturity date 29 sep 2016,124230.0,124227.0,high_confidence_candidate,,
blackrock fmp series 119 12m maturity date 29 sep 2016,124239.0,124235.0,high_confidence_candidate,,
blackrock fmp series 126 12m maturity date 28 nov 2016,125204.0,125206.0,high_confidence_candidate,,
blackrock fmp series 130 12m,125857.0,125860.0,high_confidence_candidate,,
blackrock fmp series 144 12m maturity date 20 feb 2017,126683.0,126684.0,high_confidence_candidate,,
blackrock fmp series 145 12m,127014.0,127017.0,high_confidence_candidate,,
blackrock fmp series 146 12m maturity date 6 jun 2017,,,rejected,,
blackrock fmp series 147 3m,127251.0,127254.0,high_confidence_candidate,,
blackrock fmp series 148 12m maturity date 06 jun 2017,127456.0,127459.0,high_confidence_candidate,,
blackrock fmp series 149 12m maturity date 19 jun 2017,127607.0,127610.0,high_confidence_candidate,,
blackrock fmp series 150 13m maturity date 11 april 2017,127667.0,127665.0,high_confidence_candidate,,
blackrock fmp series 151 12m maturity date 19 jun 2017,127855.0,127858.0,high_confidence_candidate,,
blackrock fmp series 152 12 5m maturity date 11 april 2017,127988.0,127987.0,high_confidence_candidate,,
blackrock fmp series 153 12m maturity date 27 jun 2017,128106.0,128109.0,high_confidence_candidate,,
blackrock fmp series 154 12 5m maturity date 11 april 2017,128342.0,128345.0,high_confidence_candidate,,
blackrock fmp series 155 12m maturity date 03 apr 2017,128376.0,128379.0,high_confidence_candidate,,
blackrock fmp series 161 12m maturity date 27 april 2017,128945.0,128943.0,high_confidence_candidate,,
blackrock fmp series 162 12m maturity date 27 april 2017,128975.0,128978.0,high_confidence_candidate,,
blackrock fmp series 163 12m maturity date 27 april 2017,128999.0,128996.0,high_confidence_candidate,,
blackrock fmp series 164 12m maturity date 16 may 2017,129497.0,129496.0,high_confidence_candidate,,
blackrock fmp series 84 12m,121046.0,121043.0,high_confidence_candidate,,
blackrock fmp series 85 3m,121107.0,121103.0,high_confidence_candidate,,
blackrock fmp series 86 12m,121149.0,121147.0,high_confidence_candidate,,
blackrock fmp series 87 12m,121293.0,121296.0,high_confidence_candidate,,
blackrock fmp series 88 12 5m,121425.0,121422.0,high_confidence_candidate,,
blackrock fmp series 89 12m,121517.0,121514.0,high_confidence_candidate,,
blackrock fmp series 90 12m,121714.0,121711.0,high_confidence_candidate,,
blackrock fmp series 91 12m,121828.0,121827.0,high_confidence_candidate,,
blackrock fmp series 93 12m,121856.0,121853.0,high_confidence_candidate,,
blackrock fmp series 94 12m,121988.0,121985.0,high_confidence_candidate,,
blackrock fmp series 95 12m,122115.0,122117.0,high_confidence_candidate,,
blackrock ftp series 21 18m,121051.0,121049.0,high_confidence_candidate,,
blackrock ftp series 22 14m,121248.0,121249.0,high_confidence_candidate,,
blackrock ftp series 31 36m,123248.0,123250.0,high_confidence_candidate,,
blackrock ftp series 32 24m maturity date 21 sep 2016,124113.0,124115.0,high_confidence_candidate,,
blackrock ftp series 33 24m maturity date 01 dec 2016,125415.0,125413.0,high_confidence_candidate,,
blackrock ftp series 36 15m maturity date 27 april 2017,126376.0,126374.0,high_confidence_candidate,,
blackrock ftp series 37 14m maturity date 27 april 2017,127001.0,127004.0,high_confidence_candidate,,
blackrock ftp series 38 25m maturity date 17 apr 2017,127472.0,127475.0,high_confidence_candidate,,
blackrock ftp series 44 36m,131266.0,131265.0,high_confidence_candidate,,
blackrock rgess fund series 1,121032.0,121031.0,high_confidence_candidate,,
blackrock technology com fund,119245.0,100090.0,high_confidence_candidate,,
blended a,,,rejected,,
blended b i,,,rejected,,
bluechip flexicap fund,120757.0,103457.0,high_confidence_candidate,,
bnp paribas arbitrage fund,140386.0,140385.0,high_confidence_candidate,,
bnp paribas capital protection oriented fund,,,rejected,,
bnp paribas capital protection oriented fund series ii,,,rejected,,
bnp paribas conservative hybrid fund,120082.0,113560.0,high_confidence_candidate,,
bnp paribas corporate bond fund,119984.0,114099.0,high_confidence_candidate,,
bnp paribas dual advantage fund series i,,,rejected,,
bnp paribas dynamic equity fund,146402.0,146398.0,high_confidence_candidate,,
bnp paribas fixed term fund series 24 a,,,rejected,,
bnp paribas fixed term fund series 25 a,,,rejected,,
bnp paribas fixed term fund series 25 b,,,rejected,,
bnp paribas fixed term fund series 26 a,,,rejected,,
bnp paribas fixed term fund series 26 b,,,rejected,,
bnp paribas fixed term fund series 26 c,,,rejected,,
bnp paribas fixed term fund series 27 a,,,rejected,,
bnp paribas fixed term fund series 27 b,,,rejected,,
bnp paribas fixed term fund series 29 b,,,rejected,,
bnp paribas flexi debt fund,,,rejected,,
bnp paribas focused 25 equity fund,141813.0,141812.0,high_confidence_candidate,,
bnp paribas funds aqua fund of fund,148897.0,148896.0,high_confidence_candidate,,
bnp paribas government securities fund,,,rejected,,
bnp paribas income and gold fund,,,rejected,,
bnp paribas india consumption fund,144634.0,144636.0,high_confidence_candidate,,
bnp paribas large cap fund,,,rejected,,
bnp paribas liquid fund,,,ambiguous,"[120123, 130479]","[113640, 130459]"
bnp paribas long term equity fund,,,rejected,,
bnp paribas low duration fund,120008.0,113476.0,high_confidence_candidate,,
bnp paribas medium term fund,,,rejected,,
bnp paribas mid cap fund,,,rejected,,
bnp paribas multi cap fund,,,rejected,,
bnp paribas overnight fund,147125.0,147124.0,high_confidence_candidate,,
bnp paribas short term fund,120131.0,113547.0,high_confidence_candidate,,
bnp paribas substantial equity hybrid fund,,,rejected,,
boi axa capital protection oriented fund series 1,125371.0,125368.0,high_confidence_candidate,,
boi axa capital protection oriented fund series 2,133063.0,133060.0,high_confidence_candidate,,
boi axa capital protection oriented fund series 3,133495.0,133493.0,high_confidence_candidate,,
boi axa capital protection oriented fund series 4,134946.0,134947.0,high_confidence_candidate,,
boi axa capital protection oriented fund series 5,135525.0,135524.0,high_confidence_candidate,,
boi axa fixed maturity series 1,121740.0,121741.0,high_confidence_candidate,,
boi axa fixed maturity series 10,127076.0,127078.0,high_confidence_candidate,,
boi axa fixed maturity series 11,127409.0,127411.0,high_confidence_candidate,,
boi axa fixed maturity series 13,128767.0,128769.0,high_confidence_candidate,,
boi axa fixed maturity series 14,129370.0,129369.0,high_confidence_candidate,,
boi axa fixed maturity series 4,123263.0,123265.0,high_confidence_candidate,,
boi axa fixed maturity series 5,123489.0,123486.0,high_confidence_candidate,,
boi axa fixed maturity series 6,123715.0,123712.0,high_confidence_candidate,,
boi axa fixed maturity series 8,124917.0,124918.0,high_confidence_candidate,,
bond fund,,,ambiguous,"[118924, 120619, 119735]",[100299]
bond fund segregated 17022020,148086.0,148085.0,high_confidence_candidate,,
bond short term,,,rejected,,
bse 1000 index fund,153596.0,153597.0,high_confidence_candidate,,
bse 200 equal weight etf fund of fund,153380.0,153382.0,high_confidence_candidate,,
bse 500 etf fof,,,rejected,,
bse 500 index fund,151728.0,151729.0,high_confidence_candidate,,
bse 500 momentum 50 index fund,153736.0,153735.0,high_confidence_candidate,,
bse 500 quality 50 index fund,153740.0,153742.0,high_confidence_candidate,,
bse financials ex bank 30 index fund,150443.0,150444.0,high_confidence_candidate,,
bse healthcare index fund,152844.0,152843.0,high_confidence_candidate,,
bse housing index fund,,,ambiguous,"[151764, 152039]","[151763, 152038]"
bse india defence etf fof,154187.0,154189.0,high_confidence_candidate,,
bse india infrastructure index fund,153081.0,153080.0,high_confidence_candidate,,
bse india sector leaders index fund,,,ambiguous,[153838],"[153839, 153958]"
bse india sector leaders india fund,,,rejected,,
bse india sectors leaders index fund,154171.0,154170.0,high_confidence_candidate,,
bse low volatility index fund,149881.0,149880.0,high_confidence_candidate,,
bse multicap consumption 50:30:20 index fund,154066.0,154064.0,high_confidence_candidate,,
bse psu bank index fund,153432.0,153434.0,high_confidence_candidate,,
bse psu index fund,152755.0,152752.0,high_confidence_candidate,,
bse quality index fund,153420.0,153425.0,high_confidence_candidate,,
bse select business groups index fund,153132.0,153134.0,high_confidence_candidate,,
bse select ipo etf fund of fund,153385.0,153387.0,high_confidence_candidate,,
bse sensex index fund,,,ambiguous,"[120308, 149803, 151769, 152422, 153286]","[101199, 149802, 151765, 152421, 153284]"
bse sensex next 30 index fund,,,ambiguous,"[153219, 153567]","[153216, 153566]"
build india fund,,,rejected,,
business cycle,,,rejected,,
business cycle fund,,,ambiguous,"[148651, 149071, 149295, 150805, 152677, 152878, 152796, 153121]","[149068, 149296, 150626, 152678, 152877, 152794, 153122]"
business cycles fund,151368.0,151366.0,high_confidence_candidate,,
buy india fund,120529.0,103170.0,high_confidence_candidate,,
canara robeco balanced advantage fund,152688.0,152690.0,high_confidence_candidate,,
canara robeco banking and financials services fund,154250.0,154248.0,high_confidence_candidate,,
canara robeco banking and psu debt fund,150505.0,150503.0,high_confidence_candidate,,
canara robeco capital protection oriented fund series 10,146302.0,146303.0,high_confidence_candidate,,
canara robeco capital protection oriented fund series 2 a,125020.0,125019.0,high_confidence_candidate,,
canara robeco capital protection oriented fund series 3,,,rejected,,
canara robeco capital protection oriented fund series 4,133879.0,133880.0,high_confidence_candidate,,
canara robeco capital protection oriented fund series 5,134156.0,134159.0,high_confidence_candidate,,
canara robeco capital protection oriented fund series 6,135673.0,135675.0,high_confidence_candidate,,
canara robeco capital protection oriented fund series 7,139714.0,139716.0,high_confidence_candidate,,
canara robeco capital protection oriented fund series 8,141304.0,141306.0,high_confidence_candidate,,
canara robeco capital protection oriented fund series 9,142374.0,142372.0,high_confidence_candidate,,
canara robeco conservative hybrid fund,118309.0,100601.0,high_confidence_candidate,,
canara robeco consumption fund,118273.0,112152.0,high_confidence_candidate,,
canara robeco corporate bond fund,126685.0,126687.0,high_confidence_candidate,,
canara robeco dual advantage fund series 1,143410.0,143412.0,high_confidence_candidate,,
canara robeco dynamic bond fund,118284.0,111962.0,high_confidence_candidate,,
canara robeco elss tax saver,118285.0,111722.0,high_confidence_candidate,,
canara robeco equity hybrid fund,118272.0,106166.0,high_confidence_candidate,,
canara robeco flexicap fund,118275.0,101922.0,high_confidence_candidate,,
canara robeco fmp series 8,145197.0,145195.0,high_confidence_candidate,,
canara robeco focused fund,148883.0,148884.0,high_confidence_candidate,,
canara robeco gilt advantage fund,118297.0,114682.0,high_confidence_candidate,,
canara robeco gilt fund,118299.0,100597.0,high_confidence_candidate,,
canara robeco gold savings fund,118301.0,117541.0,high_confidence_candidate,,
canara robeco income fund,118282.0,101588.0,high_confidence_candidate,,
canara robeco india opportunities,132961.0,132959.0,high_confidence_candidate,,
canara robeco india opportunities series 2,134039.0,134041.0,high_confidence_candidate,,
canara robeco indigo fund,118302.0,113101.0,high_confidence_candidate,,
canara robeco infrastructure fund,118267.0,103390.0,high_confidence_candidate,,
canara robeco large and mid cap fund,118278.0,102920.0,high_confidence_candidate,,
canara robeco large cap fund,118269.0,113221.0,high_confidence_candidate,,
canara robeco liquid fund,,,ambiguous,[118305],"[109353, 101365]"
canara robeco manufacturing fund,152450.0,152447.0,high_confidence_candidate,,
canara robeco mid cap fund,150817.0,150816.0,high_confidence_candidate,,
canara robeco multi asset allocation fund,153465.0,153466.0,high_confidence_candidate,,
canara robeco multi cap fund,151824.0,151821.0,high_confidence_candidate,,
canara robeco nifty index,118266.0,102805.0,high_confidence_candidate,,
canara robeco overnight fund,147531.0,147534.0,high_confidence_candidate,,
canara robeco savings fund,118291.0,102913.0,high_confidence_candidate,,
canara robeco short duration fund,118320.0,115077.0,high_confidence_candidate,,
canara robeco short term fund,118312.0,111883.0,high_confidence_candidate,,
canara robeco small cap fund,146130.0,146127.0,high_confidence_candidate,,
canara robeco ultra short term fund,,,ambiguous,[118317],"[109371, 106329]"
canara robeco value fund,149085.0,149088.0,high_confidence_candidate,,
capital builder fund iv series a,,,rejected,,
capital builder fund iv series b,,,rejected,,
capital builder fund iv series c,,,rejected,,
capital builder fund iv series d,,,rejected,,
capital builder fund series 1 1540 days,142490.0,142489.0,high_confidence_candidate,,
capital builder fund series 4 1582 days,145672.0,145673.0,high_confidence_candidate,,
capital protection oriented fund 5 years series 7,136332.0,136334.0,high_confidence_candidate,,
capital protection oriented fund ii a,148178.0,148180.0,high_confidence_candidate,,
capital protection oriented fund series 1,124356.0,124354.0,high_confidence_candidate,,
capital protection oriented fund series 16,125057.0,125056.0,high_confidence_candidate,,
capital protection oriented fund series 17,125517.0,125518.0,high_confidence_candidate,,
capital protection oriented fund series 18,126611.0,126610.0,high_confidence_candidate,,
capital protection oriented fund series 19,127535.0,127534.0,high_confidence_candidate,,
capital protection oriented fund series 2,126380.0,126381.0,high_confidence_candidate,,
capital protection oriented fund series 20,129215.0,129214.0,high_confidence_candidate,,
capital protection oriented fund series 21,129921.0,129922.0,high_confidence_candidate,,
capital protection oriented fund series 22,130785.0,130786.0,high_confidence_candidate,,
capital protection oriented fund series 23,131165.0,131166.0,high_confidence_candidate,,
capital protection oriented fund series 25,132977.0,132978.0,high_confidence_candidate,,
capital protection oriented fund series 26,134149.0,134148.0,high_confidence_candidate,,
capital protection oriented fund series 29,135776.0,135775.0,high_confidence_candidate,,
capital protection oriented fund series 3 37 months,129314.0,129316.0,high_confidence_candidate,,
capital protection oriented fund series 30,136415.0,136414.0,high_confidence_candidate,,
capital protection oriented fund series 4,130359.0,130365.0,high_confidence_candidate,,
capital protection oriented fund series 5,131405.0,131407.0,high_confidence_candidate,,
capital protection oriented fund series a 1,146547.0,146546.0,high_confidence_candidate,,
capital protection oriented fund series a 2,146704.0,146705.0,high_confidence_candidate,,
capital protection oriented fund series a 3,147242.0,147240.0,high_confidence_candidate,,
capital protection oriented fund series a 4,147359.0,147360.0,high_confidence_candidate,,
capital protection oriented fund series a 5,147631.0,147632.0,high_confidence_candidate,,
capital protection oriented fund series a 6,147644.0,147643.0,high_confidence_candidate,,
capital protection oriented fund series a 7,147942.0,147941.0,high_confidence_candidate,,
capital protection oriented fund series a 8,148172.0,148171.0,high_confidence_candidate,,
capital protection oriented scheme series 1,135328.0,135330.0,high_confidence_candidate,,
capital protection oriented scheme series 2,,,rejected,,
capital protection oriented scheme series 3,136284.0,136286.0,high_confidence_candidate,,
capital protection oriented scheme series 4,139362.0,139360.0,high_confidence_candidate,,
capital protection oriented scheme series iv i 1103 days,,,rejected,,
capital protection oriented scheme series iv ii 1104 days,,,rejected,,
capital protection oriented scheme series iv iii 1105 days,,,rejected,,
capital protection oriented scheme series ix i 1467 days,141244.0,141246.0,high_confidence_candidate,,
capital protection oriented scheme series ix ii 1462 days,141466.0,141464.0,high_confidence_candidate,,
capital protection oriented scheme series ix iii 1389 days,141700.0,141698.0,high_confidence_candidate,,
capital protection oriented scheme series v i 1163 days,,,rejected,,
capital protection oriented scheme series v ii 1135 days,,,rejected,,
capital protection oriented scheme series vi i 1098 days,135256.0,135255.0,high_confidence_candidate,,
capital protection oriented scheme series vi ii 1100 days,135465.0,135462.0,high_confidence_candidate,,
capital protection oriented scheme series vi iii 1098 days,135604.0,135602.0,high_confidence_candidate,,
capital protection oriented scheme series vii i 1098 days,136018.0,136020.0,high_confidence_candidate,,
capital protection oriented scheme series vii ii 1281 days,136356.0,136357.0,high_confidence_candidate,,
capital protection oriented scheme series vii iii 1279 days,136504.0,136502.0,high_confidence_candidate,,
capital protection oriented scheme series vii iv 1278 days,139299.0,139300.0,high_confidence_candidate,,
capital protection oriented scheme series vii v 1281 days,139372.0,139373.0,high_confidence_candidate,,
capital protection oriented scheme series viii i 1278 days,139696.0,139695.0,high_confidence_candidate,,
capital protection oriented scheme series viii ii 1831 days,139859.0,139861.0,high_confidence_candidate,,
capital protection oriented scheme series viii iii 1281days,,,rejected,,
capital protection oriented scheme series viii iv 1996 days,140068.0,140066.0,high_confidence_candidate,,
capital protection oriented scheme series x ii 1134 days,143085.0,143086.0,high_confidence_candidate,,
capitalmind arbitrage fund,154236.0,154233.0,high_confidence_candidate,,
capitalmind flexi cap fund,153738.0,153739.0,high_confidence_candidate,,
capitalmind liquid fund,154011.0,154010.0,high_confidence_candidate,,
capitalmind multi asset allocation fund,154232.0,154231.0,high_confidence_candidate,,
children's equity fund,120724.0,102267.0,high_confidence_candidate,,
children's fund,120285.0,101271.0,high_confidence_candidate,,
children's fund investment,148490.0,148489.0,high_confidence_candidate,,
children's fund lock in,135762.0,135759.0,high_confidence_candidate,,
children's fund no lock in,135764.0,135766.0,high_confidence_candidate,,
children's fund savings,119719.0,101169.0,high_confidence_candidate,,
childrens fund,119312.0,101491.0,high_confidence_candidate,,
china advantage fund,118831.0,112147.0,high_confidence_candidate,,
choice nifty 50 index fund,154301.0,154302.0,high_confidence_candidate,,
choice nifty next 50 index fund,154304.0,154303.0,high_confidence_candidate,,
choice overnight fund,154413.0,154415.0,high_confidence_candidate,,
comma fund,119705.0,103145.0,high_confidence_candidate,,
commodities fund,,,rejected,,
commodity equities fund global agri,119576.0,111349.0,high_confidence_candidate,,
conglomerate fund,,,ambiguous,"[153124, 153867]",[153127]
conservative hybrid active fof,132183.0,132178.0,high_confidence_candidate,,
conservative hybrid fund,,,ambiguous,"[120480, 118491, 120276, 118726, 119839, 120779]","[112924, 112353, 101869, 100968, 102535]"
conservative hybrid fund formerly known as sundaram debt oriented hybrid fund,119635.0,112868.0,high_confidence_candidate,,
conservative hybrid fund segregated portfolio 1,,,rejected,,
conservative hybrid fund segregated portfolio 2,,,rejected,,
conservative hybrid passive fof,118486.0,112327.0,high_confidence_candidate,,
constant maturity 10 year gilt fund,,,ambiguous,"[119614, 120137]","[100061, 101002]"
constant maturity gilt fund,,,rejected,,
consumption fund,,,ambiguous,"[119591, 118722, 118724, 151804, 152169, 152805, 153948, 153913]","[152170, 152804, 153950, 153916]"
consumption fund formerly known as sundaram rural and consumption fund,119595.0,102142.0,high_confidence_candidate,,
consumption opportunities fund,120575.0,120576.0,high_confidence_candidate,,
contra fund,,,ambiguous,"[119323, 120759, 119769, 119835]","[103040, 102414]"
contra fund â,154337.0,154338.0,high_confidence_candidate,,
corporate bond fund,,,ambiguous,"[119533, 118987, 120692, 118807, 118814, 119621, 119104, 133791, 135916, 141588, 144339, 144646, 146215, 148755, 149361]","[103178, 111972, 100789, 106129, 133782, 135914, 141593, 144345, 144644, 146207, 148757, 149351]"
corporate bond fund segregated portfolio 1,147389.0,147392.0,high_confidence_candidate,,
cpo i 36m august 2013,123537.0,123534.0,high_confidence_candidate,,
cpo i 36m october 2013,125037.0,125035.0,high_confidence_candidate,,
cpo i 36m september 2013,124350.0,124349.0,high_confidence_candidate,,
cpo ii 36m february 2014,127380.0,127382.0,high_confidence_candidate,,
cpo ii 36m january 2014,126440.0,126438.0,high_confidence_candidate,,
cpo ii 36m june 2014,130260.0,130263.0,high_confidence_candidate,,
cpo ii 36m may 2014,129814.0,129815.0,high_confidence_candidate,,
cpo iii 1100d october 2014,131514.0,131516.0,high_confidence_candidate,,
cpo iii 1173d january 2015,133633.0,133634.0,high_confidence_candidate,,
cpo iii 1207d december 2014,133253.0,133255.0,high_confidence_candidate,,
cpof 5 yrs sr 8,139096.0,139097.0,high_confidence_candidate,,
cpse bond plus sdl sep 2026 50:50 index fund,149474.0,149472.0,high_confidence_candidate,,
credit risk debt fund,,,rejected,,
credit risk fund,,,ambiguous,"[119082, 120711, 119741, 118780, 119798, 120764, 130314, 134387, 140603]","[101837, 102505, 117981, 130309, 134383, 140609]"
credit risk fund segregated 06032020,148242.0,148237.0,high_confidence_candidate,,
credit risk fund segregated 07072020,148430.0,148425.0,high_confidence_candidate,,
credit risk fund segregated 13092019,147651.0,147650.0,high_confidence_candidate,,
credit risk fund segregated 17022020,148147.0,148146.0,high_confidence_candidate,,
credit risk fund segregated portfolio 1,,,ambiguous,"[147802, 148101]",[147798]
credit risk fund segregated portfolio 2,,,rejected,,
crisil ibx 10:90 gilt + sdl index dec 2029 index fund,154370.0,154363.0,high_confidence_candidate,,
crisil ibx 10:90 gilt plus sdl index dec 2029 fund,153389.0,153391.0,high_confidence_candidate,,
crisil ibx 50:50 gilt plus sdl apr 2028 index fund,150702.0,150703.0,high_confidence_candidate,,
crisil ibx 50:50 gilt plus sdl april 2033 index fund,151329.0,151327.0,high_confidence_candidate,,
crisil ibx 50:50 gilt plus sdl june 2028 index fund,151300.0,151297.0,high_confidence_candidate,,
crisil ibx 50:50 gilt plus sdl september 2027 index fund,151435.0,151433.0,high_confidence_candidate,,
crisil ibx 60:40 sdl + aaa psu apr 2026 index fund,,,rejected,,
crisil ibx 60:40 sdl+aaa psu apr 2025 index fund,150357.0,150354.0,high_confidence_candidate,,
crisil ibx 60:40 sdl+aaa psu apr 2027 index fund,150353.0,150351.0,high_confidence_candidate,,
crisil ibx 70:30 cpse plus sdl april 2025 index fund,149753.0,149755.0,high_confidence_candidate,,
crisil ibx 90:10 sdl plus gilt april 2032 index fund,150871.0,150873.0,high_confidence_candidate,,
crisil ibx 90:10 sdl plus gilt nov 2026 index fund,150868.0,150869.0,high_confidence_candidate,,
crisil ibx 90:10 sdl plus gilt sep27 index fund,150888.0,150890.0,high_confidence_candidate,,
crisil ibx aaa bond financial services index dec 2026 fund,,,ambiguous,"[153236, 153313]",[153311]
crisil ibx aaa bond financial services sep 2027 index fund,153051.0,153050.0,high_confidence_candidate,,
crisil ibx aaa bond nbfc hfc jun 2027 index fund,153172.0,153174.0,high_confidence_candidate,,
crisil ibx aaa bond nbfc jun 2027 index fund,152887.0,152886.0,high_confidence_candidate,,
crisil ibx aaa financial services dec 2026 index fund,152992.0,152994.0,high_confidence_candidate,,
crisil ibx aaa financial services index sep 2027 fund,,,ambiguous,"[152869, 153030]","[152866, 153033]"
crisil ibx aaa financial services jan 2028 index fund,152996.0,152998.0,high_confidence_candidate,,
crisil ibx aaa mar 2024 index fund,151396.0,151393.0,high_confidence_candidate,,
crisil ibx aaa nbfc hfc index dec 2025 fund,152958.0,152961.0,high_confidence_candidate,,
crisil ibx aaa nbfc hfc index sep 2026 fund,152947.0,152945.0,high_confidence_candidate,,
crisil ibx financial services 3 6 months debt index fund,,,ambiguous,"[153407, 153411, 153372, 153517, 153879, 154271, 154331]","[153408, 153375, 153518, 153880, 154274, 154329]"
crisil ibx financial services 3 to 6 months debt index fund,153179.0,153177.0,high_confidence_candidate,,
crisil ibx financial services 9 12 months debt index fund,,,ambiguous,"[153443, 153634, 154308, 154252, 154334]","[153445, 153636, 154309, 154255, 154328]"
crisil ibx financial services 9 to 12 months debt index fund,153875.0,153877.0,high_confidence_candidate,,
crisil ibx gilt apr 2028 index fund,151577.0,151583.0,high_confidence_candidate,,
crisil ibx gilt apr 2029 index fund,150778.0,150777.0,high_confidence_candidate,,
crisil ibx gilt apr 2033 index fund,152267.0,152268.0,high_confidence_candidate,,
crisil ibx gilt april 2026 index fund,,,ambiguous,"[150698, 150746]","[150701, 150744]"
crisil ibx gilt april 2028 index fund,148792.0,148790.0,high_confidence_candidate,,
crisil ibx gilt april 2032 index fund,151408.0,151409.0,high_confidence_candidate,,
crisil ibx gilt index april 2026 index fund,150692.0,150694.0,high_confidence_candidate,,
crisil ibx gilt index april 2029 fund,150706.0,150707.0,high_confidence_candidate,,
crisil ibx gilt index april 2033 index fund,150792.0,150790.0,high_confidence_candidate,,
crisil ibx gilt june 2027 index fund,,,ambiguous,"[148789, 152659]","[148786, 152660]"
crisil ibx sdl index september 2027 fund,150711.0,150712.0,high_confidence_candidate,,
crisil ibx sdl jun 2032 index fund,151427.0,151428.0,high_confidence_candidate,,
crisil ibx sdl june 2034 debt index fund,152515.0,152516.0,high_confidence_candidate,,
crisil ibx sdl may 2027 index fund,149873.0,149872.0,high_confidence_candidate,,
crisil sdl maturity april 2033 index fund,151185.0,151184.0,high_confidence_candidate,,
crisil sdl maturity june 2027 index fund,151239.0,151238.0,high_confidence_candidate,,
crts 81,,,rejected,,
daf i 1100d august 2015,135281.0,135280.0,high_confidence_candidate,,
daf ii 1099d march 2016,139129.0,139130.0,high_confidence_candidate,,
daf ii 1111d april 2016,139310.0,139309.0,high_confidence_candidate,,
daf ii 1160d january 2016,136107.0,136109.0,high_confidence_candidate,,
daf iii 1224d november 2016,140145.0,140147.0,high_confidence_candidate,,
daf iii 1267d october 2016,140017.0,140018.0,high_confidence_candidate,,
daf lll 1304d august 2016,139757.0,139758.0,high_confidence_candidate,,
daiwa government securities fund short term,,,rejected,,
daiwa industry leaders fund,,,rejected,,
daiwa liquid fund,119181.0,114514.0,high_confidence_candidate,,
daiwa treasury advantage fund,,,rejected,,
debt fund series 13 months 14,121469.0,121471.0,high_confidence_candidate,,
debt fund series 13 months 15,121698.0,121697.0,high_confidence_candidate,,
debt fund series 14 months 1,121306.0,121304.0,high_confidence_candidate,,
debt fund series 14 months 2,122017.0,122018.0,high_confidence_candidate,,
debt fund series 16 months 1,126205.0,126207.0,high_confidence_candidate,,
debt fund series 16 months 2,126209.0,126211.0,high_confidence_candidate,,
debt fund series 17 months 1,125734.0,125736.0,high_confidence_candidate,,
debt fund series 18 months 12,125005.0,125007.0,high_confidence_candidate,,
debt fund series 18 months 13,125461.0,125463.0,high_confidence_candidate,,
debt fund series 180 days 26,123477.0,123476.0,high_confidence_candidate,,
debt fund series 36 months 2,120911.0,120910.0,high_confidence_candidate,,
debt fund series 36 months 4,123649.0,123650.0,high_confidence_candidate,,
debt fund series 36 months 5,124001.0,124002.0,high_confidence_candidate,,
debt fund series 36 months 6,124374.0,124376.0,high_confidence_candidate,,
debt fund series 36 months 7,125721.0,125722.0,high_confidence_candidate,,
debt fund series 366 days 22,121396.0,121398.0,high_confidence_candidate,,
debt fund series 366 days 23,121924.0,121925.0,high_confidence_candidate,,
debt fund series 366 days 24,122012.0,122014.0,high_confidence_candidate,,
debt fund series 366 days 25,122146.0,122144.0,high_confidence_candidate,,
debt fund series 366 days 26,122254.0,122256.0,high_confidence_candidate,,
debt fund series 366 days 27,122349.0,122347.0,high_confidence_candidate,,
debt fund series 366 days 28,122407.0,122408.0,high_confidence_candidate,,
debt fund series 366 days 29,122621.0,122622.0,high_confidence_candidate,,
debt fund series 366 days 30,122790.0,122789.0,high_confidence_candidate,,
debt fund series 366 days 31,122813.0,122815.0,high_confidence_candidate,,
debt fund series 366 days 32,122905.0,122906.0,high_confidence_candidate,,
debt fund series 366 days 33,122994.0,122992.0,high_confidence_candidate,,
debt fund series 366 days 34,123169.0,123168.0,high_confidence_candidate,,
debt fund series 366 days 35,123324.0,123322.0,high_confidence_candidate,,
debt fund series 366 days 36,123494.0,123495.0,high_confidence_candidate,,
debt fund series 366 days 37,123729.0,123730.0,high_confidence_candidate,,
debt fund series 366 days 38,123997.0,123999.0,high_confidence_candidate,,
debt fund series 366 days 39,124370.0,124372.0,high_confidence_candidate,,
debt fund series 366 days 40,124525.0,124528.0,high_confidence_candidate,,
debt fund series 366 days 41,124728.0,124729.0,high_confidence_candidate,,
debt fund series 366 days 42,124940.0,124941.0,high_confidence_candidate,,
debt fund series 366 days 43,125139.0,125141.0,high_confidence_candidate,,
debt fund series 366 days 44,125244.0,125245.0,high_confidence_candidate,,
debt fund series 366 days 45,125409.0,125408.0,high_confidence_candidate,,
debt fund series 366 days 46,125522.0,125521.0,high_confidence_candidate,,
debt fund series 366 days 47,125658.0,125660.0,high_confidence_candidate,,
debt fund series 366 days 48,125794.0,125796.0,high_confidence_candidate,,
debt fund series 366 days 49,126094.0,126095.0,high_confidence_candidate,,
debt fund series 366 days 50,126512.0,126513.0,high_confidence_candidate,,
debt fund series 366 days 51,126748.0,126749.0,high_confidence_candidate,,
debt fund series 366 days 52,127344.0,127342.0,high_confidence_candidate,,
debt fund series 366 days 53,127811.0,127813.0,high_confidence_candidate,,
debt fund series 366 days 54,128166.0,128168.0,high_confidence_candidate,,
debt fund series 60 months 3,120900.0,120898.0,high_confidence_candidate,,
debt fund series 90 days 75,123165.0,123164.0,high_confidence_candidate,,
debt fund series 90 days 76,123318.0,123319.0,high_confidence_candidate,,
debt fund series 90 days 77,123490.0,123491.0,high_confidence_candidate,,
debt fund series 90 days 78,124537.0,124538.0,high_confidence_candidate,,
debt fund series 90 days 79,124887.0,124889.0,high_confidence_candidate,,
debt fund series 90 days 80,125241.0,125242.0,high_confidence_candidate,,
debt fund series 90 days 81,125790.0,125792.0,high_confidence_candidate,,
debt fund series 90 days 82,125965.0,125967.0,high_confidence_candidate,,
debt fund series 90 days 84,128193.0,128195.0,high_confidence_candidate,,
debt fund series 90 days 85,128231.0,128232.0,high_confidence_candidate,,
debt fund series a 1,126581.0,126580.0,high_confidence_candidate,,
debt fund series a 10,128325.0,128328.0,high_confidence_candidate,,
debt fund series a 11,128388.0,128390.0,high_confidence_candidate,,
debt fund series a 12,128594.0,128596.0,high_confidence_candidate,,
debt fund series a 13,128674.0,128671.0,high_confidence_candidate,,
debt fund series a 14,128693.0,128695.0,high_confidence_candidate,,
debt fund series a 15,128702.0,128704.0,high_confidence_candidate,,
debt fund series a 16,128931.0,128933.0,high_confidence_candidate,,
debt fund series a 17,129117.0,129118.0,high_confidence_candidate,,
debt fund series a 18,129299.0,129298.0,high_confidence_candidate,,
debt fund series a 19,129363.0,129365.0,high_confidence_candidate,,
debt fund series a 2,126912.0,126914.0,high_confidence_candidate,,
debt fund series a 20,129392.0,129394.0,high_confidence_candidate,,
debt fund series a 21,129443.0,129444.0,high_confidence_candidate,,
debt fund series a 22,129661.0,129660.0,high_confidence_candidate,,
debt fund series a 23,129663.0,129665.0,high_confidence_candidate,,
debt fund series a 24,129708.0,129710.0,high_confidence_candidate,,
debt fund series a 25,129848.0,129847.0,high_confidence_candidate,,
debt fund series a 26 682 days,129869.0,129871.0,high_confidence_candidate,,
debt fund series a 27 366 days,129972.0,129974.0,high_confidence_candidate,,
debt fund series a 28 367 days,130026.0,130025.0,high_confidence_candidate,,
debt fund series a 29 91 days,130157.0,130158.0,high_confidence_candidate,,
debt fund series a 3,127111.0,127114.0,high_confidence_candidate,,
debt fund series a 30 91 days,130231.0,130234.0,high_confidence_candidate,,
debt fund series a 31 367 days,130238.0,130237.0,high_confidence_candidate,,
debt fund series a 32 367 days,130283.0,130281.0,high_confidence_candidate,,
debt fund series a 33 36 months,130286.0,130288.0,high_confidence_candidate,,
debt fund series a 34 367 days,130322.0,130323.0,high_confidence_candidate,,
debt fund series a 35 369 days,130445.0,130442.0,high_confidence_candidate,,
debt fund series a 36 36 months,130601.0,130602.0,high_confidence_candidate,,
debt fund series a 38 1100 days,130831.0,130833.0,high_confidence_candidate,,
debt fund series a 4,127337.0,127339.0,high_confidence_candidate,,
debt fund series a 40 1100 days,131128.0,131130.0,high_confidence_candidate,,
debt fund series a 41 91 days,130867.0,130866.0,high_confidence_candidate,,
debt fund series a 42 1111 days,131276.0,131273.0,high_confidence_candidate,,
debt fund series a 43 1111 days,131401.0,131402.0,high_confidence_candidate,,
debt fund series a 44 1111 days,131469.0,131466.0,high_confidence_candidate,,
debt fund series a 5,127516.0,127515.0,high_confidence_candidate,,
debt fund series a 6,128158.0,128157.0,high_confidence_candidate,,
debt fund series a 7,128161.0,128164.0,high_confidence_candidate,,
debt fund series a 8,128313.0,128315.0,high_confidence_candidate,,
debt fund series a 9,128321.0,128323.0,high_confidence_candidate,,
debt fund series b 1 1111 days,131596.0,131595.0,high_confidence_candidate,,
debt fund series b 16 1100 days,134624.0,134623.0,high_confidence_candidate,,
debt fund series b 17 1100 days,134670.0,134672.0,high_confidence_candidate,,
debt fund series b 18 1100 days,134689.0,134690.0,high_confidence_candidate,,
debt fund series b 19 1100 days,134770.0,134768.0,high_confidence_candidate,,
debt fund series b 2 1111 days,132856.0,132857.0,high_confidence_candidate,,
debt fund series b 20 1100 days,134809.0,134808.0,high_confidence_candidate,,
debt fund series b 22 1100 days,135063.0,135064.0,high_confidence_candidate,,
debt fund series b 23 1100 days,135104.0,135105.0,high_confidence_candidate,,
debt fund series b 25 1100 days,135324.0,135325.0,high_confidence_candidate,,
debt fund series b 26 1100 days,135564.0,135566.0,high_confidence_candidate,,
debt fund series b 27 1100 days,135710.0,135709.0,high_confidence_candidate,,
debt fund series b 28 1100 days,135786.0,135787.0,high_confidence_candidate,,
debt fund series b 29 1200 days,135905.0,135902.0,high_confidence_candidate,,
debt fund series b 3 1111 days,132994.0,132992.0,high_confidence_candidate,,
debt fund series b 31 1200 days,136142.0,136141.0,high_confidence_candidate,,
debt fund series b 32 60 days,136407.0,136404.0,high_confidence_candidate,,
debt fund series b 33 1131 days,136432.0,136433.0,high_confidence_candidate,,
debt fund series b 34 1131 days,136476.0,136474.0,high_confidence_candidate,,
debt fund series b 35 1131 days,136548.0,136545.0,high_confidence_candidate,,
debt fund series b 36 1131 days,139227.0,139228.0,high_confidence_candidate,,
debt fund series b 4 1111 days,133198.0,133195.0,high_confidence_candidate,,
debt fund series b 41 1100 days,,,rejected,,
debt fund series b 43 1100 days,139791.0,139789.0,high_confidence_candidate,,
debt fund series b 44 1100 days,140011.0,140013.0,high_confidence_candidate,,
debt fund series b 46 1155 days,140735.0,140733.0,high_confidence_candidate,,
debt fund series b 49 1170 days,140761.0,140763.0,high_confidence_candidate,,
debt fund series b 6 1111 days,133332.0,133330.0,high_confidence_candidate,,
debt fund series b 7 38 months,,,rejected,,
debt fund series b 8 1105 days,134313.0,134315.0,high_confidence_candidate,,
debt fund series b 9 1105 days,134320.0,134317.0,high_confidence_candidate,,
debt fund series c 1 1100 days,141524.0,141522.0,high_confidence_candidate,,
debt fund series c 10 1150 days,142550.0,142553.0,high_confidence_candidate,,
debt fund series c 11 91 days,142868.0,142865.0,high_confidence_candidate,,
debt fund series c 12 1122 days,142871.0,142869.0,high_confidence_candidate,,
debt fund series c 13 91 days,142953.0,142954.0,high_confidence_candidate,,
debt fund series c 14 1122 days,142959.0,142958.0,high_confidence_candidate,,
debt fund series c 15 91 days,143486.0,143488.0,high_confidence_candidate,,
debt fund series c 16 1100 days,143489.0,143491.0,high_confidence_candidate,,
debt fund series c 17 91 days,143771.0,143769.0,high_confidence_candidate,,
debt fund series c 18 1100 days,143775.0,143773.0,high_confidence_candidate,,
debt fund series c 19 1100 days,144037.0,144035.0,high_confidence_candidate,,
debt fund series c 2 1100 days,141745.0,141747.0,high_confidence_candidate,,
debt fund series c 20 1100 days,144349.0,144347.0,high_confidence_candidate,,
debt fund series c 21 1100 days,144366.0,144365.0,high_confidence_candidate,,
debt fund series c 22 1100 days,144494.0,144492.0,high_confidence_candidate,,
debt fund series c 23 1100 days,144842.0,144840.0,high_confidence_candidate,,
debt fund series c 24 1100 days,144918.0,144919.0,high_confidence_candidate,,
debt fund series c 25 1100 days,144992.0,144990.0,high_confidence_candidate,,
debt fund series c 26 1125 days,145229.0,145232.0,high_confidence_candidate,,
debt fund series c 27 391 days,145372.0,145371.0,high_confidence_candidate,,
debt fund series c 28 386 days,145499.0,145500.0,high_confidence_candidate,,
debt fund series c 29 366 days,145504.0,145501.0,high_confidence_candidate,,
debt fund series c 30 385 days,145647.0,145646.0,high_confidence_candidate,,
debt fund series c 31 365 days,145740.0,145742.0,high_confidence_candidate,,
debt fund series c 32 380 days,145746.0,145745.0,high_confidence_candidate,,
debt fund series c 33 1216 days,145855.0,145856.0,high_confidence_candidate,,
debt fund series c 34 1211 days,145947.0,145949.0,high_confidence_candidate,,
debt fund series c 35 376 days,145987.0,145989.0,high_confidence_candidate,,
debt fund series c 36 365 days,145994.0,145991.0,high_confidence_candidate,,
debt fund series c 37 365 days,146023.0,146024.0,high_confidence_candidate,,
debt fund series c 38 389 days,146174.0,146173.0,high_confidence_candidate,,
debt fund series c 39 88 days,146177.0,146178.0,high_confidence_candidate,,
debt fund series c 40 1177 days,146289.0,146288.0,high_confidence_candidate,,
debt fund series c 41 1178 days,146312.0,146314.0,high_confidence_candidate,,
debt fund series c 42 365 days,146365.0,146362.0,high_confidence_candidate,,
debt fund series c 43 384 days,146367.0,146369.0,high_confidence_candidate,,
debt fund series c 44 378 days,146495.0,146493.0,high_confidence_candidate,,
debt fund series c 45 92 days,146558.0,146557.0,high_confidence_candidate,,
debt fund series c 46 376 days,146592.0,146590.0,high_confidence_candidate,,
debt fund series c 47 360 days,146651.0,146652.0,high_confidence_candidate,,
debt fund series c 48 385 days,146656.0,146655.0,high_confidence_candidate,,
debt fund series c 49 390 days,146765.0,146768.0,high_confidence_candidate,,
debt fund series c 50 383 days,146878.0,146877.0,high_confidence_candidate,,
debt fund series c 7 1190 days,142177.0,142179.0,high_confidence_candidate,,
debt fund series c 8 1175 days,142332.0,142330.0,high_confidence_candidate,,
debt fund series c 9 1150 days,142485.0,142488.0,high_confidence_candidate,,
debt funds series a 39 1100 days,,,rejected,,
debt funds series b 42 1100 days,139567.0,139566.0,high_confidence_candidate,,
debt hybrid,,,rejected,,
defence fund,,,rejected,,
developed market ex us etfs fund of funds,152090.0,152091.0,high_confidence_candidate,,
developed world overseas equity passive fof,,,rejected,,
dhfl pramerica credit opportunities fund,,,rejected,,
dhfl pramerica dynamic asset allocation fund,,,rejected,,
dhfl pramerica dynamic monthly income fund,,,rejected,,
dhfl pramerica fixed duration fund series aw,143355.0,143358.0,high_confidence_candidate,,
dhfl pramerica fixed duration fund series ax,143466.0,143468.0,high_confidence_candidate,,
dhfl pramerica fixed maturity series 31,138606.0,138608.0,high_confidence_candidate,,
dhfl pramerica fixed maturity series 32,138621.0,138618.0,high_confidence_candidate,,
dhfl pramerica fixed maturity series 33,138630.0,138625.0,high_confidence_candidate,,
dhfl pramerica fixed maturity series 34,138634.0,138636.0,high_confidence_candidate,,
dhfl pramerica fixed maturity series 37,138638.0,138639.0,high_confidence_candidate,,
dhfl pramerica fixed maturity series 38,138642.0,138643.0,high_confidence_candidate,,
dhfl pramerica fixed maturity series 39,138647.0,138646.0,high_confidence_candidate,,
dhfl pramerica fixed maturity series 45,138667.0,138671.0,high_confidence_candidate,,
dhfl pramerica fixed maturity series 47,138677.0,138679.0,high_confidence_candidate,,
dhfl pramerica fixed maturity series 49,138688.0,138685.0,high_confidence_candidate,,
dhfl pramerica fixed maturity series 54,138709.0,138711.0,high_confidence_candidate,,
dhfl pramerica fixed maturity series 56,138717.0,138719.0,high_confidence_candidate,,
dhfl pramerica fixed maturity series 57,138735.0,138736.0,high_confidence_candidate,,
dhfl pramerica fixed maturity series 58,138727.0,138729.0,high_confidence_candidate,,
dhfl pramerica fixed maturity series 60,138740.0,138746.0,high_confidence_candidate,,
dhfl pramerica fixed maturity series 61,138753.0,138751.0,high_confidence_candidate,,
dhfl pramerica fixed maturity series 62,138757.0,138759.0,high_confidence_candidate,,
dhfl pramerica fixed maturity series 63,138765.0,138766.0,high_confidence_candidate,,
dhfl pramerica fixed maturity series 64,138781.0,138783.0,high_confidence_candidate,,
dhfl pramerica fixed maturity series 66,138773.0,138777.0,high_confidence_candidate,,
dhfl pramerica fixed maturity series 68,138797.0,138799.0,high_confidence_candidate,,
dhfl pramerica fixed maturity series 69,138810.0,138804.0,high_confidence_candidate,,
dhfl pramerica fixed maturity series 70,138820.0,138822.0,high_confidence_candidate,,
dhfl pramerica fixed maturity series 71,138834.0,138831.0,high_confidence_candidate,,
dhfl pramerica fixed maturity series 72,138841.0,138837.0,high_confidence_candidate,,
dhfl pramerica fixed maturity series 75,138853.0,138855.0,high_confidence_candidate,,
dhfl pramerica fixed maturity series 77,138911.0,138913.0,high_confidence_candidate,,
dhfl pramerica fixed maturity series 78,138921.0,138919.0,high_confidence_candidate,,
dhfl pramerica fixed maturity series 82,138942.0,138947.0,high_confidence_candidate,,
dhfl pramerica fixed maturity series 85,138980.0,138982.0,high_confidence_candidate,,
dhfl pramerica fixed maturity series 86,139002.0,139008.0,high_confidence_candidate,,
dhfl pramerica fixed maturity series 87,139016.0,139012.0,high_confidence_candidate,,
dhfl pramerica fixed maturity series 91,139029.0,139030.0,high_confidence_candidate,,
dhfl pramerica fixed maturity series 95,139074.0,139075.0,high_confidence_candidate,,
dhfl pramerica floating rate fund,,,rejected,,
dhfl pramerica hybrid fixed term dund series 26,,,rejected,,
dhfl pramerica hybrid fixed term fund series 11,,,rejected,,
dhfl pramerica hybrid fixed term fund series 13,138588.0,138587.0,high_confidence_candidate,,
dhfl pramerica hybrid fixed term fund series 14,138601.0,138599.0,high_confidence_candidate,,
dhfl pramerica hybrid fixed term fund series 17,138651.0,138650.0,high_confidence_candidate,,
dhfl pramerica hybrid fixed term fund series 19,138654.0,138656.0,high_confidence_candidate,,
dhfl pramerica hybrid fixed term fund series 21,138789.0,138791.0,high_confidence_candidate,,
dhfl pramerica hybrid fixed term fund series 22,138813.0,138817.0,high_confidence_candidate,,
dhfl pramerica hybrid fixed term fund series 23,138847.0,138848.0,high_confidence_candidate,,
dhfl pramerica hybrid fixed term fund series 27,138860.0,138866.0,high_confidence_candidate,,
dhfl pramerica hybrid fixed term fund series 29,138891.0,138893.0,high_confidence_candidate,,
dhfl pramerica hybrid fixed term fund series 31,138927.0,138929.0,high_confidence_candidate,,
dhfl pramerica hybrid fixed term fund series 32,138934.0,138937.0,high_confidence_candidate,,
dhfl pramerica hybrid fixed term fund series 33,,,rejected,,
dhfl pramerica hybrid fixed term fund series 34,138962.0,138965.0,high_confidence_candidate,,
dhfl pramerica hybrid fixed term fund series 35,138971.0,138973.0,high_confidence_candidate,,
dhfl pramerica hybrid fixed term fund series 37,138999.0,138995.0,high_confidence_candidate,,
dhfl pramerica hybrid fixed term fund series 39,139023.0,139025.0,high_confidence_candidate,,
dhfl pramerica hybrid fixed term fund series 40,139049.0,139045.0,high_confidence_candidate,,
dhfl pramerica hybrid fixed term fund series 41,139054.0,139056.0,high_confidence_candidate,,
dhfl pramerica income fund,127967.0,127969.0,high_confidence_candidate,,
dhfl pramerica interval fund annual series 1 dif 1,138592.0,138595.0,high_confidence_candidate,,
dhfl pramerica large cap equity fund,,,rejected,,
dhfl pramerica large cap fund series 1,138986.0,138987.0,high_confidence_candidate,,
dhfl pramerica large cap fund series 3,139017.0,139019.0,high_confidence_candidate,,
dhfl pramerica liquid fund,,,rejected,,
dhfl pramerica medium term fund,138693.0,138694.0,high_confidence_candidate,,
dhfl pramerica mid cap fund series 1,138950.0,138952.0,high_confidence_candidate,,
dhfl pramerica short term floating rate fund,,,rejected,,
dhfl pramerica short term income fund,,,rejected,,
dhfl pramerica strategic debt fund,138659.0,138663.0,high_confidence_candidate,,
dhfl pramerica treasury advantage fund,,,rejected,,
dhfl pramerica ultra short term bond fund,,,rejected,,
digital india fund,,,ambiguous,"[120539, 135800, 152964]","[103168, 135797, 152966]"
diversified debt strategy active fof,,,rejected,,
diversified equity all cap active fof,,,ambiguous,"[153860, 154266]",[153861]
diversified equity all cap omni fof,,,rejected,,
diversified equity allocator passive fof,148500.0,148502.0,high_confidence_candidate,,
diversified equity flexicap passive fof,148642.0,148641.0,high_confidence_candidate,,
diversified equity flexicap passive fund of funds,154112.0,154113.0,high_confidence_candidate,,
diversified equity fund series 1,131048.0,131050.0,high_confidence_candidate,,
diversified equity fund series 2,132916.0,132915.0,high_confidence_candidate,,
dual advantage fixed tenure fund ix d,,,rejected,,
dual advantage fixed tenure fund ix e,,,rejected,,
dual advantage fixed tenure fund ix f,,,rejected,,
dual advantage fixed tenure fund x a,,,rejected,,
dual advantage fixed tenure fund x b,,,rejected,,
dual advantage fixed tenure fund x c,,,rejected,,
dual advantage fixed tenure fund x d,,,rejected,,
dual advantage fixed tenure fund x e,,,rejected,,
dual advantage fixed tenure fund x f,,,rejected,,
dual advantage fixed tenure fund xi a,,,rejected,,
dual advantage fixed tenure fund xi b,,,rejected,,
dual advantage fixed tenure fund xi c,,,rejected,,
dual advantage fixed tenure fund xi d,,,rejected,,
dual advantage fixed tenure fund xi e,,,rejected,,
dual advantage fixed tenure fund xii a,,,rejected,,
dual advantage fixed term fund series i i 1100 days,,,rejected,,
dual advantage fixed term fund series i ii 1145 days,,,rejected,,
dual advantage fixed term fund series i iii 1111 days,,,rejected,,
dual advantage fixed term fund series i iv 1099 days,134215.0,134218.0,high_confidence_candidate,,
dual advantage fixed term fund series i v 1099 days,134518.0,134520.0,high_confidence_candidate,,
dual advantage fixed term fund series ii i 1998 days,135302.0,135301.0,high_confidence_candidate,,
dual advantage fixed term fund series ii ii 1997 days,135359.0,135360.0,high_confidence_candidate,,
dual advantage fixed term fund series ii iii 1998 days,135513.0,135511.0,high_confidence_candidate,,
dual advantage fixed term fund series v i 1103 days,141781.0,141779.0,high_confidence_candidate,,
dual advantage fixed term series 1,134726.0,134728.0,high_confidence_candidate,,
dual advantage fixed term series 2,135346.0,135348.0,high_confidence_candidate,,
dual advantage fixed term series 3,135589.0,135591.0,high_confidence_candidate,,
dual advantage fixed term series ii iv 1997 days,135863.0,135860.0,high_confidence_candidate,,
dual advantage fixed term series ii v 1997 days,136124.0,136122.0,high_confidence_candidate,,
dual advantage fixed term series iii i 1998 days,136419.0,136420.0,high_confidence_candidate,,
dual advantage fixed term series iii ii 1278 days,139506.0,139504.0,high_confidence_candidate,,
dual advantage fixed term series iii iii 1102 days,139648.0,139650.0,high_confidence_candidate,,
dual advantage fixed term series iv i 1279 days,140170.0,140168.0,high_confidence_candidate,,
dual advantage fixed term series iv ii 1278 days,140507.0,140505.0,high_confidence_candidate,,
dual advantage fixed term series iv iii 1279 days,140543.0,140541.0,high_confidence_candidate,,
dual advantage fixed term series iv iv 1997 days,140655.0,140656.0,high_confidence_candidate,,
dual advantage fund scheme a plan:growth,,,rejected,,
dual advantage fund scheme b,,,rejected,,
dual advantage fund scheme c,,,rejected,,
dual advantage fund series 2,146201.0,146203.0,high_confidence_candidate,,
dual advantage fund series 2 scheme a,,,rejected,,
dual advantage fund series 2 scheme b,,,rejected,,
dual advantage fund series 2 scheme c,,,rejected,,
dual advantage fund series 3 scheme a,,,rejected,,
dual advantage fund series 39 36m,135340.0,135337.0,high_confidence_candidate,,
dual advantage fund series 44 39m,139231.0,139229.0,high_confidence_candidate,,
dual advantage fund series 45 38m,139329.0,139327.0,high_confidence_candidate,,
dual advantage fund series 46 36m,139468.0,139467.0,high_confidence_candidate,,
dual advantage fund series 49 42m,140063.0,140062.0,high_confidence_candidate,,
dual advantage fund series i,,,ambiguous,"[126465, 139440]","[126463, 139441]"
dual advantage fund series ii,129421.0,129424.0,high_confidence_candidate,,
dual advantage fund series iii,130024.0,130021.0,high_confidence_candidate,,
dual advantage fund series iv,131131.0,131133.0,high_confidence_candidate,,
dual advantage fund series ix,134614.0,134611.0,high_confidence_candidate,,
dual advantage fund series v,132919.0,132921.0,high_confidence_candidate,,
dual advantage fund series vi,133282.0,133281.0,high_confidence_candidate,,
dual advantage fund series vii,133716.0,133718.0,high_confidence_candidate,,
dual advantage fund series viii,134196.0,134195.0,high_confidence_candidate,,
dual advantage fund series x,135154.0,135153.0,high_confidence_candidate,,
dual advantage fund series xi,135376.0,135378.0,high_confidence_candidate,,
dual advantage fund series xii,135778.0,135779.0,high_confidence_candidate,,
dual advantage fund series xiii,136043.0,136042.0,high_confidence_candidate,,
dual advantage fund series xiv,136359.0,136360.0,high_confidence_candidate,,
dual advantage fund series xix,140597.0,140595.0,high_confidence_candidate,,
dual advantage fund series xv,139123.0,139121.0,high_confidence_candidate,,
dual advantage fund series xvi,139526.0,139533.0,high_confidence_candidate,,
dual advantage fund series xvii,,,rejected,,
dual advantage fund series xviii,140396.0,140394.0,high_confidence_candidate,,
dual advantage fund series xxii,141348.0,141349.0,high_confidence_candidate,,
dual advantage fund series xxiii,141634.0,141631.0,high_confidence_candidate,,
dual advantage fund series xxiv,141832.0,141833.0,high_confidence_candidate,,
dual advantage fund series xxix,144114.0,144111.0,high_confidence_candidate,,
dual advantage fund series xxv,141960.0,141959.0,high_confidence_candidate,,
dual advantage fund series xxvi,142259.0,142257.0,high_confidence_candidate,,
dual advantage fund series xxvii,142751.0,142749.0,high_confidence_candidate,,
dual advantage fund series xxviii,143363.0,143362.0,high_confidence_candidate,,
dual advantage fund series xxx,145161.0,145162.0,high_confidence_candidate,,
dws alpha equity fund,,,rejected,,
dws arbitrage fund,130994.0,131022.0,high_confidence_candidate,,
dws banking and psu debt fund,,,rejected,,
dws cash opportunities fund,,,rejected,,
dws corporate debt opportunities fund,131136.0,131143.0,high_confidence_candidate,,
dws equity income fund,,,rejected,,
dws fixed maturity series 23 dfmp 23,,,rejected,,
dws fixed maturity series 24 dfmp 24,121223.0,121226.0,high_confidence_candidate,,
dws fixed maturity series 26 dfmp 26,121445.0,121447.0,high_confidence_candidate,,
dws fixed maturity series 27 dfmp 27,121647.0,121646.0,high_confidence_candidate,,
dws fixed maturity series 28,122028.0,122033.0,high_confidence_candidate,,
dws fixed maturity series 29,122036.0,122039.0,high_confidence_candidate,,
dws fixed maturity series 30,122047.0,122050.0,high_confidence_candidate,,
dws fixed maturity series 31,122961.0,122963.0,high_confidence_candidate,,
dws fixed maturity series 32,123245.0,123242.0,high_confidence_candidate,,
dws fixed maturity series 33,123390.0,123385.0,high_confidence_candidate,,
dws fixed maturity series 34,123855.0,123857.0,high_confidence_candidate,,
dws fixed maturity series 35,124004.0,124006.0,high_confidence_candidate,,
dws fixed maturity series 36,124007.0,124009.0,high_confidence_candidate,,
dws fixed maturity series 37,124155.0,124156.0,high_confidence_candidate,,
dws fixed maturity series 38,124323.0,124324.0,high_confidence_candidate,,
dws fixed maturity series 39,124587.0,124586.0,high_confidence_candidate,,
dws fixed maturity series 42,125174.0,125179.0,high_confidence_candidate,,
dws fixed maturity series 43,125688.0,125689.0,high_confidence_candidate,,
dws fixed maturity series 45,126849.0,126853.0,high_confidence_candidate,,
dws fixed maturity series 46,126926.0,126922.0,high_confidence_candidate,,
dws fixed maturity series 47,127093.0,127095.0,high_confidence_candidate,,
dws fixed maturity series 48,127085.0,127088.0,high_confidence_candidate,,
dws fixed maturity series 49,127326.0,127323.0,high_confidence_candidate,,
dws fixed maturity series 50,127416.0,127418.0,high_confidence_candidate,,
dws fixed maturity series 51,127507.0,127509.0,high_confidence_candidate,,
dws fixed maturity series 52,127530.0,127529.0,high_confidence_candidate,,
dws fixed maturity series 53,127880.0,127882.0,high_confidence_candidate,,
dws fixed maturity series 54,127978.0,127980.0,high_confidence_candidate,,
dws fixed maturity series 55,128086.0,128088.0,high_confidence_candidate,,
dws fixed maturity series 56,128024.0,128026.0,high_confidence_candidate,,
dws fixed maturity series 57,128384.0,128385.0,high_confidence_candidate,,
dws fixed maturity series 58,128096.0,128098.0,high_confidence_candidate,,
dws fixed maturity series 60,128615.0,128621.0,high_confidence_candidate,,
dws fixed maturity series 61,128659.0,128657.0,high_confidence_candidate,,
dws fixed maturity series 62,128716.0,128718.0,high_confidence_candidate,,
dws fixed maturity series 63,128729.0,128730.0,high_confidence_candidate,,
dws fixed maturity series 64,129161.0,129163.0,high_confidence_candidate,,
dws fixed maturity series 66,129141.0,129145.0,high_confidence_candidate,,
dws fixed maturity series 68,129565.0,129567.0,high_confidence_candidate,,
dws fixed maturity series 69,129581.0,129575.0,high_confidence_candidate,,
dws fixed maturity series 70,130014.0,130016.0,high_confidence_candidate,,
dws fixed maturity series 71,130036.0,130033.0,high_confidence_candidate,,
dws fixed maturity series 72,130115.0,130111.0,high_confidence_candidate,,
dws fixed maturity series 75,130811.0,130813.0,high_confidence_candidate,,
dws fixed maturity series 77,131366.0,131368.0,high_confidence_candidate,,
dws fixed maturity series 78,131493.0,131491.0,high_confidence_candidate,,
dws fixed maturity series 82,133009.0,133014.0,high_confidence_candidate,,
dws fixed maturity series 85,133932.0,133934.0,high_confidence_candidate,,
dws fixed maturity series 86,134220.0,134226.0,high_confidence_candidate,,
dws fixed maturity series 87,134234.0,134230.0,high_confidence_candidate,,
dws fixed maturity series 91,134754.0,134780.0,high_confidence_candidate,,
dws fixed maturity series 95,135741.0,135742.0,high_confidence_candidate,,
dws gilt fund,,,rejected,,
dws global agribusiness offshore fund,,,rejected,,
dws hybrid fixed term dund series 26,,,rejected,,
dws hybrid fixed term fund series 11,120907.0,120906.0,high_confidence_candidate,,
dws hybrid fixed term fund series 12,121401.0,121402.0,high_confidence_candidate,,
dws hybrid fixed term fund series 13,121750.0,121749.0,high_confidence_candidate,,
dws hybrid fixed term fund series 14,122596.0,122594.0,high_confidence_candidate,,
dws hybrid fixed term fund series 17,124899.0,124898.0,high_confidence_candidate,,
dws hybrid fixed term fund series 19,125423.0,125425.0,high_confidence_candidate,,
dws hybrid fixed term fund series 21,129154.0,129156.0,high_confidence_candidate,,
dws hybrid fixed term fund series 22,129747.0,129751.0,high_confidence_candidate,,
dws hybrid fixed term fund series 23,130277.0,130278.0,high_confidence_candidate,,
dws hybrid fixed term fund series 27,130818.0,130824.0,high_confidence_candidate,,
dws hybrid fixed term fund series 29,131114.0,131116.0,high_confidence_candidate,,
dws hybrid fixed term fund series 31,131499.0,131501.0,high_confidence_candidate,,
dws hybrid fixed term fund series 32,132936.0,132939.0,high_confidence_candidate,,
dws hybrid fixed term fund series 33,,,rejected,,
dws hybrid fixed term fund series 34,133621.0,133624.0,high_confidence_candidate,,
dws hybrid fixed term fund series 35,133727.0,133729.0,high_confidence_candidate,,
dws hybrid fixed term fund series 37,134146.0,134142.0,high_confidence_candidate,,
dws hybrid fixed term fund series 39,134699.0,134701.0,high_confidence_candidate,,
dws hybrid fixed term fund series 40,134852.0,134848.0,high_confidence_candidate,,
dws hybrid fixed term fund series 41,135077.0,135079.0,high_confidence_candidate,,
dws income advantage fund,,,rejected,,
dws inflation indexed bond fund,126455.0,126459.0,high_confidence_candidate,,
dws insta cash plus fund,,,rejected,,
dws interval fund annual series 1 dif 1,122448.0,122451.0,high_confidence_candidate,,
dws investment opportunity fund,,,rejected,,
dws large cap fund series 1,134001.0,134002.0,high_confidence_candidate,,
dws large cap fund series 2,134134.0,134133.0,high_confidence_candidate,,
dws large cap fund series 3,134413.0,134415.0,high_confidence_candidate,,
dws low duration fund,119033.0,103591.0,high_confidence_candidate,,
dws medium term income fund,127423.0,127424.0,high_confidence_candidate,,
dws mid cap fund series 1,133144.0,133146.0,high_confidence_candidate,,
dws premier bond fund,,,rejected,,
dws short maturity fund,,,rejected,,
dws tax saving fund,,,rejected,,
dws top euroland offshore fund,,,rejected,,
dws treasury fund cash,,,rejected,,
dws treasury fund investment,,,rejected,,
dws ultra short term fund,119038.0,107820.0,high_confidence_candidate,,
dynamic asset allocation active fof,,,ambiguous,"[120679, 153832]",[153831]
dynamic asset allocation fund,,,ambiguous,"[126393, 134110]","[126394, 134109]"
dynamic asset allocation omni fof,132186.0,132180.0,high_confidence_candidate,,
dynamic bond fund,,,ambiguous,"[120582, 119505, 120451, 118416, 119755, 118747, 119671, 119097, 120762, 140769]","[102767, 115068, 108511, 102205, 101909, 113077, 140771]"
dynamic bond fund segregated 17022020,148118.0,148117.0,high_confidence_candidate,,
dynamic bond fund segregated portfolio 1,147808.0,147804.0,high_confidence_candidate,,
dynamic debt fund,,,rejected,,
edelweiss aggressive hybrid fund,118624.0,112108.0,high_confidence_candidate,,
edelweiss arbitrage fund,130206.0,130205.0,high_confidence_candidate,,
edelweiss asean equity off shore fund,140256.0,140255.0,high_confidence_candidate,,
edelweiss balanced advantage fund,118615.0,112117.0,high_confidence_candidate,,
edelweiss balanced advantage fund deactivated,140357.0,140359.0,high_confidence_candidate,,
edelweiss banking and psu debt fund,140286.0,140283.0,high_confidence_candidate,,
edelweiss bond fund,118648.0,109949.0,high_confidence_candidate,,
edelweiss bse internet economy index fund,153497.0,153495.0,high_confidence_candidate,,
edelweiss business cycle fund,152710.0,152724.0,high_confidence_candidate,,
edelweiss consumption fund,153214.0,153255.0,high_confidence_candidate,,
edelweiss corporate bond fund,140333.0,140336.0,high_confidence_candidate,,
edelweiss crisil ibx 50:50 gilt plus sdl april 2037 index fund,150671.0,150720.0,high_confidence_candidate,,
edelweiss crisil ibx 50:50 gilt plus sdl june 2027 index fund,150727.0,150771.0,high_confidence_candidate,,
edelweiss crisil ibx 50:50 gilt plus sdl sep 2028 index fund,150807.0,150848.0,high_confidence_candidate,,
edelweiss crisil ibx 50:50 gilt plus sdl short duration index fund,151365.0,151398.0,high_confidence_candidate,,
edelweiss crisil ibx aaa bond nbfc hfc jun 2027 index fund,153335.0,153334.0,high_confidence_candidate,,
edelweiss crisil ibx aaa financial services jan 2028 index fund,153115.0,153130.0,high_confidence_candidate,,
edelweiss crisil psu plus sdl 50:50 oct 2025 index fund,149950.0,149949.0,high_confidence_candidate,,
edelweiss elss tax saver fund,118620.0,111638.0,high_confidence_candidate,,
edelweiss emerging leaders fund,,,rejected,,
edelweiss emerging markets opportunities equity offshore fund,140327.0,140328.0,high_confidence_candidate,,
edelweiss equity savings advantage fund,,,rejected,,
edelweiss equity savings fund,140347.0,140351.0,high_confidence_candidate,,
edelweiss europe dynamic equity offshore fund,140296.0,140295.0,high_confidence_candidate,,
edelweiss financial services fund,154108.0,154107.0,high_confidence_candidate,,
edelweiss fixed maturity series 20,140271.0,140269.0,high_confidence_candidate,,
edelweiss fixed maturity series 35,,,rejected,,
edelweiss fixed maturity series 38,140321.0,140319.0,high_confidence_candidate,,
edelweiss fixed maturity series 40,140330.0,140329.0,high_confidence_candidate,,
edelweiss fixed maturity series 41,141056.0,141059.0,high_confidence_candidate,,
edelweiss fixed maturity series 49,143978.0,143981.0,high_confidence_candidate,,
edelweiss fixed maturity series 55,146733.0,146703.0,high_confidence_candidate,,
edelweiss fixed maturity sr 14,140263.0,140261.0,high_confidence_candidate,,
edelweiss fixed maturity sr 37,140318.0,140315.0,high_confidence_candidate,,
edelweiss flexi cap fund,140353.0,140355.0,high_confidence_candidate,,
edelweiss focused fund,150376.0,150382.0,high_confidence_candidate,,
edelweiss gilt fund,,,rejected,,
edelweiss gold and silver etf fof,150581.0,150579.0,high_confidence_candidate,,
edelweiss gold etf fund of fund,154208.0,154209.0,high_confidence_candidate,,
edelweiss government securities fund,140298.0,140297.0,high_confidence_candidate,,
edelweiss greater china equity off shore fund,140243.0,140242.0,high_confidence_candidate,,
edelweiss income plus arbitrage active fund of funds,153712.0,153713.0,high_confidence_candidate,,
edelweiss large & mid cap fund,140175.0,140172.0,high_confidence_candidate,,
edelweiss large cap fund,118617.0,111940.0,high_confidence_candidate,,
edelweiss liquid fund,,,ambiguous,"[118636, 140196]","[109940, 140182, 140176]"
edelweiss low duration fund,,,ambiguous,"[140220, 153416]","[140207, 140201, 153419]"
edelweiss mid cap fund,140228.0,140225.0,high_confidence_candidate,,
edelweiss money market fund,140237.0,140229.0,high_confidence_candidate,,
edelweiss msci india domestic & world healthcare 45 index fund,148555.0,148557.0,high_confidence_candidate,,
edelweiss multi asset allocation fund,151792.0,151795.0,high_confidence_candidate,,
edelweiss multi asset omni fund of fund,153776.0,153779.0,high_confidence_candidate,,
edelweiss multi cap fund,152094.0,152095.0,high_confidence_candidate,,
edelweiss nifty 100 quality 30 index fund,149254.0,149256.0,high_confidence_candidate,,
edelweiss nifty 50 index fund,149250.0,149252.0,high_confidence_candidate,,
edelweiss nifty alpha low volatility 30 index fund,152616.0,152617.0,high_confidence_candidate,,
edelweiss nifty large midcap 250 index fund,149343.0,149341.0,high_confidence_candidate,,
edelweiss nifty largemidcap 250 plus 8 13 yr g sec 70 30 index fund,154310.0,154312.0,high_confidence_candidate,,
edelweiss nifty midcap150 momentum 50 index fund,150902.0,150900.0,high_confidence_candidate,,
edelweiss nifty next 50 index fund,150899.0,150897.0,high_confidence_candidate,,
edelweiss nifty psu bond plus sdl apr 2026 50:50 index fund,148795.0,148797.0,high_confidence_candidate,,
edelweiss nifty psu bond plus sdl apr 2027 50:50 index fund,149247.0,149249.0,high_confidence_candidate,,
edelweiss nifty smallcap 250 index fund,150892.0,150894.0,high_confidence_candidate,,
edelweiss nifty500 multicap momentum quality 50 index fund,152985.0,152988.0,high_confidence_candidate,,
edelweiss overnight fund,147570.0,147569.0,high_confidence_candidate,,
edelweiss recently listed ipo fund,142388.0,142383.0,high_confidence_candidate,,
edelweiss short term fund,140251.0,140244.0,high_confidence_candidate,,
edelweiss short term income fund,,,rejected,,
edelweiss silver etf fund of fund,154072.0,154075.0,high_confidence_candidate,,
edelweiss small cap fund,146196.0,146193.0,high_confidence_candidate,,
edelweiss tax advantage fund,140241.0,140238.0,high_confidence_candidate,,
edelweiss technology fund,152437.0,152439.0,high_confidence_candidate,,
edelweiss us technology equity fund of fund,148063.0,148064.0,high_confidence_candidate,,
edelweiss us value equity offshore fund,140274.0,140273.0,high_confidence_candidate,,
edge fund,119685.0,117906.0,high_confidence_candidate,,
elss fund,132756.0,132757.0,high_confidence_candidate,,
elss tax saver,,,ambiguous,"[119060, 120270]",[100865]
elss tax saver fund,,,ambiguous,"[119544, 120503, 118473, 119242, 120592, 119773, 118803, 119723, 120715, 133386, 135781, 149570]","[112323, 111569, 104772, 105628, 100821, 133385, 135784, 149569]"
emerging leaders fund series 1,129402.0,129403.0,high_confidence_candidate,,
emerging leaders fund series 2,129885.0,129884.0,high_confidence_candidate,,
emerging leaders fund series 3,130296.0,130298.0,high_confidence_candidate,,
emerging leaders fund series 4,130728.0,130730.0,high_confidence_candidate,,
emerging leaders fund series 5,133298.0,133300.0,high_confidence_candidate,,
emerging leaders fund series 6,134391.0,134390.0,high_confidence_candidate,,
emerging leaders fund series 7,136196.0,136194.0,high_confidence_candidate,,
emerging opportunities fund series 1 1400 days,140398.0,140400.0,high_confidence_candidate,,
emerging opportunities fund series 2 1400 days,140594.0,140592.0,high_confidence_candidate,,
emerging small cap series i,142533.0,142531.0,high_confidence_candidate,,
emerging small cap series ii,143010.0,143009.0,high_confidence_candidate,,
emerging small cap series iii,143226.0,143225.0,high_confidence_candidate,,
emerging small cap series iv,143506.0,143503.0,high_confidence_candidate,,
emerging small cap series v,144437.0,144435.0,high_confidence_candidate,,
emerging small cap series vi,144728.0,144726.0,high_confidence_candidate,,
emerging small cap vii,,,rejected,,
energy fund,,,rejected,,
energy opportunities fund,,,ambiguous,"[152417, 152728, 153447]","[152418, 153449]"
entertainment opportunities fund,119599.0,109129.0,high_confidence_candidate,,
equity & debt fund,,,rejected,,
equity advantage fund series 1,141369.0,141370.0,high_confidence_candidate,,
equity advantage fund series 2,141666.0,141667.0,high_confidence_candidate,,
equity fund,147587.0,147584.0,high_confidence_candidate,,
equity hybrid fund,,,ambiguous,"[119542, 119609]","[100617, 102885]"
equity hybrid fund mofeh,144681.0,144730.0,high_confidence_candidate,,
equity hybrid'95 fund,120517.0,103155.0,high_confidence_candidate,,
equity management fund,,,rejected,,
equity minimum variance fund,,,ambiguous,"[146643, 153070]",[146644]
equity opp fund ii 1100d june 2017 1,,,rejected,,
equity opp fund ii 1126d may 2017 1,,,rejected,,
equity opportunities fund series i,131338.0,131336.0,high_confidence_candidate,,
equity opportunities fund series ii,133108.0,133106.0,high_confidence_candidate,,
equity opportunities fund series iv,135506.0,135507.0,high_confidence_candidate,,
equity opportunity fund series 5 36 months,142495.0,142493.0,high_confidence_candidate,,
equity opportunity series 4 1102 days,142042.0,142039.0,high_confidence_candidate,,
equity opportunity series 6 1194 days,144150.0,144152.0,high_confidence_candidate,,
equity savings fund,,,ambiguous,"[119128, 119960, 118477, 132995, 131373, 134595, 134594, 134643, 135120, 136567, 144490, 145693, 145478, 151952]","[108995, 101906, 132998, 131372, 134644, 135122, 136563, 144484, 145695, 145475, 151950]"
equity savings fund formerly known as principal equity savings fund,,,rejected,,
equity savings fund segregated portfolio 1,,,rejected,,
equity savings fund segregated portfolio 2,,,rejected,,
esg exclusionary strategy fund,,,ambiguous,"[119709, 148516, 148606]","[104523, 148602]"
esg integration strategy fund,,,ambiguous,"[147928, 148637]","[147929, 148635]"
essel flexible income fund,,,rejected,,
essel short term fund,,,rejected,,
ethical fund,119172.0,100415.0,high_confidence_candidate,,
exports & services fund,,,rejected,,
f i i f annual interval series ii,124596.0,106338.0,high_confidence_candidate,,
f i i f series ii quarterly interval iv,121034.0,109465.0,high_confidence_candidate,,
f i i f series ii quarterly interval vii,120877.0,110468.0,high_confidence_candidate,,
financial services fund,,,ambiguous,"[151816, 154142]","[151818, 154137]"
financial services opportunities fund,119597.0,109059.0,high_confidence_candidate,,
fixed horizon fund xli series 1,,,rejected,,
fixed horizon fund xli series 10,,,rejected,,
fixed horizon fund xli series 11,,,rejected,,
fixed horizon fund xli series 12,,,rejected,,
fixed horizon fund xli series 4,,,rejected,,
fixed horizon fund xlii series 4,148176.0,148175.0,high_confidence_candidate,,
fixed horizon fund xliv series 2,150908.0,150911.0,high_confidence_candidate,,
fixed horizon fund xxv series 15,,,rejected,,
fixed horizon fund xxxi series 13,,,rejected,,
fixed horizon fund xxxi series 15,,,rejected,,
fixed horizon fund xxxi series 8,,,rejected,,
fixed horizon fund xxxi series 9,,,rejected,,
fixed horizon fund xxxii series 1,,,rejected,,
fixed horizon fund xxxii series 10,,,rejected,,
fixed horizon fund xxxii series 2,,,rejected,,
fixed horizon fund xxxii series 4,,,rejected,,
fixed horizon fund xxxii series 5,,,rejected,,
fixed horizon fund xxxii series 7,,,rejected,,
fixed horizon fund xxxii series 8,,,rejected,,
fixed horizon fund xxxii series 9,,,rejected,,
fixed horizon fund xxxiii series 1,,,rejected,,
fixed horizon fund xxxiii series 10,,,rejected,,
fixed horizon fund xxxiii series 2,,,rejected,,
fixed horizon fund xxxiii series 3,,,rejected,,
fixed horizon fund xxxiii series 4,,,rejected,,
fixed horizon fund xxxiii series 5,,,rejected,,
fixed horizon fund xxxiii series 6,,,rejected,,
fixed horizon fund xxxiii series 7,,,rejected,,
fixed horizon fund xxxiii series 8,,,rejected,,
fixed horizon fund xxxiii series 9,,,rejected,,
fixed horizon fund xxxiv series 1,,,rejected,,
fixed horizon fund xxxiv series 10,,,rejected,,
fixed horizon fund xxxiv series 2,,,rejected,,
fixed horizon fund xxxiv series 3,,,rejected,,
fixed horizon fund xxxiv series 4,,,rejected,,
fixed horizon fund xxxiv series 6,,,rejected,,
fixed horizon fund xxxiv series 7,,,rejected,,
fixed horizon fund xxxiv series 8,,,rejected,,
fixed horizon fund xxxiv series 9,,,rejected,,
fixed horizon fund xxxix series 1,,,rejected,,
fixed horizon fund xxxix series 11,,,rejected,,
fixed horizon fund xxxix series 14,,,rejected,,
fixed horizon fund xxxix series 2,,,rejected,,
fixed horizon fund xxxix series 4,,,rejected,,
fixed horizon fund xxxix series 5,,,rejected,,
fixed horizon fund xxxix series 6,,,rejected,,
fixed horizon fund xxxix series 8,,,rejected,,
fixed horizon fund xxxix series 9,,,rejected,,
fixed horizon fund xxxix series15,,,rejected,,
fixed horizon fund xxxv series 11,,,rejected,,
fixed horizon fund xxxv series 12,,,rejected,,
fixed horizon fund xxxv series 13,,,rejected,,
fixed horizon fund xxxv series 14,,,rejected,,
fixed horizon fund xxxv series 15,,,rejected,,
fixed horizon fund xxxv series 16,,,rejected,,
fixed horizon fund xxxv series 5,,,rejected,,
fixed horizon fund xxxv series 6,,,rejected,,
fixed horizon fund xxxv series 7,,,rejected,,
fixed horizon fund xxxv series 9,,,rejected,,
fixed horizon fund xxxvi series 1,,,rejected,,
fixed horizon fund xxxvi series 2,,,rejected,,
fixed horizon fund xxxvi series 3,,,rejected,,
fixed horizon fund xxxvi series 5,,,rejected,,
fixed horizon fund xxxvi series 6,,,rejected,,
fixed horizon fund xxxvi series 7,,,rejected,,
fixed horizon fund xxxvi series 8,,,rejected,,
fixed horizon fund xxxvi series 9,,,rejected,,
fixed horizon fund xxxvii series 1,,,rejected,,
fixed horizon fund xxxvii series 10,,,rejected,,
fixed horizon fund xxxvii series 12,,,rejected,,
fixed horizon fund xxxvii series 15,,,rejected,,
fixed horizon fund xxxvii series 3,,,rejected,,
fixed horizon fund xxxvii series 4,,,rejected,,
fixed horizon fund xxxvii series 5,,,rejected,,
fixed horizon fund xxxvii series 6,,,rejected,,
fixed horizon fund xxxvii series 9,,,rejected,,
fixed horizon fund xxxviii series 1,,,rejected,,
fixed horizon fund xxxviii series 10,,,rejected,,
fixed horizon fund xxxviii series 11,,,rejected,,
fixed horizon fund xxxviii series 12,,,rejected,,
fixed horizon fund xxxviii series 14,,,rejected,,
fixed horizon fund xxxviii series 2,,,rejected,,
fixed horizon fund xxxviii series 3,,,rejected,,
fixed horizon fund xxxviii series 5,,,rejected,,
fixed horizon fund xxxviii series 6,,,rejected,,
fixed horizon fund xxxviii series 7,,,rejected,,
fixed horizon fund xxxx series 1,,,rejected,,
fixed horizon fund xxxx series 11,,,rejected,,
fixed horizon fund xxxx series 12,,,rejected,,
fixed horizon fund xxxx series 14,,,rejected,,
fixed horizon fund xxxx series 15,,,rejected,,
fixed horizon fund xxxx series 16,,,rejected,,
fixed horizon fund xxxx series 17,,,rejected,,
fixed horizon fund xxxx series 19,,,rejected,,
fixed horizon fund xxxx series 2,,,rejected,,
fixed horizon fund xxxx series 3,,,rejected,,
fixed horizon fund xxxx series 4,,,rejected,,
fixed horizon fund xxxx series 5,,,rejected,,
fixed horizon fund xxxx series 6,,,rejected,,
fixed horizon fund xxxx series 7,,,rejected,,
fixed horizon fund xxxx series 8,,,rejected,,
fixed income interval fund half yearly i,122642.0,107088.0,high_confidence_candidate,,
fixed income interval fund half yearly ii,125953.0,107228.0,high_confidence_candidate,,
fixed income interval fund monthly interval,120970.0,106145.0,high_confidence_candidate,,
fixed income interval fund monthly interval ii,120903.0,107193.0,high_confidence_candidate,,
fixed income interval fund quarterly interval iii,121413.0,106366.0,high_confidence_candidate,,
fixed income interval fund quarterly series a,,,rejected,,
fixed income interval fund quarterly series b,,,rejected,,
fixed income interval fund quarterly series c,,,rejected,,
fixed income interval fund quarterly series d,,,rejected,,
fixed income interval fund quarterly series e,,,rejected,,
fixed income portfolio fund scheme a1,,,rejected,,
fixed income portfolio fund scheme a2,119895.0,107126.0,high_confidence_candidate,,
fixed income portfolio fund scheme a3,,,ambiguous,[119899],"[107129, 107127]"
fixed income portfolio fund scheme b2,,,ambiguous,[119912],"[107146, 107141]"
fixed income portfolio fund scheme b3,,,ambiguous,[119921],"[107150, 107147]"
fixed income portfolio fund scheme c2,,,ambiguous,[119930],"[107162, 107159]"
fixed income portfolio fund scheme c3,,,ambiguous,[119936],"[107168, 107165]"
fixed interval debt series 30 days 1,125799.0,125798.0,high_confidence_candidate,,
fixed interval debt series 90 days 1,125388.0,125389.0,high_confidence_candidate,,
fixed interval income fund annual interval series iv,126031.0,107071.0,high_confidence_candidate,,
fixed matuirty series 56 scheme d,,,rejected,,
fixed maturity fmp series 1 3668 days,146974.0,146976.0,high_confidence_candidate,,
fixed maturity fmp series 10 1178 days,147467.0,147465.0,high_confidence_candidate,,
fixed maturity fmp series 11 1178 days,147486.0,147484.0,high_confidence_candidate,,
fixed maturity fmp series 12 1179 days,147509.0,147508.0,high_confidence_candidate,,
fixed maturity fmp series 13 1108 days,147520.0,147523.0,high_confidence_candidate,,
fixed maturity fmp series 14 384 days,147560.0,147559.0,high_confidence_candidate,,
fixed maturity fmp series 15 1123 days,147582.0,147580.0,high_confidence_candidate,,
fixed maturity fmp series 16 1116 days,147612.0,147611.0,high_confidence_candidate,,
fixed maturity fmp series 17 1116 days,147627.0,147629.0,high_confidence_candidate,,
fixed maturity fmp series 18 1108 days,147641.0,147639.0,high_confidence_candidate,,
fixed maturity fmp series 19 1115 days,147672.0,147670.0,high_confidence_candidate,,
fixed maturity fmp series 2 1178 days,147104.0,147103.0,high_confidence_candidate,,
fixed maturity fmp series 20 1109 days,147720.0,147721.0,high_confidence_candidate,,
fixed maturity fmp series 209 93 days,153316.0,153317.0,high_confidence_candidate,,
fixed maturity fmp series 21 1109 days,147744.0,147745.0,high_confidence_candidate,,
fixed maturity fmp series 22 1106 days,147754.0,147752.0,high_confidence_candidate,,
fixed maturity fmp series 23 1106 days,147764.0,147762.0,high_confidence_candidate,,
fixed maturity fmp series 24 1107,147777.0,147774.0,high_confidence_candidate,,
fixed maturity fmp series 25 1120 days,147783.0,147785.0,high_confidence_candidate,,
fixed maturity fmp series 26 1112 days,147792.0,147790.0,high_confidence_candidate,,
fixed maturity fmp series 27 1203 days,147873.0,147872.0,high_confidence_candidate,,
fixed maturity fmp series 28 1163 days,148056.0,148057.0,high_confidence_candidate,,
fixed maturity fmp series 3 1179 days,147135.0,147133.0,high_confidence_candidate,,
fixed maturity fmp series 31 1160 days,148193.0,148195.0,high_confidence_candidate,,
fixed maturity fmp series 32 1140 days,148369.0,148367.0,high_confidence_candidate,,
fixed maturity fmp series 33 1128 days,148385.0,148383.0,high_confidence_candidate,,
fixed maturity fmp series 34 3682 days,148387.0,148389.0,high_confidence_candidate,,
fixed maturity fmp series 4 365 days,147199.0,147202.0,high_confidence_candidate,,
fixed maturity fmp series 41 1498 days,148827.0,148825.0,high_confidence_candidate,,
fixed maturity fmp series 42 1857 days,148846.0,148847.0,high_confidence_candidate,,
fixed maturity fmp series 43 1616 days,148941.0,148939.0,high_confidence_candidate,,
fixed maturity fmp series 44 1855 days,148967.0,148966.0,high_confidence_candidate,,
fixed maturity fmp series 45 1840 days,148999.0,148996.0,high_confidence_candidate,,
fixed maturity fmp series 46 1850 days,149043.0,149045.0,high_confidence_candidate,,
fixed maturity fmp series 47 1434 days,149082.0,149083.0,high_confidence_candidate,,
fixed maturity fmp series 48 1458 days,149111.0,149109.0,high_confidence_candidate,,
fixed maturity fmp series 49 1823 days,149147.0,149145.0,high_confidence_candidate,,
fixed maturity fmp series 5 92 days,147244.0,147246.0,high_confidence_candidate,,
fixed maturity fmp series 50 1843 days,149174.0,149172.0,high_confidence_candidate,,
fixed maturity fmp series 51 1846 days,149195.0,149197.0,high_confidence_candidate,,
fixed maturity fmp series 52 1848 days,149232.0,149235.0,high_confidence_candidate,,
fixed maturity fmp series 53 1839 days,149279.0,149278.0,high_confidence_candidate,,
fixed maturity fmp series 54 1842 days,149307.0,149308.0,high_confidence_candidate,,
fixed maturity fmp series 55 1849 days,149345.0,149347.0,high_confidence_candidate,,
fixed maturity fmp series 56 1232 days,149420.0,149422.0,high_confidence_candidate,,
fixed maturity fmp series 57 1835 days,149431.0,149432.0,high_confidence_candidate,,
fixed maturity fmp series 58 1842 days,149460.0,149459.0,high_confidence_candidate,,
fixed maturity fmp series 59 1618 days,149822.0,149825.0,high_confidence_candidate,,
fixed maturity fmp series 6 3668 days,147248.0,147247.0,high_confidence_candidate,,
fixed maturity fmp series 60 1878 days,149878.0,149876.0,high_confidence_candidate,,
fixed maturity fmp series 61 1927 days,149993.0,149994.0,high_confidence_candidate,,
fixed maturity fmp series 62 191 days,150362.0,150365.0,high_confidence_candidate,,
fixed maturity fmp series 63 372 days,150576.0,150574.0,high_confidence_candidate,,
fixed maturity fmp series 64 1169 days,150602.0,150604.0,high_confidence_candidate,,
fixed maturity fmp series 65 367 days,150614.0,150611.0,high_confidence_candidate,,
fixed maturity fmp series 66 1361 days,150379.0,150377.0,high_confidence_candidate,,
fixed maturity fmp series 67 1467 days,150460.0,150461.0,high_confidence_candidate,,
fixed maturity fmp series 68 1302 days,150649.0,150647.0,high_confidence_candidate,,
fixed maturity fmp series 69 367 days,150809.0,150811.0,high_confidence_candidate,,
fixed maturity fmp series 7 1175 days,147318.0,147320.0,high_confidence_candidate,,
fixed maturity fmp series 71 364 days,150883.0,150881.0,high_confidence_candidate,,
fixed maturity fmp series 72 1239 days,150919.0,150917.0,high_confidence_candidate,,
fixed maturity fmp series 73 1226 days,150984.0,150986.0,high_confidence_candidate,,
fixed maturity fmp series 74 1243 days,151252.0,151254.0,high_confidence_candidate,,
fixed maturity fmp series 75 366 days,151269.0,151271.0,high_confidence_candidate,,
fixed maturity fmp series 76 1221 days,151351.0,151349.0,high_confidence_candidate,,
fixed maturity fmp series 77 366 days,151403.0,151401.0,high_confidence_candidate,,
fixed maturity fmp series 78 1170 days,151451.0,151454.0,high_confidence_candidate,,
fixed maturity fmp series 79 1130 days,151559.0,151556.0,high_confidence_candidate,,
fixed maturity fmp series 8 1178 days,147333.0,147331.0,high_confidence_candidate,,
fixed maturity fmp series 80 366 days,151613.0,151616.0,high_confidence_candidate,,
fixed maturity fmp series 81 1157 days,151639.0,151641.0,high_confidence_candidate,,
fixed maturity fmp series 82 91 days,151645.0,151644.0,high_confidence_candidate,,
fixed maturity fmp series 9 1178 days,147422.0,147423.0,high_confidence_candidate,,
fixed maturity series 129 108 days,154240.0,154241.0,high_confidence_candidate,,
fixed maturity series 130 92 days,154292.0,154290.0,high_confidence_candidate,,
fixed maturity series 328 90 days,152451.0,152453.0,high_confidence_candidate,,
fixed maturity series 329 90 days,152545.0,152543.0,high_confidence_candidate,,
fixed maturity series 47 scheme a,,,rejected,,
fixed maturity series 47 scheme b,,,rejected,,
fixed maturity series 47 scheme c,,,rejected,,
fixed maturity series 47 scheme d,,,rejected,,
fixed maturity series 47 scheme e,,,rejected,,
fixed maturity series 53 scheme a,142892.0,142890.0,high_confidence_candidate,,
fixed maturity series 53 scheme b,142943.0,142944.0,high_confidence_candidate,,
fixed maturity series 54 scheme a,143312.0,143313.0,high_confidence_candidate,,
fixed maturity series 54 scheme b,143752.0,143754.0,high_confidence_candidate,,
fixed maturity series 55 scheme a,143749.0,143747.0,high_confidence_candidate,,
fixed maturity series 55 scheme b,143810.0,143809.0,high_confidence_candidate,,
fixed maturity series 55 scheme d,144287.0,144289.0,high_confidence_candidate,,
fixed maturity series 55 scheme e,144293.0,144292.0,high_confidence_candidate,,
fixed maturity series 55 scheme f,144542.0,144539.0,high_confidence_candidate,,
fixed maturity series 55 scheme g,144620.0,144622.0,high_confidence_candidate,,
fixed maturity series 55 scheme h,144709.0,144711.0,high_confidence_candidate,,
fixed maturity series 55 scheme i,144883.0,144880.0,high_confidence_candidate,,
fixed maturity series 55 scheme j,144885.0,144887.0,high_confidence_candidate,,
fixed maturity series 56 scheme a,,,rejected,,
fixed maturity series 56 scheme b,145096.0,145095.0,high_confidence_candidate,,
fixed maturity series 56 scheme c,145214.0,145213.0,high_confidence_candidate,,
fixed maturity series 56 scheme f,145583.0,145581.0,high_confidence_candidate,,
fixed maturity series 61 scheme a 91 days,152495.0,152493.0,high_confidence_candidate,,
fixed maturity series 61 scheme d,153163.0,153166.0,high_confidence_candidate,,
fixed maturity series 64,,,rejected,,
fixed maturity series 72 maturity date 13/12/2016,125923.0,125924.0,high_confidence_candidate,,
fixed maturity series 82 764 days,129874.0,129875.0,high_confidence_candidate,,
fixed maturity series 83,129940.0,129939.0,high_confidence_candidate,,
fixed maturity series 85 extended maturity date 27/06/2017,130302.0,130301.0,high_confidence_candidate,,
fixed maturity series 86,130350.0,130351.0,high_confidence_candidate,,
fixed maturity series 88 1226 days f,,,rejected,,
fixed maturity series 88 1303 days s,,,rejected,,
fixed maturity series 88 226 days e,,,rejected,,
fixed maturity series 88 91 days g,,,rejected,,
fixed maturity series 88 u,,,rejected,,
fixed maturity series 89,131542.0,131544.0,high_confidence_candidate,,
fixed maturity series 90,132909.0,132912.0,high_confidence_candidate,,
fixed maturity series 91 90 days,152303.0,152304.0,high_confidence_candidate,,
fixed maturity series 92,133225.0,133227.0,high_confidence_candidate,,
fixed maturity series 92 91 days,152400.0,152403.0,high_confidence_candidate,,
fixed maturity series i 368 days,127425.0,127412.0,high_confidence_candidate,,
fixed maturity series iii,,,rejected,,
fixed maturity series uq 92 days,152250.0,152253.0,high_confidence_candidate,,
fixed maturity series ur 85 days,152259.0,152260.0,high_confidence_candidate,,
fixed maturity series us 100 days,152332.0,152334.0,high_confidence_candidate,,
fixed maturity series v 1,151421.0,151423.0,high_confidence_candidate,,
fixed maturity series v 2,151552.0,151555.0,high_confidence_candidate,,
fixed maturity xli series 8,,,rejected,,
fixed maturity xliii series 1,149129.0,149131.0,high_confidence_candidate,,
fixed maturity xliii series 5,149917.0,149915.0,high_confidence_candidate,,
fixed maturity xliv series 1,150627.0,150629.0,high_confidence_candidate,,
fixed maturity xliv series 4,150932.0,150935.0,high_confidence_candidate,,
fixed maturity xlv series 4,151674.0,151672.0,high_confidence_candidate,,
fixed maturity xlv series 5,151708.0,151710.0,high_confidence_candidate,,
fixed maturity xlvi series 1,152283.0,152280.0,high_confidence_candidate,,
fixed term corporate bond series a 1170 days,126598.0,126601.0,high_confidence_candidate,,
fixed term corporate bond series b 1168 days,126745.0,126746.0,high_confidence_candidate,,
fixed term dc,120927.0,120925.0,high_confidence_candidate,,
fixed term dd,121185.0,121186.0,high_confidence_candidate,,
fixed term de,121189.0,121190.0,high_confidence_candidate,,
fixed term df,121894.0,121895.0,high_confidence_candidate,,
fixed term dg,122156.0,122155.0,high_confidence_candidate,,
fixed term dh,121992.0,121994.0,high_confidence_candidate,,
fixed term di,121998.0,121997.0,high_confidence_candidate,,
fixed term do,123473.0,123471.0,high_confidence_candidate,,
fixed term dp,123463.0,123464.0,high_confidence_candidate,,
fixed term dq,123836.0,123841.0,high_confidence_candidate,,
fixed term dr,123748.0,123750.0,high_confidence_candidate,,
fixed term ds,123757.0,123759.0,high_confidence_candidate,,
fixed term dt,123760.0,123763.0,high_confidence_candidate,,
fixed term du,124125.0,124123.0,high_confidence_candidate,,
fixed term dv,124130.0,124126.0,high_confidence_candidate,,
fixed term dw,124136.0,124133.0,high_confidence_candidate,,
fixed term dy,124291.0,124294.0,high_confidence_candidate,,
fixed term dz,124297.0,124300.0,high_confidence_candidate,,
fixed term er,125417.0,125420.0,high_confidence_candidate,,
fixed term es,125769.0,125771.0,high_confidence_candidate,,
fixed term eu,126416.0,126413.0,high_confidence_candidate,,
fixed term ew,126833.0,126836.0,high_confidence_candidate,,
fixed term ex,126840.0,126843.0,high_confidence_candidate,,
fixed term ey,127099.0,127102.0,high_confidence_candidate,,
fixed term fa,127692.0,127690.0,high_confidence_candidate,,
fixed term fb,127698.0,127695.0,high_confidence_candidate,,
fixed term fd,127711.0,127708.0,high_confidence_candidate,,
fixed term ff,127737.0,127740.0,high_confidence_candidate,,
fixed term fi,128412.0,128415.0,high_confidence_candidate,,
fixed term fj,128418.0,128421.0,high_confidence_candidate,,
fixed term fl,129102.0,129104.0,high_confidence_candidate,,
fixed term fm,129554.0,129559.0,high_confidence_candidate,,
fixed term ge,129317.0,129318.0,high_confidence_candidate,,
fixed term gg,129892.0,129891.0,high_confidence_candidate,,
fixed term gj,130895.0,130892.0,high_confidence_candidate,,
fixed term gk,131200.0,131203.0,high_confidence_candidate,,
fixed term gu,133552.0,133555.0,high_confidence_candidate,,
fixed term gw,134507.0,134510.0,high_confidence_candidate,,
fixed term gy,135056.0,135059.0,high_confidence_candidate,,
fixed term ha,135711.0,135714.0,high_confidence_candidate,,
fixed term hb,135836.0,135833.0,high_confidence_candidate,,
fixed term hc,135921.0,135920.0,high_confidence_candidate,,
fixed term hi,136336.0,136337.0,high_confidence_candidate,,
fixed term hm,139493.0,139494.0,high_confidence_candidate,,
fixed term hs,139706.0,139708.0,high_confidence_candidate,,
fixed term ic,142230.0,142232.0,high_confidence_candidate,,
fixed term ie,142400.0,142402.0,high_confidence_candidate,,
fixed term ih,143324.0,143322.0,high_confidence_candidate,,
fixed term ii,143484.0,143481.0,high_confidence_candidate,,
fixed term ij,143975.0,143973.0,high_confidence_candidate,,
fixed term ik,144237.0,144239.0,high_confidence_candidate,,
fixed term income fund series xxix i 1134 days,,,rejected,,
fixed term income fund series xxix ii 1118 days,143210.0,143221.0,high_confidence_candidate,,
fixed term income fund series xxix iii 1131 days,143274.0,143278.0,high_confidence_candidate,,
fixed term income fund series xxix iv 1422 days,143360.0,143361.0,high_confidence_candidate,,
fixed term income fund series xxix ix 1109 days,143870.0,143868.0,high_confidence_candidate,,
fixed term income fund series xxix v 1113 days,143437.0,143435.0,high_confidence_candidate,,
fixed term income fund series xxix vi 1135 days,143562.0,143567.0,high_confidence_candidate,,
fixed term income fund series xxix vii 1135 days,143741.0,143744.0,high_confidence_candidate,,
fixed term income fund series xxix viii 1127 days,143799.0,143803.0,high_confidence_candidate,,
fixed term income fund series xxix xi 1112 days,143997.0,144006.0,high_confidence_candidate,,
fixed term income fund series xxix xiii 1122 days,144096.0,144098.0,high_confidence_candidate,,
fixed term income fund series xxix xiv 1131 days,144201.0,144206.0,high_confidence_candidate,,
fixed term income fund series xxix xv 1124 days,144227.0,144231.0,high_confidence_candidate,,
fixed term income fund series xxx i 1104 days,144571.0,144574.0,high_confidence_candidate,,
fixed term income fund series xxx ii 1107 days,144666.0,144663.0,high_confidence_candidate,,
fixed term income fund series xxx iii 1106 days,144736.0,144733.0,high_confidence_candidate,,
fixed term income fund series xxx iv 1125 days,144954.0,144956.0,high_confidence_candidate,,
fixed term income fund series xxx ix 1266 days,145339.0,145334.0,high_confidence_candidate,,
fixed term income fund series xxx v 1135 days,145009.0,145016.0,high_confidence_candidate,,
fixed term income fund series xxx vi 1107 days,145145.0,145153.0,high_confidence_candidate,,
fixed term income fund series xxx viii 1286 days,145329.0,145325.0,high_confidence_candidate,,
fixed term income fund series xxx x 1267 days,145415.0,145419.0,high_confidence_candidate,,
fixed term income fund series xxx xi 1246 days,145505.0,145512.0,high_confidence_candidate,,
fixed term income fund series xxx xii 1254 days,145553.0,145555.0,high_confidence_candidate,,
fixed term income fund series xxx xiii 1224 days,145654.0,145650.0,high_confidence_candidate,,
fixed term income fund series xxx xiv 1209 days,145838.0,145842.0,high_confidence_candidate,,
fixed term income fund series xxx xv 1223 days,145845.0,145848.0,high_confidence_candidate,,
fixed term income fund series xxxi i 1209 days,145939.0,145940.0,high_confidence_candidate,,
fixed term income fund series xxxi ii 1222 days,146037.0,146031.0,high_confidence_candidate,,
fixed term income fund series xxxi iii 1174 days,146245.0,146247.0,high_confidence_candidate,,
fixed term income fund series xxxi iv 1204 days,146261.0,146264.0,high_confidence_candidate,,
fixed term income fund series xxxi ix 1168 days,146863.0,146862.0,high_confidence_candidate,,
fixed term income fund series xxxi v 1174 days,146475.0,146478.0,high_confidence_candidate,,
fixed term income fund series xxxi vi 1167 days,146538.0,146539.0,high_confidence_candidate,,
fixed term income fund series xxxi vii 1155 days,146608.0,146613.0,high_confidence_candidate,,
fixed term income fund series xxxi viii 1153 days,146706.0,146709.0,high_confidence_candidate,,
fixed term income fund series xxxi x 1168 days,146872.0,146876.0,high_confidence_candidate,,
fixed term income fund series xxxi xi 1169 days,146987.0,146990.0,high_confidence_candidate,,
fixed term income fund series xxxi xii 1148 days,147071.0,147076.0,high_confidence_candidate,,
fixed term income fund series xxxi xiii 1127 days,147165.0,147168.0,high_confidence_candidate,,
fixed term income fund series xxxi xiv 1111 days,147255.0,147257.0,high_confidence_candidate,,
fixed term income fund series xxxi xv 1099 days,147322.0,147328.0,high_confidence_candidate,,
fixed term income fund series xxxii i 1126 days,147363.0,147364.0,high_confidence_candidate,,
fixed term income fund series xxxii ii 1111 days,147411.0,147420.0,high_confidence_candidate,,
fixed term income fund series xxxiii i 1135 days,148197.0,148205.0,high_confidence_candidate,,
fixed term income fund series xxxv i 1260 days,150833.0,150828.0,high_confidence_candidate,,
fixed term income fund series xxxv ii 1223 days,150963.0,150971.0,high_confidence_candidate,,
fixed term income fund series xxxv iii 1176 days,151341.0,151338.0,high_confidence_candidate,,
fixed term income fund series xxxvi i 1574 days,151485.0,151483.0,high_confidence_candidate,,
fixed term is,146945.0,146946.0,high_confidence_candidate,,
fixed term series 100 1172 days,146157.0,146160.0,high_confidence_candidate,,
fixed term series 101 1154 days,146320.0,146322.0,high_confidence_candidate,,
fixed term series 102 1133 days,146566.0,146563.0,high_confidence_candidate,,
fixed term series 104 1112 days,146886.0,146883.0,high_confidence_candidate,,
fixed term series 108 1144days,134585.0,134588.0,high_confidence_candidate,,
fixed term series 109 111 days,149376.0,149378.0,high_confidence_candidate,,
fixed term series 112 1143 days,151501.0,151506.0,high_confidence_candidate,,
fixed term series 113 1228 days,151586.0,151588.0,high_confidence_candidate,,
fixed term series 114 83 days,151625.0,151627.0,high_confidence_candidate,,
fixed term series 118 100 days,152227.0,152230.0,high_confidence_candidate,,
fixed term series 120 91 days,152375.0,152377.0,high_confidence_candidate,,
fixed term series 129 1147days,140846.0,140848.0,high_confidence_candidate,,
fixed term series 131 1139days,141030.0,141034.0,high_confidence_candidate,,
fixed term series 140,142625.0,142621.0,high_confidence_candidate,,
fixed term series 141 91 days,142672.0,142670.0,high_confidence_candidate,,
fixed term series 142 1139 days,142737.0,142731.0,high_confidence_candidate,,
fixed term series 144 1141 days,142873.0,142876.0,high_confidence_candidate,,
fixed term series 146 212 days,143307.0,143309.0,high_confidence_candidate,,
fixed term series 148 91 days,143539.0,143538.0,high_confidence_candidate,,
fixed term series 149 1424 days,143579.0,143577.0,high_confidence_candidate,,
fixed term series 150 202 days,143633.0,143632.0,high_confidence_candidate,,
fixed term series 151 267 days,143819.0,143817.0,high_confidence_candidate,,
fixed term series 152 1452 days,143892.0,143885.0,high_confidence_candidate,,
fixed term series 153 174 days,143895.0,143897.0,high_confidence_candidate,,
fixed term series 154 1098 days,143935.0,143931.0,high_confidence_candidate,,
fixed term series 156 1103 days,144144.0,144141.0,high_confidence_candidate,,
fixed term series 159 1098 days,144275.0,144271.0,high_confidence_candidate,,
fixed term series 160 1105 days,144534.0,144537.0,high_confidence_candidate,,
fixed term series 161 1098 days,144725.0,144722.0,high_confidence_candidate,,
fixed term series 162 153 days,145251.0,145252.0,high_confidence_candidate,,
fixed term series 163 1223 days,145767.0,145764.0,high_confidence_candidate,,
fixed term series 166 1207 days,145980.0,145973.0,high_confidence_candidate,,
fixed term series 167 1202 days,146088.0,146087.0,high_confidence_candidate,,
fixed term series 176 1170 days,146505.0,146509.0,high_confidence_candidate,,
fixed term series 177 1160 days,146689.0,146694.0,high_confidence_candidate,,
fixed term series 178 1154 days,146851.0,146849.0,high_confidence_candidate,,
fixed term series 179 3652 days,146701.0,146695.0,high_confidence_candidate,,
fixed term series 33 91 days,121460.0,121459.0,high_confidence_candidate,,
fixed term series 34 392 days,121465.0,121462.0,high_confidence_candidate,,
fixed term series 36 34 days,123500.0,123501.0,high_confidence_candidate,,
fixed term series 38 92 days,124076.0,124075.0,high_confidence_candidate,,
fixed term series 39 31 days,124269.0,124268.0,high_confidence_candidate,,
fixed term series 40 91 days,124491.0,124494.0,high_confidence_candidate,,
fixed term series 41 546 days,124530.0,124534.0,high_confidence_candidate,,
fixed term series 42,125017.0,125013.0,high_confidence_candidate,,
fixed term series 43,125429.0,125426.0,high_confidence_candidate,,
fixed term series 44 91 days,125822.0,125821.0,high_confidence_candidate,,
fixed term series 47,126203.0,126200.0,high_confidence_candidate,,
fixed term series 48 30 days,126251.0,126248.0,high_confidence_candidate,,
fixed term series 49,126759.0,126756.0,high_confidence_candidate,,
fixed term series 50 3 months,127030.0,127027.0,high_confidence_candidate,,
fixed term series 52,127276.0,127272.0,high_confidence_candidate,,
fixed term series 53 1150 days,127278.0,127279.0,high_confidence_candidate,,
fixed term series 55 399 days,127294.0,127291.0,high_confidence_candidate,,
fixed term series 56 370 days,127887.0,127886.0,high_confidence_candidate,,
fixed term series 57 397 days,127571.0,127568.0,high_confidence_candidate,,
fixed term series 59 391 days,127797.0,127796.0,high_confidence_candidate,,
fixed term series 60 389 days,127894.0,127892.0,high_confidence_candidate,,
fixed term series 61 1122 days,128151.0,128147.0,high_confidence_candidate,,
fixed term series 62 383 days,128727.0,128724.0,high_confidence_candidate,,
fixed term series 63 91 days,128746.0,128743.0,high_confidence_candidate,,
fixed term series 64,129383.0,129381.0,high_confidence_candidate,,
fixed term series 67 1218 days,130047.0,130044.0,high_confidence_candidate,,
fixed term series 69 3 years,130665.0,130662.0,high_confidence_candidate,,
fixed term series 74 1105 days,134302.0,134299.0,high_confidence_candidate,,
fixed term series 92 154 days,143202.0,143200.0,high_confidence_candidate,,
fixed term series 93 91 days,143655.0,143653.0,high_confidence_candidate,,
fixed term series 94 177 days,143832.0,143831.0,high_confidence_candidate,,
fixed term series 95 1185 days,144016.0,144013.0,high_confidence_candidate,,
fixed term series 96 1124 days,144826.0,144830.0,high_confidence_candidate,,
fixed term series 97 1116 days,144868.0,144874.0,high_confidence_candidate,,
fixed term series gi 1185 days,120942.0,120943.0,high_confidence_candidate,,
fixed term series hc 1099 days,123007.0,123010.0,high_confidence_candidate,,
fixed term series hi 1099 days,123235.0,123233.0,high_confidence_candidate,,
fixed term series hj 1105 days,123442.0,123443.0,high_confidence_candidate,,
fixed term series hk 1100 days,123433.0,123437.0,high_confidence_candidate,,
fixed term series hl 1463 days,123602.0,123603.0,high_confidence_candidate,,
fixed term series hm 1098 days,123805.0,123803.0,high_confidence_candidate,,
fixed term series hq 1098 days,123828.0,123827.0,high_confidence_candidate,,
fixed term series hr 1096 days,124047.0,124045.0,high_confidence_candidate,,
fixed term series hs 1465 days,124053.0,124052.0,high_confidence_candidate,,
fixed term series hv 1098 days,124064.0,124066.0,high_confidence_candidate,,
fixed term series hw 1099 days,124071.0,124073.0,high_confidence_candidate,,
fixed term series hy 1098 days,124410.0,124408.0,high_confidence_candidate,,
fixed term series ic 1098 days,124481.0,124484.0,high_confidence_candidate,,
fixed term series id 1094 days,124486.0,124490.0,high_confidence_candidate,,
fixed term series ig 1098 days,124765.0,124768.0,high_confidence_candidate,,
fixed term series il 1097 days,124856.0,124859.0,high_confidence_candidate,,
fixed term series io 1097 days,125053.0,125055.0,high_confidence_candidate,,
fixed term series ip 1100 days,125073.0,125076.0,high_confidence_candidate,,
fixed term series iu 1099 days,125170.0,125173.0,high_confidence_candidate,,
fixed term series ix 1105 days,125447.0,125451.0,high_confidence_candidate,,
fixed term series iy 1598 days,125442.0,125445.0,high_confidence_candidate,,
fixed term series ja 1464 days,125581.0,125584.0,high_confidence_candidate,,
fixed term series ji 1099 days,126067.0,126068.0,high_confidence_candidate,,
fixed term series jj 1092 days,126015.0,126017.0,high_confidence_candidate,,
fixed term series jk 1099 days,126108.0,126112.0,high_confidence_candidate,,
fixed term series jp 1175 days,126228.0,126225.0,high_confidence_candidate,,
fixed term series jq 1099 days,126365.0,126367.0,high_confidence_candidate,,
fixed term series jr 1162 days,126453.0,126450.0,high_confidence_candidate,,
fixed term series jx 1530 days,126908.0,126911.0,high_confidence_candidate,,
fixed term series jy 1162 days,126986.0,126983.0,high_confidence_candidate,,
fixed term series ka 1154 days,127062.0,127064.0,high_confidence_candidate,,
fixed term series kc 1159 days,127349.0,127347.0,high_confidence_candidate,,
fixed term series kd 1143 days,127486.0,127489.0,high_confidence_candidate,,
fixed term series ke 1511 days,127395.0,127398.0,high_confidence_candidate,,
fixed term series kf 1140 days,127589.0,127592.0,high_confidence_candidate,,
fixed term series kg 1136 days,127596.0,127594.0,high_confidence_candidate,,
fixed term series kh 1505 days,127603.0,127604.0,high_confidence_candidate,,
fixed term series ki 1133 days,127827.0,127830.0,high_confidence_candidate,,
fixed term series kj 1499 days,127833.0,127835.0,high_confidence_candidate,,
fixed term series kk 1129 days,127990.0,127993.0,high_confidence_candidate,,
fixed term series km 1099 days,128002.0,128005.0,high_confidence_candidate,,
fixed term series kn 1121 days,128171.0,128174.0,high_confidence_candidate,,
fixed term series ko 1498 days,128303.0,128304.0,high_confidence_candidate,,
fixed term series kp 1504 days,128190.0,128187.0,high_confidence_candidate,,
fixed term series kq 1119 days,128454.0,128456.0,high_confidence_candidate,,
fixed term series kr 1124 days,128486.0,128489.0,high_confidence_candidate,,
fixed term series ks 1100 days,128506.0,128509.0,high_confidence_candidate,,
fixed term series kt 1119 days,128642.0,128645.0,high_confidence_candidate,,
fixed term series kw 1477 days,128826.0,128824.0,high_confidence_candidate,,
fixed term series kx 1475 days,128892.0,128895.0,high_confidence_candidate,,
fixed term series kz 1103 days,128969.0,128972.0,high_confidence_candidate,,
fixed term series la 1099 days,129059.0,129064.0,high_confidence_candidate,,
fixed term series lc 1099 days,129121.0,129122.0,high_confidence_candidate,,
fixed term series ld 1106 days,129128.0,129129.0,high_confidence_candidate,,
fixed term series lf 1100 days,129397.0,129398.0,high_confidence_candidate,,
fixed term series lg 1157 days,129432.0,129435.0,high_confidence_candidate,,
fixed term series li 1173 days,129490.0,129492.0,high_confidence_candidate,,
fixed term series lj 1150 days,129536.0,129538.0,high_confidence_candidate,,
fixed term series lk 1148 days,129635.0,129634.0,high_confidence_candidate,,
fixed term series ll 1104 days,129671.0,129667.0,high_confidence_candidate,,
fixed term series lo 1142 days,129954.0,129958.0,high_confidence_candidate,,
fixed term series lq 1113 days,130569.0,130573.0,high_confidence_candidate,,
fixed term series lu 1104 days,130912.0,130913.0,high_confidence_candidate,,
fixed term series lv 1099 days,131088.0,131091.0,high_confidence_candidate,,
fixed term series lx 1099 days,131362.0,131364.0,high_confidence_candidate,,
fixed term series ma 1099 days,131553.0,131550.0,high_confidence_candidate,,
fixed term series md 1099 days,132903.0,132906.0,high_confidence_candidate,,
fixed term series mk 1105 days,134052.0,134055.0,high_confidence_candidate,,
fixed term series mp 1141 days,134691.0,134695.0,high_confidence_candidate,,
fixed term series mq 1159 days,134723.0,134721.0,high_confidence_candidate,,
fixed term series mr 1153 days,134737.0,134735.0,high_confidence_candidate,,
fixed term series mu 1117 days,134951.0,134948.0,high_confidence_candidate,,
fixed term series mx 1128 days,135449.0,135448.0,high_confidence_candidate,,
fixed term series my 1107 days,135540.0,135537.0,high_confidence_candidate,,
fixed term series nb 1099 days,135872.0,135870.0,high_confidence_candidate,,
fixed term series nd 1109 days,135935.0,135932.0,high_confidence_candidate,,
fixed term series ne 1100 days,136039.0,136036.0,high_confidence_candidate,,
fixed term series ng 1169 days,136148.0,136145.0,high_confidence_candidate,,
fixed term series nh 1168 days,136190.0,136188.0,high_confidence_candidate,,
fixed term series ni 1163 days,136243.0,136242.0,high_confidence_candidate,,
fixed term series nk 1196 days,136324.0,136321.0,high_confidence_candidate,,
fixed term series nl 1148 days,136410.0,136413.0,high_confidence_candidate,,
fixed term series np 1163 days,139168.0,139163.0,high_confidence_candidate,,
fixed term series nr 1099 days,139689.0,139687.0,high_confidence_candidate,,
fixed term series nt 1099 days,139742.0,139741.0,high_confidence_candidate,,
fixed term series od 1145 days,140692.0,140687.0,high_confidence_candidate,,
fixed term series oe 1153 days,140788.0,140785.0,high_confidence_candidate,,
fixed term series of 1151 days,,,rejected,,
fixed term series og 1146 days,140879.0,140875.0,high_confidence_candidate,,
fixed term series oh 1120 days,140887.0,140885.0,high_confidence_candidate,,
fixed term series oi 1120 days,140922.0,140918.0,high_confidence_candidate,,
fixed term series oj 1136 days,140984.0,140982.0,high_confidence_candidate,,
fixed term series ok 1135 days,140998.0,141000.0,high_confidence_candidate,,
fixed term series ol 1148 days,141123.0,141121.0,high_confidence_candidate,,
fixed term series om 1146 days,141135.0,141133.0,high_confidence_candidate,,
fixed term series ot 1117 days,141724.0,141720.0,high_confidence_candidate,,
fixed term series ow 1245 days,142010.0,142009.0,high_confidence_candidate,,
fixed term series ox 1234 days,142079.0,142082.0,high_confidence_candidate,,
fixed term series oy 1218 days,142188.0,142190.0,high_confidence_candidate,,
fixed term series oz 1187 days,142218.0,142215.0,high_confidence_candidate,,
fixed term series pa 1177 days,142305.0,142300.0,high_confidence_candidate,,
fixed term series pb 1190 days,142349.0,142347.0,high_confidence_candidate,,
fixed term series pc 1169 days,142391.0,142394.0,high_confidence_candidate,,
fixed term series pd 1177 days,142433.0,142429.0,high_confidence_candidate,,
fixed term series pe 1159 days,142511.0,142508.0,high_confidence_candidate,,
fixed term series pf 1148 days,142600.0,142601.0,high_confidence_candidate,,
fixed term series pg 1148 days,142652.0,142657.0,high_confidence_candidate,,
fixed term series ph 1143 days,142683.0,142681.0,high_confidence_candidate,,
fixed term series pi 1140 days,142716.0,142709.0,high_confidence_candidate,,
fixed term series pj 1135 days,142743.0,142744.0,high_confidence_candidate,,
fixed term series pk 1132 days,142821.0,142823.0,high_confidence_candidate,,
fixed term series pm 1141 days,142923.0,142928.0,high_confidence_candidate,,
fixed term series pn 1135 days,142969.0,142974.0,high_confidence_candidate,,
fixed term series po 1140 days,142983.0,142988.0,high_confidence_candidate,,
fixed term series pr 1134 days,143075.0,143067.0,high_confidence_candidate,,
fixed term series pt 1100 days,143286.0,143284.0,high_confidence_candidate,,
fixed term series pu 1463 days,143304.0,143300.0,high_confidence_candidate,,
fixed term series pv 1462 days,143318.0,143316.0,high_confidence_candidate,,
fixed term series pw 1100 days,143414.0,143418.0,high_confidence_candidate,,
fixed term series py 1409 days,143547.0,143542.0,high_confidence_candidate,,
fixed term series pz 1120 days,143557.0,143552.0,high_confidence_candidate,,
fixed term series qa 181 days,143561.0,143558.0,high_confidence_candidate,,
fixed term series qb 1113 days,143638.0,143635.0,high_confidence_candidate,,
fixed term series qc 1116 days,143692.0,143689.0,high_confidence_candidate,,
fixed term series qe 1101 days,143920.0,143915.0,high_confidence_candidate,,
fixed term series qf 1385 days,143928.0,143925.0,high_confidence_candidate,,
fixed term series qg 1100 days,143986.0,143977.0,high_confidence_candidate,,
fixed term series qh 1101 days,143987.0,143991.0,high_confidence_candidate,,
fixed term series qi 1100 days,144049.0,144047.0,high_confidence_candidate,,
fixed term series qj 1098 days,144135.0,144131.0,high_confidence_candidate,,
fixed term series qk 1099 days,144158.0,144153.0,high_confidence_candidate,,
fixed term series ql 1099 days,144186.0,144183.0,high_confidence_candidate,,
fixed term series qm 1100 days,144226.0,144221.0,high_confidence_candidate,,
fixed term series qn 1100 days,144319.0,144317.0,high_confidence_candidate,,
fixed term series qo 1100 days,144326.0,144323.0,high_confidence_candidate,,
fixed term series qp 1100 days,144386.0,144375.0,high_confidence_candidate,,
fixed term series qq 1100 days,144686.0,144682.0,high_confidence_candidate,,
fixed term series qr 1126 days,145100.0,145098.0,high_confidence_candidate,,
fixed term series qs 1100 days,144412.0,144407.0,high_confidence_candidate,,
fixed term series qt 1100 days,144500.0,144496.0,high_confidence_candidate,,
fixed term series qu 1100 days,144510.0,144508.0,high_confidence_candidate,,
fixed term series qv 1100 days,144552.0,144549.0,high_confidence_candidate,,
fixed term series qw 1099 days,144567.0,144565.0,high_confidence_candidate,,
fixed term series qx 1103 days,144707.0,144702.0,high_confidence_candidate,,
fixed term series qy 1100 days,144751.0,144747.0,high_confidence_candidate,,
fixed term series ra 1100 days,144894.0,144892.0,high_confidence_candidate,,
fixed term series rc 1295 days,145066.0,145058.0,high_confidence_candidate,,
fixed term series rd 1293 days,145069.0,145074.0,high_confidence_candidate,,
fixed term series re 1100 days,145089.0,145087.0,high_confidence_candidate,,
fixed term series rh 1281 days,145236.0,145233.0,high_confidence_candidate,,
fixed term series ri 1100 days,145353.0,145351.0,high_confidence_candidate,,
fixed term series rj 117 days,145365.0,145364.0,high_confidence_candidate,,
fixed term series rl 1254 days,145412.0,145409.0,high_confidence_candidate,,
fixed term series rn 1240 days,145469.0,145467.0,high_confidence_candidate,,
fixed term series ro 1241 days,145576.0,145573.0,high_confidence_candidate,,
fixed term series rp 1239 days,145579.0,145577.0,high_confidence_candidate,,
fixed term series rq 1103 days,145571.0,145569.0,high_confidence_candidate,,
fixed term series rr 1240 days,145688.0,145685.0,high_confidence_candidate,,
fixed term series ru 1225 days,145774.0,145773.0,high_confidence_candidate,,
fixed term series rv 1224 days,145807.0,145806.0,high_confidence_candidate,,
fixed term series rw 1202 days,145919.0,145918.0,high_confidence_candidate,,
fixed term series rx 1200 days,145925.0,145922.0,high_confidence_candidate,,
fixed term series ry 1199 days,145944.0,145942.0,high_confidence_candidate,,
fixed term series sa 1180 days,146134.0,146136.0,high_confidence_candidate,,
fixed term series sf 1161 days,146396.0,146393.0,high_confidence_candidate,,
fixed term series sg 1155 days,146491.0,146489.0,high_confidence_candidate,,
fixed term series si 1141 days,146626.0,146623.0,high_confidence_candidate,,
fixed term series sj 1135 days,146640.0,146637.0,high_confidence_candidate,,
fixed term series sk 1128 days,146780.0,146779.0,high_confidence_candidate,,
fixed term series sl 1120 days,146909.0,146907.0,high_confidence_candidate,,
fixed term series sn 1099 days,147210.0,147207.0,high_confidence_candidate,,
fixed term series so 1099 days,147253.0,147251.0,high_confidence_candidate,,
fixed term series ti 1837 days,149017.0,149015.0,high_confidence_candidate,,
fixed term series tj 1838 days,149062.0,149064.0,high_confidence_candidate,,
fixed term series tq 1879 days,150316.0,150314.0,high_confidence_candidate,,
fixed term series ts 91 days,150431.0,150434.0,high_confidence_candidate,,
fixed term series tt 153 days,150462.0,150464.0,high_confidence_candidate,,
fixed term series tx 91 days,150666.0,150669.0,high_confidence_candidate,,
fixed term series ty 76 days,150773.0,150775.0,high_confidence_candidate,,
fixed term series tz 90 days,150875.0,150877.0,high_confidence_candidate,,
fixed term series ub 1224 days,151186.0,151188.0,high_confidence_candidate,,
fixed term series uf 180 days,151519.0,151521.0,high_confidence_candidate,,
fixed term series uj 1110 days,151700.0,151703.0,high_confidence_candidate,,
flexi cap fund,,,ambiguous,"[120564, 118424, 119076, 118955, 120264, 120662, 129046, 141925, 144546, 149094, 151412]","[103166, 108594, 105875, 100313, 129048, 141927, 144548, 149089, 151414]"
flexicap fund,,,ambiguous,"[120166, 119718, 148990, 150571]","[103215, 150568]"
floater fund,,,ambiguous,"[118656, 145295, 148711, 148771, 149049]","[145287, 148705, 148768, 149048]"
floating interest fund,,,rejected,,
floating rate debt fund,,,ambiguous,"[118961, 148550]","[101481, 148543]"
floating rate fund,,,ambiguous,"[122646, 147269, 149007]","[122644, 122650, 147266, 149003]"
floating rate fund long term,119952.0,102155.0,high_confidence_candidate,,
floating rate income fund long,,,rejected,,
fmcg fund,,,rejected,,
fmp 1001d august 2013 1,123414.0,123409.0,high_confidence_candidate,,
fmp 1095d march 2014 1,128738.0,128741.0,high_confidence_candidate,,
fmp 1099d august 2014 1,131184.0,131185.0,high_confidence_candidate,,
fmp 1099d june 2018 1,,,rejected,,
fmp 1100d april 2014 1,129169.0,129173.0,high_confidence_candidate,,
fmp 1100d april 2019 1,,,rejected,,
fmp 1104d april 2016 1,139284.0,139288.0,high_confidence_candidate,,
fmp 1105d august 2018 1,,,rejected,,
fmp 1105d august 2018 2,,,rejected,,
fmp 1105d december 2015 1,135953.0,135957.0,high_confidence_candidate,,
fmp 1105d october 2015 1,135531.0,135534.0,high_confidence_candidate,,
fmp 1106d may 2015 1,134607.0,134605.0,high_confidence_candidate,,
fmp 1107d december 2014 1,133373.0,133377.0,high_confidence_candidate,,
fmp 1107d march 2016 1,139193.0,139196.0,high_confidence_candidate,,
fmp 1107d may 2013 1,122586.0,122582.0,high_confidence_candidate,,
fmp 1107d october 2014 1,132927.0,132925.0,high_confidence_candidate,,
fmp 1108d september 2015 1,135410.0,135409.0,high_confidence_candidate,,
fmp 1111d november 2014 1,133188.0,133194.0,high_confidence_candidate,,
fmp 1111d november 2015 1,135839.0,135841.0,high_confidence_candidate,,
fmp 1111d september 2016 1,139895.0,139893.0,high_confidence_candidate,,
fmp 1112d june 2015 1,134935.0,134936.0,high_confidence_candidate,,
fmp 1112d june 2016 1,139513.0,139518.0,high_confidence_candidate,,
fmp 1113d august 2014 1,131037.0,131042.0,high_confidence_candidate,,
fmp 1113d august 2018 1,,,rejected,,
fmp 1113d june 2016 1,139418.0,139417.0,high_confidence_candidate,,
fmp 1113d june 2018 1,,,rejected,,
fmp 1113d november 2014 1,133086.0,133082.0,high_confidence_candidate,,
fmp 1113d october 2014 1,132788.0,132791.0,high_confidence_candidate,,
fmp 1114d march 2016 1,139131.0,139133.0,high_confidence_candidate,,
fmp 1115d january 2015 1,133460.0,133464.0,high_confidence_candidate,,
fmp 1115d march 2015 1,134381.0,134376.0,high_confidence_candidate,,
fmp 1115d september 2018 1,,,rejected,,
fmp 1116d july 2014 1,130838.0,130845.0,high_confidence_candidate,,
fmp 1118d march 2019 1,,,rejected,,
fmp 1119d june 2018 1,,,rejected,,
fmp 1120d march 2016 1,139139.0,139138.0,high_confidence_candidate,,
fmp 1120d march 2019 1,,,rejected,,
fmp 1122d august 2018 1,,,rejected,,
fmp 1122d july 2018 1,,,rejected,,
fmp 1123d july 2014 1,130800.0,130797.0,high_confidence_candidate,,
fmp 1124d june 2018 1,,,rejected,,
fmp 1125d september 2014 1,131521.0,131518.0,high_confidence_candidate,,
fmp 1126d july 2015 1,135097.0,135099.0,high_confidence_candidate,,
fmp 1126d march 2019 1,,,rejected,,
fmp 1127d june 2016 1,139458.0,139461.0,high_confidence_candidate,,
fmp 1127d march 2014 1,128802.0,128806.0,high_confidence_candidate,,
fmp 1127d march 2019 1,,,rejected,,
fmp 1127d may 2015 1,134756.0,134760.0,high_confidence_candidate,,
fmp 1127d may 2016 1,139385.0,139384.0,high_confidence_candidate,,
fmp 1128d june 2016 1,139497.0,139501.0,high_confidence_candidate,,
fmp 1128d march 2015 1,134289.0,134294.0,high_confidence_candidate,,
fmp 1128d september 2014 1,131427.0,131433.0,high_confidence_candidate,,
fmp 1132d february 2016 1,136441.0,136442.0,high_confidence_candidate,,
fmp 1133d february 2019 1,,,rejected,,
fmp 1133d july 2018 1,,,rejected,,
fmp 1134d july 2015 1,135007.0,135004.0,high_confidence_candidate,,
fmp 1134d may 2018 1,,,rejected,,
fmp 1134d september 2014 1,131280.0,131283.0,high_confidence_candidate,,
fmp 1135d march 2015 1,134198.0,134203.0,high_confidence_candidate,,
fmp 1136d june 2017 1,141495.0,141492.0,high_confidence_candidate,,
fmp 1140d march 2016 1,139086.0,139089.0,high_confidence_candidate,,
fmp 1141d august 2018 1,,,rejected,,
fmp 1141d july 2015 1,135138.0,135139.0,high_confidence_candidate,,
fmp 1143d july 2013 1,123203.0,123202.0,high_confidence_candidate,,
fmp 1143d march 2018 1,,,rejected,,
fmp 1145d march 2018 1,,,rejected,,
fmp 1146d april 2018 1,,,rejected,,
fmp 1146d february 2019 1,,,rejected,,
fmp 1147d march 2018 1,,,rejected,,
fmp 1148d february 2016 1,136254.0,136251.0,high_confidence_candidate,,
fmp 1148d february 2016 2,136387.0,136384.0,high_confidence_candidate,,
fmp 1150d february 2017 1,140701.0,140704.0,high_confidence_candidate,,
fmp 1150d march 2018 1,,,rejected,,
fmp 1153d april 2016 1,139312.0,139316.0,high_confidence_candidate,,
fmp 1154d february 2019 1,,,rejected,,
fmp 1155d february 2016 1,136162.0,136160.0,high_confidence_candidate,,
fmp 1155d february 2017 1,140717.0,140715.0,high_confidence_candidate,,
fmp 1157d february 2015 1,133906.0,133900.0,high_confidence_candidate,,
fmp 1158d february 2018 1,,,rejected,,
fmp 1158d july 2022,,,rejected,,
fmp 1161d february 2016 1,136292.0,136291.0,high_confidence_candidate,,
fmp 1161d july 2016 1,139608.0,139609.0,high_confidence_candidate,,
fmp 1162d march 2022,,,rejected,,
fmp 1165d april 2017 1,141229.0,141232.0,high_confidence_candidate,,
fmp 1166d may 2017 1,141381.0,141384.0,high_confidence_candidate,,
fmp 1167d january 2016 1,136120.0,136115.0,high_confidence_candidate,,
fmp 1168d february 2016 1,136174.0,136179.0,high_confidence_candidate,,
fmp 1168d january 2019 1,,,rejected,,
fmp 1169d february 2017 1 series 37,140585.0,140588.0,high_confidence_candidate,,
fmp 1170d february 2017 1,140694.0,140695.0,high_confidence_candidate,,
fmp 1172d april 2017 1,141219.0,141222.0,high_confidence_candidate,,
fmp 1175d january 2014 1,126770.0,126766.0,high_confidence_candidate,,
fmp 1175d january 2019 1,,,rejected,,
fmp 1176d january 2016 1,136077.0,136080.0,high_confidence_candidate,,
fmp 1177d march 2018 1,,,rejected,,
fmp 1178d february 2017 1,140666.0,140669.0,high_confidence_candidate,,
fmp 1181d april 2018 1,,,rejected,,
fmp 1182d january 2019 1,,,rejected,,
fmp 1183d april 2018 1,,,rejected,,
fmp 1183d january 2016 1,136023.0,136026.0,high_confidence_candidate,,
fmp 1184d january 2015 1,133599.0,133601.0,high_confidence_candidate,,
fmp 1188d march 2017 1,141132.0,141130.0,high_confidence_candidate,,
fmp 1190d january 2019 1,,,rejected,,
fmp 1190d march 2016 1,139176.0,139171.0,high_confidence_candidate,,
fmp 1196d december 2018 1,,,rejected,,
fmp 1198d february 2013 1,120992.0,120993.0,high_confidence_candidate,,
fmp 1199d january 2017 1,140552.0,140550.0,high_confidence_candidate,,
fmp 1203d december 2018 1,,,rejected,,
fmp 1204d december,,,rejected,,
fmp 1208d march 2018 1,,,rejected,,
fmp 1211d december 2018 1,,,rejected,,
fmp 1213d march 2017 1,140962.0,140958.0,high_confidence_candidate,,
fmp 1218 december 2016 1,140476.0,140481.0,high_confidence_candidate,,
fmp 1218d december 2018 1,,,rejected,,
fmp 1224d december 2018 1,,,rejected,,
fmp 1232d november 2018 1,,,rejected,,
fmp 1246d november 2018 1,,,rejected,,
fmp 1260d october 2018 1,,,rejected,,
fmp 1261d october 2018 1,,,rejected,,
fmp 1265d october 2018 1,,,rejected,,
fmp 1269d march 2023,,,rejected,,
fmp 1274d october 2018 1,,,rejected,,
fmp 1280d october 2018 1,,,rejected,,
fmp 1302d september 2016 1,139997.0,139999.0,high_confidence_candidate,,
fmp 1306d september 2016 1,139946.0,139949.0,high_confidence_candidate,,
fmp 1309d september 2016 1,139952.0,139956.0,high_confidence_candidate,,
fmp 1344d october 2018 1,,,rejected,,
fmp 1359d september,,,rejected,,
fmp 1372d september 2018 1,,,rejected,,
fmp 1381d september 2018 1,,,rejected,,
fmp 1406d august 2022,,,rejected,,
fmp 1430d july 2017 1,141735.0,141734.0,high_confidence_candidate,,
fmp 1434d may 2018 1,,,rejected,,
fmp 1487d august 2018 1,,,rejected,,
fmp 1846d august 2013 1,,,rejected,,
fmp 1861d march 2022,,,rejected,,
fmp 1875d august 2013 1,123732.0,123733.0,high_confidence_candidate,,
fmp 1876d march 2022,,,rejected,,
fmp 1919d january 2013 1,,,rejected,,
fmp 2638d february 2023,,,rejected,,
fmp 3360d march 2014 1,,,rejected,,
fmp 366d april 2013 1,122172.0,122169.0,high_confidence_candidate,,
fmp 366d april 2013 2,122197.0,122193.0,high_confidence_candidate,,
fmp 366d march 2014 1,128707.0,128713.0,high_confidence_candidate,,
fmp 366d march 2014 2,128915.0,128914.0,high_confidence_candidate,,
fmp 366d may 2013 1,122473.0,122471.0,high_confidence_candidate,,
fmp 366d may 2013 2,122480.0,122484.0,high_confidence_candidate,,
fmp 366d may 2014 1,,,rejected,,
fmp 366d may 2014 2,129993.0,129996.0,high_confidence_candidate,,
fmp 367d april 2014 1,129450.0,129449.0,high_confidence_candidate,,
fmp 367d may 2014 1,129586.0,129582.0,high_confidence_candidate,,
fmp 367d may 2014 2,129784.0,129780.0,high_confidence_candidate,,
fmp 369d april 2014 1,129100.0,129097.0,high_confidence_candidate,,
fmp 369d april 2014 2,129325.0,129329.0,high_confidence_candidate,,
fmp 369d december 2013 1,125989.0,125993.0,high_confidence_candidate,,
fmp 369d february 2014 1,127202.0,127207.0,high_confidence_candidate,,
fmp 369d february 2014 2,127550.0,127554.0,high_confidence_candidate,,
fmp 369d january 2014 1,126504.0,126508.0,high_confidence_candidate,,
fmp 369d june 2013 1,122823.0,122820.0,high_confidence_candidate,,
fmp 369d march 2014 1,128240.0,128237.0,high_confidence_candidate,,
fmp 369d march 2014 2,128607.0,128611.0,high_confidence_candidate,,
fmp 369d march 2014 3,128794.0,128798.0,high_confidence_candidate,,
fmp 370d april 2013 1,122179.0,122183.0,high_confidence_candidate,,
fmp 370d april 2013 2,122189.0,122185.0,high_confidence_candidate,,
fmp 370d april 2014 1,129085.0,129089.0,high_confidence_candidate,,
fmp 370d april 2014 2,129336.0,129333.0,high_confidence_candidate,,
fmp 370d april 2014 3,129345.0,129349.0,high_confidence_candidate,,
fmp 370d april 2014 4,129455.0,129461.0,high_confidence_candidate,,
fmp 370d august 2013 1,123345.0,123349.0,high_confidence_candidate,,
fmp 370d august 2013 2,123528.0,123530.0,high_confidence_candidate,,
fmp 370d august 2013 3,123617.0,123619.0,high_confidence_candidate,,
fmp 370d august 2013 4,123961.0,123959.0,high_confidence_candidate,,
fmp 370d february 2014 1,127365.0,127369.0,high_confidence_candidate,,
fmp 370d january 2014 1,126706.0,126709.0,high_confidence_candidate,,
fmp 370d july 2013 1,122876.0,122869.0,high_confidence_candidate,,
fmp 370d july 2013 2,122928.0,122926.0,high_confidence_candidate,,
fmp 370d july 2013 3,123174.0,123171.0,high_confidence_candidate,,
fmp 370d june 2014 1,130169.0,130173.0,high_confidence_candidate,,
fmp 370d june 2014 2,130339.0,130343.0,high_confidence_candidate,,
fmp 370d march 2014 1,127924.0,127928.0,high_confidence_candidate,,
fmp 370d may 2013 1,122468.0,122463.0,high_confidence_candidate,,
fmp 370d may 2014 1,129625.0,129630.0,high_confidence_candidate,,
fmp 370d may 2014 2,129899.0,129903.0,high_confidence_candidate,,
fmp 370d november 2013 1,125546.0,125549.0,high_confidence_candidate,,
fmp 370d october 2013 1,124774.0,124770.0,high_confidence_candidate,,
fmp 370d october 2013 2,124878.0,124884.0,high_confidence_candidate,,
fmp 370d october 2013 3,125029.0,125033.0,high_confidence_candidate,,
fmp 370d october 2013 4,125148.0,125146.0,high_confidence_candidate,,
fmp 370d october 2013 5,125233.0,125231.0,high_confidence_candidate,,
fmp 370d september 2013 1,124162.0,124158.0,high_confidence_candidate,,
fmp 370d september 2013 2,124343.0,124347.0,high_confidence_candidate,,
fmp 370d september 2013 3,124504.0,124505.0,high_confidence_candidate,,
fmp 370d september 2013 4,124515.0,124517.0,high_confidence_candidate,,
fmp 370d september 2013 5,124712.0,124716.0,high_confidence_candidate,,
fmp 371d august 2013 1,123395.0,123393.0,high_confidence_candidate,,
fmp 371d december 2013 1,125705.0,125709.0,high_confidence_candidate,,
fmp 371d december 2013 2,125876.0,125869.0,high_confidence_candidate,,
fmp 371d february 2013 1,121112.0,121116.0,high_confidence_candidate,,
fmp 371d february 2014 1,127375.0,127371.0,high_confidence_candidate,,
fmp 371d february 2014 2,127756.0,127758.0,high_confidence_candidate,,
fmp 371d january 2014 1,126400.0,126405.0,high_confidence_candidate,,
fmp 371d january 2014 2,126879.0,126883.0,high_confidence_candidate,,
fmp 371d july 2013 1,122989.0,122983.0,high_confidence_candidate,,
fmp 371d june 2014 1,130151.0,130156.0,high_confidence_candidate,,
fmp 371d june 2014 2,130218.0,130211.0,high_confidence_candidate,,
fmp 371d june 2014 3,130431.0,130436.0,high_confidence_candidate,,
fmp 371d may 2014 1,129910.0,129911.0,high_confidence_candidate,,
fmp 371d november 2013 1,125323.0,125327.0,high_confidence_candidate,,
fmp 371d november 2013 2,125360.0,125365.0,high_confidence_candidate,,
fmp 371d september 2013 1,124553.0,124552.0,high_confidence_candidate,,
fmp 372d december 2013 1,126149.0,126153.0,high_confidence_candidate,,
fmp 372d december 2013 2,126241.0,126245.0,high_confidence_candidate,,
fmp 372d february 2013 1,121120.0,121118.0,high_confidence_candidate,,
fmp 372d february 2014 1,127020.0,127026.0,high_confidence_candidate,,
fmp 372d january 2013 2,,,rejected,,
fmp 372d january 2013 3,,,rejected,,
fmp 372d january 2014 1,126606.0,126602.0,high_confidence_candidate,,
fmp 372d may 2013 1,122635.0,122631.0,high_confidence_candidate,,
fmp 372d october 2013 1,124968.0,124966.0,high_confidence_candidate,,
fmp 377d march 2014 1,128929.0,128922.0,high_confidence_candidate,,
fmp 378d march 2014 1,128779.0,128781.0,high_confidence_candidate,,
fmp 384d march 2013 1,121576.0,121572.0,high_confidence_candidate,,
fmp 384d march 2014 1,128791.0,128788.0,high_confidence_candidate,,
fmp 390d march 2014 1,128600.0,128604.0,high_confidence_candidate,,
fmp 398d march 2013 1,121562.0,121556.0,high_confidence_candidate,,
fmp 400d march 2013 1,121568.0,121564.0,high_confidence_candidate,,
fmp 400d march 2014 1,128271.0,128275.0,high_confidence_candidate,,
fmp 403d march 2013 1,122005.0,122004.0,high_confidence_candidate,,
fmp 405d april 2013 1,122334.0,122332.0,high_confidence_candidate,,
fmp 42 scheme g,,,rejected,,
fmp 434d february 2014 1,127765.0,127767.0,high_confidence_candidate,,
fmp 435d march 2014 1,127935.0,127931.0,high_confidence_candidate,,
fmp 441d february 2014 1,127434.0,127438.0,high_confidence_candidate,,
fmp 447d february 2014 1,127221.0,127225.0,high_confidence_candidate,,
fmp 453d february 2014 1,127012.0,127009.0,high_confidence_candidate,,
fmp 462d january 2013 1,,,rejected,,
fmp 472d january 2014 1,126775.0,126779.0,high_confidence_candidate,,
fmp 478d january 2014 1,126623.0,126626.0,high_confidence_candidate,,
fmp 491d january 2014 1,126487.0,126491.0,high_confidence_candidate,,
fmp 504d december 2013 1,126141.0,126145.0,high_confidence_candidate,,
fmp 531d december 2013 1,125986.0,125982.0,high_confidence_candidate,,
fmp 538d november 2013 1,125537.0,125541.0,high_confidence_candidate,,
fmp 540d december 2013 1,125743.0,125741.0,high_confidence_candidate,,
fmp 554d november 2013 1,125336.0,125332.0,high_confidence_candidate,,
fmp 572d october 2013 1,124988.0,124985.0,high_confidence_candidate,,
fmp 730d april 2014 1,129476.0,129479.0,high_confidence_candidate,,
fmp 737d october 2013 1,125004.0,125002.0,high_confidence_candidate,,
fmp 742d september 2013 1,124540.0,124545.0,high_confidence_candidate,,
fmp 747d june 2014 1,130163.0,130168.0,high_confidence_candidate,,
fmp 750d june 2014 1,130425.0,130427.0,high_confidence_candidate,,
fmp 793d february 2014 1,127557.0,127560.0,high_confidence_candidate,,
fmp 840d january 2014 1,126989.0,126991.0,high_confidence_candidate,,
fmp 90d august 2013 1,123745.0,123747.0,high_confidence_candidate,,
fmp 90d january 2014 1,126886.0,126888.0,high_confidence_candidate,,
fmp 90d september 2013 1,124360.0,124357.0,high_confidence_candidate,,
fmp 91d august 2018 1,,,rejected,,
fmp 91d february 2015 1,133951.0,133952.0,high_confidence_candidate,,
fmp 923d november 2013 1,125454.0,125459.0,high_confidence_candidate,,
fmp 92d february 2018 1,142627.0,142630.0,high_confidence_candidate,,
fmp 92d march 2016 1,136480.0,136479.0,high_confidence_candidate,,
fmp 92d march 2018 1,142862.0,142863.0,high_confidence_candidate,,
fmp 97d may 2018 1,143581.0,143584.0,high_confidence_candidate,,
fmp series 100,,,rejected,,
fmp series 101,,,rejected,,
fmp series 102,,,rejected,,
fmp series 103,,,rejected,,
fmp series 104,,,rejected,,
fmp series 105,,,rejected,,
fmp series 106,,,rejected,,
fmp series 107,,,rejected,,
fmp series 108,,,rejected,,
fmp series 109,,,rejected,,
fmp series 110,,,rejected,,
fmp series 111,,,rejected,,
fmp series 112,,,rejected,,
fmp series 113 1094 days,,,rejected,,
fmp series 114 370 days,,,rejected,,
fmp series 115 370 days,,,rejected,,
fmp series 116 370 days,,,rejected,,
fmp series 117 370 days,,,rejected,,
fmp series 118 370 days,,,rejected,,
fmp series 119 370 days,,,rejected,,
fmp series 120 180 days,,,rejected,,
fmp series 122 370 days,,,rejected,,
fmp series 124 370 days,,,rejected,,
fmp series 127 730 days,,,rejected,,
fmp series 128 371 days,,,rejected,,
fmp series 129 12m maturity date 29 dec 2016,125648.0,125645.0,high_confidence_candidate,,
fmp series 129 371 days,,,rejected,,
fmp series 131 1061 days,,,rejected,,
fmp series 132 546 days,,,rejected,,
fmp series 133 524 days,,,rejected,,
fmp series 135 455 days,,,rejected,,
fmp series 136 376 days,,,rejected,,
fmp series 137 371 days,,,rejected,,
fmp series 138 370 days,,,rejected,,
fmp series 139 371 days,,,rejected,,
fmp series 140 1095 days,,,rejected,,
fmp series 141 454 days,,,rejected,,
fmp series 142 420 days,,,rejected,,
fmp series 143 370 days,,,rejected,,
fmp series 144 371 days,,,rejected,,
fmp series 145 390 days,,,rejected,,
fmp series 146 388 days,,,rejected,,
fmp series 147 384 days,,,rejected,,
fmp series 148 388 days,,,rejected,,
fmp series 149 386 days,,,rejected,,
fmp series 150 1109 days,,,rejected,,
fmp series 151 388 days,,,rejected,,
fmp series 152 368 days,,,rejected,,
fmp series 153 790 days,,,rejected,,
fmp series 154 390 days,,,rejected,,
fmp series 155 370 days,,,rejected,,
fmp series 156 370 days,,,rejected,,
fmp series 157 370 days,,,rejected,,
fmp series 158 370 days,,,rejected,,
fmp series 159 370 days,,,rejected,,
fmp series 160 1039 days,,,rejected,,
fmp series 161 370 days,,,rejected,,
fmp series 162 370 days,,,rejected,,
fmp series 163 1100 days,,,rejected,,
fmp series 171 1099 days,,,rejected,,
fmp series 172,134176.0,134177.0,high_confidence_candidate,,
fmp series 175 1100 days,134841.0,134838.0,high_confidence_candidate,,
fmp series 176,135048.0,135047.0,high_confidence_candidate,,
fmp series 178,135237.0,135239.0,high_confidence_candidate,,
fmp series 179,135375.0,135372.0,high_confidence_candidate,,
fmp series 180 1099 days,135485.0,135488.0,high_confidence_candidate,,
fmp series 181,135609.0,135610.0,high_confidence_candidate,,
fmp series 182,135757.0,135755.0,high_confidence_candidate,,
fmp series 183,135909.0,135906.0,high_confidence_candidate,,
fmp series 185,136083.0,136084.0,high_confidence_candidate,,
fmp series 186,136135.0,136134.0,high_confidence_candidate,,
fmp series 187,136271.0,136273.0,high_confidence_candidate,,
fmp series 189,136307.0,136308.0,high_confidence_candidate,,
fmp series 190,136362.0,136363.0,high_confidence_candidate,,
fmp series 191,139078.0,139080.0,high_confidence_candidate,,
fmp series 192,139083.0,139084.0,high_confidence_candidate,,
fmp series 192 36m,135967.0,135970.0,high_confidence_candidate,,
fmp series 193,139271.0,139269.0,high_confidence_candidate,,
fmp series 194,139332.0,139333.0,high_confidence_candidate,,
fmp series 195 36m,136264.0,136262.0,high_confidence_candidate,,
fmp series 196,139578.0,139580.0,high_confidence_candidate,,
fmp series 196 37m,139511.0,139512.0,high_confidence_candidate,,
fmp series 199,140632.0,140634.0,high_confidence_candidate,,
fmp series 200,140912.0,140910.0,high_confidence_candidate,,
fmp series 202,141047.0,141049.0,high_confidence_candidate,,
fmp series 203,141283.0,141284.0,high_confidence_candidate,,
fmp series 204,141367.0,141366.0,high_confidence_candidate,,
fmp series 204 37m,140833.0,140831.0,high_confidence_candidate,,
fmp series 205 37m,141021.0,141018.0,high_confidence_candidate,,
fmp series 209 37m,141104.0,141101.0,high_confidence_candidate,,
fmp series 210,141837.0,141838.0,high_confidence_candidate,,
fmp series 210 36m,141215.0,141214.0,high_confidence_candidate,,
fmp series 211,141885.0,141883.0,high_confidence_candidate,,
fmp series 211 38m,141317.0,141318.0,high_confidence_candidate,,
fmp series 212,141937.0,141935.0,high_confidence_candidate,,
fmp series 213,142078.0,142075.0,high_confidence_candidate,,
fmp series 214,,,rejected,,
fmp series 215,,,rejected,,
fmp series 216,142404.0,142406.0,high_confidence_candidate,,
fmp series 217,142530.0,142529.0,high_confidence_candidate,,
fmp series 217 40m,142164.0,142167.0,high_confidence_candidate,,
fmp series 218,142649.0,142651.0,high_confidence_candidate,,
fmp series 218 40m,142254.0,142252.0,high_confidence_candidate,,
fmp series 219 40m,142309.0,142306.0,high_confidence_candidate,,
fmp series 220,142857.0,142858.0,high_confidence_candidate,,
fmp series 220 40m,142475.0,142471.0,high_confidence_candidate,,
fmp series 221,143024.0,143023.0,high_confidence_candidate,,
fmp series 221 40m,142504.0,142501.0,high_confidence_candidate,,
fmp series 222 3m,142595.0,142597.0,high_confidence_candidate,,
fmp series 223,143029.0,143031.0,high_confidence_candidate,,
fmp series 223 39m,142788.0,142783.0,high_confidence_candidate,,
fmp series 224,143061.0,143059.0,high_confidence_candidate,,
fmp series 224 39m,142837.0,142834.0,high_confidence_candidate,,
fmp series 225,143183.0,143181.0,high_confidence_candidate,,
fmp series 226,143343.0,143342.0,high_confidence_candidate,,
fmp series 226 39m,142939.0,142938.0,high_confidence_candidate,,
fmp series 227,143479.0,143477.0,high_confidence_candidate,,
fmp series 227 39m,143037.0,143036.0,high_confidence_candidate,,
fmp series 228,143623.0,143622.0,high_confidence_candidate,,
fmp series 228 3m,143296.0,143294.0,high_confidence_candidate,,
fmp series 229,143625.0,143627.0,high_confidence_candidate,,
fmp series 230,143848.0,143850.0,high_confidence_candidate,,
fmp series 230 9m,143406.0,143409.0,high_confidence_candidate,,
fmp series 231 3m,143591.0,143586.0,high_confidence_candidate,,
fmp series 232,143994.0,143993.0,high_confidence_candidate,,
fmp series 232 36m mat date 14 jun 2021,143696.0,143700.0,high_confidence_candidate,,
fmp series 233,144063.0,144061.0,high_confidence_candidate,,
fmp series 233 36m,143854.0,143851.0,high_confidence_candidate,,
fmp series 234,144279.0,144281.0,high_confidence_candidate,,
fmp series 235,144283.0,144284.0,high_confidence_candidate,,
fmp series 235 36m,143940.0,143943.0,high_confidence_candidate,,
fmp series 236 36m,144119.0,144124.0,high_confidence_candidate,,
fmp series 237,144459.0,144460.0,high_confidence_candidate,,
fmp series 237 36m,144215.0,144220.0,high_confidence_candidate,,
fmp series 238 36m,144243.0,144241.0,high_confidence_candidate,,
fmp series 239,144589.0,144588.0,high_confidence_candidate,,
fmp series 239 36m,144299.0,144295.0,high_confidence_candidate,,
fmp series 240,144614.0,144615.0,high_confidence_candidate,,
fmp series 241 36m,144520.0,144516.0,high_confidence_candidate,,
fmp series 242,144671.0,144669.0,high_confidence_candidate,,
fmp series 242 3m,144584.0,144581.0,high_confidence_candidate,,
fmp series 243,144850.0,144848.0,high_confidence_candidate,,
fmp series 243 36m,144633.0,144628.0,high_confidence_candidate,,
fmp series 244 36m,144823.0,144820.0,high_confidence_candidate,,
fmp series 245,145006.0,145004.0,high_confidence_candidate,,
fmp series 246,145086.0,145084.0,high_confidence_candidate,,
fmp series 247,145187.0,145188.0,high_confidence_candidate,,
fmp series 248,145240.0,145242.0,high_confidence_candidate,,
fmp series 250,145381.0,145379.0,high_confidence_candidate,,
fmp series 250 39m,146462.0,146459.0,high_confidence_candidate,,
fmp series 251 38m,146741.0,146744.0,high_confidence_candidate,,
fmp series 252 1261 days,,,rejected,,
fmp series 253 1260 days,145716.0,145713.0,high_confidence_candidate,,
fmp series 254,145783.0,145786.0,high_confidence_candidate,,
fmp series 255 n,,,rejected,,
fmp series 256,145961.0,145959.0,high_confidence_candidate,,
fmp series 257,146045.0,146048.0,high_confidence_candidate,,
fmp series 259,146284.0,146283.0,high_confidence_candidate,,
fmp series 261,146327.0,146326.0,high_confidence_candidate,,
fmp series 263 1203 days,146605.0,146607.0,high_confidence_candidate,,
fmp series 264 60m 17d,149190.0,149188.0,high_confidence_candidate,,
fmp series 265,146834.0,146833.0,high_confidence_candidate,,
fmp series 267,147021.0,147022.0,high_confidence_candidate,,
fmp series 267 1172 days,150842.0,150843.0,high_confidence_candidate,,
fmp series 268 1281 days,150885.0,150884.0,high_confidence_candidate,,
fmp series 269 160 days,151243.0,151242.0,high_confidence_candidate,,
fmp series 270 1172 days,151449.0,151447.0,high_confidence_candidate,,
fmp series 292,149139.0,149136.0,high_confidence_candidate,,
fmp series 294 105 days,150320.0,150318.0,high_confidence_candidate,,
fmp series 296,150601.0,150600.0,high_confidence_candidate,,
fmp series 297,150783.0,150782.0,high_confidence_candidate,,
fmp series 299,150947.0,150944.0,high_confidence_candidate,,
fmp series 300,151174.0,151172.0,high_confidence_candidate,,
fmp series 302,151247.0,151244.0,high_confidence_candidate,,
fmp series 303,151266.0,151264.0,high_confidence_candidate,,
fmp series 304,151286.0,151285.0,high_confidence_candidate,,
fmp series 305,151316.0,151315.0,high_confidence_candidate,,
fmp series 306,151360.0,151359.0,high_confidence_candidate,,
fmp series 307,151510.0,151507.0,high_confidence_candidate,,
fmp series 308,151681.0,151679.0,high_confidence_candidate,,
fmp series 309,151677.0,151675.0,high_confidence_candidate,,
fmp series 310,151686.0,151683.0,high_confidence_candidate,,
fmp series 311,151743.0,151741.0,high_confidence_candidate,,
fmp series 323,152175.0,152173.0,high_confidence_candidate,,
fmp series 324,152224.0,152221.0,high_confidence_candidate,,
fmp series 325,152249.0,152246.0,high_confidence_candidate,,
fmp series 326,152279.0,152271.0,high_confidence_candidate,,
fmp series 327,152342.0,152343.0,high_confidence_candidate,,
fmp series 42 scheme b,,,rejected,,
fmp series 42 scheme c,,,rejected,,
fmp series 42 scheme d,,,rejected,,
fmp series 42 scheme f,,,rejected,,
fmp series 42 scheme h,,,rejected,,
fmp series 42 scheme i,,,rejected,,
fmp series 43 scheme a,,,rejected,,
fmp series 43 scheme b,,,rejected,,
fmp series 43 scheme c,,,rejected,,
fmp series 43 scheme d,,,rejected,,
fmp series 44 scheme a,,,rejected,,
fmp series 44 scheme b,,,rejected,,
fmp series 44 scheme d,,,rejected,,
fmp series 45 scheme a,,,rejected,,
fmp series 45 scheme c,,,rejected,,
fmp series 45 scheme d,,,rejected,,
fmp series 45 scheme e,,,rejected,,
fmp series 46 scheme a,,,rejected,,
fmp series 46 scheme b,,,rejected,,
fmp series 46 scheme c,,,rejected,,
fmp series 46 scheme d,,,rejected,,
fmp series 46 scheme e,,,rejected,,
fmp series 46 scheme h,,,rejected,,
fmp series 46 scheme i,,,rejected,,
fmp series 46 scheme k,,,rejected,,
fmp series 46 scheme l,,,rejected,,
fmp series 46 scheme m,,,rejected,,
fmp series 46 scheme n,,,rejected,,
fmp series 46 scheme o,,,rejected,,
fmp series 46 scheme p,,,rejected,,
fmp series 46 scheme q,,,rejected,,
fmp series 46 scheme r,,,rejected,,
fmp series 46 scheme s,,,rejected,,
fmp series 46 scheme t,,,rejected,,
fmp series 47 scheme f,,,rejected,,
fmp series 47 scheme h,,,rejected,,
fmp series 47 scheme i,,,rejected,,
fmp series 47 scheme j,,,rejected,,
fmp series 47 scheme m,,,rejected,,
fmp series 47 scheme n,,,rejected,,
fmp series 94,,,rejected,,
fmp series 95,,,rejected,,
fmp series 96,,,rejected,,
fmp series 97,,,rejected,,
fmp series 99,,,rejected,,
fmp yearly series apr 2013,,,rejected,,
fmp yearly series feb 2013,,,rejected,,
fmp yearly series mar 2013,,,rejected,,
fmp yearly series march 2014,,,rejected,,
focused equity fund,,,ambiguous,"[120722, 133529]",[133527]
focused equity fund b,134334.0,134336.0,high_confidence_candidate,,
focused equity fund series 1,126639.0,126638.0,high_confidence_candidate,,
focused equity fund series 2,127919.0,127921.0,high_confidence_candidate,,
focused equity fund series 3,131526.0,131527.0,high_confidence_candidate,,
focused equity fund series 4,133105.0,133102.0,high_confidence_candidate,,
focused equity fund series 5,133897.0,133896.0,high_confidence_candidate,,
focused equity fund series 6,135351.0,135349.0,high_confidence_candidate,,
focused fund,,,ambiguous,"[119564, 120468, 118421, 119096, 118950, 118692, 119727, 122389, 147206, 147473, 147757, 149091, 152010]","[117560, 108592, 112901, 102756, 122387, 147203, 147760, 149090, 152009]"
focused fund formerly known as principal focused multicap fund,,,rejected,,
focused large cap fund,,,rejected,,
focussed equity fund series 1 2195 days,131019.0,131018.0,high_confidence_candidate,,
focussed equity fund series ii 1102 days,,,rejected,,
focussed equity fund series iv 1104 days,141827.0,141825.0,high_confidence_candidate,,
focussed equity fund series v 1102 days,141987.0,141990.0,high_confidence_candidate,,
focussed equity fund series vi 1150 days,142284.0,142285.0,high_confidence_candidate,,
ftif series xiii iv 546 days,,,rejected,,
ftif series xiv i 366 days,,,rejected,,
ftif series xiv ii 366 days,,,rejected,,
ftif series xiv iii 407 days,,,rejected,,
ftif series xiv iv 408 days,,,rejected,,
ftif series xiv v 366 days,,,rejected,,
ftif series xiv vi 366 days,,,rejected,,
ftif series xiv vii 367 days,,,rejected,,
ftif series xiv viii 371 days,,,rejected,,
ftif series xix i 369 days,,,rejected,,
ftif series xix ii 368 days,,,rejected,,
ftif series xix iii 368 days,,,rejected,,
ftif series xix iv 366 days,,,rejected,,
ftif series xix ix 369 days,,,rejected,,
ftif series xix v 1095 days,,,rejected,,
ftif series xix vi 366 days,,,rejected,,
ftif series xix vii 1095 days,,,rejected,,
ftif series xix viii 368 days,,,rejected,,
ftif series xix x 367 days,,,rejected,,
ftif series xix xi 366 days,,,rejected,,
ftif series xix xii 366 days,,,rejected,,
ftif series xix xix 1101 days,,,rejected,,
ftif series xix xv 1101 days,,,rejected,,
ftif series xix xviii 1105 days,,,rejected,,
ftif series xix xx 1099 days,,,rejected,,
ftif series xv i 368 days,,,rejected,,
ftif series xv ii 367 days,,,rejected,,
ftif series xv iii 366 days,,,rejected,,
ftif series xv iv 368 days,,,rejected,,
ftif series xv ix 366 days,,,rejected,,
ftif series xv v 366 days,,,rejected,,
ftif series xv vi 368 days,,,rejected,,
ftif series xv vii 369 days,,,rejected,,
ftif series xv viii 368 days,,,rejected,,
ftif series xv x 368 days,,,rejected,,
ftif series xvi i 366 days,,,rejected,,
ftif series xvi ii 1100 days,,,rejected,,
ftif series xvi iii 368 days,,,rejected,,
ftif series xvi iv 369 days,,,rejected,,
ftif series xvi ix 368 days,,,rejected,,
ftif series xvi v 731 days,,,rejected,,
ftif series xvi vi 369 days,,,rejected,,
ftif series xvi vii 366 days,,,rejected,,
ftif series xvi viii 368 days,,,rejected,,
ftif series xvi x 369 days,,,rejected,,
ftif series xvii i 369 days,,,rejected,,
ftif series xvii ii 369 days,,,rejected,,
ftif series xvii iii 366 days,,,rejected,,
ftif series xvii iv 531 days,,,rejected,,
ftif series xvii ix 466 days,,,rejected,,
ftif series xvii v 366 days,,,rejected,,
ftif series xvii vi 366 days,,,rejected,,
ftif series xvii vii 465 days,,,rejected,,
ftif series xvii viii 1096 days,,,rejected,,
ftif series xvii x 1152 days,,,rejected,,
ftif series xvii xi 430 days,,,rejected,,
ftif series xvii xii 1148 days,,,rejected,,
ftif series xvii xiii 369 days,,,rejected,,
ftif series xvii xiv 423 days,,,rejected,,
ftif series xvii xix 398 days,,,rejected,,
ftif series xvii xv 1825 days,,,rejected,,
ftif series xvii xvi 367 days,,,rejected,,
ftif series xvii xvii 395 days,,,rejected,,
ftif series xvii xviii 796 days,,,rejected,,
ftif series xvii xx 369 days,,,rejected,,
ftif series xviii i 400 days,,,rejected,,
ftif series xviii ii 1825 days,,,rejected,,
ftif series xviii iii 367 days,,,rejected,,
ftif series xviii iv 366 days,,,rejected,,
ftif series xviii ix 733 days,,,rejected,,
ftif series xviii v 370 days,,,rejected,,
ftif series xviii vi 367 days,,,rejected,,
ftif series xviii vii 368 days,,,rejected,,
ftif series xviii viii 366 days,,,rejected,,
ftif series xviii x 366 days,,,rejected,,
ftif series xviii xi 1095 days,,,rejected,,
ftif series xviii xii 366 days,,,rejected,,
ftif series xviii xiii 366 days,,,rejected,,
ftif series xviii xiv 368 days,,,rejected,,
ftif series xviii xv 366 days,,,rejected,,
ftif series xx i 1099 days,,,rejected,,
ftif series xx ii 1103 days,,,rejected,,
ftif series xx iii 1100 days,,,rejected,,
ftif series xx ix 1104 days,,,rejected,,
ftif series xx v 1100 days,,,rejected,,
ftif series xx vi 1100 days,,,rejected,,
ftif series xx vii 1103 days,,,rejected,,
ftif series xx viii 1105 days,,,rejected,,
ftif series xx x 1105 days,,,rejected,,
ftif series xx xi 1100 days,,,rejected,,
ftif series xx xii 1103 days,,,rejected,,
ftif series xx xvi 1100 days,,,rejected,,
ftif series xx xvii 1102 days,,,rejected,,
ftif series xxi i 1100 days,,,rejected,,
ftif series xxi ii 1100 days,,,rejected,,
ftif series xxi iii 1158 days,,,rejected,,
ftif series xxi iv 1146 days,,,rejected,,
ftif series xxi vi 1145 days,,,rejected,,
ftif series xxi vii 1143 days,,,rejected,,
ftif series xxi viii 1136 days,,,rejected,,
ftif series xxi x 1112 days,,,rejected,,
ftif series xxi xi 1112 days,,,rejected,,
ftif series xxi xii 1106 days,,,rejected,,
ftif series xxi xiv 1103 days,,,rejected,,
ftif series xxi xv 1103 days,,,rejected,,
ftif series xxii i 1099 days,134526.0,134522.0,high_confidence_candidate,,
ftif series xxii ii 1099 days,,,rejected,,
ftif series xxii iii 1099 days,134747.0,134750.0,high_confidence_candidate,,
ftif series xxii iv 1098 days,134793.0,134797.0,high_confidence_candidate,,
ftif series xxii ix 1099 days,135029.0,135025.0,high_confidence_candidate,,
ftif series xxii v 1099 days,134897.0,134896.0,high_confidence_candidate,,
ftif series xxii vi 1098 days,134985.0,134978.0,high_confidence_candidate,,
ftif series xxii vii 1098 days,134993.0,134988.0,high_confidence_candidate,,
ftif series xxii viii 1099 days,135019.0,135015.0,high_confidence_candidate,,
ftif series xxii x 1098 days,135045.0,135044.0,high_confidence_candidate,,
ftif series xxii xi 1098 days,135070.0,135066.0,high_confidence_candidate,,
ftif series xxii xii 1100 days,135207.0,135202.0,high_confidence_candidate,,
ftif series xxii xiii 1100 days,135267.0,135258.0,high_confidence_candidate,,
ftif series xxii xiv 1100 days,135271.0,135268.0,high_confidence_candidate,,
ftif series xxii xv 1098 days,,,rejected,,
ftif series xxiii i 1098 days,135363.0,135370.0,high_confidence_candidate,,
ftif series xxiii ii 1100 days,135459.0,135452.0,high_confidence_candidate,,
ftif series xxiii iii 1098 days,135385.0,135384.0,high_confidence_candidate,,
ftif series xxiii iv 1100 days,135523.0,135514.0,high_confidence_candidate,,
ftif series xxiii ix 1100 days,135827.0,135832.0,high_confidence_candidate,,
ftif series xxiii v 1100 days,135580.0,135572.0,high_confidence_candidate,,
ftif series xxiii vi 1100 days,135647.0,135638.0,high_confidence_candidate,,
ftif series xxiii vii 1098 days,135670.0,135668.0,high_confidence_candidate,,
ftif series xxiii viii 1100 days,135698.0,135697.0,high_confidence_candidate,,
ftif series xxiii x 1100 days,135879.0,135874.0,high_confidence_candidate,,
ftif series xxiii xi 1100 days,135942.0,135947.0,high_confidence_candidate,,
ftif series xxiii xii 1100 days,136011.0,136017.0,high_confidence_candidate,,
ftif series xxiii xiii 1100 days,136096.0,136103.0,high_confidence_candidate,,
ftif series xxiii xiv 1145 days,136199.0,136206.0,high_confidence_candidate,,
ftif series xxiii xv 1176 days,136213.0,136214.0,high_confidence_candidate,,
ftif series xxiv ii 1142 days,136349.0,136353.0,high_confidence_candidate,,
ftif series xxiv ix 1183 days,139233.0,139234.0,high_confidence_candidate,,
ftif series xxiv v 1132 days,136488.0,136496.0,high_confidence_candidate,,
ftif series xxiv vi 1181 days,136499.0,136558.0,high_confidence_candidate,,
ftif series xxiv vii 1182 days,138244.0,138247.0,high_confidence_candidate,,
ftif series xxiv viii 1184 days,,,rejected,,
ftif series xxiv x 1118 days,139210.0,139215.0,high_confidence_candidate,,
ftif series xxiv xi 1098 days,139273.0,139275.0,high_confidence_candidate,,
ftif series xxiv xii 1099 days,139317.0,139324.0,high_confidence_candidate,,
ftif series xxiv xiii 1097 days,139350.0,139354.0,high_confidence_candidate,,
ftif series xxiv xiv 1831 days,139399.0,139395.0,high_confidence_candidate,,
ftif series xxiv xv 1099 days,139422.0,139425.0,high_confidence_candidate,,
ftif series xxiv xvii 1098 days,139478.0,139487.0,high_confidence_candidate,,
ftif series xxv i 1099 days,139550.0,139559.0,high_confidence_candidate,,
ftif series xxv ii 1097 days,139625.0,139624.0,high_confidence_candidate,,
ftif series xxv iii 1100 days,139725.0,139724.0,high_confidence_candidate,,
ftif series xxv iv 1100 days,139800.0,139805.0,high_confidence_candidate,,
ftif series xxv ix 1098 days,140069.0,140074.0,high_confidence_candidate,,
ftif series xxv v 1100 days,139810.0,139812.0,high_confidence_candidate,,
ftif series xxv vi 1098 days,139907.0,139908.0,high_confidence_candidate,,
ftif series xxv vii 1097 days,139981.0,139982.0,high_confidence_candidate,,
ftif series xxv viii 1100 days,140033.0,140039.0,high_confidence_candidate,,
ftif series xxv x 1229 days,140130.0,140123.0,high_confidence_candidate,,
ftif series xxv xi 1211 days,140373.0,140368.0,high_confidence_candidate,,
ftif series xxv xii 1198 days,140419.0,140420.0,high_confidence_candidate,,
ftif series xxvi i 1182 days,140466.0,140475.0,high_confidence_candidate,,
ftif series xxvi ii 1176 days,140524.0,140520.0,high_confidence_candidate,,
ftif series xxvi iii 1169 days,140635.0,140640.0,high_confidence_candidate,,
ftif series xxvi ix 1113 days,141176.0,141173.0,high_confidence_candidate,,
ftif series xxvi v 1160 days,140857.0,140855.0,high_confidence_candidate,,
ftif series xxvi vi 1146 days,140964.0,140968.0,high_confidence_candidate,,
ftif series xxvi vii 1140 days,141013.0,141015.0,high_confidence_candidate,,
ftif series xxvi viii 1154 days,141111.0,141115.0,high_confidence_candidate,,
ftif series xxvi x 1107 days,141193.0,141195.0,high_confidence_candidate,,
ftif series xxvi xi 1105 days,141236.0,141240.0,high_confidence_candidate,,
ftif series xxvi xii 1096 days,141296.0,141289.0,high_confidence_candidate,,
ftif series xxvi xiii 1124 days,141307.0,141311.0,high_confidence_candidate,,
ftif series xxvi xiv 1105 days,141402.0,141400.0,high_confidence_candidate,,
ftif series xxvi xv 1097 days,141452.0,141449.0,high_confidence_candidate,,
ftif series xxvii i 1113 days,141485.0,141481.0,high_confidence_candidate,,
ftif series xxvii ii 1161 days,141534.0,141536.0,high_confidence_candidate,,
ftif series xxvii iii 1096 days,141572.0,141573.0,high_confidence_candidate,,
ftif series xxvii iv 1113 days,141620.0,141629.0,high_confidence_candidate,,
ftif series xxvii ix 1160 days,141843.0,141850.0,high_confidence_candidate,,
ftif series xxvii v 1097 days,141716.0,141719.0,high_confidence_candidate,,
ftif series xxvii vi 1113 days,141757.0,141751.0,high_confidence_candidate,,
ftif series xxvii vii 1104 days,141778.0,141775.0,high_confidence_candidate,,
ftif series xxvii viii 1117 days,141821.0,141818.0,high_confidence_candidate,,
ftif series xxvii x 1118 days,141899.0,141907.0,high_confidence_candidate,,
ftif series xxviii i 1230 days,141939.0,141947.0,high_confidence_candidate,,
ftif series xxviii ii 1210 days,142025.0,142030.0,high_confidence_candidate,,
ftif series xxviii iii 1203 days,142093.0,142097.0,high_confidence_candidate,,
ftif series xxviii iv 1204 days,142201.0,142208.0,high_confidence_candidate,,
ftif series xxviii ix 1168 days,142525.0,142519.0,high_confidence_candidate,,
ftif series xxviii v 1190 days,142225.0,142222.0,high_confidence_candidate,,
ftif series xxviii vi 1190 days,142268.0,142269.0,high_confidence_candidate,,
ftif series xxviii vii 1169 days,142326.0,142327.0,high_confidence_candidate,,
ftif series xxviii viii 1171 days,142361.0,142365.0,high_confidence_candidate,,
ftif series xxviii x 1153 days,142578.0,142579.0,high_confidence_candidate,,
ftif series xxviii xi 1161 days,142789.0,142794.0,high_confidence_candidate,,
ftif series xxviii xii 1154 days,142813.0,142807.0,high_confidence_candidate,,
ftif series xxviii xiii 1134 days,142815.0,142848.0,high_confidence_candidate,,
ftif series xxviii xiv 1147 days optioni,,,rejected,,
ftp 65 728 days _direct plan_growth,,,rejected,,
ftp s 12 369 days,121389.0,121381.0,high_confidence_candidate,,
ftp s 13 371 days,121477.0,121479.0,high_confidence_candidate,,
ftp s 14 399 days,121485.0,121491.0,high_confidence_candidate,,
ftp s 16 397 days,121681.0,121677.0,high_confidence_candidate,,
ftp s 17 366 days,121787.0,121790.0,high_confidence_candidate,,
ftp s 24 729 days plan_growth,123018.0,123013.0,high_confidence_candidate,,
ftp s 25 729 days _direct plan_growth,,,rejected,,
ftp s 26 489 days _direct,,,rejected,,
ftp s 27 366 days _direct,,,rejected,,
ftp s 40 729 days,124604.0,124608.0,high_confidence_candidate,,
ftp s 41 566 days plan_growth,124689.0,124686.0,high_confidence_candidate,,
ftp s 42 731 days plan_growth,124735.0,124743.0,high_confidence_candidate,,
ftp s 44 730 days _direct plan_growth,,,rejected,,
ftp s 49 729 days _direct plan_growth,,,rejected,,
ftp s 50 729 days _direct plan_growth,,,rejected,,
ftp s 51 597 days _direct plan_growth,,,rejected,,
ftp s 54 732 days _direct plan_growth,,,rejected,,
ftp s 57 594 days _direct plan_growth,,,rejected,,
ftp s 59 728 days _direct plan_growth,,,rejected,,
ftp s 60 643 days _direct plan_growth,,,rejected,,
ftp s 62 636 days _direct plan_growth,,,rejected,,
ftp s 64 447 days plan_growth,126432.0,126429.0,high_confidence_candidate,,
ftp s 66 1170 days _direct plan_growth,,,rejected,,
ftp s 69 728 days _direct plan_growth,,,rejected,,
ftp s 70 1169 days _direct plan_growth,,,rejected,,
ftp s 71 795 days _direct plan_growth,,,rejected,,
ftp s 73 50 days _direct plan_growth,,,rejected,,
ftp s 75 1170 days _direct plan_growth,,,rejected,,
ftp s 76 366 days _direct plan_growth,,,rejected,,
ftp s 77 1170 days _direct plan_growth,,,rejected,,
ftp s 78 1096 days _direct plan_growth,,,rejected,,
ftp s 79 1170 days _direct plan_growth,,,rejected,,
ftp s 81 729 days _direct plan_growth,,,rejected,,
ftp s 82 91 days _direct plan_growth,,,rejected,,
ftp s 83 729 days _direct plan_growth,,,rejected,,
ftp s 84 1175 days _direct plan_growth,,,rejected,,
ftp s 85 728 days _direct plan_growth,,,rejected,,
ftp s 86 1175 days _direct plan_growth,,,rejected,,
ftp s 88 1175 days _direct plan_growth,,,rejected,,
ftp s 89 742 days _direct plan_growth,,,rejected,,
ftp s 90 728 days _direct plan_growth,,,rejected,,
ftp s 91 1158 days _direct plan_,,,rejected,,
ftp s 92 735 days _direct plan_growth,,,rejected,,
ftp s 93 732 days _direct plan_growth,,,rejected,,
ftp s 97 788 days _direct plan_growth,,,rejected,,
ftp s52 728 days _direct plan_growth,,,rejected,,
ftp s67 729 days _direct plan_growth,,,rejected,,
ftp s72 419 days _direct plan_growth,,,rejected,,
ftp s74 1169 days plan_growth,127172.0,127165.0,high_confidence_candidate,,
ftp s_99 777days _direct_growth,,,rejected,,
ftp series 10 404 days,121204.0,121209.0,high_confidence_candidate,,
ftp series 11 397 days,121380.0,121371.0,high_confidence_candidate,,
ftp series 20 366 days,122732.0,122737.0,high_confidence_candidate,,
ftp series 21 370 days,122858.0,122863.0,high_confidence_candidate,,
ftp series 23 365 days plan_growth,122976.0,122968.0,high_confidence_candidate,,
ftp series 28 1098 days _direct plan_growth,,,rejected,,
ftp series 29 485 days _direct plan_growth,,,rejected,,
ftp series 30_direct plan_growth,,,rejected,,
ftp series 31 729 days _direct plan_growth,,,rejected,,
ftp series 32 729 days _direct plan_growth,,,rejected,,
ftp series 33 729 days _direct plan_growth,,,rejected,,
ftp series 34 728 days _direct plan_growth,,,rejected,,
ftp series 35 732 days plan_growth,124378.0,124384.0,high_confidence_candidate,,
ftp series 36 plan_growth,124391.0,124390.0,high_confidence_candidate,,
ftp series 38 166 days plan_growth,124427.0,124431.0,high_confidence_candidate,,
ftp series 39 506 days plan_growth,124440.0,124442.0,high_confidence_candidate,,
ftp series 48 601 days _direct plan_growth,,,rejected,,
ftp series 7,120181.0,120177.0,high_confidence_candidate,,
ftp series 9 410 days,121054.0,121055.0,high_confidence_candidate,,
fund,,,rejected,,
gilt fund,,,ambiguous,"[120447, 118464, 119099, 119116, 120590, 120282, 118672, 119707, 119603, 120792, 133265]","[116471, 111525, 100084, 100317, 101001, 102510]"
gilt fund investment pf,,,rejected,,
gilt fund short term,,,rejected,,
gilt fund treasury pf,,,rejected,,
gilt fund with 10 year constant duration,150410.0,150409.0,high_confidence_candidate,,
gilt fund with 10 year constant duration fund,118387.0,108753.0,high_confidence_candidate,,
gilt investment provident fund and trust,,,rejected,,
gilt mid term fund,119944.0,112928.0,high_confidence_candidate,,
gilt plus liquid,119612.0,100055.0,high_confidence_candidate,,
gilt savings,,,rejected,,
gilt securities fund,119953.0,101042.0,high_confidence_candidate,,
gilt short maturity fund,,,rejected,,
global advantage fund fof,,,rejected,,
global brand theme equity active fof,119602.0,106370.0,high_confidence_candidate,,
global clean energy overseas equity omni fof,119275.0,112126.0,high_confidence_candidate,,
global commodity stocks,,,rejected,,
global electric & autonomous vehicles equity passive fof,150595.0,150594.0,high_confidence_candidate,,
global emerging market overseas equity omni fof,,,rejected,,
global emerging opportunities fund,132140.0,132138.0,high_confidence_candidate,,
global equity alpha fund of fund,148485.0,148486.0,high_confidence_candidate,,
global innovation fund of fund,148954.0,148953.0,high_confidence_candidate,,
global innovation overseas equity omni fof,,,ambiguous,"[149059, 149816]","[149056, 149817]"
global stable equity fund fof,,,rejected,,
global x artificial intelligence & technology etf fund of fund,150597.0,150596.0,high_confidence_candidate,,
gold and silver passive fof,154078.0,154077.0,high_confidence_candidate,,
gold etf fof,,,ambiguous,"[120685, 154129]",[154130]
gold etf fund of fund,,,ambiguous,"[150714, 151974, 152183, 152287, 153007]","[151973, 152182, 152290, 153009]"
gold fund,,,ambiguous,"[120546, 120473, 119781, 119788]","[115897, 115676]"
gold savings fund,,,rejected,,
gold silver passive fof,,,ambiguous,"[153812, 153921]","[153814, 153922]"
goldman sachs cnx 500 fund,,,rejected,,
goldman sachs india equity fund,,,rejected,,
goldman sachs short term fund,,,rejected,,
government securities fund,119605.0,100058.0,high_confidence_candidate,,
government securities fund provident fund,,,rejected,,
government securities fund short term,119529.0,103190.0,high_confidence_candidate,,
great consumer fund,118837.0,114931.0,high_confidence_candidate,,
greater china equity fund of fund,148699.0,148701.0,high_confidence_candidate,,
growing economies infrastructure fund scheme a,,,rejected,,
growing economies infrastructure fund scheme b,,,rejected,,
groww aggressive hybrid fund formerly known as indiabulls equity hybrid fund,145599.0,145605.0,high_confidence_candidate,,
groww arbitrage fund,154320.0,154325.0,high_confidence_candidate,,
groww arbitrage fund formerly known as indiabulls arbitrage fund,133181.0,133184.0,high_confidence_candidate,,
groww banking & financial services fund,152254.0,152274.0,high_confidence_candidate,,
groww bse hospitals etf fof,154200.0,154223.0,high_confidence_candidate,,
groww bse power etf fof,153745.0,153748.0,high_confidence_candidate,,
groww dynamic term fund formerly known as indiabulls dynamic bond fund,145589.0,145590.0,high_confidence_candidate,,
groww elss tax saver fund formerly known as indiabulls tax savings fund,141808.0,141862.0,high_confidence_candidate,,
groww gilt fund,153477.0,153503.0,high_confidence_candidate,,
groww gold etf fof,152980.0,153006.0,high_confidence_candidate,,
groww largecap fund formerly known as indiabulls blue chip fund,119133.0,116547.0,high_confidence_candidate,,
groww liquid fund formerly known as indiabulls liquid fund,119135.0,115991.0,high_confidence_candidate,,
groww money market fund,153982.0,153992.0,high_confidence_candidate,,
groww multi asset allocation fund,153821.0,153851.0,high_confidence_candidate,,
groww multi asset omni fof,154028.0,154057.0,high_confidence_candidate,,
groww multicap fund,153034.0,153100.0,high_confidence_candidate,,
groww nifty 200 etf fof,153328.0,153342.0,high_confidence_candidate,,
groww nifty 50 index fund,153704.0,153710.0,high_confidence_candidate,,
groww nifty 500 momentum 50 etf fof,153453.0,153456.0,high_confidence_candidate,,
groww nifty capital markets etf fof,153908.0,153918.0,high_confidence_candidate,,
groww nifty ev & new age automotive etf fof,152770.0,152773.0,high_confidence_candidate,,
groww nifty india defence etf fof,152925.0,152927.0,high_confidence_candidate,,
groww nifty india internet etf fof,153626.0,153633.0,high_confidence_candidate,,
groww nifty india railways psu index fund,153230.0,153232.0,high_confidence_candidate,,
groww nifty midcap 150 index fund,153939.0,153953.0,high_confidence_candidate,,
groww nifty next 50 index fund,153786.0,153798.0,high_confidence_candidate,,
groww nifty non cyclical consumer index fund,152637.0,152633.0,high_confidence_candidate,,
groww nifty private bank index fund,154346.0,154350.0,high_confidence_candidate,,
groww nifty pse etf fof,154164.0,154173.0,high_confidence_candidate,,
groww nifty psu bank index fund,154278.0,154284.0,high_confidence_candidate,,
groww nifty smallcap 250 index fund,152431.0,152433.0,high_confidence_candidate,,
groww nifty smallcap 250 momentum quality 100 index fund,154383.0,154387.0,high_confidence_candidate,,
groww nifty total market index fund,152092.0,152127.0,high_confidence_candidate,,
groww overnight fund formerly known as indiabulls overnight fund,147450.0,147454.0,high_confidence_candidate,,
groww short term fund formerly known as indiabulls short term fund,123704.0,123708.0,high_confidence_candidate,,
groww silver etf fof,153525.0,153527.0,high_confidence_candidate,,
groww small cap fund,154063.0,154102.0,high_confidence_candidate,,
groww value fund formerly known as indiabulls value fund,135341.0,135343.0,high_confidence_candidate,,
healthcare fund,,,ambiguous,"[120782, 143783, 145454, 152024, 152214, 153972]","[100807, 143785, 145456, 152025, 152216, 153974]"
healthcare opportunities fund,119783.0,102823.0,high_confidence_candidate,,
helios arbitrage fund,154257.0,154258.0,high_confidence_candidate,,
helios balanced advantage fund,152509.0,152512.0,high_confidence_candidate,,
helios financial services fund,152679.0,152682.0,high_confidence_candidate,,
helios flexi cap fund,152135.0,152136.0,high_confidence_candidate,,
helios large & mid cap fund,152941.0,152943.0,high_confidence_candidate,,
helios mid cap fund,153326.0,153327.0,high_confidence_candidate,,
helios overnight fund,152152.0,152153.0,high_confidence_candidate,,
helios small cap fund,153912.0,153909.0,high_confidence_candidate,,
housing opportunities fund,,,ambiguous,"[141924, 150310, 150532]",[150537]
hsbc aggressive hybrid active fof,,,rejected,,
hsbc aggressive hybrid fund,,,ambiguous,"[145228, 151122]","[145227, 151120]"
hsbc arbitrage fund,151138.0,151134.0,high_confidence_candidate,,
hsbc balanced advantage fund,151129.0,151127.0,high_confidence_candidate,,
hsbc banking and psu debt fund,151107.0,151104.0,high_confidence_candidate,,
hsbc brazil fund,,,rejected,,
hsbc business cycles fund,151142.0,151144.0,high_confidence_candidate,,
hsbc capital protection oriented fund series i i,,,rejected,,
hsbc conservative hybrid fund,120073.0,102262.0,high_confidence_candidate,,
hsbc consumption fund,152032.0,152027.0,high_confidence_candidate,,
hsbc corporate bond fund,150996.0,150992.0,high_confidence_candidate,,
hsbc credit risk fund,151045.0,151043.0,high_confidence_candidate,,
hsbc crisil ibx 50:50 gilt plus sdl apr 2028 index fund,149966.0,149963.0,high_confidence_candidate,,
hsbc crisil ibx gilt june 2027 index fund,151479.0,151480.0,high_confidence_candidate,,
hsbc dynamic asset allocation fund,,,rejected,,
hsbc dynamic bond fund,,,ambiguous,"[120048, 148492, 151087]","[106737, 148496, 151084]"
hsbc elss tax saver fund,151078.0,151076.0,high_confidence_candidate,,
hsbc equity savings fund,151060.0,151058.0,high_confidence_candidate,,
hsbc financial services fund,153266.0,153267.0,high_confidence_candidate,,
hsbc fixed term series 100,,,rejected,,
hsbc fixed term series 101,,,rejected,,
hsbc fixed term series 102,,,rejected,,
hsbc fixed term series 105,,,rejected,,
hsbc fixed term series 106,,,rejected,,
hsbc fixed term series 107,,,rejected,,
hsbc fixed term series 109,,,rejected,,
hsbc fixed term series 125,,,rejected,,
hsbc fixed term series 126,,,rejected,,
hsbc fixed term series 128,,,rejected,,
hsbc fixed term series 129,,,rejected,,
hsbc fixed term series 131,,,rejected,,
hsbc fixed term series 132,,,rejected,,
hsbc fixed term series 133,,,rejected,,
hsbc fixed term series 134,,,rejected,,
hsbc fixed term series 135,,,rejected,,
hsbc fixed term series 136,,,rejected,,
hsbc fixed term series 137,,,rejected,,
hsbc fixed term series 139,,,rejected,,
hsbc fixed term series 140,,,rejected,,
hsbc fixed term series 89,,,rejected,,
hsbc fixed term series 90,,,rejected,,
hsbc fixed term series 91,,,rejected,,
hsbc fixed term series 94,,,rejected,,
hsbc fixed term series 95,,,rejected,,
hsbc fixed term series 96,,,rejected,,
hsbc fixed term series 97,,,rejected,,
hsbc fixed term series 98,,,rejected,,
hsbc fixed term series 99,,,rejected,,
hsbc flexi cap fund,120046.0,102252.0,high_confidence_candidate,,
hsbc floating rate fund long term,120054.0,102827.0,high_confidence_candidate,,
hsbc focused fund,148411.0,148409.0,high_confidence_candidate,,
hsbc gilt fund,,,ambiguous,"[120057, 151014]",[151013]
hsbc global consumer opportunities fund,,,rejected,,
hsbc global emerging market fund,,,rejected,,
hsbc global equity climate change fund of fund,148737.0,148735.0,high_confidence_candidate,,
hsbc gold etf fund of fund,154295.0,154298.0,high_confidence_candidate,,
hsbc income plus arbitrage active fof,,,rejected,,
hsbc india export opportunities fund,152829.0,152830.0,high_confidence_candidate,,
hsbc infrastructure fund,151040.0,151037.0,high_confidence_candidate,,
hsbc large & mid cap fund,146772.0,146771.0,high_confidence_candidate,,
hsbc large cap fund,120030.0,101594.0,high_confidence_candidate,,
hsbc liquid fund,120038.0,118902.0,high_confidence_candidate,,
hsbc low duration fund,,,ambiguous,"[120066, 151117]","[104350, 151114]"
hsbc medium duration fund,151146.0,151149.0,high_confidence_candidate,,
hsbc medium to long duration fund,120059.0,101685.0,high_confidence_candidate,,
hsbc midcap fund,,,ambiguous,"[149154, 151036]","[149153, 151034]"
hsbc money market fund,151054.0,151048.0,high_confidence_candidate,,
hsbc multi asset active fof,,,rejected,,
hsbc multi asset allocation fund,152380.0,152378.0,high_confidence_candidate,,
hsbc multi cap fund,151290.0,151289.0,high_confidence_candidate,,
hsbc nifty 50 index fund,151157.0,151158.0,high_confidence_candidate,,
hsbc nifty next 50 index fund,151160.0,151162.0,high_confidence_candidate,,
hsbc overnight fund,147287.0,147290.0,high_confidence_candidate,,
hsbc short duration fund,,,ambiguous,"[120062, 151067]","[101599, 151065]"
hsbc small cap fund,151130.0,151133.0,high_confidence_candidate,,
hsbc tax saver equity fund,,,rejected,,
hsbc ultra short duration fund,147908.0,147907.0,high_confidence_candidate,,
hsbc value fund,151113.0,151110.0,high_confidence_candidate,,
hybrid debt fund,,,rejected,,
hybrid equity fund,,,rejected,,
hybrid fixed term series 2,126497.0,126495.0,high_confidence_candidate,,
hybrid fund series 11,129389.0,129387.0,high_confidence_candidate,,
hybrid fund series 12,129755.0,129753.0,high_confidence_candidate,,
hybrid fund series 13,130059.0,130057.0,high_confidence_candidate,,
hybrid fund series 14,130886.0,130888.0,high_confidence_candidate,,
hybrid fund series 15,131083.0,131085.0,high_confidence_candidate,,
hybrid fund series 18,133429.0,133427.0,high_confidence_candidate,,
hybrid fund series 19,133563.0,133561.0,high_confidence_candidate,,
hybrid fund series 22,134535.0,134532.0,high_confidence_candidate,,
hybrid fund series 23,134621.0,134619.0,high_confidence_candidate,,
hybrid fund series 24,134741.0,134742.0,high_confidence_candidate,,
hybrid fund series 25,135233.0,135232.0,high_confidence_candidate,,
hybrid fund series 26,135282.0,135285.0,high_confidence_candidate,,
hybrid fund series 27,135528.0,135527.0,high_confidence_candidate,,
hybrid fund series 28,135618.0,135620.0,high_confidence_candidate,,
hybrid fund series 29 1275 days,,,rejected,,
hybrid fund series 30 1297 days,,,rejected,,
hybrid fund series 31 1381,,,rejected,,
hybrid fund series 32 1367 days,,,rejected,,
hybrid fund series 33 1358 days,,,rejected,,
hybrid fund series 35 1359 days,140112.0,140114.0,high_confidence_candidate,,
hybrid fund series 5 1346 days,122951.0,122950.0,high_confidence_candidate,,
hybrid fund series 6 1324 days,123065.0,123063.0,high_confidence_candidate,,
hybrid fund series 7 1305 day,,,rejected,,
hybrid fund series 8 1279 days,126356.0,126354.0,high_confidence_candidate,,
hybrid fund series 9 1282 days,126956.0,126957.0,high_confidence_candidate,,
hybrid fund series a,123218.0,123215.0,high_confidence_candidate,,
hybrid fund series c,125058.0,125061.0,high_confidence_candidate,,
hybrid fund series d,125651.0,125654.0,high_confidence_candidate,,
hybrid fund series f,128424.0,128427.0,high_confidence_candidate,,
hybrid fund series h,129787.0,129790.0,high_confidence_candidate,,
hybrid fund series k,130307.0,130303.0,high_confidence_candidate,,
hybrid fund series m,134673.0,134676.0,high_confidence_candidate,,
hybrid fund series o,,,rejected,,
hybrid series n,134710.0,134713.0,high_confidence_candidate,,
hybrid series p,136542.0,136539.0,high_confidence_candidate,,
hybrid series u,141253.0,141255.0,high_confidence_candidate,,
idbi banking & financial services fund,143353.0,143351.0,high_confidence_candidate,,
idbi credit risk fund,127181.0,127183.0,high_confidence_candidate,,
idbi dynamic bond fund,,,rejected,,
idbi equity advantage fund,123637.0,123638.0,high_confidence_candidate,,
idbi equity savings fund,,,rejected,,
idbi flexi cap fund,128236.0,128235.0,high_confidence_candidate,,
idbi fmp series iii 24 months july 2013 f,123078.0,123079.0,high_confidence_candidate,,
idbi fmp series iii 366 days july 2013 g,123179.0,123182.0,high_confidence_candidate,,
idbi fmp series iii 366 days march 2013 d,121823.0,121821.0,high_confidence_candidate,,
idbi fmp series iii 366 days september 2013 m,124524.0,124523.0,high_confidence_candidate,,
idbi fmp series iii 367 days feb 2013 a,,,rejected,,
idbi fmp series iii 368 days september 2013 k,,,ambiguous,"[124199, 131442]","[124198, 131443]"
idbi fmp series iii 370 days august 2013 i,123420.0,123422.0,high_confidence_candidate,,
idbi fmp series iii 385 days mar 2013 b,121581.0,121580.0,high_confidence_candidate,,
idbi fmp series iii 385 days march 2013 c,121644.0,121642.0,high_confidence_candidate,,
idbi fmp series iii 494 days december 2013 o,126024.0,126020.0,high_confidence_candidate,,
idbi fmp series iii 564 days september 2013 l,124366.0,124365.0,high_confidence_candidate,,
idbi fmp series iii 90 days august 2013 h,123296.0,123295.0,high_confidence_candidate,,
idbi fmp series iii 90 days august 2013 j,123523.0,123522.0,high_confidence_candidate,,
idbi fmp series iv 366 days february 2014 e,127566.0,127567.0,high_confidence_candidate,,
idbi fmp series iv 368 days february 2014 c,127199.0,127200.0,high_confidence_candidate,,
idbi fmp series iv 376 days march 2014 l,128678.0,128675.0,high_confidence_candidate,,
idbi fmp series iv 387 days march 2014 g,127908.0,127909.0,high_confidence_candidate,,
idbi fmp series iv 518 days january 2014 b,126469.0,126468.0,high_confidence_candidate,,
idbi fmp series iv 542 days february 2014 f,127576.0,127574.0,high_confidence_candidate,,
idbi fmp series iv 90 days february 2014 d,127520.0,127521.0,high_confidence_candidate,,
idbi fmp series iv 91 days march 2014 h,128019.0,128020.0,high_confidence_candidate,,
idbi focused 30 equity fund,141920.0,141919.0,high_confidence_candidate,,
idbi gilt fund,,,rejected,,
idbi healthcare fund,146517.0,146518.0,high_confidence_candidate,,
idbi hybrid equity fund,139971.0,139969.0,high_confidence_candidate,,
idbi india top 100 equity fund,,,rejected,,
idbi liquid fund,,,rejected,,
idbi long term value fund,144455.0,144453.0,high_confidence_candidate,,
idbi midcap fund,140461.0,140460.0,high_confidence_candidate,,
idbi nifty 50 index fund,,,rejected,,
idbi nifty next 50 index fund,,,rejected,,
idbi rgess series i a,121086.0,121084.0,high_confidence_candidate,,
idbi short term bond fund,,,rejected,,
idbi small cap fund,141475.0,141462.0,high_confidence_candidate,,
idbi ust,,,rejected,,
iifl capital enhancer fund series 1,143212.0,143214.0,high_confidence_candidate,,
iifl fixed maturity series 6,121898.0,121900.0,high_confidence_candidate,,
iifl short term income fund,124091.0,124042.0,high_confidence_candidate,,
il&fs infrastructure debt fund series 2a,,,rejected,,
il&fs infrastructure debt fund series 2b,,,rejected,,
il&fs infrastructure debt fund series 2c,,,rejected,,
il&fs infrastructure debt fund series 3a,142701.0,142702.0,high_confidence_candidate,,
il&fs infrastructure debt fund series 3b,,,rejected,,
income fund,,,ambiguous,"[119657, 119069, 119876]","[100038, 100418]"
income plus arbitrage active fof,,,ambiguous,"[118410, 130543, 131898, 147889, 153638, 153498, 153513]","[108545, 131896, 147890, 153640, 153500, 153511]"
income plus arbitrage active fof fund,154123.0,154127.0,high_confidence_candidate,,
income plus arbitrage active fund of fund,,,ambiguous,"[153442, 153600]","[153441, 153601]"
income plus arbitrage omni fof,,,ambiguous,"[120313, 130493, 150822, 154262]","[130492, 150820, 154261]"
income plus arbitrage passive fof,153924.0,153927.0,high_confidence_candidate,,
index fund bse sensex,,,rejected,,
index fund nifty 50,,,rejected,,
index fund sensex advantage,,,rejected,,
india aggressive hybrid fund,,,ambiguous,"[118546, 143537]",[143536]
india annual interval fund series 1 b sub,134075.0,134074.0,high_confidence_candidate,,
india arbitrage fund,,,ambiguous,"[120401, 153043]",[105603]
india balanced advantage fund,,,ambiguous,"[120333, 150481]",[106317]
india banking & psu debt fund,,,rejected,,
india banking and psu fund,120444.0,118232.0,high_confidence_candidate,,
india bse sensex index fund,154340.0,154342.0,high_confidence_candidate,,
india business cycle fund,153291.0,153288.0,high_confidence_candidate,,
india conservative hybrid fund,,,rejected,,
india conservative hybrid fund segregated portfolio 1 10 25% yes bank ltd co 05mar20,,,rejected,,
india consumer fund,,,ambiguous,"[120780, 135805]","[106425, 135804]"
india consumption fund,153900.0,153902.0,high_confidence_candidate,,
india contra fund,120348.0,105460.0,high_confidence_candidate,,
india corporate bond fund,120497.0,106177.0,high_confidence_candidate,,
india corporate debt fund,,,rejected,,
india credit risk fund,,,ambiguous,"[118553, 130722]",[130721]
india credit risk fund segregated portfolio 1 8 25% vodafone idea ltd 10jul20,,,rejected,,
india credit risk fund segregated portfolio 2 10 90% vodafone idea ltd 02sep2023,,,rejected,,
india credit risk fund segregated portfolio 3 9 50% yes bank ltd co 23dec21,,,rejected,,
india dynamic accrual fund,,,rejected,,
india dynamic accrual fund segregated portfolio 1 8 25% vodafone idea ltd 10jul20,,,rejected,,
india dynamic accrual fund segregated portfolio 2 10 90% vodafone idea ltd 02sep2023,,,rejected,,
india dynamic accrual fund segregated portfolio 3 9 50% yes bank ltd co 23dec21,,,rejected,,
india dynamic asset allocation active fund of funds,,,rejected,,
india elss tax saver fund,,,ambiguous,"[118540, 120416]",[104636]
india equity savings fund,,,ambiguous,"[144466, 146457]",[146456]
india esg integration strategy fund,148751.0,148753.0,high_confidence_candidate,,
india feeder templeton european opportunities fund,,,rejected,,
india financial services fund,120385.0,108378.0,high_confidence_candidate,,
india fixed maturit plans series 4 e 1098 days,,,rejected,,
india fixed maturity plans series 1 a 1108 days,,,rejected,,
india fixed maturity plans series 1 b 1104 days,,,rejected,,
india fixed maturity plans series 2 a 1224 days,,,rejected,,
india fixed maturity plans series 2 b 1224 days,,,rejected,,
india fixed maturity plans series 2 c 1205 days,,,rejected,,
india fixed maturity plans series 3 a 1157 days,,,rejected,,
india fixed maturity plans series 3 b 1139 days,,,rejected,,
india fixed maturity plans series 3 c 1132 days,,,rejected,,
india fixed maturity plans series 3 d 1132 days,,,rejected,,
india fixed maturity plans series 3 e 1104 days,,,rejected,,
india fixed maturity plans series 3 f 1098 days,,,rejected,,
india fixed maturity plans series 4 a 1098 days,,,rejected,,
india fixed maturity plans series 4 b 1098 days,,,rejected,,
india fixed maturity plans series 4 c 1098 days,,,rejected,,
india fixed maturity plans series 4 f 1286 days,,,rejected,,
india fixed maturity plans series 5 a 1273 days,,,rejected,,
india fixed maturity plans series 5 b 1244 days,,,rejected,,
india fixed maturity plans series 5 d 1238 days,,,rejected,,
india fixed maturity plans series 5 e 1224 days,,,rejected,,
india fixed maturity plans series 5 f 1203 days,,,rejected,,
india fixed maturity plans series 6 c 1169 days,,,rejected,,
india fixed maturity plans series4 d 1098 days,,,rejected,,
india fixed maturity plans series5 c 1259 days,,,rejected,,
india fixed maturity series 22 f 15 months,126692.0,126691.0,high_confidence_candidate,,
india fixed maturity series 22 h 427 days,126936.0,126935.0,high_confidence_candidate,,
india fixed maturity series 22 l 14 months,127481.0,127480.0,high_confidence_candidate,,
india fixed maturity series 23 a 13 months,127962.0,127963.0,high_confidence_candidate,,
india fixed maturity series 23 e 382 days,128518.0,128520.0,high_confidence_candidate,,
india fixed maturity series 23 h 370 days,128993.0,128994.0,high_confidence_candidate,,
india fixed maturity series 23 j 370 dys,129178.0,129176.0,high_confidence_candidate,,
india fixed maturity series 23 l 370 dys,129426.0,129428.0,high_confidence_candidate,,
india fixed maturity series 23 o 370 dys,130355.0,130353.0,high_confidence_candidate,,
india fixed maturity series 24 d 1099 dys,131174.0,131171.0,high_confidence_candidate,,
india fixed maturity series 24 f 1098 days,132800.0,132803.0,high_confidence_candidate,,
india fixed maturity series 25 a 1098 days sub,133417.0,133420.0,high_confidence_candidate,,
india fixed maturity series 25 c 1148 days sub,133947.0,133948.0,high_confidence_candidate,,
india fixed maturity series 25 d 1141 days sub,134061.0,134059.0,high_confidence_candidate,,
india fixed maturity series 25 f sub,134207.0,134208.0,high_confidence_candidate,,
india fixed maturity series 26 a,134779.0,134776.0,high_confidence_candidate,,
india fixed maturity series 26 c sub,135054.0,135053.0,high_confidence_candidate,,
india fixed maturity series 26 e sub,135439.0,135437.0,high_confidence_candidate,,
india fixed maturity series 27 a sub,135857.0,135858.0,high_confidence_candidate,,
india fixed maturity series 27 c sub,136060.0,136063.0,high_confidence_candidate,,
india fixed maturity series 29 b sub,140884.0,140883.0,high_confidence_candidate,,
india fixed maturity series 30 a sub,142091.0,142089.0,high_confidence_candidate,,
india fixed maturity series 30 c,142375.0,142377.0,high_confidence_candidate,,
india fixed maturity series 30 d,142435.0,142438.0,high_confidence_candidate,,
india fixed maturity series 31 a,142721.0,142723.0,high_confidence_candidate,,
india fixed maturity series 31 b,142853.0,142855.0,high_confidence_candidate,,
india fixed maturity series 31 d,143548.0,143549.0,high_confidence_candidate,,
india fixed maturity series 32 a,143845.0,143846.0,high_confidence_candidate,,
india fixed maturity series 32 b,143924.0,143923.0,high_confidence_candidate,,
india fixed maturity series 32 c,144332.0,144330.0,high_confidence_candidate,,
india fixed maturity series 32 d,144610.0,144611.0,high_confidence_candidate,,
india fixed maturity series 32 e,144879.0,144878.0,high_confidence_candidate,,
india fixed maturity series 33 a,144931.0,144929.0,high_confidence_candidate,,
india fixed maturity series 33 b,145079.0,145081.0,high_confidence_candidate,,
india fixed maturity series 33 d,145699.0,145698.0,high_confidence_candidate,,
india fixed maturity series xix c 367 days,,,rejected,,
india fixed maturity series xix e 3 years,,,rejected,,
india fixed maturity series xix f 370 days,,,rejected,,
india fixed maturity series xx b 601 days,,,rejected,,
india fixed maturity series xxi e 370 days,125622.0,125621.0,high_confidence_candidate,,
india flexi cap fund,,,ambiguous,"[118535, 149763]",[149766]
india floating rate fund,,,rejected,,
india focused equity fund,,,rejected,,
india focused fund,148481.0,148483.0,high_confidence_candidate,,
india fund series 4,142418.0,142417.0,high_confidence_candidate,,
india fund series 4 ayout of income distribution cum capital withdrawal,142415.0,142416.0,high_confidence_candidate,,
india fund series 5,143244.0,143243.0,high_confidence_candidate,,
india fund series 5 ayout of income distribution cum capital withdrawal,143245.0,143246.0,high_confidence_candidate,,
india fund series 7,144673.0,144676.0,high_confidence_candidate,,
india fund series 7 ayout of income distribution cum capital withdrawal,144675.0,144674.0,high_confidence_candidate,,
india gdp fund,118471.0,111758.0,high_confidence_candidate,,
india gilt fund,120520.0,107477.0,high_confidence_candidate,,
india gold etf fund of fund,120531.0,116077.0,high_confidence_candidate,,
india gorwth fund series i,134567.0,134565.0,high_confidence_candidate,,
india government securities fund,,,rejected,,
india government securities fund composite,,,rejected,,
india government securities fund pf,,,rejected,,
india government securities fund treasury,,,rejected,,
india income opportunities fund,,,rejected,,
india income opportunities fund segregated portfolio 1 8 25% vodafone idea ltd 10jul20,,,rejected,,
india income opportunities fund segregated portfolio 2 10 90% vodafone idea ltd 02sep2023,,,rejected,,
india income plus arbitrage active fund of fund,153697.0,153695.0,high_confidence_candidate,,
india income plus arbitrage active fund of funds,,,rejected,,
india index fund bse,,,rejected,,
india index fund nse nifty 50 index fund,,,rejected,,
india infrastructure fund,120405.0,106654.0,high_confidence_candidate,,
india innovation fund,153055.0,153059.0,high_confidence_candidate,,
india invesco eqqq nasdaq 100 etf fund of fund,149961.0,149960.0,high_confidence_candidate,,
india invesco global consumer trends fund of fund,148614.0,148613.0,high_confidence_candidate,,
india invesco global equity income fund of fund,129188.0,129187.0,high_confidence_candidate,,
india invesco pan european equity fund of fund,126353.0,126351.0,high_confidence_candidate,,
india large & mid cap fund,,,ambiguous,"[118510, 120357]",[106144]
india large cap fund,,,rejected,,
india largecap fund,120392.0,112098.0,high_confidence_candidate,,
india life stage fund of funds the 20s,,,rejected,,
india life stage fund of funds the 30s,,,rejected,,
india life stage fund of funds the 40s,,,rejected,,
india life stage fund of funds the 50s plus,,,rejected,,
india life stage fund of funds the 50s plus floating rate,,,rejected,,
india liquid fund,,,ambiguous,[120537],"[100538, 104488]"
india liquid fund super,,,rejected,,
india long duration fund,,,rejected,,
india low duration fund,,,ambiguous,"[118530, 120570, 153368]",[104728]
india low duration fund segregated portfolio 1 8 25% vodafone idea ltd 10jul20,,,rejected,,
india low duration fund segregated portfolio 2 10 90% vodafone idea ltd 02sep2023,,,rejected,,
india manufacturing fund,,,ambiguous,"[152202, 152756]","[152205, 152758]"
india medium duration fund,149011.0,149012.0,high_confidence_candidate,,
india medium to long duration fund,,,rejected,,
india mid cap fund,,,rejected,,
india midcap fund,120403.0,105503.0,high_confidence_candidate,,
india money market fund,,,ambiguous,"[118506, 120507]",[112120]
india multi asset allocation fund,,,ambiguous,"[153047, 153731]",[153046]
india multi cap fund,,,rejected,,
india multi factor fund,,,rejected,,
india multicap fund,120413.0,107353.0,high_confidence_candidate,,
india nifty bank index fund,154343.0,154344.0,high_confidence_candidate,,
india nifty g sec jul 2027 index fund,151593.0,151590.0,high_confidence_candidate,,
india nifty g sec sep 2032 index fund,151597.0,151594.0,high_confidence_candidate,,
india opportunities fund,,,ambiguous,"[119618, 118539]",[100066]
india opportunities fund series a,,,rejected,,
india overnight fund,,,ambiguous,"[147214, 147883]",[147878]
india pharma & healthcare fund,135810.0,135812.0,high_confidence_candidate,,
india psu equity fund,120395.0,112171.0,high_confidence_candidate,,
india reforms fund,,,rejected,,
india retirement fund,,,rejected,,
india short duration fund,120560.0,105185.0,high_confidence_candidate,,
india short term income,,,rejected,,
india small cap fund,,,rejected,,
india smallcap fund,145137.0,145139.0,high_confidence_candidate,,
india t i g e r fund,119247.0,102434.0,high_confidence_candidate,,
india technology fund,,,ambiguous,"[118537, 152863]",[152862]
india ultra short bond fund super,,,rejected,,
india ultra short bond fund super segregated portfolio 1 8 25% vodafone idea ltd 10jul20,,,rejected,,
india ultra short duration fund,,,ambiguous,"[120541, 152825]",[114359]
indiabulls banking & psu debt fund,147217.0,147223.0,high_confidence_candidate,,
indiabulls fmp series iii 370 days july 2013 3,123090.0,123092.0,high_confidence_candidate,,
indiabulls fmp series v 1 1175 days,138218.0,138220.0,high_confidence_candidate,,
indiabulls gilt fund,,,rejected,,
indiabulls gilt fund indirect,,,rejected,,
indiabulls income fund,121153.0,121158.0,high_confidence_candidate,,
indiabulls liquid fund unclaimed redemption < 3 yrs,,,rejected,,
indiabulls liquid fund unclaimed redemption> 3yrs,,,rejected,,
indiabulls savings fund,144994.0,144997.0,high_confidence_candidate,,
indiabulls savings income fund,135689.0,135692.0,high_confidence_candidate,,
indiabulls ultra short term fund,,,rejected,,
indo global infrastructure fund,,,rejected,,
inflation indexed bond fund,,,ambiguous,"[130555, 132783]","[130553, 132784]"
infrastructure & economic reform fund,,,rejected,,
infrastructure advantage fund,129212.0,129213.0,high_confidence_candidate,,
infrastructure fund,,,ambiguous,"[119514, 118469, 118979, 120621, 120351, 119700, 119243, 120728, 153484, 153983]","[114476, 107763, 106096, 101766, 153482, 153985]"
ing 5 star multi manager fof scheme,,,rejected,,
ing active debt multi manager fof scheme,,,rejected,,
ing asset allocator multi manager fof scheme,,,rejected,,
ing balanced fund,,,rejected,,
ing core equity fund,,,rejected,,
ing financial planning fund aggressive,,,rejected,,
ing financial planning fund cautious,,,rejected,,
ing financial planning fund conservative,,,rejected,,
ing financial planning fund prudent,,,rejected,,
ing gilt fund provident fund dynamic,,,rejected,,
ing global commodities fund,,,rejected,,
ing income multi manager fof scheme 15% equity a,,,rejected,,
ing income multi manager fof scheme 30% equity a,,,rejected,,
ing large cap equity fund,,,rejected,,
ing latin america equity fund,,,rejected,,
ing liquid fund super,,,rejected,,
ing midcap fund,,,rejected,,
ing mip fund,,,rejected,,
ing multi manager equity fund a,,,rejected,,
ing short term income fund,,,rejected,,
ing tax savings fund,,,rejected,,
ing treasury advantage fund,119939.0,105210.0,high_confidence_candidate,,
innovation fund,,,ambiguous,"[148634, 151580, 152033, 152087, 152607, 153620]","[148631, 152034, 152086, 152606, 153619]"
innovation opportunities fund,153258.0,153256.0,high_confidence_candidate,,
innovative opportunities fund,152776.0,152774.0,high_confidence_candidate,,
international equity fund,119517.0,106873.0,high_confidence_candidate,,
international equity fund b,119518.0,106876.0,high_confidence_candidate,,
international reit overseas equity omni fof,148646.0,148645.0,high_confidence_candidate,,
interval fund annual interval i,120625.0,106292.0,high_confidence_candidate,,
interval fund annual interval ii,120627.0,106763.0,high_confidence_candidate,,
interval fund annual interval iii,120629.0,106777.0,high_confidence_candidate,,
interval fund annual interval iv,120631.0,106833.0,high_confidence_candidate,,
interval fund annual series 1,120366.0,108439.0,high_confidence_candidate,,
interval fund half yearly interval ii,120633.0,106853.0,high_confidence_candidate,,
interval fund ii quarterly interval,,,rejected,,
interval fund ii quarterly interval a,120642.0,106829.0,high_confidence_candidate,,
interval fund ii quarterly interval b,120643.0,106886.0,high_confidence_candidate,,
interval fund ii quarterly interval c,120646.0,106976.0,high_confidence_candidate,,
interval fund ii quarterly interval d,120649.0,107139.0,high_confidence_candidate,,
interval fund ii quarterly interval f,120652.0,107310.0,high_confidence_candidate,,
interval fund iii quarterly interval,,,rejected,,
interval fund iv quarterly interval b,120623.0,110348.0,high_confidence_candidate,,
interval fund monthly interval i,120636.0,105651.0,high_confidence_candidate,,
interval fund monthly series 1,120359.0,108417.0,high_confidence_candidate,,
interval fund quarterly interval 1,,,rejected,,
interval fund quarterly series 1,120363.0,108411.0,high_confidence_candidate,,
interval fund quarterly series 2,120372.0,109916.0,high_confidence_candidate,,
interval fund quarterly series i,,,rejected,,
interval fund series 4 90 days _direct plan_growth,,,rejected,,
interval fund v monthly interval a,120661.0,110047.0,high_confidence_candidate,,
interval fund v series 1,,,rejected,,
interval fund v series 2,,,rejected,,
interval income fund annual i,120221.0,120219.0,high_confidence_candidate,,
interval income fund annual ix,123115.0,123116.0,high_confidence_candidate,,
interval income fund annual v,121816.0,121820.0,high_confidence_candidate,,
interval income fund annual x,123609.0,123611.0,high_confidence_candidate,,
interval income fund quarterly series i,,,rejected,,
iti arbitrage fund,147617.0,147618.0,high_confidence_candidate,,
iti balanced advantage fund,147789.0,147787.0,high_confidence_candidate,,
iti banking & psu debt fund,148534.0,148535.0,high_confidence_candidate,,
iti banking and financial services fund,149321.0,149324.0,high_confidence_candidate,,
iti bharat consumption fund,153260.0,153263.0,high_confidence_candidate,,
iti business cycle fund,154157.0,154159.0,high_confidence_candidate,,
iti conservative hybrid fund,149908.0,149898.0,high_confidence_candidate,,
iti dynamic bond fund,149029.0,149021.0,high_confidence_candidate,,
iti elss tax saver fund,147541.0,147544.0,high_confidence_candidate,,
iti flexi cap fund,151379.0,151377.0,high_confidence_candidate,,
iti focused fund,151777.0,151778.0,high_confidence_candidate,,
iti large & midcap fund,152821.0,152824.0,high_confidence_candidate,,
iti large cap fund,148353.0,148351.0,high_confidence_candidate,,
iti liquid fund,147157.0,147153.0,high_confidence_candidate,,
iti mid cap fund,148733.0,148732.0,high_confidence_candidate,,
iti multi cap fund,147183.0,147184.0,high_confidence_candidate,,
iti overnight fund,147713.0,147714.0,high_confidence_candidate,,
iti pharma and healthcare fund,149268.0,149270.0,high_confidence_candidate,,
iti small cap fund,147919.0,147920.0,high_confidence_candidate,,
iti ultra short duration fund,148913.0,148906.0,high_confidence_candidate,,
iti value fund,148972.0,148973.0,high_confidence_candidate,,
japan equity fund,,,rejected,,
jioblackrock arbitrage fund,,,rejected,,
jioblackrock flexi cap fund,,,rejected,,
jioblackrock large cap fund,,,rejected,,
jioblackrock liquid fund,,,rejected,,
jioblackrock low duration fund,,,rejected,,
jioblackrock money market fund,,,rejected,,
jioblackrock nifty 50 index fund,,,rejected,,
jioblackrock nifty 8 13 yr g sec index fund,,,rejected,,
jioblackrock nifty midcap 150 index fund,,,rejected,,
jioblackrock nifty next 50 index fund,,,rejected,,
jioblackrock nifty smallcap 250 index fund,,,rejected,,
jioblackrock overnight fund,,,rejected,,
jioblackrock sector rotation fund,,,rejected,,
jioblackrock short duration fund,,,rejected,,
jm aggressive hybrid fund,120484.0,100221.0,high_confidence_candidate,,
jm arbitrage fund,120482.0,103780.0,high_confidence_candidate,,
jm dynamic bond fund,120435.0,101806.0,high_confidence_candidate,,
jm elss tax saver fund,120494.0,107288.0,high_confidence_candidate,,
jm fixed maturity fund series xxiii a jm fmf xxiii a,,,rejected,,
jm fixed maturity fund series xxiv a jm fmf xxiv a,,,rejected,,
jm fixed maturity fund series xxiv c jm fmf xxiv c,,,rejected,,
jm fixed maturity fund series xxv a jm fmf xxv a,,,rejected,,
jm flexicap fund,120492.0,109522.0,high_confidence_candidate,,
jm floater short term fund,,,rejected,,
jm focused fund,120488.0,107410.0,high_confidence_candidate,,
jm g sec fund,,,rejected,,
jm large & mid cap fund,153629.0,153627.0,high_confidence_candidate,,
jm large cap fund,120490.0,100219.0,high_confidence_candidate,,
jm liquid fund,,,rejected,,
jm liquid fund unclaimed application refund amount i e f,,,rejected,,
jm liquid fund unclaimed brokerage i e f,,,rejected,,
jm liquid fund unclaimed redemption,,,rejected,,
jm liquid fund unclaimed redemption ief,,,rejected,,
jm liquid fund withheld brokerage i e f,,,rejected,,
jm low duration fund,143612.0,143607.0,high_confidence_candidate,,
jm medium to long duration fund,120430.0,100223.0,high_confidence_candidate,,
jm midcap fund,150815.0,150812.0,high_confidence_candidate,,
jm mip fund,,,rejected,,
jm money manager fund super,,,rejected,,
jm money manager fund super plus,,,rejected,,
jm money market fund,,,rejected,,
jm overnight fund,147837.0,147836.0,high_confidence_candidate,,
jm overnight fund unclaimed redemption,,,rejected,,
jm overnight fund unclaimed redemption i e f,,,rejected,,
jm short duration fund,150545.0,150542.0,high_confidence_candidate,,
jm short term fund,120471.0,101520.0,high_confidence_candidate,,
jm small cap fund,152614.0,152612.0,high_confidence_candidate,,
jm ultra short duration fund,,,rejected,,
jm value fund,120486.0,100254.0,high_confidence_candidate,,
jpmorgan asean equity off shore fund,119878.0,115293.0,high_confidence_candidate,,
jpmorgan eemea equity off shore fund,119874.0,113394.0,high_confidence_candidate,,
jpmorgan emerging markets opportunities equity offshore fund,130268.0,130269.0,high_confidence_candidate,,
jpmorgan europe dynamic equity offshore fund,126619.0,126618.0,high_confidence_candidate,,
jpmorgan greater china equity off shore fund,119872.0,112084.0,high_confidence_candidate,,
jpmorgan india active bond fund,119883.0,109175.0,high_confidence_candidate,,
jpmorgan india annual interval fund,123305.0,123308.0,high_confidence_candidate,,
jpmorgan india balanced advantage fund,134150.0,134152.0,high_confidence_candidate,,
jpmorgan india banking and psu debt fund,123905.0,123902.0,high_confidence_candidate,,
jpmorgan india corporate debt opportunities fund,131219.0,131222.0,high_confidence_candidate,,
jpmorgan india economic resurgence fund,133489.0,133491.0,high_confidence_candidate,,
jpmorgan india equity fund,119867.0,105582.0,high_confidence_candidate,,
jpmorgan india equity income fund,131412.0,131416.0,high_confidence_candidate,,
jpmorgan india fixed maturity series 12,118919.0,118917.0,high_confidence_candidate,,
jpmorgan india fixed maturity series 13,120936.0,120935.0,high_confidence_candidate,,
jpmorgan india fixed maturity series 15,121350.0,121348.0,high_confidence_candidate,,
jpmorgan india fixed maturity series 16,121631.0,121630.0,high_confidence_candidate,,
jpmorgan india fixed maturity series 17,121848.0,121845.0,high_confidence_candidate,,
jpmorgan india fixed maturity series 18,122064.0,122062.0,high_confidence_candidate,,
jpmorgan india fixed maturity series 20,122385.0,122383.0,high_confidence_candidate,,
jpmorgan india fixed maturity series 21,122706.0,122705.0,high_confidence_candidate,,
jpmorgan india fixed maturity series 22,123102.0,123104.0,high_confidence_candidate,,
jpmorgan india fixed maturity series 23,123572.0,123574.0,high_confidence_candidate,,
jpmorgan india fixed maturity series 26,123942.0,123940.0,high_confidence_candidate,,
jpmorgan india fixed maturity series 28,124258.0,124257.0,high_confidence_candidate,,
jpmorgan india fixed maturity series 30,127174.0,127173.0,high_confidence_candidate,,
jpmorgan india fixed maturity series 31,127179.0,127177.0,high_confidence_candidate,,
jpmorgan india fixed maturity series 32,127613.0,127611.0,high_confidence_candidate,,
jpmorgan india fixed maturity series 33,127837.0,127839.0,high_confidence_candidate,,
jpmorgan india fixed maturity series 35,,,rejected,,
jpmorgan india fixed maturity series 38,129226.0,129224.0,high_confidence_candidate,,
jpmorgan india fixed maturity series 40,131064.0,131063.0,high_confidence_candidate,,
jpmorgan india fixed maturity sr 14,121273.0,121271.0,high_confidence_candidate,,
jpmorgan india fixed maturity sr 37,129209.0,129206.0,high_confidence_candidate,,
jpmorgan india government securities fund,127152.0,127151.0,high_confidence_candidate,,
jpmorgan india hybrid fund series 2,121635.0,121637.0,high_confidence_candidate,,
jpmorgan india liquid fund,119905.0,106561.0,high_confidence_candidate,,
jpmorgan india mid and small cap fund,119869.0,107301.0,high_confidence_candidate,,
jpmorgan india short term income fund,119890.0,112784.0,high_confidence_candidate,,
jpmorgan india tax advantage fund,119871.0,111677.0,high_confidence_candidate,,
jpmorgan india top 100 fund,129987.0,129988.0,high_confidence_candidate,,
jpmorgan india treasury fund,119926.0,106564.0,high_confidence_candidate,,
jpmorgan us value equity offshore fund,123012.0,123011.0,high_confidence_candidate,,
kotka fmp series 219,,,rejected,,
l&t arbitrage opportunities fund,130450.0,130446.0,high_confidence_candidate,,
l&t balanced advantage fund,119298.0,118194.0,high_confidence_candidate,,
l&t banking and psu debt fund,,,ambiguous,[119795],"[118078, 118074]"
l&t business cycles fund,130825.0,130827.0,high_confidence_candidate,,
l&t conservative hybrid fund,119852.0,112487.0,high_confidence_candidate,,
l&t credit risk fund,119786.0,112632.0,high_confidence_candidate,,
l&t emerging businesses fund,129220.0,129223.0,high_confidence_candidate,,
l&t equity savings fund,119802.0,115887.0,high_confidence_candidate,,
l&t flexi bond fund,,,ambiguous,[119428],"[118053, 118051]"
l&t flexicap fund,119291.0,118043.0,high_confidence_candidate,,
l&t fmp series ix a,124581.0,124578.0,high_confidence_candidate,,
l&t fmp series ix b,124574.0,124573.0,high_confidence_candidate,,
l&t fmp series ix d,125218.0,125213.0,high_confidence_candidate,,
l&t fmp series ix e,125220.0,125214.0,high_confidence_candidate,,
l&t fmp series ix f,125292.0,125293.0,high_confidence_candidate,,
l&t fmp series ix g,125562.0,125564.0,high_confidence_candidate,,
l&t fmp series ix h,125803.0,125802.0,high_confidence_candidate,,
l&t fmp series ix j,125812.0,125811.0,high_confidence_candidate,,
l&t fmp series viii a,122751.0,122749.0,high_confidence_candidate,,
l&t fmp series viii b,123292.0,123290.0,high_confidence_candidate,,
l&t fmp series viii c,123598.0,123293.0,high_confidence_candidate,,
l&t fmp series viii d,123417.0,123294.0,high_confidence_candidate,,
l&t fmp series viii e,123685.0,123684.0,high_confidence_candidate,,
l&t fmp series viii f,123963.0,123965.0,high_confidence_candidate,,
l&t fmp series viii g,124185.0,124184.0,high_confidence_candidate,,
l&t fmp series viii i,124330.0,124329.0,high_confidence_candidate,,
l&t fmp series viii j,124572.0,124571.0,high_confidence_candidate,,
l&t fmp series x a 368 days,126193.0,126192.0,high_confidence_candidate,,
l&t fmp series x b 1119 days,126196.0,126198.0,high_confidence_candidate,,
l&t fmp series x d 367 days,126569.0,126571.0,high_confidence_candidate,,
l&t fmp series x e 1000 days,126572.0,126575.0,high_confidence_candidate,,
l&t fmp series x h 1155 days,127134.0,127136.0,high_confidence_candidate,,
l&t fmp series x k 91 days,127334.0,127336.0,high_confidence_candidate,,
l&t fmp series x l 367 days,127847.0,127845.0,high_confidence_candidate,,
l&t fmp series x m 1520 days,127862.0,127861.0,high_confidence_candidate,,
l&t fmp series x n 367 days,127878.0,127877.0,high_confidence_candidate,,
l&t fmp series x o 1139 days,127975.0,127973.0,high_confidence_candidate,,
l&t fmp series x q 1511 days,128513.0,128511.0,high_confidence_candidate,,
l&t fmp series x r 1506 days,128516.0,128515.0,high_confidence_candidate,,
l&t fmp series x s 1500 days,128584.0,128585.0,high_confidence_candidate,,
l&t fmp series x t 1500 days,128587.0,128588.0,high_confidence_candidate,,
l&t fmp series xi a 1484 days,129056.0,129058.0,high_confidence_candidate,,
l&t fmp series xi b 90 days,129851.0,129850.0,high_confidence_candidate,,
l&t fmp series xi c 1139 days,130790.0,130792.0,high_confidence_candidate,,
l&t fmp series xiv scheme a,140490.0,140492.0,high_confidence_candidate,,
l&t fmp series xiv scheme c,140905.0,140907.0,high_confidence_candidate,,
l&t fmp series xvi a,142173.0,142175.0,high_confidence_candidate,,
l&t fmp series xvii b,144040.0,144042.0,high_confidence_candidate,,
l&t fmp series xvii c,144912.0,144915.0,high_confidence_candidate,,
l&t fmp series xviii a,145164.0,145166.0,high_confidence_candidate,,
l&t fmp series xviii b,145682.0,145684.0,high_confidence_candidate,,
l&t fmp series xviii c,146424.0,146426.0,high_confidence_candidate,,
l&t fmp series xviii d,146428.0,146430.0,high_confidence_candidate,,
l&t fmp vii april1124d a,121862.0,121861.0,high_confidence_candidate,,
l&t fmp vii august1095d a,121611.0,121613.0,high_confidence_candidate,,
l&t fmp vii february419d a,121101.0,121100.0,high_confidence_candidate,,
l&t fmp vii january507d a,120963.0,120922.0,high_confidence_candidate,,
l&t fmp vii july1189d a,121262.0,121261.0,high_confidence_candidate,,
l&t fmp vii march13m a,121449.0,121451.0,high_confidence_candidate,,
l&t fmp vii march367d a,121738.0,121737.0,high_confidence_candidate,,
l&t fmp vii march367d b,122135.0,122133.0,high_confidence_candidate,,
l&t fmp vii march381d a,121952.0,121951.0,high_confidence_candidate,,
l&t focused equity fund,145376.0,145378.0,high_confidence_candidate,,
l&t gilt fund,119425.0,112429.0,high_confidence_candidate,,
l&t global real assets fund,119420.0,118104.0,high_confidence_candidate,,
l&t hybrid equity fund,119347.0,118191.0,high_confidence_candidate,,
l&t india large cap fund,119308.0,118069.0,high_confidence_candidate,,
l&t india value fund,119404.0,118102.0,high_confidence_candidate,,
l&t indo asia fund,119407.0,118067.0,high_confidence_candidate,,
l&t infrastructure fund,119413.0,112600.0,high_confidence_candidate,,
l&t large and midcap fund,119397.0,118049.0,high_confidence_candidate,,
l&t liquid fund,119790.0,112457.0,high_confidence_candidate,,
l&t low duration fund,119809.0,118133.0,high_confidence_candidate,,
l&t mid cap fund,119807.0,112496.0,high_confidence_candidate,,
l&t money market fund,119431.0,114216.0,high_confidence_candidate,,
l&t next nifty 50 index fund,,,rejected,,
l&t nifty 50 index fund,148360.0,148361.0,high_confidence_candidate,,
l&t overnight fund,119283.0,118058.0,high_confidence_candidate,,
l&t resurgent india bond fund,133604.0,133607.0,high_confidence_candidate,,
l&t short term bond fund,119856.0,116299.0,high_confidence_candidate,,
l&t tax advantage fund,119417.0,118047.0,high_confidence_candidate,,
l&t triple ace bond fund,119844.0,112410.0,high_confidence_candidate,,
l&t ultra short term fund,119849.0,112423.0,high_confidence_candidate,,
large & mid cap fund,,,ambiguous,"[119436, 118419, 119218, 120596, 119202, 120665, 133710, 145110]","[100033, 108596, 103819, 101824, 100664, 133711, 145112]"
large & midcap fund,,,ambiguous,"[120158, 118834, 119721]","[103234, 112932, 103024]"
large and mid cap fund,,,rejected,,
large and midcap fund,,,ambiguous,"[119566, 147704]","[105001, 147701]"
large cap,152354.0,152352.0,high_confidence_candidate,,
large cap fund,,,ambiguous,"[119528, 120465, 118479, 119250, 119018, 120152, 120267, 118825, 118633, 118632, 119598, 119160, 120656]","[112277, 108799, 101635, 102000, 106871, 103504, 100475, 100651]"
large cap fund erstwhile bluechip fund,,,rejected,,
large cap fund formerly known as sundaram blue chip fund,148507.0,148504.0,high_confidence_candidate,,
latin america equity fund,132120.0,132118.0,high_confidence_candidate,,
lic nomura mf fixed maturity series 54,,,rejected,,
lic nomura mf fixed maturity series 55,,,rejected,,
lic nomura mf fixed maturity series 56,,,rejected,,
lic nomura mf fixed maturity series 57,,,rejected,,
lic nomura mf fixed maturity series 58,,,rejected,,
lic nomura mf fixed maturity series 59,,,rejected,,
lic nomura mf fixed maturity series 60,,,rejected,,
lic nomura mf fixed maturity series 61,,,rejected,,
lic nomura mf fixed maturity series 62,,,rejected,,
lic nomura mf fixed maturity series 63,,,rejected,,
lic nomura mf fixed maturity series 66,,,rejected,,
lic nomura mf fixed maturity series 68,123558.0,123556.0,high_confidence_candidate,,
lic nomura mf fixed maturity series 69,123853.0,123852.0,high_confidence_candidate,,
lic nomura mf fixed maturity series 70,124153.0,124151.0,high_confidence_candidate,,
lic nomura mf fixed maturity series 71,124733.0,124731.0,high_confidence_candidate,,
lic nomura mf fixed maturity series 73,125927.0,125928.0,high_confidence_candidate,,
lic nomura mf fixed maturity series 75,127000.0,126998.0,high_confidence_candidate,,
lic nomura mf fixed maturity series 76,127429.0,127431.0,high_confidence_candidate,,
lic nomura mf fixed maturity series 77,128124.0,128126.0,high_confidence_candidate,,
lic nomura mf fixed maturity series 78,128367.0,128369.0,high_confidence_candidate,,
lic nomura mf fixed maturity series 79,128859.0,128857.0,high_confidence_candidate,,
lic nomura mf fixed maturity series 80 366 days,129181.0,129182.0,high_confidence_candidate,,
lic nomura mf fixed maturity series 81 371 days,129308.0,129307.0,high_confidence_candidate,,
lic nomura mf floater mip,,,rejected,,
lic nomura mf floating rate fund short term,,,rejected,,
lic nomura mf india vision fund,,,rejected,,
lic nomura mf opportunities fund,,,rejected,,
lic nomura mf rgess fund series 1,,,rejected,,
lic nomura mf systematic asset allocation fund,,,rejected,,
lic nomura mf top 100 fund,,,rejected,,
liquid fund,,,ambiguous,"[118857, 119568, 120389, 118364, 119091, 120197, 119766, 120249, 118859, 118701, 119800, 119861, 120304, 145834]","[107648, 100042, 112210, 112713, 108690, 101750, 100835, 101185, 111646, 100837, 105280, 102672, 102012, 145946]"
liquid fund formerly known as principal cash management fund,,,rejected,,
liquidity fund,119125.0,103347.0,high_confidence_candidate,,
liquidity management fund,119444.0,103632.0,high_confidence_candidate,,
long duration debt fund,,,rejected,,
long duration fund,,,ambiguous,"[150484, 151179, 151214, 151523, 152520, 152491, 153105]","[150482, 151178, 151212, 151527, 152518, 152489, 153107]"
long term advantage,,,rejected,,
long term advantage fund series i,132933.0,132924.0,high_confidence_candidate,,
long term advantage fund series ii,133364.0,133361.0,high_confidence_candidate,,
long term advantage fund series iii,,,ambiguous,"[136007, 135962]","[136004, 135964]"
long term advantage fund series iv,,,ambiguous,"[140046, 140487]","[140045, 140488]"
long term advantage fund series v,,,ambiguous,"[140454, 142138]","[140455, 142139]"
long term advantage fund series vi,,,ambiguous,"[141892, 143178]","[141893, 143176]"
long term advantage fund series vii,142172.0,142169.0,high_confidence_candidate,,
long term bond fund,,,rejected,,
long term micro cap tax advantage fund series iii,139711.0,139709.0,high_confidence_candidate,,
long term micro cap tax advantage fund series iv,139990.0,139992.0,high_confidence_candidate,,
long term micro cap tax advantage fund series v,141141.0,141139.0,high_confidence_candidate,,
long term micro cap tax advantage fund series vi,141564.0,141565.0,high_confidence_candidate,,
long term tax advantage fund series i,133324.0,133322.0,high_confidence_candidate,,
long term tax advantage fund series ii,135682.0,135684.0,high_confidence_candidate,,
long term tax advantage fund series iii,142153.0,142151.0,high_confidence_candidate,,
long term tax advantage fund series iv,143079.0,143077.0,high_confidence_candidate,,
low duration fund,,,ambiguous,"[119523, 118371, 118942, 120315, 118840, 118702, 118709, 119812, 119680, 119683, 120735, 133925, 133810]","[103192, 108632, 101830, 107705, 111748, 111743, 106212, 105563, 118329, 105564, 102544, 133926, 133805, 133802]"
low duration fund formerly known as principal low duration fund,,,rejected,,
mahindra manulife aggressive hybrid fund,147446.0,147447.0,high_confidence_candidate,,
mahindra manulife arbitrage fund,148468.0,148467.0,high_confidence_candidate,,
mahindra manulife asia pacific reits fof,149230.0,149228.0,high_confidence_candidate,,
mahindra manulife balanced advantage fund,149406.0,149404.0,high_confidence_candidate,,
mahindra manulife banking & financial services fund,153674.0,153675.0,high_confidence_candidate,,
mahindra manulife business cycle fund,152045.0,152046.0,high_confidence_candidate,,
mahindra manulife consumption fund,145356.0,145355.0,high_confidence_candidate,,
mahindra manulife dynamic bond fund,144403.0,144401.0,high_confidence_candidate,,
mahindra manulife elss tax saver fund,139781.0,139783.0,high_confidence_candidate,,
mahindra manulife equity savings fund,140444.0,140447.0,high_confidence_candidate,,
mahindra manulife flexi cap fund,149104.0,149101.0,high_confidence_candidate,,
mahindra manulife focused fund,148567.0,148571.0,high_confidence_candidate,,
mahindra manulife income plus arbitrage active fof,154007.0,154006.0,high_confidence_candidate,,
mahindra manulife innovation opportunities fund,154121.0,154120.0,high_confidence_candidate,,
mahindra manulife large & mid cap fund,147840.0,147843.0,high_confidence_candidate,,
mahindra manulife large cap fund,146549.0,146551.0,high_confidence_candidate,,
mahindra manulife liquid fund,139538.0,139537.0,high_confidence_candidate,,
mahindra manulife low duration fund,140613.0,140620.0,high_confidence_candidate,,
mahindra manulife manufacturing fund,152672.0,152671.0,high_confidence_candidate,,
mahindra manulife mid cap fund,142110.0,142109.0,high_confidence_candidate,,
mahindra manulife multi asset allocation fund,152443.0,152441.0,high_confidence_candidate,,
mahindra manulife multi cap fund,141226.0,141224.0,high_confidence_candidate,,
mahindra manulife overnight fund,147564.0,147565.0,high_confidence_candidate,,
mahindra manulife short duration fund,148729.0,148727.0,high_confidence_candidate,,
mahindra manulife small cap fund,150915.0,150912.0,high_confidence_candidate,,
mahindra manulife ultra short duration fund,147731.0,147734.0,high_confidence_candidate,,
mahindra manulife value fund,153303.0,153304.0,high_confidence_candidate,,
manufacture in india fund,149841.0,149840.0,high_confidence_candidate,,
manufacturing equity fund,133516.0,133513.0,high_confidence_candidate,,
manufacturing fund,,,ambiguous,"[152600, 152920, 152760]","[152602, 152922]"
master plus unit scheme,,,rejected,,
master value fund,,,rejected,,
medium duration fund,,,ambiguous,"[118401, 119824, 130050, 134503]","[108728, 102053, 134499]"
medium duration fund formerly known as sundaram medium term bond fund,,,ambiguous,"[119673, 119675]","[100603, 100604]"
medium duration fund segregated portfolio 1,,,rejected,,
medium duration fund segregated portfolio 2,,,rejected,,
medium term,119539.0,111803.0,high_confidence_candidate,,
medium term bond fund,,,rejected,,
medium term debt fund,,,rejected,,
medium term fund,,,ambiguous,"[119127, 128006]",[101703]
medium term fund segregated 06032020,148257.0,148252.0,high_confidence_candidate,,
medium term fund segregated 07072020,148441.0,148433.0,high_confidence_candidate,,
medium term fund segregated 17022020,148136.0,148138.0,high_confidence_candidate,,
medium term fund segregated portfolio 1,147385.0,147384.0,high_confidence_candidate,,
medium term segregated portfolio 1,147816.0,147820.0,high_confidence_candidate,,
medium to long duration fund,,,ambiguous,"[118394, 120279, 118679, 118687, 119714, 120689]","[108765, 100315, 100639, 100741]"
mf mip stp,,,rejected,,
mid cap fund,,,ambiguous,"[118989, 118665, 118668, 119581, 119182, 119178, 120726, 152002]","[101539, 102328, 102329, 152001]"
midcap fund,,,ambiguous,"[119620, 120505, 119071, 120381, 119775, 119716, 127042, 147445, 150404]","[114564, 104481, 104908, 102941, 127039, 147479, 150402]"
mip,,,ambiguous,"[120704, 120668]",[100970]
mip ii savings 5 / payment,,,rejected,,
mip ii savings 5 monthly /payment,,,rejected,,
mip plus fund,119977.0,102283.0,high_confidence_candidate,,
mis,,,rejected,,
mmf,120299.0,112077.0,high_confidence_candidate,,
mnc fund,,,ambiguous,"[119646, 119711, 120682, 147346, 151458, 152910, 153693]","[100064, 103034, 100740, 152913, 153691]"
momentum fund,153083.0,153085.0,high_confidence_candidate,,
money fund,,,ambiguous,[119686],"[103397, 100618]"
money manager fund,119511.0,101971.0,high_confidence_candidate,,
money manager fund investment,118379.0,108736.0,high_confidence_candidate,,
money market fund,,,ambiguous,"[118384, 119092, 120211, 118715, 118719, 119424, 119746, 145050, 147567, 149112, 150392]","[102153, 108756, 101847, 145042, 147568, 149115, 150393]"
monthly income,120572.0,103185.0,high_confidence_candidate,,
monthly income moderate,,,rejected,,
monthly interval fund series i,,,rejected,,
monthly interval fund series ii,,,rejected,,
monthly interval series 4,146837.0,146835.0,high_confidence_candidate,,
morgan stanley a c e fund,119150.0,108197.0,high_confidence_candidate,,
morgan stanley active bond fund,119165.0,111965.0,high_confidence_candidate,,
morgan stanley fund,119140.0,100347.0,high_confidence_candidate,,
morgan stanley gilt fund,121624.0,121622.0,high_confidence_candidate,,
morgan stanley liquid fund,,,rejected,,
morgan stanley multi asset fund a,119208.0,116697.0,high_confidence_candidate,,
morgan stanley multi asset fund b,119215.0,116698.0,high_confidence_candidate,,
morgan stanley short term bond fund,119227.0,111950.0,high_confidence_candidate,,
morgan stanley ultra short term fund,123141.0,123120.0,high_confidence_candidate,,
most 10 year gilt fund,,,rejected,,
msci eafe top 100 select index fund,149349.0,149350.0,high_confidence_candidate,,
multi asset active fof,,,ambiguous,"[148903, 153960, 154316]","[153963, 154319]"
multi asset allocation fund,,,ambiguous,"[120160, 120524, 119843, 120760, 148053, 148457, 151307, 152056, 152064, 152324, 152344, 152314, 153246]","[113064, 103408, 111599, 148050, 148459, 151309, 152053, 152065, 152326, 152347, 152311, 153248]"
multi asset fund,,,ambiguous,"[119131, 120334, 119572, 148454]",[148455]
multi asset omni fof,,,ambiguous,"[119777, 131865, 148666]","[102574, 131864, 148663]"
multi asset omni fund of funds,154167.0,154165.0,high_confidence_candidate,,
multi asset passive fof,,,ambiguous,"[118489, 150688]","[112329, 150690]"
multi asset passive fund of fund,148747.0,148748.0,high_confidence_candidate,,
multi cap fund,,,ambiguous,"[118651, 118650, 131164, 148921, 149303, 149368, 150659, 152651, 153515]","[148918, 149305, 150661, 152650, 153516]"
multi cap fund formerly known as principal multi cap fund,,,rejected,,
multi cap fund series i,143828.0,143830.0,high_confidence_candidate,,
multi cap fund series ii,144200.0,144197.0,high_confidence_candidate,,
multi factor fund,,,ambiguous,"[153669, 153722]","[153667, 153721]"
multi factor passive fof,,,ambiguous,"[149847, 153816, 154275]","[149844, 153818, 154276]"
multi sector passive fof,,,rejected,,
multicap fund,,,ambiguous,"[120599, 149185, 149383, 149882, 151232, 151810, 152310]","[149182, 149382, 149886, 151235, 151812, 152307]"
nasdaq 100 fund of fund,145552.0,145551.0,high_confidence_candidate,,
nasdaq 100 index fund,,,rejected,,
nasdaq 100 us specific equity passive fof,150751.0,150750.0,high_confidence_candidate,,
natural resources and new energy fund,119028.0,108202.0,high_confidence_candidate,,
navi 3 in 1 fund,,,rejected,,
navi aggressive hybrid fund,143163.0,143162.0,high_confidence_candidate,,
navi arbitrage fund,144658.0,144784.0,high_confidence_candidate,,
navi bse sensex index fund,152062.0,152061.0,high_confidence_candidate,,
navi conservative hybrid fund,,,rejected,,
navi elss tax saver fund,135654.0,135655.0,high_confidence_candidate,,
navi elss tax saver nifty 50 index fund,151471.0,151472.0,high_confidence_candidate,,
navi flexi cap fund,143793.0,143787.0,high_confidence_candidate,,
navi large & midcap fund,135677.0,135678.0,high_confidence_candidate,,
navi large cap equity fund,,,rejected,,
navi liquid fund,,,ambiguous,[119164],"[112636, 112644]"
navi nasdaq100 us specific equity passive fof,149910.0,149911.0,high_confidence_candidate,,
navi nifty 50 index fund,149039.0,149040.0,high_confidence_candidate,,
navi nifty bank index fund,149804.0,149805.0,high_confidence_candidate,,
navi nifty india manufacturing index fund,150515.0,150516.0,high_confidence_candidate,,
navi nifty midcap 150 index fund,149892.0,149893.0,high_confidence_candidate,,
navi nifty midsmallcap 400 index fund,,,rejected,,
navi nifty next 50 index fund,149447.0,149448.0,high_confidence_candidate,,
navi niftyit index fund,152535.0,152536.0,high_confidence_candidate,,
navi overnight fund,151875.0,151868.0,high_confidence_candidate,,
navi total stock market us specific equity passive fof,149830.0,149831.0,high_confidence_candidate,,
navi ultra short term fund,,,ambiguous,[119186],"[112408, 112656]"
nifty 100 equal weight fund formerly known as principal nifty 100 equal weight fund,,,rejected,,
nifty 100 equal weight index fund,,,ambiguous,"[149870, 153146]",[153145]
nifty 100 esg sector leaders fund of fund,148574.0,148576.0,high_confidence_candidate,,
nifty 100 index fund,,,ambiguous,"[147666, 149832, 149868]","[147665, 149833]"
nifty 100 low volatility 30 etf fof,,,rejected,,
nifty 100 low volatility 30 index fund,152663.0,152664.0,high_confidence_candidate,,
nifty 200 momentum 30 index fund,,,ambiguous,"[148703, 150452, 151781]","[148704, 151783]"
nifty 200 quality 30 index fund,,,ambiguous,"[152859, 153114, 153660]","[152858, 153113, 153659]"
nifty 50 equal weight index fund,,,ambiguous,"[141877, 148962, 153150]","[141875, 148965, 153148]"
nifty 50 index fund,,,ambiguous,"[119648, 118482, 120307, 120716, 146376, 147794, 148978, 149373, 152972]","[101314, 112877, 101201, 100822, 146379, 147795, 148974, 149371, 152974]"
nifty 50 value 20 index fund,148721.0,148719.0,high_confidence_candidate,,
nifty 500 equal weight index fund,152842.0,152840.0,high_confidence_candidate,,
nifty 500 index fund,,,ambiguous,"[152731, 152908, 153161, 154088]","[152730, 152906, 154090]"
nifty 500 low volatility 50 index fund,153474.0,153475.0,high_confidence_candidate,,
nifty 500 momentum 50 index fund,,,ambiguous,"[152875, 152881, 153003]","[152876, 152883, 153002]"
nifty 500 quality 50 index fund,153470.0,153472.0,high_confidence_candidate,,
nifty 500 value 50 index fund,,,ambiguous,"[151739, 152990]","[151738, 152991]"
nifty aaa bond financial services mar 2028 index fund,153680.0,153683.0,high_confidence_candidate,,
nifty aaa bond jun 2025 htm index fund,152549.0,152547.0,high_confidence_candidate,,
nifty aaa bond plus sdl apr 2026 50:50 etf fof,149243.0,149242.0,high_confidence_candidate,,
nifty aaa cpse bond plus sdl apr 2027 maturity 60:40 index fund,150012.0,150011.0,high_confidence_candidate,,
nifty aaa psu bond plus sdl apr 2026 50:50 index fund,150788.0,150786.0,high_confidence_candidate,,
nifty aaa psu bond plus sdl sep 2026 maturity 50:50 index fund,150754.0,150752.0,high_confidence_candidate,,
nifty alpha 50 index fund,,,ambiguous,"[152177, 153781]","[152179, 153784]"
nifty alpha low volatility 30 etf fof,,,rejected,,
nifty alpha low volatility 30 index fund,,,ambiguous,"[150487, 153213, 153086, 154388]","[150490, 153212, 153087, 154389]"
nifty auto index fund,,,ambiguous,"[150643, 152557, 153064, 154427]","[152560, 153066]"
nifty bank index fund,,,ambiguous,"[149858, 152389, 152629, 152654, 152793, 153250]","[152387, 152632, 152653, 152792, 153253]"
nifty capital market index fund,153138.0,153137.0,high_confidence_candidate,,
nifty capital markets index fund,152951.0,152954.0,high_confidence_candidate,,
nifty commodities index fund,153353.0,153351.0,high_confidence_candidate,,
nifty ev & new age automotive etf fof,,,rejected,,
nifty financial services ex bank index fund,151911.0,151909.0,high_confidence_candidate,,
nifty financial services index fund,152577.0,152574.0,high_confidence_candidate,,
nifty g sec apr 2029 index fund,,,rejected,,
nifty g sec dec 2026 index fund,,,ambiguous,"[150845, 151301]",[151306]
nifty g sec dec 2029 index fund,151273.0,151275.0,high_confidence_candidate,,
nifty g sec dec 2030 index fund,,,rejected,,
nifty g sec jul 2031 index fund,154372.0,154362.0,high_confidence_candidate,,
nifty g sec july 2031 index fund,,,rejected,,
nifty g sec july 2033 index fund,152098.0,152100.0,high_confidence_candidate,,
nifty g sec jun 2027 index fund,,,rejected,,
nifty g sec jun 2036 index fund,,,rejected,,
nifty g sec jun 2036 maturity index fund,150920.0,150923.0,high_confidence_candidate,,
nifty g sec may 2029 index fund,,,rejected,,
nifty g sec oct 2028 maturity index fund,151440.0,151439.0,high_confidence_candidate,,
nifty g sec sep 2027 maturity index fund,150906.0,150904.0,high_confidence_candidate,,
nifty g sec sep 2032 index fund,,,rejected,,
nifty healthcare index fund,153594.0,153592.0,high_confidence_candidate,,
nifty index fund,119827.0,102272.0,high_confidence_candidate,,
nifty india consumption index fund,,,ambiguous,"[153015, 154179]","[153012, 154180]"
nifty india defence index fund,,,ambiguous,"[152712, 152798, 154326]","[152711, 152800, 154327]"
nifty india digital etf fund of fund,150344.0,150345.0,high_confidence_candidate,,
nifty india digital index fund,153097.0,153096.0,high_confidence_candidate,,
nifty india manufacturing etf fof,149790.0,149788.0,high_confidence_candidate,,
nifty india manufacturing index fund,,,ambiguous,"[153270, 153806]",[153271]
nifty india new age consumption etf fund of fund,153192.0,153194.0,high_confidence_candidate,,
nifty india tourism index fund,,,ambiguous,"[152742, 152870]","[152746, 152872]"
nifty it index fund,,,ambiguous,"[150468, 151785, 152041, 152392, 153320, 153590]","[151787, 152043, 152391, 153323, 153588]"
nifty largemidcap 250 index fund,,,ambiguous,"[152482, 152889, 152976]",[152978]
nifty metal etf fof,154216.0,154218.0,high_confidence_candidate,,
nifty microcap 250 index fund,151814.0,151815.0,high_confidence_candidate,,
nifty midcap 150 index fund,,,ambiguous,"[148726, 148807, 149389, 150673, 151724, 152855, 153089, 153401, 153581, 154014]","[148723, 148805, 150672, 152856, 153088, 153399, 153580, 154012]"
nifty midcap 150 momentum 50 index fund,,,ambiguous,"[150738, 152916]","[150741, 152918]"
nifty midcap 150 quality 50 index fund,,,ambiguous,"[150313, 150428]","[150312, 150427]"
nifty midcap 50 index fund,,,ambiguous,"[149936, 152767]","[149938, 152765]"
nifty midsmall financial services index fund,153027.0,153026.0,high_confidence_candidate,,
nifty midsmall healthcare index fund,,,ambiguous,"[152564, 153023]","[152567, 153022]"
nifty midsmall india consumption index fund,153025.0,153024.0,high_confidence_candidate,,
nifty midsmall it and telecom index fund,153029.0,153028.0,high_confidence_candidate,,
nifty midsmallcap 400 momentum quality 100 index fund,153272.0,153273.0,high_confidence_candidate,,
nifty midsmallcap400 momentum quality 100 etf fund of fund,152645.0,152647.0,high_confidence_candidate,,
nifty next 50 index fund,,,ambiguous,"[120684, 143341, 146381, 147796, 148745, 148945, 149288, 149466, 149838, 151937, 153350, 153858]","[143340, 146380, 147797, 148743, 148943, 149467, 149837, 151935, 153349, 153855]"
nifty next 50 junior bees fof,,,rejected,,
nifty pharma index fund,,,rejected,,
nifty private bank index fund,,,ambiguous,"[152864, 153348, 153679]","[152865, 153347]"
nifty psu bond plus sdl sep 2027 40:60 index fund,,,rejected,,
nifty realty index fund,,,ambiguous,"[152570, 153060]","[152573, 153061]"
nifty sdl apr 2027 index fund,149794.0,149792.0,high_confidence_candidate,,
nifty sdl apr 2027 top 12 equal weight index fund,149855.0,149852.0,high_confidence_candidate,,
nifty sdl apr 2032 top 12 equal weight index fund,149865.0,149862.0,high_confidence_candidate,,
nifty sdl dec 2028 index fund,,,rejected,,
nifty sdl jul 2026 index fund,151218.0,151216.0,high_confidence_candidate,,
nifty sdl jul 2028 index fund,151608.0,151607.0,high_confidence_candidate,,
nifty sdl jul 2033 index fund,151420.0,151417.0,high_confidence_candidate,,
nifty sdl jun 2027 index fund,150358.0,150360.0,high_confidence_candidate,,
nifty sdl june 2028 index fund,151691.0,151694.0,high_confidence_candidate,,
nifty sdl oct 2026 index fund,,,rejected,,
nifty sdl plus aaa psu bond apr 2026 75:25 index fund,151364.0,151363.0,high_confidence_candidate,,
nifty sdl plus aaa psu bond apr 2028 75:25 index fund,151487.0,151488.0,high_confidence_candidate,,
nifty sdl plus aaa psu bond dec 6040 index fund,150326.0,150330.0,high_confidence_candidate,,
nifty sdl plus aaa psu bond jul 2028 60:40 index fund,150725.0,150723.0,high_confidence_candidate,,
nifty sdl plus g sec jun 2027 40:60 index fund,,,rejected,,
nifty sdl plus g sec jun 2028 30:70 index fund,149970.0,149968.0,high_confidence_candidate,,
nifty sdl plus g sec jun 2028 maturity 70:30 index fund,150824.0,150825.0,high_confidence_candidate,,
nifty sdl plus g sec jun 2029 maturity 70:30 index fund,151390.0,151392.0,high_confidence_candidate,,
nifty sdl plus g sec sep 2027 50:50 index fund,151373.0,151370.0,high_confidence_candidate,,
nifty sdl plus psu bond sep 2026 60:40 index fund,149199.0,149198.0,high_confidence_candidate,,
nifty sdl sep 2025 index fund,150663.0,150665.0,high_confidence_candidate,,
nifty sdl sep 2026 index fund,,,rejected,,
nifty sdl sep 2027 index fund,,,ambiguous,"[149999, 151562]",[151560]
nifty sdl september 2026 debt index fund,150854.0,150851.0,high_confidence_candidate,,
nifty smallcap 250 index fund,,,ambiguous,"[148519, 149283, 150677, 151727, 152264, 153223, 154018]","[148518, 150676, 152266, 153221, 154016]"
nifty smallcap 250 momentum quality 100 etf fund of fund,152459.0,152457.0,high_confidence_candidate,,
nifty smallcap 50 index fund,,,ambiguous,"[148815, 149894, 151649]","[148811, 149896, 151647]"
nifty smallcap250 quality 50 index fund,152243.0,152245.0,high_confidence_candidate,,
nifty top 10 equal weight index fund,,,ambiguous,"[152814, 153461]","[152813, 153463]"
nifty top 15 equal weight index fund,,,rejected,,
nifty total market index fund,,,ambiguous,"[152716, 152968]","[152717, 152970]"
nifty100 low volatility 30 index fund,,,ambiguous,"[150636, 153718]","[150633, 153716]"
nifty200 alpha 30 etf fund of fund,152718.0,152720.0,high_confidence_candidate,,
nifty200 alpha 30 index fund,152836.0,152834.0,high_confidence_candidate,,
nifty200 momentum 30 index fund,,,ambiguous,"[150591, 153662]","[150592, 153663]"
nifty200 quality 30 index fund,,,ambiguous,"[153546, 153555]",[153554]
nifty200 value 30 index fund,,,ambiguous,"[152936, 154145]",[154148]
nifty50 equal weight index fund,,,ambiguous,"[149107, 150639, 151762, 152370]","[151761, 152372]"
nifty50 value 20 index fund,,,rejected,,
nifty500 flexicap quality 30 index fund,153801.0,153802.0,high_confidence_candidate,,
nifty500 momentum 50 index fund,,,ambiguous,"[153244, 154032]","[153245, 154030]"
nifty500 multicap india manufacturing 50:30:20 index fund,152588.0,152590.0,high_confidence_candidate,,
nifty500 multicap infrastructure 50:30:20 index fund,152595.0,152596.0,high_confidence_candidate,,
nifty500 quality 50 index fund,153829.0,153830.0,high_confidence_candidate,,
nifty500 shariah index fund,154197.0,154198.0,high_confidence_candidate,,
nifty500 value 50 index fund,152949.0,152950.0,high_confidence_candidate,,
nivesh lakshya long duration fund,,,rejected,,
nj arbitrage fund,150367.0,150366.0,high_confidence_candidate,,
nj balanced advantage fund,149264.0,149266.0,high_confidence_candidate,,
nj elss tax saver scheme,151611.0,151609.0,high_confidence_candidate,,
nj flexi cap fund,151917.0,151920.0,high_confidence_candidate,,
nj overnight fund,150369.0,150368.0,high_confidence_candidate,,
nyse fang + etf fund of fund,148928.0,148929.0,high_confidence_candidate,,
old bridge arbitrage fund,153979.0,153977.0,high_confidence_candidate,,
old bridge flexi cap fund,154225.0,154226.0,high_confidence_candidate,,
old bridge focused fund,152358.0,152361.0,high_confidence_candidate,,
overnight fund,,,ambiguous,"[119110, 119833, 120785, 145486, 145536, 146191, 146062, 146141, 145810, 146675, 146963, 146980, 147515, 147736]","[101206, 100814, 146187, 146061, 146142, 145811, 146678, 146959, 146977, 147519, 147739]"
parag parikh arbitrage fund,152109.0,152110.0,high_confidence_candidate,,
parag parikh conservative hybrid fund,148958.0,148959.0,high_confidence_candidate,,
parag parikh dynamic asset allocation fund,152468.0,152464.0,high_confidence_candidate,,
parag parikh elss tax saver fund,147481.0,147482.0,high_confidence_candidate,,
parag parikh flexi cap fund,122639.0,122640.0,high_confidence_candidate,,
parag parikh large cap fund,154155.0,154154.0,high_confidence_candidate,,
parag parikh liquid fund,143269.0,143260.0,high_confidence_candidate,,
passive multi asset fund of funds,,,rejected,,
peerless fmp series 1,121958.0,121960.0,high_confidence_candidate,,
peerless fmp series 3,123656.0,123658.0,high_confidence_candidate,,
peerless fmp series 5,125467.0,125466.0,high_confidence_candidate,,
peerless fmp series 6,127036.0,127038.0,high_confidence_candidate,,
pgim india aggressive hybrid equity fund,,,rejected,,
pgim india arbitrage fund,138875.0,138876.0,high_confidence_candidate,,
pgim india balanced advantage fund,148658.0,148657.0,high_confidence_candidate,,
pgim india banking and psu debt fund,,,rejected,,
pgim india corporate bond fund,,,rejected,,
pgim india credit risk fund,138898.0,138905.0,high_confidence_candidate,,
pgim india credit risk fund segregated portfolio 1,148207.0,148217.0,high_confidence_candidate,,
pgim india crisil ibx gilt index apr 2028 fund,151407.0,151404.0,high_confidence_candidate,,
pgim india dual advantage fund series 1,140824.0,140821.0,high_confidence_candidate,,
pgim india dynamic bond fund,,,rejected,,
pgim india elss tax saver fund,135601.0,135598.0,high_confidence_candidate,,
pgim india emerging markets equity fund of fund,,,rejected,,
pgim india equity savings fund,,,rejected,,
pgim india fixed duration fund series 29,139655.0,139657.0,high_confidence_candidate,,
pgim india fixed duration fund series 31,139663.0,139665.0,high_confidence_candidate,,
pgim india fixed duration fund series aa,140136.0,140139.0,high_confidence_candidate,,
pgim india fixed duration fund series ab,140564.0,140563.0,high_confidence_candidate,,
pgim india fixed duration fund series ac,140672.0,140671.0,high_confidence_candidate,,
pgim india fixed duration fund series ae,,,rejected,,
pgim india fixed duration fund series af,,,rejected,,
pgim india fixed duration fund series ag,140994.0,140992.0,high_confidence_candidate,,
pgim india fixed duration fund series ah,141638.0,141635.0,high_confidence_candidate,,
pgim india fixed duration fund series ap,142562.0,142557.0,high_confidence_candidate,,
pgim india fixed duration fund series aq,142607.0,142610.0,high_confidence_candidate,,
pgim india fixed duration fund series ar,142613.0,142614.0,high_confidence_candidate,,
pgim india fixed duration fund series at,142689.0,142687.0,high_confidence_candidate,,
pgim india fixed duration fund series au,142800.0,142799.0,high_confidence_candidate,,
pgim india fixed duration fund series ay,143471.0,143476.0,high_confidence_candidate,,
pgim india fixed duration fund series az,143677.0,143682.0,high_confidence_candidate,,
pgim india fixed duration fund series ba,143683.0,143686.0,high_confidence_candidate,,
pgim india fixed duration fund series bb,144125.0,144129.0,high_confidence_candidate,,
pgim india fixed duration fund series bc,144369.0,144374.0,high_confidence_candidate,,
pgim india fixed duration fund series be,144641.0,144638.0,high_confidence_candidate,,
pgim india flexi cap fund,133839.0,133836.0,high_confidence_candidate,,
pgim india gilt fund,,,rejected,,
pgim india global equity opportunities fund of fund,,,rejected,,
pgim india global select real estate securities fund of fund,149298.0,149299.0,high_confidence_candidate,,
pgim india healthcare fund,153039.0,153040.0,high_confidence_candidate,,
pgim india hybrid debt fund,,,rejected,,
pgim india hybrid fixed term fund series 12,138583.0,138584.0,high_confidence_candidate,,
pgim india large and midcap fund,152382.0,152383.0,high_confidence_candidate,,
pgim india large cap fund,,,rejected,,
pgim india large cap fund series 2,138991.0,138990.0,high_confidence_candidate,,
pgim india liquid fund,,,rejected,,
pgim india low duration fund,,,rejected,,
pgim india low duration fund segregated portfolio 1,149806.0,149810.0,high_confidence_candidate,,
pgim india midcap fund,125307.0,125305.0,high_confidence_candidate,,
pgim india money market fund,148161.0,148159.0,high_confidence_candidate,,
pgim india money market fund segregated portfolio 1,152114.0,152122.0,high_confidence_candidate,,
pgim india multi asset allocation fund,153987.0,153988.0,high_confidence_candidate,,
pgim india multi cap fund,152815.0,152816.0,high_confidence_candidate,,
pgim india overnight fund,147606.0,147600.0,high_confidence_candidate,,
pgim india retirement fund,152537.0,152538.0,high_confidence_candidate,,
pgim india short duration fund,,,rejected,,
pgim india small cap fund,149019.0,149020.0,high_confidence_candidate,,
pgim india tax,,,rejected,,
pgim india ultra short duration fund,138358.0,138337.0,high_confidence_candidate,,
pharma and healthcare fund,,,ambiguous,"[147409, 152082]",[147407]
pharma fund,,,rejected,,
pinebridge india equity fund,,,rejected,,
pinebridge india liquid fund,119360.0,106514.0,high_confidence_candidate,,
pinebridge india short term fund,119385.0,107715.0,high_confidence_candidate,,
pinebridge india total return bond fund,119376.0,106521.0,high_confidence_candidate,,
pinebridge india us equity fund,,,rejected,,
pinebridge infrastructure & economic reform fund,,,rejected,,
pinebridge quarterly interval fund series i,,,rejected,,
pinebridge quarterly interval fund series ii,,,rejected,,
pinebridge world gold fund,,,rejected,,
pioneer fund,147727.0,147724.0,high_confidence_candidate,,
power & infra fund,,,rejected,,
pramerica fixed duration fund series 10,123797.0,123796.0,high_confidence_candidate,,
pramerica fixed duration fund series 13,122345.0,122344.0,high_confidence_candidate,,
pramerica fixed duration fund series 14,124203.0,124205.0,high_confidence_candidate,,
pramerica fixed duration fund series 5,121655.0,121651.0,high_confidence_candidate,,
pramerica fixed duration fund series 6,123101.0,123099.0,high_confidence_candidate,,
pramerica fixed duration fund series 7,123331.0,123332.0,high_confidence_candidate,,
pramerica fixed duration fund series 8,123334.0,123335.0,high_confidence_candidate,,
principal arbitrage fund,139221.0,139224.0,high_confidence_candidate,,
principal balanced advantage fund,,,rejected,,
principal bank cd fund,,,rejected,,
principal cash management fund,,,rejected,,
principal corporate bond fund,,,rejected,,
principal credit risk fund,119450.0,102729.0,high_confidence_candidate,,
principal dynamic bond fund,,,rejected,,
principal emerging bluechip fund,,,rejected,,
principal equity savings fund,119472.0,100151.0,high_confidence_candidate,,
principal focused multicap fund,,,rejected,,
principal global opportunities fund,,,rejected,,
principal government securities fund,,,rejected,,
principal hybrid equity fund,,,rejected,,
principal index fund midcap,129725.0,129728.0,high_confidence_candidate,,
principal large cap fund,148524.0,148491.0,high_confidence_candidate,,
principal low duration fund,,,rejected,,
principal midcap fund,147778.0,147779.0,high_confidence_candidate,,
principal multi cap fund,,,rejected,,
principal multi cap fund half yearly income distribution cum capital withdrawal,,,rejected,,
principal nifty 100 equal weight fund,,,rejected,,
principal pnb fixed maturity series b10,126071.0,126073.0,high_confidence_candidate,,
principal pnb fixed maturity series b12,127623.0,127621.0,high_confidence_candidate,,
principal pnb fixed maturity series b13,127961.0,127959.0,high_confidence_candidate,,
principal pnb fixed maturity series b14,128410.0,128411.0,high_confidence_candidate,,
principal pnb fixed maturity series b15,128911.0,128913.0,high_confidence_candidate,,
principal pnb fixed maturity series b16,129415.0,129413.0,high_confidence_candidate,,
principal pnb fixed maturity series b17,129721.0,129719.0,high_confidence_candidate,,
principal pnb fmp series b5,123210.0,123162.0,high_confidence_candidate,,
principal retirement savings fund conservative sub,135751.0,135752.0,high_confidence_candidate,,
principal retirement savings fund moderate sub,135753.0,135754.0,high_confidence_candidate,,
principal retirement savings fund progressive sub,135749.0,135750.0,high_confidence_candidate,,
principal short term debt fund,,,rejected,,
principal small cap fund,147131.0,147129.0,high_confidence_candidate,,
principal ultra short term fund,,,rejected,,
prudence fund,,,rejected,,
psu equity fund,,,ambiguous,"[147844, 150539]",[147846]
psu fund,119732.0,113099.0,high_confidence_candidate,,
quality fund,,,ambiguous,"[153458, 154177]",[154175]
quality overseas equity omni fof,154287.0,154286.0,high_confidence_candidate,,
quant aggressive hybrid fund,120819.0,101070.0,high_confidence_candidate,,
quant arbitrage fund,153426.0,153428.0,high_confidence_candidate,,
quant bfsi fund,151791.0,151788.0,high_confidence_candidate,,
quant business cycle fund,151757.0,151758.0,high_confidence_candidate,,
quant commodities fund,152255.0,152256.0,high_confidence_candidate,,
quant consumption fund,152336.0,152338.0,high_confidence_candidate,,
quant dynamic asset allocation fund,151713.0,151714.0,high_confidence_candidate,,
quant dynamic bond,,,rejected,,
quant elss tax saver fund,120847.0,100175.0,high_confidence_candidate,,
quant equity savings fund,153705.0,153707.0,high_confidence_candidate,,
quant esg integration strategy fund,148564.0,148560.0,high_confidence_candidate,,
quant flexi cap fund,120843.0,109830.0,high_confidence_candidate,,
quant focused fund,120834.0,109275.0,high_confidence_candidate,,
quant fund,,,ambiguous,"[118770, 118769, 147306, 147864, 148600, 148993, 151881, 152684, 152694, 153154, 153204]","[147303, 147867, 148992, 151878, 152686, 152692, 153153, 153205]"
quant gilt fund,151228.0,151230.0,high_confidence_candidate,,
quant healthcare fund,151853.0,151855.0,high_confidence_candidate,,
quant infrastructure fund,,,rejected,,
quant large & mid cap fund,,,rejected,,
quant large cap fund,150440.0,150441.0,high_confidence_candidate,,
quant liquid fund,120837.0,103225.0,high_confidence_candidate,,
quant manufacturing fund,151916.0,151913.0,high_confidence_candidate,,
quant mid cap fund,120841.0,101065.0,high_confidence_candidate,,
quant momentum fund,152189.0,152190.0,high_confidence_candidate,,
quant money market fund,,,rejected,,
quant multi asset allocation fund,120821.0,101072.0,high_confidence_candidate,,
quant multi cap fund,120823.0,100631.0,high_confidence_candidate,,
quant overnight fund,151190.0,151195.0,high_confidence_candidate,,
quant psu fund,152415.0,152413.0,high_confidence_candidate,,
quant quantamental fund,148925.0,148923.0,high_confidence_candidate,,
quant small cap fund,120828.0,100177.0,high_confidence_candidate,,
quant teck fund,152067.0,152070.0,high_confidence_candidate,,
quant value fund,149335.0,149337.0,high_confidence_candidate,,
quantum diversified equity all cap active fof,112039.0,141063.0,high_confidence_candidate,,
quantum dynamic term fund,134494.0,141061.0,high_confidence_candidate,,
quantum elss tax saver fund,111549.0,141070.0,high_confidence_candidate,,
quantum esg best in class strategy fund,147372.0,147371.0,high_confidence_candidate,,
quantum ethical fund,153094.0,153095.0,high_confidence_candidate,,
quantum gold etf fof,115132.0,141064.0,high_confidence_candidate,,
quantum liquid fund,103734.0,141066.0,high_confidence_candidate,,
quantum multi asset active fof,117608.0,141072.0,high_confidence_candidate,,
quantum multi asset allocation fund,152474.0,152475.0,high_confidence_candidate,,
quantum nifty 50 etf fof,150390.0,150389.0,high_confidence_candidate,,
quantum small cap fund,152107.0,152108.0,high_confidence_candidate,,
quantum value fund,103490.0,141068.0,high_confidence_candidate,,
quarterly interval fund i,122165.0,106060.0,high_confidence_candidate,,
quarterly interval fund ii,121182.0,109617.0,high_confidence_candidate,,
quarterly interval fund iii,121722.0,110024.0,high_confidence_candidate,,
quarterly interval fund series 4,,,rejected,,
quarterly interval fund series ii,,,rejected,,
quarterly interval fund series iii,,,rejected,,
quarterly interval series 1,,,rejected,,
quarterly interval series 10,,,rejected,,
quarterly interval series 12,145440.0,145437.0,high_confidence_candidate,,
quarterly interval series 2,,,rejected,,
quarterly interval series 3,,,rejected,,
quarterly interval series 4,,,rejected,,
quarterly interval series 5,,,rejected,,
quarterly interval series 6,,,rejected,,
quarterly interval series 7,,,rejected,,
quarterly interval series 8,,,rejected,,
quarterly interval series 9,,,rejected,,
quarterly interval series13,146599.0,146601.0,high_confidence_candidate,,
rajiv gandhi equity saving scheme,,,rejected,,
rajiv gandhi equity savings scheme 2,127899.0,127900.0,high_confidence_candidate,,
rajiv gandhi equity savings scheme series 1,121354.0,121357.0,high_confidence_candidate,,
rajiv gandhi equity savings scheme series 1 february 2013,121265.0,121263.0,high_confidence_candidate,,
rajiv gandhi equity savings scheme series 2,126895.0,126894.0,high_confidence_candidate,,
rajiv gandhi equity savings scheme series 3,133581.0,133583.0,high_confidence_candidate,,
ramerica fixed duration fund series 17,,,rejected,,
reliance capital builder fund ii series a,,,rejected,,
reliance capital builder fund ii series b,,,rejected,,
reliance capital builder fund ii series c,,,rejected,,
reliance capital builder fund iii series a,,,rejected,,
reliance capital builder fund series a,,,rejected,,
reliance capital builder fund series b opiton,,,rejected,,
reliance capital builder fund series c,,,rejected,,
reliance close ended equity fund ii series a,,,rejected,,
reliance close ended equity fund series a,,,rejected,,
reliance close ended equity fund series b,,,rejected,,
reliance dual advantage fixed tenure fund iii a,,,rejected,,
reliance dual advantage fixed tenure fund iii b,,,rejected,,
reliance dual advantage fixed tenure fund iii c,,,rejected,,
reliance dual advantage fixed tenure fund iii d,,,rejected,,
reliance dual advantage fixed tenure fund iv a,,,rejected,,
reliance dual advantage fixed tenure fund iv b,,,rejected,,
reliance dual advantage fixed tenure fund iv c,,,rejected,,
reliance dual advantage fixed tenure fund iv d,,,rejected,,
reliance dual advantage fixed tenure fund iv e,,,rejected,,
reliance dual advantage fixed tenure fund ix a,,,rejected,,
reliance dual advantage fixed tenure fund ix b,,,rejected,,
reliance dual advantage fixed tenure fund ix c,,,rejected,,
reliance dual advantage fixed tenure fund v a,,,rejected,,
reliance dual advantage fixed tenure fund v b,,,rejected,,
reliance dual advantage fixed tenure fund v c,,,rejected,,
reliance dual advantage fixed tenure fund v e,,,rejected,,
reliance dual advantage fixed tenure fund v f,,,rejected,,
reliance dual advantage fixed tenure fund v g,,,rejected,,
reliance dual advantage fixed tenure fund v h,,,rejected,,
reliance dual advantage fixed tenure fund vi a,,,rejected,,
reliance dual advantage fixed tenure fund vi b,,,rejected,,
reliance dual advantage fixed tenure fund vi c,,,rejected,,
reliance dual advantage fixed tenure fund vi d,,,rejected,,
reliance dual advantage fixed tenure fund vi e,,,rejected,,
reliance dual advantage fixed tenure fund vi f,,,rejected,,
reliance dual advantage fixed tenure fund vii a,,,rejected,,
reliance dual advantage fixed tenure fund vii b,,,rejected,,
reliance dual advantage fixed tenure fund vii c,,,rejected,,
reliance dual advantage fixed tenure fund vii d,,,rejected,,
reliance dual advantage fixed tenure fund vii e,,,rejected,,
reliance dual advantage fixed tenure fund viii a,,,rejected,,
reliance dual advantage fixed tenure fund viii b,,,rejected,,
reliance dual advantage fixed tenure fund viii c,,,rejected,,
reliance fixed horizon fund xli series 2,,,rejected,,
reliance fixed horizon fund xxii,,,rejected,,
reliance fixed horizon fund xxii series 39,,,rejected,,
reliance fixed horizon fund xxiii series 1,,,rejected,,
reliance fixed horizon fund xxiii series 10,,,rejected,,
reliance fixed horizon fund xxiii series 11,,,rejected,,
reliance fixed horizon fund xxiii series 12,,,rejected,,
reliance fixed horizon fund xxiii series 2,,,rejected,,
reliance fixed horizon fund xxiii series 3,,,rejected,,
reliance fixed horizon fund xxiii series 4,,,rejected,,
reliance fixed horizon fund xxiii series 5,,,rejected,,
reliance fixed horizon fund xxiii series 6,,,rejected,,
reliance fixed horizon fund xxiii series 7,,,rejected,,
reliance fixed horizon fund xxiii series 8,,,rejected,,
reliance fixed horizon fund xxiii series 9,,,rejected,,
reliance fixed horizon fund xxiv series 1,,,rejected,,
reliance fixed horizon fund xxiv series 10,,,rejected,,
reliance fixed horizon fund xxiv series 11,,,rejected,,
reliance fixed horizon fund xxiv series 12,,,rejected,,
reliance fixed horizon fund xxiv series 13,,,rejected,,
reliance fixed horizon fund xxiv series 14,,,rejected,,
reliance fixed horizon fund xxiv series 15,,,rejected,,
reliance fixed horizon fund xxiv series 16,,,rejected,,
reliance fixed horizon fund xxiv series 17,,,rejected,,
reliance fixed horizon fund xxiv series 18,,,rejected,,
reliance fixed horizon fund xxiv series 19,,,rejected,,
reliance fixed horizon fund xxiv series 2,,,rejected,,
reliance fixed horizon fund xxiv series 20,,,rejected,,
reliance fixed horizon fund xxiv series 21,,,rejected,,
reliance fixed horizon fund xxiv series 22,,,rejected,,
reliance fixed horizon fund xxiv series 23,,,rejected,,
reliance fixed horizon fund xxiv series 24,,,rejected,,
reliance fixed horizon fund xxiv series 25,,,rejected,,
reliance fixed horizon fund xxiv series 3,,,rejected,,
reliance fixed horizon fund xxiv series 4,,,rejected,,
reliance fixed horizon fund xxiv series 5,,,rejected,,
reliance fixed horizon fund xxiv series 6,,,rejected,,
reliance fixed horizon fund xxiv series 7,,,rejected,,
reliance fixed horizon fund xxiv series 8,,,rejected,,
reliance fixed horizon fund xxiv series 9,,,rejected,,
reliance fixed horizon fund xxix series 1,,,rejected,,
reliance fixed horizon fund xxix series 10,,,rejected,,
reliance fixed horizon fund xxix series 13,,,rejected,,
reliance fixed horizon fund xxix series 14,,,rejected,,
reliance fixed horizon fund xxix series 16,,,rejected,,
reliance fixed horizon fund xxix series 18,,,rejected,,
reliance fixed horizon fund xxix series 19,,,rejected,,
reliance fixed horizon fund xxix series 2,135158.0,135157.0,high_confidence_candidate,,
reliance fixed horizon fund xxix series 20,,,rejected,,
reliance fixed horizon fund xxix series 3,,,rejected,,
reliance fixed horizon fund xxix series 6,,,rejected,,
reliance fixed horizon fund xxix series 7,,,rejected,,
reliance fixed horizon fund xxix series 8,,,rejected,,
reliance fixed horizon fund xxix series 9,,,rejected,,
reliance fixed horizon fund xxv series 1,,,rejected,,
reliance fixed horizon fund xxv series 10,,,rejected,,
reliance fixed horizon fund xxv series 11,,,rejected,,
reliance fixed horizon fund xxv series 12,,,rejected,,
reliance fixed horizon fund xxv series 13,,,rejected,,
reliance fixed horizon fund xxv series 14,,,rejected,,
reliance fixed horizon fund xxv series 16,,,rejected,,
reliance fixed horizon fund xxv series 17,,,rejected,,
reliance fixed horizon fund xxv series 18,,,rejected,,
reliance fixed horizon fund xxv series 19,,,rejected,,
reliance fixed horizon fund xxv series 2,,,rejected,,
reliance fixed horizon fund xxv series 20,,,rejected,,
reliance fixed horizon fund xxv series 21,,,rejected,,
reliance fixed horizon fund xxv series 22,,,rejected,,
reliance fixed horizon fund xxv series 23,,,rejected,,
reliance fixed horizon fund xxv series 24,,,rejected,,
reliance fixed horizon fund xxv series 25,,,rejected,,
reliance fixed horizon fund xxv series 26,,,rejected,,
reliance fixed horizon fund xxv series 27,,,rejected,,
reliance fixed horizon fund xxv series 28,,,rejected,,
reliance fixed horizon fund xxv series 29,,,rejected,,
reliance fixed horizon fund xxv series 3,,,rejected,,
reliance fixed horizon fund xxv series 30,,,rejected,,
reliance fixed horizon fund xxv series 31,,,rejected,,
reliance fixed horizon fund xxv series 32,,,rejected,,
reliance fixed horizon fund xxv series 33,,,rejected,,
reliance fixed horizon fund xxv series 34,,,rejected,,
reliance fixed horizon fund xxv series 35,,,rejected,,
reliance fixed horizon fund xxv series 4,,,rejected,,
reliance fixed horizon fund xxv series 5,,,rejected,,
reliance fixed horizon fund xxv series 6,,,rejected,,
reliance fixed horizon fund xxv series 7,,,rejected,,
reliance fixed horizon fund xxv series 8,,,rejected,,
reliance fixed horizon fund xxv series 9,,,rejected,,
reliance fixed horizon fund xxvi series 1,,,rejected,,
reliance fixed horizon fund xxvi series 11,,,rejected,,
reliance fixed horizon fund xxvi series 12,,,rejected,,
reliance fixed horizon fund xxvi series 13,,,rejected,,
reliance fixed horizon fund xxvi series 14,,,rejected,,
reliance fixed horizon fund xxvi series 15,,,rejected,,
reliance fixed horizon fund xxvi series 16,,,rejected,,
reliance fixed horizon fund xxvi series 17,,,rejected,,
reliance fixed horizon fund xxvi series 18,,,rejected,,
reliance fixed horizon fund xxvi series 19,,,rejected,,
reliance fixed horizon fund xxvi series 2,,,rejected,,
reliance fixed horizon fund xxvi series 20,,,rejected,,
reliance fixed horizon fund xxvi series 21,,,rejected,,
reliance fixed horizon fund xxvi series 22,,,rejected,,
reliance fixed horizon fund xxvi series 23,,,rejected,,
reliance fixed horizon fund xxvi series 24,,,rejected,,
reliance fixed horizon fund xxvi series 25,,,rejected,,
reliance fixed horizon fund xxvi series 26,,,rejected,,
reliance fixed horizon fund xxvi series 28,,,rejected,,
reliance fixed horizon fund xxvi series 29,,,rejected,,
reliance fixed horizon fund xxvi series 3,,,rejected,,
reliance fixed horizon fund xxvi series 30,,,rejected,,
reliance fixed horizon fund xxvi series 31,,,rejected,,
reliance fixed horizon fund xxvi series 32,,,rejected,,
reliance fixed horizon fund xxvi series 33,,,rejected,,
reliance fixed horizon fund xxvi series 35,,,rejected,,
reliance fixed horizon fund xxvi series 4,,,rejected,,
reliance fixed horizon fund xxvi series 5,,,rejected,,
reliance fixed horizon fund xxvi series 6,,,rejected,,
reliance fixed horizon fund xxvi series 7,,,rejected,,
reliance fixed horizon fund xxvi series 8,,,rejected,,
reliance fixed horizon fund xxvi series 9,,,rejected,,
reliance fixed horizon fund xxvii series 11,,,rejected,,
reliance fixed horizon fund xxvii series 15,,,rejected,,
reliance fixed horizon fund xxvii series 3,,,rejected,,
reliance fixed horizon fund xxvii series 4,,,rejected,,
reliance fixed horizon fund xxvii series 5,,,rejected,,
reliance fixed horizon fund xxvii series 6,,,rejected,,
reliance fixed horizon fund xxvii series 7,,,rejected,,
reliance fixed horizon fund xxvii series 8,,,rejected,,
reliance fixed horizon fund xxvii series 9,,,rejected,,
reliance fixed horizon fund xxviii series 10,,,rejected,,
reliance fixed horizon fund xxviii series 14,,,rejected,,
reliance fixed horizon fund xxviii series 18,,,rejected,,
reliance fixed horizon fund xxviii series 19,,,rejected,,
reliance fixed horizon fund xxviii series 2,,,rejected,,
reliance fixed horizon fund xxviii series 4,,,rejected,,
reliance fixed horizon fund xxviii series 7,,,rejected,,
reliance fixed horizon fund xxx series 1,,,rejected,,
reliance fixed horizon fund xxx series 10,,,rejected,,
reliance fixed horizon fund xxx series 11,,,rejected,,
reliance fixed horizon fund xxx series 12,,,rejected,,
reliance fixed horizon fund xxx series 13,,,rejected,,
reliance fixed horizon fund xxx series 14,,,rejected,,
reliance fixed horizon fund xxx series 17,,,rejected,,
reliance fixed horizon fund xxx series 18,,,rejected,,
reliance fixed horizon fund xxx series 19,,,rejected,,
reliance fixed horizon fund xxx series 2,,,rejected,,
reliance fixed horizon fund xxx series 20,,,rejected,,
reliance fixed horizon fund xxx series 3,,,rejected,,
reliance fixed horizon fund xxx series 4,,,rejected,,
reliance fixed horizon fund xxx series 5,,,rejected,,
reliance fixed horizon fund xxx series 6,,,rejected,,
reliance fixed horizon fund xxx series 7,,,rejected,,
reliance fixed horizon fund xxx series 8,,,rejected,,
reliance fixed horizon fund xxx series 9,,,rejected,,
reliance fixed horizon fund xxxi series 1,,,rejected,,
reliance fixed horizon fund xxxi series 11,,,rejected,,
reliance fixed horizon fund xxxi series 2,,,rejected,,
reliance fixed horizon fund xxxi series 4,,,rejected,,
reliance fixed horizon fund xxxi series 5,,,rejected,,
reliance fixed horizon fund xxxi series 6,,,rejected,,
reliance fixed horizon fund xxxi series 7,,,rejected,,
reliance fixed horizon fund xxxix series 10,,,rejected,,
reliance fixed horizon fund xxxix series 3,,,rejected,,
reliance fixed horizon fund xxxix series 7,,,rejected,,
reliance fixed horizon fund xxxvi series 4,,,rejected,,
reliance fixed horizon fund xxxvii series 11,,,rejected,,
reliance fixed horizon fund xxxvii series 13,,,rejected,,
reliance fixed horizon fund xxxvii series 7,,,rejected,,
reliance fixed horizon fund xxxvii series 8,,,rejected,,
reliance fixed horizon fund xxxviii series 13,,,rejected,,
reliance fixed horizon fund xxxviii series 15,,,rejected,,
reliance fixed horizon fund xxxviii series 4,,,rejected,,
reliance fixed horizon fund xxxviii series 8,,,rejected,,
reliance focused large cap fund,,,rejected,,
reliance infrastructure fund,,,rejected,,
reliance interval fund i half yearly interval fund series 2,,,rejected,,
reliance interval fund ii series 1,,,rejected,,
reliance interval fund ii series 2,,,rejected,,
reliance interval fund ii series 3,,,rejected,,
reliance interval fund ii series 4,,,rejected,,
reliance interval fund iii series 1,,,rejected,,
reliance interval fund iv series 2,,,rejected,,
reliance interval fund iv series 3,,,rejected,,
reliance liquid fund cash,,,rejected,,
reliance natural resources fund,,,rejected,,
reliance yearly interval fund series 2,,,rejected,,
reliance yearly interval fund series 3,,,rejected,,
reliance yearly interval fund series 4,,,rejected,,
reliance yearly interval fund series 5,,,rejected,,
reliance yearly interval fund series 6,,,rejected,,
reliance yearly interval fund series 7,,,rejected,,
reliance yearly interval fund series 8,,,rejected,,
reliance yearly interval fund series 9,,,rejected,,
religare invesco agile fund,,,rejected,,
religare invesco fixed maturity series 22 a 368 days,125766.0,125768.0,high_confidence_candidate,,
religare invesco fixed maturity series 22 g 370 days,126866.0,126865.0,high_confidence_candidate,,
religare invesco fixed maturity series 22 k 367 days,127479.0,127477.0,high_confidence_candidate,,
religare invesco fixed maturity series 22 o 370 days,127955.0,127957.0,high_confidence_candidate,,
religare invesco fixed maturity series 23 b 367 days,128253.0,128254.0,high_confidence_candidate,,
religare invesco fixed maturity series 23 d 370 days,128346.0,128347.0,high_confidence_candidate,,
religare invesco fixed maturity series 23 f 367 days,128700.0,128697.0,high_confidence_candidate,,
religare invesco fixed maturity series 23 g 376 days,128747.0,128749.0,high_confidence_candidate,,
religare invesco fixed maturity series 23 n 367 dys,129764.0,129761.0,high_confidence_candidate,,
religare invesco fixed maturity series xix a 367 days,,,rejected,,
religare invesco fixed maturity series xix d 224 days,,,rejected,,
religare invesco fixed maturity series xvii a,,,rejected,,
religare invesco fixed maturity series xvii b,,,rejected,,
religare invesco fixed maturity series xvii d 399 days,,,rejected,,
religare invesco fixed maturity series xvii e 369 days,,,rejected,,
religare invesco fixed maturity series xvii f 392 days,,,rejected,,
religare invesco fixed maturity series xviii a 369 days,,,rejected,,
religare invesco fixed maturity series xviii b 386 days,,,rejected,,
religare invesco fixed maturity series xviii c 25 months,,,rejected,,
religare invesco fixed maturity series xviii d 368 days,,,rejected,,
religare invesco fixed maturity series xviii e 374 days,,,rejected,,
religare invesco fixed maturity series xx a 90 days,,,rejected,,
religare invesco fixed maturity series xx c 369 days,,,rejected,,
religare invesco fixed maturity series xx e 370 days,,,rejected,,
religare invesco fixed maturity series xx f 370 days,,,rejected,,
religare invesco gilt fund short duration,,,rejected,,
religare invesco monthly income,,,rejected,,
religare invesco overnight fund,,,rejected,,
resources & energy fund,135813.0,135815.0,high_confidence_candidate,,
resurgent india fund series 1,139787.0,139784.0,high_confidence_candidate,,
resurgent india fund series 2,140119.0,140117.0,high_confidence_candidate,,
resurgent india fund series 3,140799.0,140797.0,high_confidence_candidate,,
resurgent india fund series 4,141608.0,141610.0,high_confidence_candidate,,
resurgent india fund series 5,141865.0,141863.0,high_confidence_candidate,,
resurgent india fund series 6,142555.0,142554.0,high_confidence_candidate,,
resurgent india fund series 7,,,rejected,,
retirement benefit fund aggressive,148683.0,148698.0,high_confidence_candidate,,
retirement benefit fund aggressive hybrid,148685.0,148695.0,high_confidence_candidate,,
retirement benefit fund conservative,148688.0,148696.0,high_confidence_candidate,,
retirement benefit fund conservative hybrid,148690.0,148692.0,high_confidence_candidate,,
retirement fund,152102.0,152103.0,high_confidence_candidate,,
retirement fund aggressive,147825.0,147823.0,high_confidence_candidate,,
retirement fund conservative,147830.0,147832.0,high_confidence_candidate,,
retirement fund dynamic,147826.0,147828.0,high_confidence_candidate,,
retirement fund hybrid aggressive,,,rejected,,
retirement fund hybrid conservative,,,rejected,,
retirement fund income generation scheme,,,rejected,,
retirement fund pure debt,,,rejected,,
retirement fund pure equity,,,rejected,,
retirement fund the 30s,146575.0,146577.0,high_confidence_candidate,,
retirement fund the 40s,,,ambiguous,"[146588, 146930]","[146586, 146929]"
retirement fund the 50s,,,ambiguous,"[146584, 146940]","[146587, 146938]"
retirement fund the 50s plus,146583.0,146585.0,high_confidence_candidate,,
retirement fund the 50s plus debt,146943.0,146941.0,high_confidence_candidate,,
retirement fund wealth creation scheme,,,rejected,,
retirement savings fund conservative,119256.0,115944.0,high_confidence_candidate,,
retirement savings fund equity,,,rejected,,
retirement savings fund hybrid debt,,,rejected,,
retirement savings fund hybrid equity,,,rejected,,
retirement savings fund moderate,119255.0,115943.0,high_confidence_candidate,,
retirement savings fund progressive,119251.0,115942.0,high_confidence_candidate,,
rural opportunities fund,,,ambiguous,"[153184, 153970]",[153969]
s&p 500 index fund,148381.0,148382.0,high_confidence_candidate,,
s&p 500 top 50 etf fund of fund,149170.0,149171.0,high_confidence_candidate,,
sahara banking & financial services fund,,,rejected,,
sahara classic fund,,,rejected,,
sahara fund,,,rejected,,
sahara gilt fund,,,rejected,,
sahara income fund,,,rejected,,
sahara infrastructure fund fixed pricing,,,rejected,,
sahara infrastructure fund variable pricing,,,rejected,,
sahara interval fund quarterly series 1,,,rejected,,
sahara liquid fund fixed pricing,,,rejected,,
sahara liquid fund variable pricing,,,rejected,,
sahara midcap fund,,,rejected,,
sahara power & natural resources fund,,,rejected,,
sahara r e a l fund fund,,,rejected,,
sahara short term bond fund,,,rejected,,
sahara star value fund,,,rejected,,
sahara super 20 fund,,,rejected,,
sahara wealth plus fund fixed pricing,,,rejected,,
sahara wealth plus fund variable pricing,,,rejected,,
saharatax gain,,,rejected,,
samco active momentum fund,151753.0,151752.0,high_confidence_candidate,,
samco arbitrage fund,153090.0,153091.0,high_confidence_candidate,,
samco dynamic asset allocation fund,152188.0,152187.0,high_confidence_candidate,,
samco elss tax saver fund,150838.0,150839.0,high_confidence_candidate,,
samco flexi cap fund,149450.0,149449.0,high_confidence_candidate,,
samco large & mid cap fund,153534.0,153533.0,high_confidence_candidate,,
samco large cap fund,153239.0,153238.0,high_confidence_candidate,,
samco multi asset allocation fund,153092.0,153093.0,high_confidence_candidate,,
samco multi cap fund,152847.0,152848.0,high_confidence_candidate,,
samco overnight fund,150631.0,150632.0,high_confidence_candidate,,
samco special opportunities fund,152586.0,152587.0,high_confidence_candidate,,
savings fund,,,ambiguous,"[119501, 120398, 119106, 119821, 119750]","[101430, 101317, 101316, 111794, 107695, 100087, 102503, 102448, 102330, 112874]"
select focus,119578.0,101537.0,high_confidence_candidate,,
select micro cap series i,125778.0,125775.0,high_confidence_candidate,,
select micro cap series ii,126408.0,126410.0,high_confidence_candidate,,
select micro cap series iii,126848.0,126846.0,high_confidence_candidate,,
select micro cap series iv,127669.0,127671.0,high_confidence_candidate,,
select micro cap series ix,135567.0,135569.0,high_confidence_candidate,,
select micro cap series v,131003.0,131005.0,high_confidence_candidate,,
select micro cap series vi,131334.0,131332.0,high_confidence_candidate,,
select micro cap series vii,131555.0,131558.0,high_confidence_candidate,,
select micro cap series viii,135490.0,135492.0,high_confidence_candidate,,
select micro cap series x,135772.0,135774.0,high_confidence_candidate,,
select micro cap series xi,140391.0,140389.0,high_confidence_candidate,,
select micro cap series xii,140532.0,140528.0,high_confidence_candidate,,
select micro cap series xiv,141145.0,141143.0,high_confidence_candidate,,
select micro cap series xv,141404.0,141406.0,high_confidence_candidate,,
select micro cap series xvi,141740.0,141742.0,high_confidence_candidate,,
select micro cap series xvii,141873.0,141871.0,high_confidence_candidate,,
select small cap series ii,132985.0,132983.0,high_confidence_candidate,,
select small cap series iii,134297.0,134295.0,high_confidence_candidate,,
select small cap series iv,134373.0,134371.0,high_confidence_candidate,,
select small cap series v,141499.0,141501.0,high_confidence_candidate,,
select small cap series vi,141561.0,141563.0,high_confidence_candidate,,
select thematic funds capex opportunities,,,rejected,,
select thematic funds energy opportunities,,,rejected,,
select thematic funds psu opportunities,,,rejected,,
services fund,,,ambiguous,"[144835, 153558, 154149]","[144838, 153561, 154151]"
services industries fund,,,rejected,,
services opportunities fund,153624.0,153621.0,high_confidence_candidate,,
short duration fund,,,ambiguous,"[120510, 118407, 118796, 120718, 142641, 145954]","[112354, 112721, 106624, 108768, 142642, 145952]"
short duration fund formerly known as principal short term debt fund,,,rejected,,
short term bond fund,,,ambiguous,"[118847, 119949]","[112017, 101548]"
short term credit risk fund,,,rejected,,
short term debt fund,,,ambiguous,"[119016, 119816, 119664, 119667]","[106231, 101563, 118332]"
short term fund,,,ambiguous,"[119498, 119226, 120754]","[101844, 101304]"
short term gilt fund,,,rejected,,
shriram aggressive hybrid fund,125711.0,125713.0,high_confidence_candidate,,
shriram balanced advantage fund,147406.0,147405.0,high_confidence_candidate,,
shriram elss tax saver fund,145819.0,145820.0,high_confidence_candidate,,
shriram flexi cap fund,144905.0,144902.0,high_confidence_candidate,,
shriram liquid fund,153035.0,153036.0,high_confidence_candidate,,
shriram money market fund,154144.0,154143.0,high_confidence_candidate,,
shriram multi asset allocation fund,152051.0,152052.0,high_confidence_candidate,,
shriram multi sector rotation fund,153076.0,153077.0,high_confidence_candidate,,
shriram overnight fund,,,ambiguous,"[150562, 154394]","[150565, 154399]"
silver etf fof,,,ambiguous,"[149775, 149760, 149780, 154136, 154279]","[149759, 149783, 154135, 154281]"
silver etf fund of fund,,,ambiguous,"[150737, 151603, 151731, 152293, 152735, 153487]","[151602, 151732, 152297, 152733, 153486]"
silver fund of fund,150615.0,150617.0,high_confidence_candidate,,
small cap fund,,,ambiguous,"[119556, 119212, 120164, 118777, 118778, 119589, 125354, 125497, 130503, 145206, 147946, 148618, 152004, 152237, 153196]","[105989, 100795, 125350, 125494, 145208, 147944, 148617, 152003, 152232, 153198]"
smallcap fund,,,rejected,,
smart nifty 100 equal weight fund,140453.0,140452.0,high_confidence_candidate,,
smart woman savings,,,rejected,,
special opportunities fund,,,ambiguous,"[148539, 152702, 153749]","[148537, 152703, 153751]"
special situations fund,,,rejected,,
strategic bond fund,,,ambiguous,"[120475, 119239]","[116894, 105669]"
strategic metal and energy equity fund of fund,,,rejected,,
taiwan equity fund,149329.0,149328.0,high_confidence_candidate,,
taurus banking & financial services fund,118868.0,117312.0,high_confidence_candidate,,
taurus dynamic income fund,118874.0,114537.0,high_confidence_candidate,,
taurus elss tax saver fund,118866.0,100480.0,high_confidence_candidate,,
taurus ethical fund,118876.0,111787.0,high_confidence_candidate,,
taurus fixed maturity series aa,124032.0,124030.0,high_confidence_candidate,,
taurus fixed maturity series x,120991.0,120988.0,high_confidence_candidate,,
taurus fixed maturity series y,121438.0,121436.0,high_confidence_candidate,,
taurus fixed maturity series z,121773.0,121771.0,high_confidence_candidate,,
taurus flexi cap fund,118883.0,100476.0,high_confidence_candidate,,
taurus gilt fund,,,rejected,,
taurus infrastructure fund,118879.0,105417.0,high_confidence_candidate,,
taurus large cap fund,118870.0,101209.0,high_confidence_candidate,,
taurus liquid fund si,118893.0,111915.0,high_confidence_candidate,,
taurus mid cap fund,118872.0,100477.0,high_confidence_candidate,,
taurus mip advantage,,,rejected,,
taurus nifty 50 index fund,118881.0,112948.0,high_confidence_candidate,,
taurus short term income fund,118889.0,101114.0,high_confidence_candidate,,
taurus ultra short term bond fund si,118894.0,111443.0,high_confidence_candidate,,
tax,119661.0,104331.0,high_confidence_candidate,,
tax advantage fund series iii,126279.0,126379.0,high_confidence_candidate,,
tax savings fund,131739.0,131736.0,high_confidence_candidate,,
technology fund,,,ambiguous,"[120594, 152059, 152462, 154244]","[152460, 154247]"
technology opportunities fund,120578.0,120577.0,high_confidence_candidate,,
templeton india children's asset education,,,rejected,,
templeton india children's asset gift,,,rejected,,
templeton india value fund,,,rejected,,
tfmp series 42 scheme a,,,rejected,,
the wealth company arbitrage fund,153891.0,153892.0,high_confidence_candidate,,
the wealth company balanced advantage fund,154185.0,154183.0,high_confidence_candidate,,
the wealth company ethical fund,153895.0,153897.0,high_confidence_candidate,,
the wealth company flexi cap fund,153872.0,153870.0,high_confidence_candidate,,
the wealth company gold etf fof,154131.0,154133.0,high_confidence_candidate,,
the wealth company large & mid cap fund,154381.0,154382.0,high_confidence_candidate,,
the wealth company liquid fund,153883.0,153888.0,high_confidence_candidate,,
the wealth company multi asset allocation fund,153999.0,154002.0,high_confidence_candidate,,
the wealth company small cap fund,154269.0,154268.0,high_confidence_candidate,,
top 100 series i,129693.0,129695.0,high_confidence_candidate,,
top 100 series ii,129887.0,129889.0,high_confidence_candidate,,
top 100 series iii,130346.0,130348.0,high_confidence_candidate,,
top 100 series iv,133355.0,133353.0,high_confidence_candidate,,
top 100 series v,133590.0,133588.0,high_confidence_candidate,,
top 100 series vi,140575.0,140578.0,high_confidence_candidate,,
top 100 series vii,140751.0,140749.0,high_confidence_candidate,,
transportation & logistics fund,153118.0,153116.0,high_confidence_candidate,,
transportation and logistics fund,,,ambiguous,"[120731, 150716, 150685, 151901, 152158]","[150717, 152161]"
treasury advantage fund,,,ambiguous,"[120513, 119863]","[112214, 112717, 103159]"
treasury advantage fund segregated portfolio 1,147396.0,147399.0,high_confidence_candidate,,
trust mf overnight fund,149797.0,149795.0,high_confidence_candidate,,
trustmf arbitrage fund,153804.0,153805.0,high_confidence_candidate,,
trustmf banking & psu fund,148656.0,148655.0,high_confidence_candidate,,
trustmf corporate bond fund,151320.0,151322.0,high_confidence_candidate,,
trustmf fixed maturity series ii 1196 days,151620.0,151617.0,high_confidence_candidate,,
trustmf flexi cap fund,152584.0,152582.0,high_confidence_candidate,,
trustmf liquid fund,148841.0,148833.0,high_confidence_candidate,,
trustmf mid cap fund,154210.0,154211.0,high_confidence_candidate,,
trustmf money market fund,150513.0,150511.0,high_confidence_candidate,,
trustmf multi cap fund,153644.0,153645.0,high_confidence_candidate,,
trustmf short duration fund,149076.0,149073.0,high_confidence_candidate,,
trustmf small cap fund,152939.0,152940.0,high_confidence_candidate,,
u s opportunities equity active fund of funds,,,rejected,,
ultra short duration fund,,,ambiguous,"[119828, 120746, 143494, 144173, 144754, 147772, 148529]","[100641, 102532, 144171, 144759, 147770, 148530]"
ultra short duration fund formerly known as principal ultra short term fund,,,rejected,,
ultra short duration fund segregated portfolio 1,,,rejected,,
ultra short fund,119205.0,104138.0,high_confidence_candidate,,
ultra short term fund,,,ambiguous,"[120676, 145034, 146075, 147440]","[146070, 147425]"
ultra short term fund mofustf,124234.0,124233.0,high_confidence_candidate,,
unifi dynamic asset allocation fund,153376.0,153377.0,high_confidence_candidate,,
unifi flexi cap fund,153543.0,153542.0,high_confidence_candidate,,
unifi liquid fund,153570.0,153571.0,high_confidence_candidate,,
union active momentum fund,153109.0,153111.0,high_confidence_candidate,,
union aggressive hybrid fund,148592.0,148591.0,high_confidence_candidate,,
union arbitrage fund,146297.0,146294.0,high_confidence_candidate,,
union asset allocation fund,,,rejected,,
union balanced advantage fund,142038.0,142035.0,high_confidence_candidate,,
union business cycle fund,152409.0,152411.0,high_confidence_candidate,,
union capital protection oriented fund series 5,126346.0,126348.0,high_confidence_candidate,,
union capital protection oriented fund series 6,134171.0,134169.0,high_confidence_candidate,,
union capital protection oriented fund series 7,140557.0,140556.0,high_confidence_candidate,,
union capital protection oriented fund series 8,141727.0,141729.0,high_confidence_candidate,,
union children's fund,152219.0,152217.0,high_confidence_candidate,,
union consumption fund,154020.0,154022.0,high_confidence_candidate,,
union corporate bond fund,143241.0,143239.0,high_confidence_candidate,,
union diversified equity all cap active fof,153824.0,153822.0,high_confidence_candidate,,
union dynamic bond fund,,,rejected,,
union elss tax saver fund,,,rejected,,
union equity savings fund,144312.0,144310.0,high_confidence_candidate,,
union fixed maturity series 13,151622.0,151624.0,high_confidence_candidate,,
union flexi cap fund,,,rejected,,
union focused fund,147492.0,147490.0,high_confidence_candidate,,
union gilt fund,150407.0,150405.0,high_confidence_candidate,,
union gold etf fund of fund,153340.0,153338.0,high_confidence_candidate,,
union income plus arbitrage active fof,153575.0,153573.0,high_confidence_candidate,,
union innovation & opportunities fund,151905.0,151903.0,high_confidence_candidate,,
union kbc asset allocation fund conservative,,,rejected,,
union kbc capital protection oriented fund series 2,120797.0,120808.0,high_confidence_candidate,,
union kbc capital protection oriented fund series 3,122819.0,122816.0,high_confidence_candidate,,
union kbc capital protection oriented fund series 4,125532.0,125534.0,high_confidence_candidate,,
union kbc fixed maturity series 10,127915.0,127917.0,high_confidence_candidate,,
union kbc fixed maturity series 6,121981.0,121983.0,high_confidence_candidate,,
union kbc fixed maturity series 7,122537.0,122536.0,high_confidence_candidate,,
union kbc fixed maturity series 8,123977.0,123976.0,high_confidence_candidate,,
union kbc trigger fund series 1,124817.0,124816.0,high_confidence_candidate,,
union large & midcap fund,147750.0,147748.0,high_confidence_candidate,,
union largecap fund,141248.0,141247.0,high_confidence_candidate,,
union liquid fund,,,rejected,,
union low duration fund,153654.0,153652.0,high_confidence_candidate,,
union medium duration fund,148479.0,148477.0,high_confidence_candidate,,
union midcap fund,148073.0,148071.0,high_confidence_candidate,,
union money market fund,149117.0,149116.0,high_confidence_candidate,,
union multi asset allocation fund,152787.0,152786.0,high_confidence_candidate,,
union multicap fund,150858.0,150855.0,high_confidence_candidate,,
union overnight fund,147003.0,146997.0,high_confidence_candidate,,
union retirement fund,150554.0,150552.0,high_confidence_candidate,,
union short duration fund,153242.0,153240.0,high_confidence_candidate,,
union short term fund,,,rejected,,
union small cap fund,129649.0,129647.0,high_confidence_candidate,,
union trigger fund series 2,133834.0,133835.0,high_confidence_candidate,,
union value fund,145473.0,145471.0,high_confidence_candidate,,
us bluechip equity fund,,,rejected,,
us equity fund,,,rejected,,
us equity opportunities fund,,,rejected,,
us equity passive fof,149291.0,149290.0,high_confidence_candidate,,
us specific debt passive fof,152528.0,152527.0,high_confidence_candidate,,
us specific equity active fof,,,ambiguous,"[148760, 149098]","[148762, 149100]"
us specific equity omni fof,119252.0,117691.0,high_confidence_candidate,,
us specific equity passive fof,148662.0,148661.0,high_confidence_candidate,,
us specific treasury dynamic debt passive fof,152240.0,152239.0,high_confidence_candidate,,
us treasury 1 3 year bond etfs fund of funds,152140.0,152142.0,high_confidence_candidate,,
us treasury 3 10 year bond etfs fund of funds,152150.0,152147.0,high_confidence_candidate,,
us treasury bond 0 1 year specific debt passive fof,151548.0,151546.0,high_confidence_candidate,,
value fund,,,ambiguous,"[119659, 118481, 118935, 118784, 119549, 119231, 120751, 148595, 149166, 152018]","[108909, 101853, 101672, 103098, 148594, 149167, 152016]"
value fund erstwhile value discovery fund,,,rejected,,
value fund series,,,rejected,,
value fund series 1,143835.0,143837.0,high_confidence_candidate,,
value fund series 2,144213.0,144212.0,high_confidence_candidate,,
value fund series i,133320.0,133318.0,high_confidence_candidate,,
value fund series ii,133559.0,133557.0,high_confidence_candidate,,
value fund series ix,141915.0,141913.0,high_confidence_candidate,,
value fund series vii,140660.0,140659.0,high_confidence_candidate,,
value fund series viii,141342.0,141339.0,high_confidence_candidate,,
value fund series x,141932.0,141929.0,high_confidence_candidate,,
vision large & mid cap fund,,,rejected,,
whiteoak capital aggressive hybrid fund,154392.0,154393.0,high_confidence_candidate,,
whiteoak capital arbitrage fund,152849.0,152850.0,high_confidence_candidate,,
whiteoak capital balanced advantage fund,151267.0,151268.0,high_confidence_candidate,,
whiteoak capital balanced hybrid fund,152132.0,152133.0,high_confidence_candidate,,
whiteoak capital banking & financial services fund,152321.0,152322.0,high_confidence_candidate,,
whiteoak capital consumption opportunities fund,154161.0,154162.0,high_confidence_candidate,,
whiteoak capital digital bharat fund,152915.0,152914.0,high_confidence_candidate,,
whiteoak capital elss tax saver fund,150587.0,150589.0,high_confidence_candidate,,
whiteoak capital equity savings fund,153355.0,153356.0,high_confidence_candidate,,
whiteoak capital esg best in class strategy fund,152962.0,152963.0,high_confidence_candidate,,
whiteoak capital flexi cap fund,150346.0,150347.0,high_confidence_candidate,,
whiteoak capital large & mid cap fund,152226.0,152225.0,high_confidence_candidate,,
whiteoak capital large cap fund,150797.0,150799.0,high_confidence_candidate,,
whiteoak capital liquid fund,145971.0,145968.0,high_confidence_candidate,,
whiteoak capital mid cap fund,150584.0,150583.0,high_confidence_candidate,,
whiteoak capital multi asset allocation fund,151745.0,151746.0,high_confidence_candidate,,
whiteoak capital multi cap fund,152071.0,152072.0,high_confidence_candidate,,
whiteoak capital overnight fund,147593.0,147590.0,high_confidence_candidate,,
whiteoak capital pharma and heathcare fund,152349.0,152348.0,high_confidence_candidate,,
whiteoak capital quality equity fund,153189.0,153190.0,high_confidence_candidate,,
whiteoak capital special opportunities fund,152644.0,152643.0,high_confidence_candidate,,
whiteoak capital ultra short duration fund,147311.0,147307.0,high_confidence_candidate,,
world agriculture fund,119271.0,115882.0,high_confidence_candidate,,
world brand fund series i,133115.0,133114.0,high_confidence_candidate,,
world brand fund series ii,133120.0,133118.0,high_confidence_candidate,,
world brand fund series iii,133241.0,133240.0,high_confidence_candidate,,
world gold fund,,,rejected,,
world gold mining overseas equity omni fof,119277.0,106597.0,high_confidence_candidate,,
world mining overseas equity omni fof,119279.0,112293.0,high_confidence_candidate,,
yearly interval fund series 1,,,ambiguous,"[120799, 127504]",[127502]
young citizens' fund [> 3 years upto 7 years],,,rejected,,
young citizens' fund [upto 3 years],,,rejected,,
ys interval fund series i,120849.0,120851.0,high_confidence_candidate,,
ys interval fund series ii,120986.0,120984.0,high_confidence_candidate,,
ys interval fund series iii,121065.0,121063.0,high_confidence_candidate,,
zerodha elss tax saver nifty largemidcap 250 index fund,,,rejected,,
zerodha gold etf fof,,,rejected,,
zerodha multi asset passive fof,,,rejected,,
zerodha nifty 50 index fund,,,rejected,,
zerodha nifty largemidcap 250 index fund,,,rejected,,
zerodha nifty largemidcap250 plus 8 13 yr g sec 70:30 index fund,,,rejected,,
zerodha nifty midsmallcap400 50:50 index fund,,,rejected,,
zerodha nifty short duration g sec index fund,,,rejected,,
zerodha overnight fund,,,rejected,,
zerodha silver etf fof,,,rejected,,
|crisil ibx gilt index june 2036 fund,,,rejected,,
