scheme_code,scheme_name,category,prediction_date,past_start_intended,past_start_actual,prediction_NAV_date,future_end_intended,future_end_actual,past_5y_CAGR,future_5y_CAGR,window_status
103490,Quantum Value Fund - Direct Plan Growth Option,Other,2018-03-31,2013-03-31,2013-04-01,2018-04-02,2023-03-31,2023-03-31,16.0465,8.6362,complete
103490,Quantum Value Fund - Direct Plan Growth Option,Other,2019-03-31,2014-03-31,2014-03-31,2019-04-01,2024-03-31,2024-03-31,13.2821,14.4452,complete
103490,Quantum Value Fund - Direct Plan Growth Option,Other,2020-03-31,2015-03-31,2015-03-31,2020-03-31,2025-03-31,2025-03-31,-0.7928,27.1971,complete
103490,Quantum Value Fund - Direct Plan Growth Option,Other,2021-03-31,2016-03-31,2016-03-31,2021-03-31,2026-03-31,2026-03-31,11.6794,11.3156,complete
103734,Quantum Liquid Fund - Direct Plan Growth Option,Liquid/Money Market,2018-03-31,2013-03-31,2013-04-01,2018-03-31,2023-03-31,2023-03-31,7.5755,4.8554,complete
103734,Quantum Liquid Fund - Direct Plan Growth Option,Liquid/Money Market,2019-03-31,2014-03-31,2014-03-31,2019-03-31,2024-03-31,2024-03-31,7.1102,4.9165,complete
103734,Quantum Liquid Fund - Direct Plan Growth Option,Liquid/Money Market,2020-03-31,2015-03-31,2015-03-31,2020-03-31,2025-03-31,2025-03-31,6.5068,5.1977,complete
103734,Quantum Liquid Fund - Direct Plan Growth Option,Liquid/Money Market,2021-03-31,2016-03-31,2016-03-31,2021-03-31,2026-03-31,2026-03-31,5.6167,5.7372,complete
111549,Quantum ELSS Tax Saver Fund - Direct Plan Growth Option,Equity,2018-03-31,2013-03-31,2013-04-01,2018-04-02,2023-03-31,2023-03-31,16.1238,8.7814,complete
111549,Quantum ELSS Tax Saver Fund - Direct Plan Growth Option,Equity,2019-03-31,2014-03-31,2014-03-31,2019-04-01,2024-03-31,2024-03-31,13.3969,14.5854,complete
111549,Quantum ELSS Tax Saver Fund - Direct Plan Growth Option,Equity,2020-03-31,2015-03-31,2015-03-31,2020-03-31,2025-03-31,2025-03-31,-0.6327,27.1044,complete
111549,Quantum ELSS Tax Saver Fund - Direct Plan Growth Option,Equity,2021-03-31,2016-03-31,2016-03-31,2021-03-31,2026-03-31,2026-03-31,11.7998,11.4442,complete
112039,Quantum Diversified Equity All Cap Active FOF - Direct Plan Growth Option,Equity,2018-03-31,2013-03-31,2013-04-01,2018-04-02,2023-03-31,2023-03-31,19.1237,9.1798,complete
112039,Quantum Diversified Equity All Cap Active FOF - Direct Plan Growth Option,Equity,2019-03-31,2014-03-31,2014-03-31,2019-04-01,2024-03-31,2024-03-31,16.0926,14.8122,complete
112039,Quantum Diversified Equity All Cap Active FOF - Direct Plan Growth Option,Equity,2020-03-31,2015-03-31,2015-03-31,2020-03-31,2025-03-31,2025-03-31,1.7515,23.7435,complete
112039,Quantum Diversified Equity All Cap Active FOF - Direct Plan Growth Option,Equity,2021-03-31,2016-03-31,2016-03-31,2021-03-31,2026-03-31,2026-03-31,13.3886,11.0998,complete
115132,Quantum Gold ETF FOF - Direct Plan Growth Option,FoF/International,2018-03-31,2013-03-31,2013-04-01,2018-04-02,2023-03-31,2023-03-31,-0.6979,13.0559,complete
115132,Quantum Gold ETF FOF - Direct Plan Growth Option,FoF/International,2019-03-31,2014-03-31,2014-03-31,2019-04-01,2024-03-31,2024-03-31,0.7626,14.8354,complete
115132,Quantum Gold ETF FOF - Direct Plan Growth Option,FoF/International,2020-03-31,2015-03-31,2015-03-31,2020-03-31,2025-03-31,2025-03-31,9.7243,13.7975,complete
115132,Quantum Gold ETF FOF - Direct Plan Growth Option,FoF/International,2021-03-31,2016-03-31,2016-03-31,2021-03-31,2026-03-31,2026-03-31,8.2055,26.0088,complete
117608,Quantum Multi Asset Active FOF - Direct Plan Growth Option,Hybrid,2018-03-31,2013-03-31,2013-04-01,2018-04-02,2023-03-31,2023-03-31,9.977,8.1739,complete
117608,Quantum Multi Asset Active FOF - Direct Plan Growth Option,Hybrid,2019-03-31,2014-03-31,2014-03-31,2019-04-01,2024-03-31,2024-03-31,9.028,10.048,complete
117608,Quantum Multi Asset Active FOF - Direct Plan Growth Option,Hybrid,2020-03-31,2015-03-31,2015-03-31,2020-03-31,2025-03-31,2025-03-31,5.5,13.3125,complete
117608,Quantum Multi Asset Active FOF - Direct Plan Growth Option,Hybrid,2021-03-31,2016-03-31,2016-03-31,2021-03-31,2026-03-31,2026-03-31,9.4087,9.9804,complete
118267,CANARA ROBECO INFRASTRUCTURE FUND - DIRECT PLAN - GROWTH OPTION,Other,2018-03-31,2013-03-31,2013-04-01,2018-04-02,2023-03-31,2023-03-31,19.0433,12.336,complete
118267,CANARA ROBECO INFRASTRUCTURE FUND - DIRECT PLAN - GROWTH OPTION,Other,2019-03-31,2014-03-31,2014-03-31,2019-04-01,2024-03-31,2024-03-31,15.3234,24.2603,complete
118267,CANARA ROBECO INFRASTRUCTURE FUND - DIRECT PLAN - GROWTH OPTION,Other,2020-03-31,2015-03-31,2015-03-31,2020-03-31,2025-03-31,2025-03-31,-2.2958,36.1649,complete
118267,CANARA ROBECO INFRASTRUCTURE FUND - DIRECT PLAN - GROWTH OPTION,Other,2021-03-31,2016-03-31,2016-03-31,2021-03-31,2026-03-31,2026-03-31,11.296,22.8966,complete
118269,CANARA ROBECO LARGE CAP FUND - DIRECT PLAN - GROWTH OPTION,Equity,2018-03-31,2013-03-31,2013-04-01,2018-04-02,2023-03-31,2023-03-31,15.3522,14.4118,complete
118269,CANARA ROBECO LARGE CAP FUND - DIRECT PLAN - GROWTH OPTION,Equity,2019-03-31,2014-03-31,2014-03-31,2019-04-01,2024-03-31,2024-03-31,14.5861,18.5257,complete
118269,CANARA ROBECO LARGE CAP FUND - DIRECT PLAN - GROWTH OPTION,Equity,2020-03-31,2015-03-31,2015-03-31,2020-03-31,2025-03-31,2025-03-31,4.9303,24.0691,complete
118269,CANARA ROBECO LARGE CAP FUND - DIRECT PLAN - GROWTH OPTION,Equity,2021-03-31,2016-03-31,2016-03-31,2021-03-31,2026-03-31,2026-03-31,17.7319,11.0385,complete
118272,CANARA ROBECO EQUITY HYBRID FUND - DIRECT PLAN - GROWTH OPTION,Equity,2018-03-31,2013-03-31,2013-04-01,2018-04-02,2023-03-31,2023-03-31,17.3822,12.225,complete
118272,CANARA ROBECO EQUITY HYBRID FUND - DIRECT PLAN - GROWTH OPTION,Equity,2019-03-31,2014-03-31,2014-03-31,2019-04-01,2024-03-31,2024-03-31,16.3819,15.6631,complete
118272,CANARA ROBECO EQUITY HYBRID FUND - DIRECT PLAN - GROWTH OPTION,Equity,2020-03-31,2015-03-31,2015-03-31,2020-03-31,2025-03-31,2025-03-31,6.1897,19.9535,complete
118272,CANARA ROBECO EQUITY HYBRID FUND - DIRECT PLAN - GROWTH OPTION,Equity,2021-03-31,2016-03-31,2016-03-31,2021-03-31,2026-03-31,2026-03-31,15.633,10.8614,complete
118273,CANARA ROBECO CONSUMPTION FUND - DIRECT PLAN - GROWTH OPTION,Other,2018-03-31,2013-03-31,2013-04-01,2018-04-02,2023-03-31,2023-03-31,19.9498,15.1592,complete
118273,CANARA ROBECO CONSUMPTION FUND - DIRECT PLAN - GROWTH OPTION,Other,2019-03-31,2014-03-31,2014-03-31,2019-04-01,2024-03-31,2024-03-31,19.6507,20.4538,complete
118273,CANARA ROBECO CONSUMPTION FUND - DIRECT PLAN - GROWTH OPTION,Other,2020-03-31,2015-03-31,2015-03-31,2020-03-31,2025-03-31,2025-03-31,7.2762,25.8569,complete
118273,CANARA ROBECO CONSUMPTION FUND - DIRECT PLAN - GROWTH OPTION,Other,2021-03-31,2016-03-31,2016-03-31,2021-03-31,2026-03-31,2026-03-31,20.1195,12.3036,complete
118275,CANARA ROBECO FLEXICAP FUND - DIRECT PLAN - GROWTH OPTION,Other,2018-03-31,2013-03-31,2013-04-01,2018-04-02,2023-03-31,2023-03-31,15.8317,13.7863,complete
118275,CANARA ROBECO FLEXICAP FUND - DIRECT PLAN - GROWTH OPTION,Other,2019-03-31,2014-03-31,2014-03-31,2019-04-01,2024-03-31,2024-03-31,14.7017,17.9888,complete
118275,CANARA ROBECO FLEXICAP FUND - DIRECT PLAN - GROWTH OPTION,Other,2020-03-31,2015-03-31,2015-03-31,2020-03-31,2025-03-31,2025-03-31,3.5373,24.0257,complete
118275,CANARA ROBECO FLEXICAP FUND - DIRECT PLAN - GROWTH OPTION,Other,2021-03-31,2016-03-31,2016-03-31,2021-03-31,2026-03-31,2026-03-31,17.3823,11.7723,complete
118278,CANARA ROBECO LARGE AND MID CAP FUND - DIRECT PLAN - GROWTH OPTION,Equity,2018-03-31,2013-03-31,2013-04-01,2018-04-02,2023-03-31,2023-03-31,31.3012,12.4191,complete
118278,CANARA ROBECO LARGE AND MID CAP FUND - DIRECT PLAN - GROWTH OPTION,Equity,2019-03-31,2014-03-31,2014-03-31,2019-04-01,2024-03-31,2024-03-31,25.9918,18.8495,complete
118278,CANARA ROBECO LARGE AND MID CAP FUND - DIRECT PLAN - GROWTH OPTION,Equity,2020-03-31,2015-03-31,2015-03-31,2020-03-31,2025-03-31,2025-03-31,6.2991,26.9708,complete
118278,CANARA ROBECO LARGE AND MID CAP FUND - DIRECT PLAN - GROWTH OPTION,Equity,2021-03-31,2016-03-31,2016-03-31,2021-03-31,2026-03-31,2026-03-31,19.3937,12.3958,complete
118282,CANARA ROBECO INCOME FUND - DIRECT PLAN - GROWTH OPTION,Debt,2018-03-31,2013-03-31,2013-04-02,2018-03-28,2023-03-31,2023-03-31,8.6422,6.9293,complete
118282,CANARA ROBECO INCOME FUND - DIRECT PLAN - GROWTH OPTION,Debt,2019-03-31,2014-03-31,2014-04-02,2019-03-29,2024-03-31,2024-03-31,9.132,6.9491,complete
118282,CANARA ROBECO INCOME FUND - DIRECT PLAN - GROWTH OPTION,Debt,2020-03-31,2015-03-31,2015-03-31,2020-03-31,2025-03-31,2025-03-31,8.3256,6.3874,complete
118282,CANARA ROBECO INCOME FUND - DIRECT PLAN - GROWTH OPTION,Debt,2021-03-31,2016-03-31,2016-03-31,2021-03-31,2026-03-31,2026-03-31,8.7407,5.4321,complete
118284,CANARA ROBECO DYNAMIC BOND FUND - DIRECT PLAN - GROWTH OPTION,Debt,2018-03-31,2013-03-31,2013-04-02,2018-03-28,2023-03-31,2023-03-31,9.054,6.3949,complete
118284,CANARA ROBECO DYNAMIC BOND FUND - DIRECT PLAN - GROWTH OPTION,Debt,2019-03-31,2014-03-31,2014-04-02,2019-03-29,2024-03-31,2024-03-31,9.1933,6.6713,complete
118284,CANARA ROBECO DYNAMIC BOND FUND - DIRECT PLAN - GROWTH OPTION,Debt,2020-03-31,2015-03-31,2015-03-31,2020-03-31,2025-03-31,2025-03-31,8.0397,6.3237,complete
118284,CANARA ROBECO DYNAMIC BOND FUND - DIRECT PLAN - GROWTH OPTION,Debt,2021-03-31,2016-03-31,2016-03-31,2021-03-31,2026-03-31,2026-03-31,8.1698,5.1412,complete
118285,CANARA ROBECO ELSS TAX SAVER - DIRECT PLAN - GROWTH OPTION,Equity,2018-03-31,2013-03-31,2013-04-01,2018-04-02,2023-03-31,2023-03-31,16.4896,15.4075,complete
118285,CANARA ROBECO ELSS TAX SAVER - DIRECT PLAN - GROWTH OPTION,Equity,2019-03-31,2014-03-31,2014-03-31,2019-04-01,2024-03-31,2024-03-31,15.5283,19.4641,complete
118285,CANARA ROBECO ELSS TAX SAVER - DIRECT PLAN - GROWTH OPTION,Equity,2020-03-31,2015-03-31,2015-03-31,2020-03-31,2025-03-31,2025-03-31,3.5125,25.7874,complete
118285,CANARA ROBECO ELSS TAX SAVER - DIRECT PLAN - GROWTH OPTION,Equity,2021-03-31,2016-03-31,2016-03-31,2021-03-31,2026-03-31,2026-03-31,17.9971,12.1703,complete
118291,CANARA ROBECO SAVINGS FUND - DIRECT PLAN - GROWTH OPTION,Other,2018-03-31,2013-03-31,2013-04-02,2018-03-28,2023-03-31,2023-03-31,8.3974,5.9452,complete
118291,CANARA ROBECO SAVINGS FUND - DIRECT PLAN - GROWTH OPTION,Other,2019-03-31,2014-03-31,2014-04-02,2019-03-29,2024-03-31,2024-03-31,8.1335,5.9009,complete
118291,CANARA ROBECO SAVINGS FUND - DIRECT PLAN - GROWTH OPTION,Other,2020-03-31,2015-03-31,2015-03-31,2020-03-31,2025-03-31,2025-03-31,7.8081,5.9316,complete
118291,CANARA ROBECO SAVINGS FUND - DIRECT PLAN - GROWTH OPTION,Other,2021-03-31,2016-03-31,2016-03-31,2021-03-31,2026-03-31,2026-03-31,7.2373,6.1148,complete
118299,CANARA ROBECO GILT FUND - DIRECT PLAN - GROWTH OPTION,Debt,2018-03-31,2013-03-31,2013-04-02,2018-03-28,2023-03-31,2023-03-31,9.3959,6.7929,complete
118299,CANARA ROBECO GILT FUND - DIRECT PLAN - GROWTH OPTION,Debt,2019-03-31,2014-03-31,2014-04-02,2019-03-29,2024-03-31,2024-03-31,10.1037,7.1925,complete
118299,CANARA ROBECO GILT FUND - DIRECT PLAN - GROWTH OPTION,Debt,2020-03-31,2015-03-31,2015-03-31,2020-03-31,2025-03-31,2025-03-31,8.9653,6.5348,complete
118299,CANARA ROBECO GILT FUND - DIRECT PLAN - GROWTH OPTION,Debt,2021-03-31,2016-03-31,2016-03-31,2021-03-31,2026-03-31,2026-03-31,8.9488,5.2452,complete
118305,CANARA ROBECO LIQUID FUND - DIRECT PLAN - GROWTH OPTION,Liquid/Money Market,2018-03-31,2013-03-31,2013-03-31,2018-03-31,2023-03-31,2023-03-31,8.0552,5.1145,complete
118305,CANARA ROBECO LIQUID FUND - DIRECT PLAN - GROWTH OPTION,Liquid/Money Market,2019-03-31,2014-03-31,2014-03-31,2019-03-31,2024-03-31,2024-03-31,7.6778,5.0766,complete
118305,CANARA ROBECO LIQUID FUND - DIRECT PLAN - GROWTH OPTION,Liquid/Money Market,2020-03-31,2015-03-31,2015-03-31,2020-03-31,2025-03-31,2025-03-31,7.0367,5.3959,complete
118305,CANARA ROBECO LIQUID FUND - DIRECT PLAN - GROWTH OPTION,Liquid/Money Market,2021-03-31,2016-03-31,2016-03-31,2021-03-31,2026-03-31,2026-03-31,6.0446,6.0089,complete
118309,CANARA ROBECO CONSERVATIVE HYBRID FUND - DIRECT PLAN - GROWTH OPTION,Hybrid,2018-03-31,2013-03-31,2013-04-02,2018-03-28,2023-03-31,2023-03-31,10.3106,9.3716,complete
118309,CANARA ROBECO CONSERVATIVE HYBRID FUND - DIRECT PLAN - GROWTH OPTION,Hybrid,2019-03-31,2014-03-31,2014-04-02,2019-03-29,2024-03-31,2024-03-31,9.5299,10.2292,complete
118309,CANARA ROBECO CONSERVATIVE HYBRID FUND - DIRECT PLAN - GROWTH OPTION,Hybrid,2020-03-31,2015-03-31,2015-03-31,2020-03-31,2025-03-31,2025-03-31,6.5915,11.2858,complete
118309,CANARA ROBECO CONSERVATIVE HYBRID FUND - DIRECT PLAN - GROWTH OPTION,Hybrid,2021-03-31,2016-03-31,2016-03-31,2021-03-31,2026-03-31,2026-03-31,10.1788,7.5078,complete
118317,CANARA ROBECO ULTRA SHORT TERM FUND - DIRECT PLAN - GROWTH OPTION,Liquid/Money Market,2018-03-31,2013-03-31,2013-04-02,2018-03-28,2023-03-31,2023-03-31,8.2623,5.3452,complete
118317,CANARA ROBECO ULTRA SHORT TERM FUND - DIRECT PLAN - GROWTH OPTION,Liquid/Money Market,2019-03-31,2014-03-31,2014-04-02,2019-03-29,2024-03-31,2024-03-31,7.791,5.3757,complete
118317,CANARA ROBECO ULTRA SHORT TERM FUND - DIRECT PLAN - GROWTH OPTION,Liquid/Money Market,2020-03-31,2015-03-31,2015-03-31,2020-03-31,2025-03-31,2025-03-31,7.2485,5.5204,complete
118317,CANARA ROBECO ULTRA SHORT TERM FUND - DIRECT PLAN - GROWTH OPTION,Liquid/Money Market,2021-03-31,2016-03-31,2016-03-31,2021-03-31,2026-03-31,2026-03-31,6.3793,5.9245,complete
118320,CANARA ROBECO SHORT DURATION FUND - DIRECT PLAN - GROWTH OPTION,Debt,2018-03-31,2013-03-31,2013-04-02,2018-03-28,2023-03-31,2023-03-31,8.0934,6.4219,complete
118320,CANARA ROBECO SHORT DURATION FUND - DIRECT PLAN - GROWTH OPTION,Debt,2019-03-31,2014-03-31,2014-04-02,2019-03-29,2024-03-31,2024-03-31,7.9463,6.4061,complete
118320,CANARA ROBECO SHORT DURATION FUND - DIRECT PLAN - GROWTH OPTION,Debt,2020-03-31,2015-03-31,2015-03-31,2020-03-31,2025-03-31,2025-03-31,8.1063,6.2727,complete
118320,CANARA ROBECO SHORT DURATION FUND - DIRECT PLAN - GROWTH OPTION,Debt,2021-03-31,2016-03-31,2016-03-31,2021-03-31,2026-03-31,2026-03-31,8.2994,5.8896,complete
118344,IDBI India Top 100 Equity Fund Growth Direct,Equity,2018-03-31,2013-03-31,2013-04-01,2018-04-02,2023-03-31,2023-03-31,16.4723,12.4031,complete
118345,IDBI Liquid Fund Growth Direct,Liquid/Money Market,2018-03-31,2013-03-31,2013-03-31,2018-04-02,2023-03-31,2023-03-31,8.1252,5.4171,complete
118347,IDBI NIFTY 50  Index Fund Growth Direct,Other,2018-03-31,2013-03-31,2013-04-01,2018-04-02,2023-03-31,2023-03-31,12.5917,12.0301,complete
118348,IDBI Nifty Next 50 Index Fund Growth Direct,Other,2018-03-31,2013-03-31,2013-04-01,2018-04-02,2023-03-31,2023-03-31,20.725,5.8533,complete
118349,IDBI Short Term Bond Fund Growth Direct,Debt,2018-03-31,2013-03-31,2013-04-01,2018-03-28,2023-03-31,2023-03-31,8.5391,6.8435,complete
118350,IDBI UST Growth Direct,Other,2018-03-31,2013-03-31,2013-04-02,2018-03-28,2023-03-31,2023-03-31,8.3862,5.8804,complete
118364,BANDHAN LIQUID Fund -Direct Plan-Growth,Liquid/Money Market,2018-03-31,2013-03-31,2013-03-31,2018-03-31,2023-03-31,2023-03-31,8.1507,5.1977,complete
118364,BANDHAN LIQUID Fund -Direct Plan-Growth,Liquid/Money Market,2019-03-31,2014-03-31,2014-04-01,2019-03-31,2024-03-31,2024-03-31,7.7625,5.1761,complete
118364,BANDHAN LIQUID Fund -Direct Plan-Growth,Liquid/Money Market,2020-03-31,2015-03-31,2015-03-31,2020-03-31,2025-03-31,2025-03-31,7.1462,5.4566,complete
118364,BANDHAN LIQUID Fund -Direct Plan-Growth,Liquid/Money Market,2021-03-31,2016-03-31,2016-03-31,2021-03-31,2026-03-31,2026-03-31,6.1827,6.0006,complete
118371,BANDHAN Low Duration Fund-Direct Plan-Growth,Debt,2018-03-31,2013-03-31,2013-04-02,2018-03-28,2023-03-31,2023-03-31,8.7281,6.1923,complete
118371,BANDHAN Low Duration Fund-Direct Plan-Growth,Debt,2019-03-31,2014-03-31,2014-04-02,2019-03-29,2024-03-31,2024-03-31,8.3741,6.0881,complete
118371,BANDHAN Low Duration Fund-Direct Plan-Growth,Debt,2020-03-31,2015-03-31,2015-03-31,2020-03-31,2025-03-31,2025-03-31,8.0802,6.0263,complete
118371,BANDHAN Low Duration Fund-Direct Plan-Growth,Debt,2021-03-31,2016-03-31,2016-03-31,2021-03-31,2026-03-31,2026-03-31,7.5391,6.1128,complete
118384,Bandhan Money Market Fund -Direct Plan-Growth,Liquid/Money Market,2018-03-31,2013-03-31,2013-04-02,2018-03-28,2023-03-31,2023-03-31,8.5056,5.7247,complete
118384,Bandhan Money Market Fund -Direct Plan-Growth,Liquid/Money Market,2019-03-31,2014-03-31,2014-04-02,2019-03-29,2024-03-31,2024-03-31,8.0617,5.7983,complete
118384,Bandhan Money Market Fund -Direct Plan-Growth,Liquid/Money Market,2020-03-31,2015-03-31,2015-03-31,2020-03-31,2025-03-31,2025-03-31,7.5709,6.0137,complete
118384,Bandhan Money Market Fund -Direct Plan-Growth,Liquid/Money Market,2021-03-31,2016-03-31,2016-03-31,2021-03-31,2026-03-31,2026-03-31,6.8464,6.3257,complete
118387,Bandhan Gilt Fund with 10 year constant duration Fund - Direct Plan - Growth,Debt,2018-03-31,2013-03-31,2013-04-02,2018-03-28,2023-03-31,2023-03-31,9.7509,8.2112,complete
118387,Bandhan Gilt Fund with 10 year constant duration Fund - Direct Plan - Growth,Debt,2019-03-31,2014-03-31,2014-04-02,2019-03-29,2024-03-31,2024-03-31,10.0133,7.5817,complete
118387,Bandhan Gilt Fund with 10 year constant duration Fund - Direct Plan - Growth,Debt,2020-03-31,2015-03-31,2015-03-31,2020-03-31,2025-03-31,2025-03-31,10.6366,6.4502,complete
118387,Bandhan Gilt Fund with 10 year constant duration Fund - Direct Plan - Growth,Debt,2021-03-31,2016-03-31,2016-03-31,2021-03-31,2026-03-31,2026-03-31,10.2895,5.7286,complete
118394,Bandhan Medium to Long Duration Fund - Direct Plan - Growth,Debt,2018-03-31,2013-03-31,2013-04-02,2018-03-28,2023-03-31,2023-03-31,8.596,6.8892,complete
118394,Bandhan Medium to Long Duration Fund - Direct Plan - Growth,Debt,2019-03-31,2014-03-31,2014-04-02,2019-03-29,2024-03-31,2024-03-31,9.5229,6.6921,complete
118394,Bandhan Medium to Long Duration Fund - Direct Plan - Growth,Debt,2020-03-31,2015-03-31,2015-03-31,2020-03-31,2025-03-31,2025-03-31,8.6449,5.8565,complete
118394,Bandhan Medium to Long Duration Fund - Direct Plan - Growth,Debt,2021-03-31,2016-03-31,2016-03-31,2021-03-31,2026-03-31,2026-03-31,8.8692,5.028,complete
118401,Bandhan Medium Duration Fund - Direct Plan - Growth,Debt,2018-03-31,2013-03-31,2013-04-02,2018-03-28,2023-03-31,2023-03-31,8.3929,6.7028,complete
118401,Bandhan Medium Duration Fund - Direct Plan - Growth,Debt,2019-03-31,2014-03-31,2014-04-02,2019-03-29,2024-03-31,2024-03-31,8.7147,6.5813,complete
118401,Bandhan Medium Duration Fund - Direct Plan - Growth,Debt,2020-03-31,2015-03-31,2015-03-31,2020-03-31,2025-03-31,2025-03-31,8.4014,6.3216,complete
118401,Bandhan Medium Duration Fund - Direct Plan - Growth,Debt,2021-03-31,2016-03-31,2016-03-31,2021-03-31,2026-03-31,2026-03-31,8.3083,5.8335,complete
118407,Bandhan Short Duration Fund - Direct Plan - Growth,Debt,2018-03-31,2013-03-31,2013-04-02,2018-03-28,2023-03-31,2023-03-31,8.7016,6.9013,complete
118407,Bandhan Short Duration Fund - Direct Plan - Growth,Debt,2019-03-31,2014-03-31,2014-04-02,2019-03-29,2024-03-31,2024-03-31,8.6043,6.7887,complete
118407,Bandhan Short Duration Fund - Direct Plan - Growth,Debt,2020-03-31,2015-03-31,2015-03-31,2020-03-31,2025-03-31,2025-03-31,8.3591,6.6266,complete
118407,Bandhan Short Duration Fund - Direct Plan - Growth,Debt,2021-03-31,2016-03-31,2016-03-31,2021-03-31,2026-03-31,2026-03-31,8.245,6.27,complete
118410,Bandhan Income Plus Arbitrage Active FOF - Direct Plan - Growth,Debt,2018-03-31,2013-03-31,2013-04-02,2018-03-28,2023-03-31,2023-03-31,8.707,7.1062,complete
118410,Bandhan Income Plus Arbitrage Active FOF - Direct Plan - Growth,Debt,2019-03-31,2014-03-31,2014-04-02,2019-03-29,2024-03-31,2024-03-31,8.561,6.9356,complete
118410,Bandhan Income Plus Arbitrage Active FOF - Direct Plan - Growth,Debt,2020-03-31,2015-03-31,2015-03-31,2020-03-31,2025-03-31,2025-03-31,8.44,6.5927,complete
118410,Bandhan Income Plus Arbitrage Active FOF - Direct Plan - Growth,Debt,2021-03-31,2016-03-31,2016-03-31,2021-03-31,2026-03-31,2026-03-31,8.4325,6.1491,complete
118416,BANDHAN Dynamic Bond Fund-Direct Plan-Growth,Debt,2018-03-31,2013-03-31,2013-04-02,2018-03-28,2023-03-31,2023-03-31,8.8752,7.667,complete
118416,BANDHAN Dynamic Bond Fund-Direct Plan-Growth,Debt,2019-03-31,2014-03-31,2014-04-02,2019-03-29,2024-03-31,2024-03-31,9.8382,7.8208,complete
118416,BANDHAN Dynamic Bond Fund-Direct Plan-Growth,Debt,2020-03-31,2015-03-31,2015-03-31,2020-03-31,2025-03-31,2025-03-31,9.09,6.9811,complete
118416,BANDHAN Dynamic Bond Fund-Direct Plan-Growth,Debt,2021-03-31,2016-03-31,2016-03-31,2021-03-31,2026-03-31,2026-03-31,9.4386,5.7997,complete
118419,Bandhan Large & Mid Cap Fund - Direct Plan - Growth,Equity,2018-03-31,2013-03-31,2013-04-01,2018-04-02,2023-03-31,2023-03-31,17.5016,11.2643,complete
118419,Bandhan Large & Mid Cap Fund - Direct Plan - Growth,Equity,2019-03-31,2014-03-31,2014-03-31,2019-04-01,2024-03-31,2024-03-31,15.5131,20.4256,complete
118419,Bandhan Large & Mid Cap Fund - Direct Plan - Growth,Equity,2020-03-31,2015-03-31,2015-03-31,2020-03-31,2025-03-31,2025-03-31,1.2736,32.2614,complete
118419,Bandhan Large & Mid Cap Fund - Direct Plan - Growth,Equity,2021-03-31,2016-03-31,2016-03-31,2021-03-31,2026-03-31,2026-03-31,15.4887,18.0582,complete
118421,Bandhan Focused Fund - Direct Plan - Growth,Other,2018-03-31,2013-03-31,2013-04-01,2018-04-02,2023-03-31,2023-03-31,17.2636,6.9512,complete
118421,Bandhan Focused Fund - Direct Plan - Growth,Other,2019-03-31,2014-03-31,2014-03-31,2019-04-01,2024-03-31,2024-03-31,13.0695,15.7503,complete
118421,Bandhan Focused Fund - Direct Plan - Growth,Other,2020-03-31,2015-03-31,2015-03-31,2020-03-31,2025-03-31,2025-03-31,2.2139,24.0608,complete
118421,Bandhan Focused Fund - Direct Plan - Growth,Other,2021-03-31,2016-03-31,2016-03-31,2021-03-31,2026-03-31,2026-03-31,15.061,12.4306,complete
118424,BANDHAN Flexi Cap Fund-Direct Plan-Growth,Equity,2018-03-31,2013-03-31,2013-04-01,2018-04-02,2023-03-31,2023-03-31,21.0114,7.9535,complete
118424,BANDHAN Flexi Cap Fund-Direct Plan-Growth,Equity,2019-03-31,2014-03-31,2014-03-31,2019-04-01,2024-03-31,2024-03-31,15.5679,14.558,complete
118424,BANDHAN Flexi Cap Fund-Direct Plan-Growth,Equity,2020-03-31,2015-03-31,2015-03-31,2020-03-31,2025-03-31,2025-03-31,0.1454,22.3575,complete
118424,BANDHAN Flexi Cap Fund-Direct Plan-Growth,Equity,2021-03-31,2016-03-31,2016-03-31,2021-03-31,2026-03-31,2026-03-31,11.3179,11.4965,complete
118452,IDBI Equity Savings Fund Growth Option Direct,Equity,2018-03-31,2013-03-31,2013-04-02,2018-04-02,2023-03-31,2023-03-31,7.4448,6.9863,complete
118464,Bandhan Gilt Fund - Direct Plan - Growth,Debt,2018-03-31,2013-03-31,2013-04-02,2018-03-28,2023-03-31,2023-03-31,9.0644,8.4152,complete
118464,Bandhan Gilt Fund - Direct Plan - Growth,Debt,2019-03-31,2014-03-31,2014-04-02,2019-03-29,2024-03-31,2024-03-31,10.1043,8.3748,complete
118464,Bandhan Gilt Fund - Direct Plan - Growth,Debt,2020-03-31,2015-03-31,2015-03-31,2020-03-31,2025-03-31,2025-03-31,9.6114,7.1618,complete
118464,Bandhan Gilt Fund - Direct Plan - Growth,Debt,2021-03-31,2016-03-31,2016-03-31,2021-03-31,2026-03-31,2026-03-31,10.0933,5.9446,complete
118469,BANDHAN Infrastructure Fund-Direct Plan-Growth,Other,2018-03-31,2013-03-31,2013-04-01,2018-04-02,2023-03-31,2023-03-31,20.1984,8.1003,complete
118469,BANDHAN Infrastructure Fund-Direct Plan-Growth,Other,2019-03-31,2014-03-31,2014-03-31,2019-04-01,2024-03-31,2024-03-31,14.8512,24.4429,complete
118469,BANDHAN Infrastructure Fund-Direct Plan-Growth,Other,2020-03-31,2015-03-31,2015-03-31,2020-03-31,2025-03-31,2025-03-31,-3.7363,39.6803,complete
118469,BANDHAN Infrastructure Fund-Direct Plan-Growth,Other,2021-03-31,2016-03-31,2016-03-31,2021-03-31,2026-03-31,2026-03-31,13.7606,18.9633,complete
118473,BANDHAN ELSS Tax Saver Fund - Direct Plan - Growth,Equity,2018-03-31,2013-03-31,2013-04-01,2018-04-02,2023-03-31,2023-03-31,23.2615,12.9323,complete
118473,BANDHAN ELSS Tax Saver Fund - Direct Plan - Growth,Equity,2019-03-31,2014-03-31,2014-03-31,2019-04-01,2024-03-31,2024-03-31,18.5506,20.5273,complete
118473,BANDHAN ELSS Tax Saver Fund - Direct Plan - Growth,Equity,2020-03-31,2015-03-31,2015-03-31,2020-03-31,2025-03-31,2025-03-31,-0.2371,31.9097,complete
118473,BANDHAN ELSS Tax Saver Fund - Direct Plan - Growth,Equity,2021-03-31,2016-03-31,2016-03-31,2021-03-31,2026-03-31,2026-03-31,16.9979,14.3125,complete
118474,BANDHAN Arbitrage Fund-Direct Plan- Growth,Arbitrage,2018-03-31,2013-03-31,2013-04-01,2018-04-02,2023-03-31,2023-03-31,7.8269,5.5343,complete
118474,BANDHAN Arbitrage Fund-Direct Plan- Growth,Arbitrage,2019-03-31,2014-03-31,2014-03-31,2019-04-01,2024-03-31,2024-03-31,7.2703,5.787,complete
118474,BANDHAN Arbitrage Fund-Direct Plan- Growth,Arbitrage,2020-03-31,2015-03-31,2015-03-31,2020-03-31,2025-03-31,2025-03-31,6.8184,6.0479,complete
118474,BANDHAN Arbitrage Fund-Direct Plan- Growth,Arbitrage,2021-03-31,2016-03-31,2016-03-31,2021-03-31,2026-03-31,2026-03-31,6.1827,6.5778,complete
118477,BANDHAN Equity Savings Fund-Direct Plan-Growth,Equity,2019-03-31,2014-03-31,2014-03-31,2019-04-01,2024-03-31,2024-03-31,6.8576,8.4088,complete
118477,BANDHAN Equity Savings Fund-Direct Plan-Growth,Equity,2020-03-31,2015-03-31,2015-03-31,2020-03-31,2025-03-31,2025-03-31,3.4247,11.7814,complete
118477,BANDHAN Equity Savings Fund-Direct Plan-Growth,Equity,2021-03-31,2016-03-31,2016-03-31,2021-03-31,2026-03-31,2026-03-31,7.157,7.3382,complete
118479,BANDHAN Large Cap Fund-Direct Plan-Growth,Equity,2018-03-31,2013-03-31,2013-04-01,2018-04-02,2023-03-31,2023-03-31,13.8962,10.9583,complete
118479,BANDHAN Large Cap Fund-Direct Plan-Growth,Equity,2019-03-31,2014-03-31,2014-03-31,2019-04-01,2024-03-31,2024-03-31,12.0745,16.5135,complete
118479,BANDHAN Large Cap Fund-Direct Plan-Growth,Equity,2020-03-31,2015-03-31,2015-03-31,2020-03-31,2025-03-31,2025-03-31,1.9006,24.0586,complete
118479,BANDHAN Large Cap Fund-Direct Plan-Growth,Equity,2021-03-31,2016-03-31,2016-03-31,2021-03-31,2026-03-31,2026-03-31,14.3861,12.2296,complete
118481,Bandhan Value Fund - Direct Plan - Growth,Other,2018-03-31,2013-03-31,2013-04-01,2018-04-02,2023-03-31,2023-03-31,23.7556,11.7932,complete
118481,Bandhan Value Fund - Direct Plan - Growth,Other,2019-03-31,2014-03-31,2014-03-31,2019-04-01,2024-03-31,2024-03-31,18.9645,21.6137,complete
118481,Bandhan Value Fund - Direct Plan - Growth,Other,2020-03-31,2015-03-31,2015-03-31,2020-03-31,2025-03-31,2025-03-31,-3.0072,37.2391,complete
118481,Bandhan Value Fund - Direct Plan - Growth,Other,2021-03-31,2016-03-31,2016-03-31,2021-03-31,2026-03-31,2026-03-31,16.1641,16.6372,complete
118482,BANDHAN Nifty 50 Index Fund-Direct Plan-Growth,Other,2018-03-31,2013-03-31,2013-04-01,2018-04-02,2023-03-31,2023-03-31,13.3604,12.3819,complete
118482,BANDHAN Nifty 50 Index Fund-Direct Plan-Growth,Other,2019-03-31,2014-03-31,2014-03-31,2019-04-01,2024-03-31,2024-03-31,12.7735,15.0586,complete
118482,BANDHAN Nifty 50 Index Fund-Direct Plan-Growth,Other,2020-03-31,2015-03-31,2015-03-31,2020-03-31,2025-03-31,2025-03-31,1.3959,23.3413,complete
118482,BANDHAN Nifty 50 Index Fund-Direct Plan-Growth,Other,2021-03-31,2016-03-31,2016-03-31,2021-03-31,2026-03-31,2026-03-31,14.8587,9.7967,complete
118485,Bandhan Aggressive Hybrid Passive FOF - Direct Plan - Growth,Hybrid,2018-03-31,2013-03-31,2013-04-02,2018-03-28,2023-03-31,2023-03-31,12.4012,7.104,complete
118485,Bandhan Aggressive Hybrid Passive FOF - Direct Plan - Growth,Hybrid,2019-03-31,2014-03-31,2014-04-02,2019-03-29,2024-03-31,2024-03-31,11.1283,12.2281,complete
118485,Bandhan Aggressive Hybrid Passive FOF - Direct Plan - Growth,Hybrid,2020-03-31,2015-03-31,2015-03-31,2020-03-31,2025-03-31,2025-03-31,1.2245,19.2024,complete
118485,Bandhan Aggressive Hybrid Passive FOF - Direct Plan - Growth,Hybrid,2021-03-31,2016-03-31,2016-03-31,2021-03-31,2026-03-31,2026-03-31,9.8552,10.3694,complete
118486,Bandhan Conservative Hybrid Passive FOF - Direct Plan - Growth,Hybrid,2019-03-31,2014-03-31,2014-04-02,2019-03-29,2024-03-31,2024-03-31,9.7818,8.0004,complete
118486,Bandhan Conservative Hybrid Passive FOF - Direct Plan - Growth,Hybrid,2020-03-31,2015-03-31,2015-03-31,2020-03-31,2025-03-31,2025-03-31,6.4128,9.4737,complete
118486,Bandhan Conservative Hybrid Passive FOF - Direct Plan - Growth,Hybrid,2021-03-31,2016-03-31,2016-03-31,2021-03-31,2026-03-31,2026-03-31,8.5104,7.2425,complete
118489,Bandhan Multi-Asset Passive FOF - Direct Plan - Growth,FoF/International,2018-03-31,2013-03-31,2013-04-02,2018-03-28,2023-03-31,2023-03-31,11.1435,6.8718,complete
118489,Bandhan Multi-Asset Passive FOF - Direct Plan - Growth,FoF/International,2019-03-31,2014-03-31,2014-04-02,2019-03-29,2024-03-31,2024-03-31,10.4435,10.2383,complete
118489,Bandhan Multi-Asset Passive FOF - Direct Plan - Growth,FoF/International,2020-03-31,2015-03-31,2015-03-31,2020-03-31,2025-03-31,2025-03-31,4.257,13.967,complete
118489,Bandhan Multi-Asset Passive FOF - Direct Plan - Growth,FoF/International,2021-03-31,2016-03-31,2016-03-31,2021-03-31,2026-03-31,2026-03-31,8.986,9.6066,complete
118491,BANDHAN Conservative Hybrid Fund-Direct Plan-Growth,Hybrid,2018-03-31,2013-03-31,2013-04-02,2018-03-28,2023-03-31,2023-03-31,10.3287,6.055,complete
118491,BANDHAN Conservative Hybrid Fund-Direct Plan-Growth,Hybrid,2019-03-31,2014-03-31,2014-04-02,2019-03-29,2024-03-31,2024-03-31,10.1399,7.1855,complete
118491,BANDHAN Conservative Hybrid Fund-Direct Plan-Growth,Hybrid,2020-03-31,2015-03-31,2015-03-31,2020-03-31,2025-03-31,2025-03-31,6.097,8.8457,complete
118491,BANDHAN Conservative Hybrid Fund-Direct Plan-Growth,Hybrid,2021-03-31,2016-03-31,2016-03-31,2021-03-31,2026-03-31,2026-03-31,8.5021,6.0782,complete
118494,Templeton India Value Fund - Direct - Growth,Other,2018-03-31,2013-03-31,2013-04-01,2018-04-02,2023-03-31,2023-03-31,17.978,12.2922,complete
118494,Templeton India Value Fund - Direct - Growth,Other,2019-03-31,2014-03-31,2014-03-31,2019-04-01,2024-03-31,2024-03-31,15.3754,20.657,complete
118494,Templeton India Value Fund - Direct - Growth,Other,2020-03-31,2015-03-31,2015-03-31,2020-03-31,2025-03-31,2025-03-31,-1.9489,34.0604,complete
118494,Templeton India Value Fund - Direct - Growth,Other,2021-03-31,2016-03-31,2016-03-31,2021-03-31,2026-03-31,2026-03-31,13.1161,16.7303,complete
118498,Franklin India Government Securities Fund - Direct - Growth,Other,2018-03-31,2013-03-31,2013-04-02,2018-03-28,2023-03-31,2023-03-31,8.6912,5.9123,complete
118498,Franklin India Government Securities Fund - Direct - Growth,Other,2019-03-31,2014-03-31,2014-04-02,2019-03-29,2024-03-31,2024-03-31,10.0413,5.7179,complete
118498,Franklin India Government Securities Fund - Direct - Growth,Other,2020-03-31,2015-03-31,2015-03-31,2020-03-31,2025-03-31,2025-03-31,7.7522,5.413,complete
118498,Franklin India Government Securities Fund - Direct - Growth,Other,2021-03-31,2016-03-31,2016-03-31,2021-03-31,2026-03-31,2026-03-31,7.0326,5.1983,complete
118506,Franklin India Money Market Fund - Direct - Growth,Liquid/Money Market,2018-03-31,2013-03-31,2013-04-02,2018-03-28,2023-03-31,2023-03-31,8.6838,6.1423,complete
118506,Franklin India Money Market Fund - Direct - Growth,Liquid/Money Market,2019-03-31,2014-03-31,2014-04-02,2019-03-29,2024-03-31,2024-03-31,8.4445,6.0294,complete
118506,Franklin India Money Market Fund - Direct - Growth,Liquid/Money Market,2020-03-31,2015-03-31,2015-03-31,2020-03-31,2025-03-31,2025-03-31,8.0716,6.0393,complete
118506,Franklin India Money Market Fund - Direct - Growth,Liquid/Money Market,2021-03-31,2016-03-31,2016-03-31,2021-03-31,2026-03-31,2026-03-31,7.3832,6.3142,complete
118508,Franklin India Floating Rate Fund - Direct - Growth,Other,2018-03-31,2013-03-31,2013-04-01,2018-04-02,2023-03-31,2023-03-31,7.2706,6.212,complete
118508,Franklin India Floating Rate Fund - Direct - Growth,Other,2019-03-31,2014-03-31,2014-04-01,2019-03-29,2024-03-31,2024-03-31,7.1922,6.3939,complete
118508,Franklin India Floating Rate Fund - Direct - Growth,Other,2020-03-31,2015-03-31,2015-03-31,2020-03-31,2025-03-31,2025-03-31,7.147,6.6764,complete
118508,Franklin India Floating Rate Fund - Direct - Growth,Other,2021-03-31,2016-03-31,2016-03-31,2021-03-31,2026-03-31,2026-03-31,6.893,7.0644,complete
118510,Franklin India Large & Mid Cap Fund - Direct - Growth,Equity,2018-03-31,2013-03-31,2013-04-01,2018-04-02,2023-03-31,2023-03-31,19.0484,9.2698,complete
118510,Franklin India Large & Mid Cap Fund - Direct - Growth,Equity,2019-03-31,2014-03-31,2014-03-31,2019-04-01,2024-03-31,2024-03-31,15.5185,14.9708,complete
118510,Franklin India Large & Mid Cap Fund - Direct - Growth,Equity,2020-03-31,2015-03-31,2015-03-31,2020-03-31,2025-03-31,2025-03-31,-2.5641,27.7613,complete
118510,Franklin India Large & Mid Cap Fund - Direct - Growth,Equity,2021-03-31,2016-03-31,2016-03-31,2021-03-31,2026-03-31,2026-03-31,11.4427,12.0962,complete
118525,Franklin India Small Cap Fund - Direct - Growth,Equity,2018-03-31,2013-03-31,2013-04-01,2018-04-02,2023-03-31,2023-03-31,31.6434,11.0674,complete
118525,Franklin India Small Cap Fund - Direct - Growth,Equity,2019-03-31,2014-03-31,2014-03-31,2019-04-01,2024-03-31,2024-03-31,22.1005,22.7229,complete
118525,Franklin India Small Cap Fund - Direct - Growth,Equity,2020-03-31,2015-03-31,2015-03-31,2020-03-31,2025-03-31,2025-03-31,-1.3812,36.1964,complete
118525,Franklin India Small Cap Fund - Direct - Growth,Equity,2021-03-31,2016-03-31,2016-03-31,2021-03-31,2026-03-31,2026-03-31,13.2981,17.4789,complete
118531,Franklin India Large Cap Fund- Direct - Growth,Equity,2018-03-31,2013-03-31,2013-04-01,2018-04-02,2023-03-31,2023-03-31,15.0596,9.8458,complete
118531,Franklin India Large Cap Fund- Direct - Growth,Equity,2019-03-31,2014-03-31,2014-03-31,2019-04-01,2024-03-31,2024-03-31,13.6388,14.1841,complete
118531,Franklin India Large Cap Fund- Direct - Growth,Equity,2020-03-31,2015-03-31,2015-03-31,2020-03-31,2025-03-31,2025-03-31,-0.216,24.0538,complete
118531,Franklin India Large Cap Fund- Direct - Growth,Equity,2021-03-31,2016-03-31,2016-03-31,2021-03-31,2026-03-31,2026-03-31,12.5465,10.0356,complete
118533,Franklin India Mid Cap Fund - Direct - Growth,Equity,2018-03-31,2013-03-31,2013-04-01,2018-04-02,2023-03-31,2023-03-31,27.1006,9.7019,complete
118533,Franklin India Mid Cap Fund - Direct - Growth,Equity,2019-03-31,2014-03-31,2014-03-31,2019-04-01,2024-03-31,2024-03-31,21.204,18.2901,complete
118533,Franklin India Mid Cap Fund - Direct - Growth,Equity,2020-03-31,2015-03-31,2015-03-31,2020-03-31,2025-03-31,2025-03-31,1.9013,30.4756,complete
118533,Franklin India Mid Cap Fund - Direct - Growth,Equity,2021-03-31,2016-03-31,2016-03-31,2021-03-31,2026-03-31,2026-03-31,15.0997,14.7315,complete
118535,Franklin India Flexi Cap Fund - Direct - Growth,Equity,2018-03-31,2013-03-31,2013-04-01,2018-04-02,2023-03-31,2023-03-31,20.0841,12.0668,complete
118535,Franklin India Flexi Cap Fund - Direct - Growth,Equity,2019-03-31,2014-03-31,2014-03-31,2019-04-01,2024-03-31,2024-03-31,17.1759,19.0407,complete
118535,Franklin India Flexi Cap Fund - Direct - Growth,Equity,2020-03-31,2015-03-31,2015-03-31,2020-03-31,2025-03-31,2025-03-31,-0.2131,30.598,complete
118535,Franklin India Flexi Cap Fund - Direct - Growth,Equity,2021-03-31,2016-03-31,2016-03-31,2021-03-31,2026-03-31,2026-03-31,13.2714,14.358,complete
118537,Franklin India Technology Fund - Direct - Growth,Other,2018-03-31,2013-03-31,2013-04-01,2018-04-02,2023-03-31,2023-03-31,15.0438,16.9229,complete
118537,Franklin India Technology Fund - Direct - Growth,Other,2019-03-31,2014-03-31,2014-03-31,2019-04-01,2024-03-31,2024-03-31,13.5721,23.486,complete
118537,Franklin India Technology Fund - Direct - Growth,Other,2020-03-31,2015-03-31,2015-03-31,2020-03-31,2025-03-31,2025-03-31,4.539,28.6145,complete
118537,Franklin India Technology Fund - Direct - Growth,Other,2021-03-31,2016-03-31,2016-03-31,2021-03-31,2026-03-31,2026-03-31,19.9255,10.0601,complete
118539,Franklin India Opportunities Fund - Direct - Growth,Other,2018-03-31,2013-03-31,2013-04-01,2018-04-02,2023-03-31,2023-03-31,19.7359,11.6189,complete
118539,Franklin India Opportunities Fund - Direct - Growth,Other,2019-03-31,2014-03-31,2014-03-31,2019-04-01,2024-03-31,2024-03-31,16.2567,22.2332,complete
118539,Franklin India Opportunities Fund - Direct - Growth,Other,2020-03-31,2015-03-31,2015-03-31,2020-03-31,2025-03-31,2025-03-31,-1.1466,35.2514,complete
118539,Franklin India Opportunities Fund - Direct - Growth,Other,2021-03-31,2016-03-31,2016-03-31,2021-03-31,2026-03-31,2026-03-31,14.2315,18.7726,complete
118540,Franklin India ELSS Tax Saver Fund - Direct - Growth,Equity,2018-03-31,2013-03-31,2013-04-01,2018-04-02,2023-03-31,2023-03-31,19.4028,11.2602,complete
118540,Franklin India ELSS Tax Saver Fund - Direct - Growth,Equity,2019-03-31,2014-03-31,2014-03-31,2019-04-01,2024-03-31,2024-03-31,16.7503,18.0706,complete
118540,Franklin India ELSS Tax Saver Fund - Direct - Growth,Equity,2020-03-31,2015-03-31,2015-03-31,2020-03-31,2025-03-31,2025-03-31,-0.5732,29.5702,complete
118540,Franklin India ELSS Tax Saver Fund - Direct - Growth,Equity,2021-03-31,2016-03-31,2016-03-31,2021-03-31,2026-03-31,2026-03-31,12.2295,13.9864,complete
118543,Franklin India Dynamic Asset Allocation Active Fund Of Funds - Direct - Growth,FoF/International,2018-03-31,2013-03-31,2013-04-02,2018-03-28,2023-03-31,2023-03-31,12.4902,9.2845,complete
118543,Franklin India Dynamic Asset Allocation Active Fund Of Funds - Direct - Growth,FoF/International,2019-03-31,2014-03-31,2014-04-02,2019-03-29,2024-03-31,2024-03-31,12.1669,12.7041,complete
118543,Franklin India Dynamic Asset Allocation Active Fund Of Funds - Direct - Growth,FoF/International,2020-03-31,2015-03-31,2015-03-31,2020-03-31,2025-03-31,2025-03-31,3.6223,18.7059,complete
118543,Franklin India Dynamic Asset Allocation Active Fund Of Funds - Direct - Growth,FoF/International,2021-03-31,2016-03-31,2016-03-31,2021-03-31,2026-03-31,2026-03-31,7.6974,13.6628,complete
118546,Franklin India Aggressive Hybrid Fund - Direct - Growth,Hybrid,2018-03-31,2013-03-31,2013-04-01,2018-04-02,2023-03-31,2023-03-31,17.633,10.8389,complete
118546,Franklin India Aggressive Hybrid Fund - Direct - Growth,Hybrid,2019-03-31,2014-03-31,2014-03-31,2019-04-01,2024-03-31,2024-03-31,15.5129,15.3849,complete
118546,Franklin India Aggressive Hybrid Fund - Direct - Growth,Hybrid,2020-03-31,2015-03-31,2015-03-31,2020-03-31,2025-03-31,2025-03-31,2.9097,22.47,complete
118546,Franklin India Aggressive Hybrid Fund - Direct - Growth,Hybrid,2021-03-31,2016-03-31,2016-03-31,2021-03-31,2026-03-31,2026-03-31,12.3748,11.3502,complete
118548,Franklin India Retirement Fund - Direct - Growth,Other,2018-03-31,2013-03-31,2013-04-01,2018-04-02,2023-03-31,2023-03-31,12.9396,7.3791,complete
118548,Franklin India Retirement Fund - Direct - Growth,Other,2019-03-31,2014-03-31,2014-03-31,2019-04-01,2024-03-31,2024-03-31,12.2345,9.6441,complete
118548,Franklin India Retirement Fund - Direct - Growth,Other,2020-03-31,2015-03-31,2015-03-31,2020-03-31,2025-03-31,2025-03-31,5.3785,12.1329,complete
118548,Franklin India Retirement Fund - Direct - Growth,Other,2021-03-31,2016-03-31,2016-03-31,2021-03-31,2026-03-31,2026-03-31,9.0122,7.8796,complete
118551,Franklin U.S. Opportunities Equity Active Fund of Funds - Direct - Growth,Equity,2018-03-31,2013-03-31,2013-04-02,2018-04-02,2023-03-31,2023-03-31,16.7446,13.4954,complete
118551,Franklin U.S. Opportunities Equity Active Fund of Funds - Direct - Growth,Equity,2019-03-31,2014-03-31,2014-04-02,2019-04-01,2024-03-31,2024-03-31,13.5144,17.1972,complete
118551,Franklin U.S. Opportunities Equity Active Fund of Funds - Direct - Growth,Equity,2020-03-31,2015-03-31,2015-03-31,2020-03-31,2025-03-31,2025-03-31,10.7059,16.5276,complete
118551,Franklin U.S. Opportunities Equity Active Fund of Funds - Direct - Growth,Equity,2021-03-31,2016-03-31,2016-03-31,2021-03-31,2026-03-31,2026-03-31,21.4918,10.5685,complete
118553,Franklin India Credit Risk Fund - Direct - Growth,Debt,2018-03-31,2013-03-31,2013-04-02,2018-03-28,2023-03-31,2023-03-31,10.1858,5.8561,complete
118557,Franklin Build India Fund - Direct - Growth,Other,2018-03-31,2013-03-31,2013-04-01,2018-04-02,2023-03-31,2023-03-31,26.6102,13.6032,complete
118557,Franklin Build India Fund - Direct - Growth,Other,2019-03-31,2014-03-31,2014-03-31,2019-04-01,2024-03-31,2024-03-31,23.5142,24.3116,complete
118557,Franklin Build India Fund - Direct - Growth,Other,2020-03-31,2015-03-31,2015-03-31,2020-03-31,2025-03-31,2025-03-31,0.0655,37.5145,complete
118557,Franklin Build India Fund - Direct - Growth,Other,2021-03-31,2016-03-31,2016-03-31,2021-03-31,2026-03-31,2026-03-31,14.0349,22.8777,complete
118559,Franklin Asian Equity Fund - Direct - Growth,Equity,2018-03-31,2013-03-31,2013-04-01,2018-04-02,2023-03-31,2023-03-31,12.4938,3.508,complete
118559,Franklin Asian Equity Fund - Direct - Growth,Equity,2019-03-31,2014-03-31,2014-03-31,2019-04-01,2024-03-31,2024-03-31,10.0245,4.0236,complete
118559,Franklin Asian Equity Fund - Direct - Growth,Equity,2020-03-31,2015-03-31,2015-03-31,2020-03-31,2025-03-31,2025-03-31,5.444,7.2023,complete
118559,Franklin Asian Equity Fund - Direct - Growth,Equity,2021-03-31,2016-03-31,2016-03-31,2021-03-31,2026-03-31,2026-03-31,15.5802,3.1895,complete
118564,Franklin India Focused Equity Fund - Direct - Growth,Equity,2018-03-31,2013-03-31,2013-04-01,2018-04-02,2023-03-31,2023-03-31,23.3079,13.3721,complete
118564,Franklin India Focused Equity Fund - Direct - Growth,Equity,2019-03-31,2014-03-31,2014-03-31,2019-04-01,2024-03-31,2024-03-31,20.7278,18.8023,complete
118564,Franklin India Focused Equity Fund - Direct - Growth,Equity,2020-03-31,2015-03-31,2015-03-31,2020-03-31,2025-03-31,2025-03-31,0.768,28.647,complete
118564,Franklin India Focused Equity Fund - Direct - Growth,Equity,2021-03-31,2016-03-31,2016-03-31,2021-03-31,2026-03-31,2026-03-31,14.9042,13.291,complete
118565,Franklin India SHORT TERM INCOME PLAN - Direct - GROWTH,Debt,2018-03-31,2013-03-31,2013-04-02,2018-03-28,2023-03-31,2023-03-31,10.1335,5.3491,complete
118565,Franklin India SHORT TERM INCOME PLAN - Direct - GROWTH,Debt,2019-03-31,2014-03-31,2014-04-02,2019-03-29,2024-03-31,2024-03-31,10.1192,4.2528,complete
118565,Franklin India SHORT TERM INCOME PLAN - Direct - GROWTH,Debt,2020-03-31,2015-03-31,2015-03-31,2020-03-31,2025-03-31,2025-03-31,6.7161,4.9879,complete
118569,Franklin India Corporate Debt Fund - Direct - GROWTH,Debt,2018-03-31,2013-03-31,2013-04-02,2018-03-28,2023-03-31,2023-03-31,10.0358,6.9595,complete
118569,Franklin India Corporate Debt Fund - Direct - GROWTH,Debt,2019-03-31,2014-03-31,2014-04-02,2019-03-29,2024-03-31,2024-03-31,9.9596,6.6793,complete
118569,Franklin India Corporate Debt Fund - Direct - GROWTH,Debt,2020-03-31,2015-03-31,2015-03-31,2020-03-31,2025-03-31,2025-03-31,8.8072,6.6539,complete
118569,Franklin India Corporate Debt Fund - Direct - GROWTH,Debt,2021-03-31,2016-03-31,2016-03-31,2021-03-31,2026-03-31,2026-03-31,9.1656,6.6095,complete
118574,Franklin India Conservative Hybrid Fund - Direct - GROWTH,Hybrid,2018-03-31,2013-03-31,2013-04-01,2018-04-02,2023-03-31,2023-03-31,11.0077,6.8786,complete
118574,Franklin India Conservative Hybrid Fund - Direct - GROWTH,Hybrid,2019-03-31,2014-03-31,2014-03-31,2019-04-01,2024-03-31,2024-03-31,10.2389,8.6057,complete
118574,Franklin India Conservative Hybrid Fund - Direct - GROWTH,Hybrid,2020-03-31,2015-03-31,2015-03-31,2020-03-31,2025-03-31,2025-03-31,5.6631,10.5884,complete
118574,Franklin India Conservative Hybrid Fund - Direct - GROWTH,Hybrid,2021-03-31,2016-03-31,2016-03-31,2021-03-31,2026-03-31,2026-03-31,8.0937,7.5239,complete
118577,Franklin India Liquid Fund - Super Institutional - Direct - Growth,Liquid/Money Market,2018-03-31,2013-03-31,2013-04-01,2018-04-02,2023-03-31,2023-03-31,8.269,5.4058,complete
118577,Franklin India Liquid Fund - Super Institutional - Direct - Growth,Liquid/Money Market,2019-03-31,2014-03-31,2014-04-01,2019-03-31,2024-03-31,2024-03-31,7.8813,5.3202,complete
118577,Franklin India Liquid Fund - Super Institutional - Direct - Growth,Liquid/Money Market,2020-03-31,2015-03-31,2015-03-31,2020-03-31,2025-03-31,2025-03-31,7.3751,5.4876,complete
118577,Franklin India Liquid Fund - Super Institutional - Direct - Growth,Liquid/Money Market,2021-03-31,2016-03-31,2016-03-31,2021-03-31,2026-03-31,2026-03-31,6.4092,6.0186,complete
118581,Franklin India INDEX FUND- NSE NIFTY 50 INDEX FUND- Direct - Growth,Other,2018-03-31,2013-03-31,2013-04-01,2018-04-02,2023-03-31,2023-03-31,12.9207,11.8155,complete
118581,Franklin India INDEX FUND- NSE NIFTY 50 INDEX FUND- Direct - Growth,Other,2019-03-31,2014-03-31,2014-03-31,2019-04-01,2024-03-31,2024-03-31,12.2451,14.5427,complete
118581,Franklin India INDEX FUND- NSE NIFTY 50 INDEX FUND- Direct - Growth,Other,2020-03-31,2015-03-31,2015-03-31,2020-03-31,2025-03-31,2025-03-31,0.8744,23.0285,complete
118581,Franklin India INDEX FUND- NSE NIFTY 50 INDEX FUND- Direct - Growth,Other,2021-03-31,2016-03-31,2016-03-31,2021-03-31,2026-03-31,2026-03-31,14.1206,9.649,complete
118583,Nippon India Quarterly Interval Fund - Series III - Direct Plan Growth Plan - Growth,Other,2018-03-31,2013-03-31,2013-04-02,2018-03-28,2023-03-31,2023-03-31,-2.1095,5.134,complete
118583,Nippon India Quarterly Interval Fund - Series III - Direct Plan Growth Plan - Growth,Other,2019-03-31,2014-03-31,2014-04-02,2019-03-29,2024-03-31,2024-03-31,7.7881,5.055,complete
118583,Nippon India Quarterly Interval Fund - Series III - Direct Plan Growth Plan - Growth,Other,2020-03-31,2015-03-31,2015-03-31,2020-03-31,2025-03-31,2025-03-31,7.1386,5.0743,complete
118585,Nippon India Arbitrage Fund - Direct Plan Growth Plan - Growth Option,Arbitrage,2018-03-31,2013-03-31,2013-04-01,2018-04-02,2023-03-31,2023-03-31,7.9853,5.7096,complete
118585,Nippon India Arbitrage Fund - Direct Plan Growth Plan - Growth Option,Arbitrage,2019-03-31,2014-03-31,2014-03-31,2019-04-01,2024-03-31,2024-03-31,7.4598,5.9664,complete
118585,Nippon India Arbitrage Fund - Direct Plan Growth Plan - Growth Option,Arbitrage,2020-03-31,2015-03-31,2015-03-31,2020-03-31,2025-03-31,2025-03-31,7.0505,6.1423,complete
118585,Nippon India Arbitrage Fund - Direct Plan Growth Plan - Growth Option,Arbitrage,2021-03-31,2016-03-31,2016-03-31,2021-03-31,2026-03-31,2026-03-31,6.4032,6.6279,complete
118588,Nippon India Banking & Financial Services Fund - Direct Plan Growth Plan - Bonus Option,Other,2018-03-31,2013-03-31,2013-04-01,2018-04-02,2023-03-31,2023-03-31,20.0221,9.1077,complete
118588,Nippon India Banking & Financial Services Fund - Direct Plan Growth Plan - Bonus Option,Other,2019-03-31,2014-03-31,2014-03-31,2019-04-01,2024-03-31,2024-03-31,20.426,13.1303,complete
118588,Nippon India Banking & Financial Services Fund - Direct Plan Growth Plan - Bonus Option,Other,2020-03-31,2015-03-31,2015-03-31,2020-03-31,2025-03-31,2025-03-31,-0.781,29.737,complete
118588,Nippon India Banking & Financial Services Fund - Direct Plan Growth Plan - Bonus Option,Other,2021-03-31,2016-03-31,2016-03-31,2021-03-31,2026-03-31,2026-03-31,13.7546,15.1714,complete
118589,Nippon India Banking & Financial Services Fund - Direct Plan Growth Plan - Growth Option,Other,2018-03-31,2013-03-31,2013-04-01,2018-04-02,2023-03-31,2023-03-31,20.0221,9.1077,complete
118589,Nippon India Banking & Financial Services Fund - Direct Plan Growth Plan - Growth Option,Other,2019-03-31,2014-03-31,2014-03-31,2019-04-01,2024-03-31,2024-03-31,20.426,13.1303,complete
118589,Nippon India Banking & Financial Services Fund - Direct Plan Growth Plan - Growth Option,Other,2020-03-31,2015-03-31,2015-03-31,2020-03-31,2025-03-31,2025-03-31,-0.781,29.737,complete
118589,Nippon India Banking & Financial Services Fund - Direct Plan Growth Plan - Growth Option,Other,2021-03-31,2016-03-31,2016-03-31,2021-03-31,2026-03-31,2026-03-31,13.7546,15.1714,complete
118595,Nippon India Monthly Interval Fund - Series II - Direct Plan Growth Plan - Growth,Other,2018-03-31,2013-03-31,2013-04-02,2018-03-28,2023-03-31,2023-03-31,8.0235,4.9814,complete
118595,Nippon India Monthly Interval Fund - Series II - Direct Plan Growth Plan - Growth,Other,2019-03-31,2014-03-31,2014-04-02,2019-03-29,2024-03-31,2024-03-31,7.5276,4.8173,complete
118595,Nippon India Monthly Interval Fund - Series II - Direct Plan Growth Plan - Growth,Other,2020-03-31,2015-03-31,2015-03-31,2020-03-31,2025-03-31,2025-03-31,6.9495,4.7975,complete
118598,Nippon India Monthly Interval Fund - Series I - Direct Plan Growth Plan - Growth,Other,2019-03-31,2014-03-31,2014-04-02,2019-03-29,2024-03-31,2024-03-31,7.5348,4.9062,complete
118598,Nippon India Monthly Interval Fund - Series I - Direct Plan Growth Plan - Growth,Other,2020-03-31,2015-03-31,2015-03-31,2020-03-31,2025-03-31,2025-03-31,6.9446,4.878,complete
118615,Edelweiss Balanced Advantage Fund -Direct Plan-Growth Option,Hybrid,2018-03-31,2013-03-31,2013-04-01,2018-04-02,2023-03-31,2023-03-31,12.6292,11.8665,complete
118615,Edelweiss Balanced Advantage Fund -Direct Plan-Growth Option,Hybrid,2019-03-31,2014-03-31,2014-03-31,2019-03-31,2024-03-31,2024-03-31,12.1165,15.613,complete
118615,Edelweiss Balanced Advantage Fund -Direct Plan-Growth Option,Hybrid,2020-03-31,2015-03-31,2015-03-31,2020-03-31,2025-03-31,2025-03-31,4.4514,18.4001,complete
118615,Edelweiss Balanced Advantage Fund -Direct Plan-Growth Option,Hybrid,2021-03-31,2016-03-31,2016-03-31,2021-03-31,2026-03-31,2026-03-31,12.91,10.5154,complete
118617,Edelweiss Large Cap Fund - Direct Plan-Growth option,Equity,2018-03-31,2013-03-31,2013-04-01,2018-04-02,2023-03-31,2023-03-31,16.6988,12.7676,complete
118617,Edelweiss Large Cap Fund - Direct Plan-Growth option,Equity,2019-03-31,2014-03-31,2014-03-31,2019-03-31,2024-03-31,2024-03-31,15.3624,17.7731,complete
118617,Edelweiss Large Cap Fund - Direct Plan-Growth option,Equity,2020-03-31,2015-03-31,2015-03-31,2020-03-31,2025-03-31,2025-03-31,2.3254,25.0775,complete
118617,Edelweiss Large Cap Fund - Direct Plan-Growth option,Equity,2021-03-31,2016-03-31,2016-03-31,2021-03-31,2026-03-31,2026-03-31,15.1579,12.2013,complete
118620,Edelweiss ELSS Tax Saver Fund - Direct Plan-Growth Option,Equity,2018-03-31,2013-03-31,2013-04-01,2018-04-02,2023-03-31,2023-03-31,18.6711,10.2386,complete
118620,Edelweiss ELSS Tax Saver Fund - Direct Plan-Growth Option,Equity,2019-03-31,2014-03-31,2014-03-31,2019-03-31,2024-03-31,2024-03-31,14.7935,17.1533,complete
118620,Edelweiss ELSS Tax Saver Fund - Direct Plan-Growth Option,Equity,2020-03-31,2015-03-31,2015-03-31,2020-03-31,2025-03-31,2025-03-31,0.7956,25.5537,complete
118620,Edelweiss ELSS Tax Saver Fund - Direct Plan-Growth Option,Equity,2021-03-31,2016-03-31,2016-03-31,2021-03-31,2026-03-31,2026-03-31,13.3519,13.2273,complete
118623,Nippon India Interval Fund - Quarterly Plan - Series I - Direct Plan Growth Plan - Growth,Other,2019-03-31,2014-03-31,2014-04-02,2019-03-29,2024-03-31,2024-03-31,7.6887,4.8154,complete
118623,Nippon India Interval Fund - Quarterly Plan - Series I - Direct Plan Growth Plan - Growth,Other,2020-03-31,2015-03-31,2015-03-31,2020-03-31,2025-03-31,2025-03-31,7.0309,4.8339,complete
118624,Edelweiss Aggressive Hybrid Fund-Direct Plan-Growth Option,Hybrid,2018-03-31,2013-03-31,2013-04-01,2018-04-02,2023-03-31,2023-03-31,14.7777,13.1268,complete
118624,Edelweiss Aggressive Hybrid Fund-Direct Plan-Growth Option,Hybrid,2019-03-31,2014-03-31,2014-03-31,2019-03-31,2024-03-31,2024-03-31,13.0902,18.5191,complete
118624,Edelweiss Aggressive Hybrid Fund-Direct Plan-Growth Option,Hybrid,2020-03-31,2015-03-31,2015-03-31,2020-03-31,2025-03-31,2025-03-31,2.7331,25.0855,complete
118624,Edelweiss Aggressive Hybrid Fund-Direct Plan-Growth Option,Hybrid,2021-03-31,2016-03-31,2016-03-31,2021-03-31,2026-03-31,2026-03-31,12.2279,14.8855,complete
118632,Nippon India Large Cap Fund - Direct Plan Growth Plan - Growth Option,Equity,2018-03-31,2013-03-31,2013-04-01,2018-04-02,2023-03-31,2023-03-31,19.1814,12.502,complete
118632,Nippon India Large Cap Fund - Direct Plan Growth Plan - Growth Option,Equity,2019-03-31,2014-03-31,2014-03-31,2019-04-01,2024-03-31,2024-03-31,18.0817,17.9735,complete
118632,Nippon India Large Cap Fund - Direct Plan Growth Plan - Growth Option,Equity,2020-03-31,2015-03-31,2015-03-31,2020-03-31,2025-03-31,2025-03-31,0.7602,29.2259,complete
118632,Nippon India Large Cap Fund - Direct Plan Growth Plan - Growth Option,Equity,2021-03-31,2016-03-31,2016-03-31,2021-03-31,2026-03-31,2026-03-31,13.9055,15.982,complete
118633,Nippon India Large Cap Fund - Direct Plan Growth Plan - Bonus Option,Equity,2018-03-31,2013-03-31,2013-04-01,2018-04-02,2023-03-31,2023-03-31,19.1814,12.502,complete
118633,Nippon India Large Cap Fund - Direct Plan Growth Plan - Bonus Option,Equity,2019-03-31,2014-03-31,2014-03-31,2019-04-01,2024-03-31,2024-03-31,18.0817,17.9735,complete
118633,Nippon India Large Cap Fund - Direct Plan Growth Plan - Bonus Option,Equity,2020-03-31,2015-03-31,2015-03-31,2020-03-31,2025-03-31,2025-03-31,0.7602,29.2259,complete
118633,Nippon India Large Cap Fund - Direct Plan Growth Plan - Bonus Option,Equity,2021-03-31,2016-03-31,2016-03-31,2021-03-31,2026-03-31,2026-03-31,13.9055,15.982,complete
118650,Nippon India Multi Cap Fund - Direct Plan Growth Plan - Growth Option,Equity,2018-03-31,2013-03-31,2013-04-01,2018-04-02,2023-03-31,2023-03-31,17.8835,13.232,complete
118650,Nippon India Multi Cap Fund - Direct Plan Growth Plan - Growth Option,Equity,2019-03-31,2014-03-31,2014-03-31,2019-04-01,2024-03-31,2024-03-31,15.8543,20.3854,complete
118650,Nippon India Multi Cap Fund - Direct Plan Growth Plan - Growth Option,Equity,2020-03-31,2015-03-31,2015-03-31,2020-03-31,2025-03-31,2025-03-31,-2.3085,33.9699,complete
118650,Nippon India Multi Cap Fund - Direct Plan Growth Plan - Growth Option,Equity,2021-03-31,2016-03-31,2016-03-31,2021-03-31,2026-03-31,2026-03-31,11.9546,19.6023,complete
118651,Nippon India Multi Cap Fund - Direct Plan Growth Plan - Bonus Option,Equity,2018-03-31,2013-03-31,2013-04-01,2018-04-02,2023-03-31,2023-03-31,17.8835,13.232,complete
118651,Nippon India Multi Cap Fund - Direct Plan Growth Plan - Bonus Option,Equity,2019-03-31,2014-03-31,2014-03-31,2019-04-01,2024-03-31,2024-03-31,15.8543,20.3854,complete
118651,Nippon India Multi Cap Fund - Direct Plan Growth Plan - Bonus Option,Equity,2020-03-31,2015-03-31,2015-03-31,2020-03-31,2025-03-31,2025-03-31,-2.3085,33.9699,complete
118651,Nippon India Multi Cap Fund - Direct Plan Growth Plan - Bonus Option,Equity,2021-03-31,2016-03-31,2016-03-31,2021-03-31,2026-03-31,2026-03-31,11.9546,19.6023,complete
118656,Nippon India Floater Fund  - Direct Plan Growth Plan - Growth Option,Other,2018-03-31,2013-03-31,2013-04-02,2018-03-28,2023-03-31,2023-03-31,8.6738,7.0531,complete
118656,Nippon India Floater Fund  - Direct Plan Growth Plan - Growth Option,Other,2019-03-31,2014-03-31,2014-04-02,2019-03-29,2024-03-31,2024-03-31,8.3902,7.2405,complete
118656,Nippon India Floater Fund  - Direct Plan Growth Plan - Growth Option,Other,2020-03-31,2015-03-31,2015-03-31,2020-03-31,2025-03-31,2025-03-31,8.0987,7.1303,complete
118656,Nippon India Floater Fund  - Direct Plan Growth Plan - Growth Option,Other,2021-03-31,2016-03-31,2016-03-31,2021-03-31,2026-03-31,2026-03-31,8.2866,6.5693,complete
118663,Nippon India Gold Savings Fund - Direct Plan Growth Plan - Growth Option,Other,2018-03-31,2013-03-31,2013-04-01,2018-04-02,2023-03-31,2023-03-31,-0.4858,13.1492,complete
118663,Nippon India Gold Savings Fund - Direct Plan Growth Plan - Growth Option,Other,2019-03-31,2014-03-31,2014-03-31,2019-04-01,2024-03-31,2024-03-31,0.6421,14.9656,complete
118663,Nippon India Gold Savings Fund - Direct Plan Growth Plan - Growth Option,Other,2020-03-31,2015-03-31,2015-03-31,2020-03-31,2025-03-31,2025-03-31,9.45,14.0592,complete
118663,Nippon India Gold Savings Fund - Direct Plan Growth Plan - Growth Option,Other,2021-03-31,2016-03-31,2016-03-31,2021-03-31,2026-03-31,2026-03-31,8.0417,25.8164,complete
118665,Nippon India Growth Mid Cap Fund - Direct Plan Growth Plan - Bonus Option,Equity,2018-03-31,2013-03-31,2013-04-01,2018-04-02,2023-03-31,2023-03-31,20.7344,14.4962,complete
118665,Nippon India Growth Mid Cap Fund - Direct Plan Growth Plan - Bonus Option,Equity,2019-03-31,2014-03-31,2014-03-31,2019-04-01,2024-03-31,2024-03-31,18.0704,24.6177,complete
118665,Nippon India Growth Mid Cap Fund - Direct Plan Growth Plan - Bonus Option,Equity,2020-03-31,2015-03-31,2015-03-31,2020-03-31,2025-03-31,2025-03-31,1.5038,35.8415,complete
118665,Nippon India Growth Mid Cap Fund - Direct Plan Growth Plan - Bonus Option,Equity,2021-03-31,2016-03-31,2016-03-31,2021-03-31,2026-03-31,2026-03-31,17.3182,20.4992,complete
118668,Nippon India Growth Mid Cap Fund - Direct Plan Growth Plan - Growth Option,Equity,2018-03-31,2013-03-31,2013-04-01,2018-04-02,2023-03-31,2023-03-31,20.7289,14.4956,complete
118668,Nippon India Growth Mid Cap Fund - Direct Plan Growth Plan - Growth Option,Equity,2019-03-31,2014-03-31,2014-03-31,2019-04-01,2024-03-31,2024-03-31,18.0743,24.6183,complete
118668,Nippon India Growth Mid Cap Fund - Direct Plan Growth Plan - Growth Option,Equity,2020-03-31,2015-03-31,2015-03-31,2020-03-31,2025-03-31,2025-03-31,1.5017,35.8437,complete
118668,Nippon India Growth Mid Cap Fund - Direct Plan Growth Plan - Growth Option,Equity,2021-03-31,2016-03-31,2016-03-31,2021-03-31,2026-03-31,2026-03-31,17.3195,20.4989,complete
118672,Nippon India Gilt  Fund - Direct Plan Growth Plan - Growth Option,Debt,2018-03-31,2013-03-31,2013-04-02,2018-03-28,2023-03-31,2023-03-31,10.4382,8.0891,complete
118672,Nippon India Gilt  Fund - Direct Plan Growth Plan - Growth Option,Debt,2019-03-31,2014-03-31,2014-04-02,2019-03-29,2024-03-31,2024-03-31,11.8207,7.8802,complete
118672,Nippon India Gilt  Fund - Direct Plan Growth Plan - Growth Option,Debt,2020-03-31,2015-03-31,2015-03-31,2020-03-31,2025-03-31,2025-03-31,10.5848,6.8483,complete
118672,Nippon India Gilt  Fund - Direct Plan Growth Plan - Growth Option,Debt,2021-03-31,2016-03-31,2016-03-31,2021-03-31,2026-03-31,2026-03-31,10.47,5.4746,complete
118675,Nippon India Vision Large & Mid Cap Fund - Direct Plan Growth Plan - Bonus Option,Equity,2018-03-31,2013-03-31,2013-04-01,2018-04-02,2023-03-31,2023-03-31,18.7108,9.2806,complete
118675,Nippon India Vision Large & Mid Cap Fund - Direct Plan Growth Plan - Bonus Option,Equity,2019-03-31,2014-03-31,2014-03-31,2019-04-01,2024-03-31,2024-03-31,13.0189,18.5425,complete
118675,Nippon India Vision Large & Mid Cap Fund - Direct Plan Growth Plan - Bonus Option,Equity,2020-03-31,2015-03-31,2015-03-31,2020-03-31,2025-03-31,2025-03-31,-2.6913,29.2895,complete
118675,Nippon India Vision Large & Mid Cap Fund - Direct Plan Growth Plan - Bonus Option,Equity,2021-03-31,2016-03-31,2016-03-31,2021-03-31,2026-03-31,2026-03-31,10.8196,15.0344,complete
118678,Nippon India Vision Large & Mid Cap Fund - Direct Plan Growth Plan - Growth Option,Equity,2018-03-31,2013-03-31,2013-04-01,2018-04-02,2023-03-31,2023-03-31,18.6002,9.281,complete
118678,Nippon India Vision Large & Mid Cap Fund - Direct Plan Growth Plan - Growth Option,Equity,2019-03-31,2014-03-31,2014-03-31,2019-04-01,2024-03-31,2024-03-31,13.0147,18.5432,complete
118678,Nippon India Vision Large & Mid Cap Fund - Direct Plan Growth Plan - Growth Option,Equity,2020-03-31,2015-03-31,2015-03-31,2020-03-31,2025-03-31,2025-03-31,-2.6901,29.2913,complete
118678,Nippon India Vision Large & Mid Cap Fund - Direct Plan Growth Plan - Growth Option,Equity,2021-03-31,2016-03-31,2016-03-31,2021-03-31,2026-03-31,2026-03-31,10.8198,15.0349,complete
118679,Nippon India Medium to Long Duration  Fund - Direct Plan Growth Plan-Bonus Option,Debt,2018-03-31,2013-03-31,2013-04-02,2018-03-28,2023-03-31,2023-03-31,7.5888,7.6946,complete
118679,Nippon India Medium to Long Duration  Fund - Direct Plan Growth Plan-Bonus Option,Debt,2019-03-31,2014-03-31,2014-04-02,2019-03-29,2024-03-31,2024-03-31,8.8828,7.6604,complete
118679,Nippon India Medium to Long Duration  Fund - Direct Plan Growth Plan-Bonus Option,Debt,2020-03-31,2015-03-31,2015-03-31,2020-03-31,2025-03-31,2025-03-31,8.832,6.8593,complete
118679,Nippon India Medium to Long Duration  Fund - Direct Plan Growth Plan-Bonus Option,Debt,2021-03-31,2016-03-31,2016-03-31,2021-03-31,2026-03-31,2026-03-31,8.8717,6.0389,complete
118687,Nippon India Medium to Long Duration Fund - Direct Plan Growth Plan - Growth Option,Debt,2018-03-31,2013-03-31,2013-04-02,2018-03-28,2023-03-31,2023-03-31,8.1232,7.6941,complete
118687,Nippon India Medium to Long Duration Fund - Direct Plan Growth Plan - Growth Option,Debt,2019-03-31,2014-03-31,2014-04-02,2019-03-29,2024-03-31,2024-03-31,9.4232,7.6599,complete
118687,Nippon India Medium to Long Duration Fund - Direct Plan Growth Plan - Growth Option,Debt,2020-03-31,2015-03-31,2015-03-31,2020-03-31,2025-03-31,2025-03-31,8.8315,6.8594,complete
118687,Nippon India Medium to Long Duration Fund - Direct Plan Growth Plan - Growth Option,Debt,2021-03-31,2016-03-31,2016-03-31,2021-03-31,2026-03-31,2026-03-31,8.8713,6.0389,complete
118691,Nippon India Quarterly Interval Fund - Series II - Direct Plan Growth Plan - Growth,Other,2019-03-31,2014-03-31,2014-04-02,2019-03-29,2024-03-31,2024-03-31,8.1062,5.4087,complete
118691,Nippon India Quarterly Interval Fund - Series II - Direct Plan Growth Plan - Growth,Other,2020-03-31,2015-03-31,2015-03-31,2020-03-31,2025-03-31,2025-03-31,7.5083,5.5221,complete
118691,Nippon India Quarterly Interval Fund - Series II - Direct Plan Growth Plan - Growth,Other,2021-03-31,2016-03-31,2016-03-31,2021-03-31,2026-03-31,2026-03-31,6.5693,5.9686,complete
118692,Nippon India Focused Fund - Direct Plan Growth Plan - Growth Option,Other,2018-03-31,2013-03-31,2013-04-01,2018-04-02,2023-03-31,2023-03-31,26.4653,11.3682,complete
118692,Nippon India Focused Fund - Direct Plan Growth Plan - Growth Option,Other,2019-03-31,2014-03-31,2014-03-31,2019-04-01,2024-03-31,2024-03-31,21.5954,17.1607,complete
118692,Nippon India Focused Fund - Direct Plan Growth Plan - Growth Option,Other,2020-03-31,2015-03-31,2015-03-31,2020-03-31,2025-03-31,2025-03-31,0.1824,28.9349,complete
118692,Nippon India Focused Fund - Direct Plan Growth Plan - Growth Option,Other,2021-03-31,2016-03-31,2016-03-31,2021-03-31,2026-03-31,2026-03-31,16.9543,11.7804,complete
118701,Nippon India Liquid Fund - Direct Plan Growth Plan - Growth Option,Liquid/Money Market,2018-03-31,2013-03-31,2013-04-01,2018-03-31,2023-03-31,2023-03-31,8.2095,5.3691,complete
118701,Nippon India Liquid Fund - Direct Plan Growth Plan - Growth Option,Liquid/Money Market,2019-03-31,2014-03-31,2014-04-01,2019-03-31,2024-03-31,2024-03-31,7.8391,5.3085,complete
118701,Nippon India Liquid Fund - Direct Plan Growth Plan - Growth Option,Liquid/Money Market,2020-03-31,2015-03-31,2015-03-31,2020-03-31,2025-03-31,2025-03-31,7.2914,5.5249,complete
118701,Nippon India Liquid Fund - Direct Plan Growth Plan - Growth Option,Liquid/Money Market,2021-03-31,2016-03-31,2016-03-31,2021-03-31,2026-03-31,2026-03-31,6.3748,6.0303,complete
118702,Nippon India Low Duration Fund - Direct Plan Growth Plan - Bonus Option,Debt,2018-03-31,2013-03-31,2013-04-02,2018-03-28,2023-03-31,2023-03-31,6.3142,6.4963,complete
118702,Nippon India Low Duration Fund - Direct Plan Growth Plan - Bonus Option,Debt,2019-03-31,2014-03-31,2014-04-02,2019-03-29,2024-03-31,2024-03-31,8.3922,6.3698,complete
118702,Nippon India Low Duration Fund - Direct Plan Growth Plan - Bonus Option,Debt,2020-03-31,2015-03-31,2015-03-31,2020-03-31,2025-03-31,2025-03-31,7.8912,6.5986,complete
118702,Nippon India Low Duration Fund - Direct Plan Growth Plan - Bonus Option,Debt,2021-03-31,2016-03-31,2016-03-31,2021-03-31,2026-03-31,2026-03-31,7.5425,6.5842,complete
118709,Nippon India Low Duration Fund - Direct Plan Growth Plan - Growth Option,Debt,2018-03-31,2013-03-31,2013-04-02,2018-03-28,2023-03-31,2023-03-31,8.7123,6.4964,complete
118709,Nippon India Low Duration Fund - Direct Plan Growth Plan - Growth Option,Debt,2019-03-31,2014-03-31,2014-04-02,2019-03-29,2024-03-31,2024-03-31,8.3923,6.3699,complete
118709,Nippon India Low Duration Fund - Direct Plan Growth Plan - Growth Option,Debt,2020-03-31,2015-03-31,2015-03-31,2020-03-31,2025-03-31,2025-03-31,7.8914,6.5986,complete
118709,Nippon India Low Duration Fund - Direct Plan Growth Plan - Growth Option,Debt,2021-03-31,2016-03-31,2016-03-31,2021-03-31,2026-03-31,2026-03-31,7.5427,6.5842,complete
118715,Nippon India Money Market Fund - Direct Plan Growth Plan - Bonus Option,Liquid/Money Market,2018-03-31,2013-03-31,2013-04-01,2018-03-31,2023-03-31,2023-03-31,8.1778,6.2686,complete
118715,Nippon India Money Market Fund - Direct Plan Growth Plan - Bonus Option,Liquid/Money Market,2019-03-31,2014-03-31,2014-04-01,2019-03-29,2024-03-31,2024-03-31,7.9829,6.1193,complete
118715,Nippon India Money Market Fund - Direct Plan Growth Plan - Bonus Option,Liquid/Money Market,2020-03-31,2015-03-31,2015-03-31,2020-03-31,2025-03-31,2025-03-31,7.6763,6.191,complete
118715,Nippon India Money Market Fund - Direct Plan Growth Plan - Bonus Option,Liquid/Money Market,2021-03-31,2016-03-31,2016-03-31,2021-03-31,2026-03-31,2026-03-31,7.1198,6.4396,complete
118719,Nippon India Money Market Fund - Direct Plan Growth Plan - Growth Option,Liquid/Money Market,2018-03-31,2013-03-31,2013-04-01,2018-03-31,2023-03-31,2023-03-31,8.1767,6.2685,complete
118719,Nippon India Money Market Fund - Direct Plan Growth Plan - Growth Option,Liquid/Money Market,2019-03-31,2014-03-31,2014-04-01,2019-03-29,2024-03-31,2024-03-31,7.983,6.1193,complete
118719,Nippon India Money Market Fund - Direct Plan Growth Plan - Growth Option,Liquid/Money Market,2020-03-31,2015-03-31,2015-03-31,2020-03-31,2025-03-31,2025-03-31,7.6763,6.1911,complete
118719,Nippon India Money Market Fund - Direct Plan Growth Plan - Growth Option,Liquid/Money Market,2021-03-31,2016-03-31,2016-03-31,2021-03-31,2026-03-31,2026-03-31,7.1198,6.4397,complete
118722,Nippon India Consumption Fund - Direct Plan Growth Plan - Bonus,Other,2018-03-31,2013-03-31,2013-04-01,2018-04-02,2023-03-31,2023-03-31,13.494,14.0774,complete
118722,Nippon India Consumption Fund - Direct Plan Growth Plan - Bonus,Other,2019-03-31,2014-03-31,2014-03-31,2019-04-01,2024-03-31,2024-03-31,10.6406,22.8052,complete
118722,Nippon India Consumption Fund - Direct Plan Growth Plan - Bonus,Other,2020-03-31,2015-03-31,2015-03-31,2020-03-31,2025-03-31,2025-03-31,1.4154,29.2893,complete
118722,Nippon India Consumption Fund - Direct Plan Growth Plan - Bonus,Other,2021-03-31,2016-03-31,2016-03-31,2021-03-31,2026-03-31,2026-03-31,12.3783,14.5507,complete
118724,Nippon India Consumption Fund - Direct Plan Growth Plan - Growth Option,Other,2018-03-31,2013-03-31,2013-04-01,2018-04-02,2023-03-31,2023-03-31,13.494,14.0774,complete
118724,Nippon India Consumption Fund - Direct Plan Growth Plan - Growth Option,Other,2019-03-31,2014-03-31,2014-03-31,2019-04-01,2024-03-31,2024-03-31,10.6406,22.8052,complete
118724,Nippon India Consumption Fund - Direct Plan Growth Plan - Growth Option,Other,2020-03-31,2015-03-31,2015-03-31,2020-03-31,2025-03-31,2025-03-31,1.4154,29.2893,complete
118724,Nippon India Consumption Fund - Direct Plan Growth Plan - Growth Option,Other,2021-03-31,2016-03-31,2016-03-31,2021-03-31,2026-03-31,2026-03-31,12.3783,14.5507,complete
118726,Nippon India Conservative Hybrid  Fund - Direct Plan Growth Plan - Growth Option,Hybrid,2018-03-31,2013-03-31,2013-04-02,2018-03-28,2023-03-31,2023-03-31,11.1348,3.6762,complete
118726,Nippon India Conservative Hybrid  Fund - Direct Plan Growth Plan - Growth Option,Hybrid,2019-03-31,2014-03-31,2014-04-02,2019-03-29,2024-03-31,2024-03-31,10.9512,4.2963,complete
118726,Nippon India Conservative Hybrid  Fund - Direct Plan Growth Plan - Growth Option,Hybrid,2020-03-31,2015-03-31,2015-03-31,2020-03-31,2025-03-31,2025-03-31,2.6687,9.5847,complete
118726,Nippon India Conservative Hybrid  Fund - Direct Plan Growth Plan - Growth Option,Hybrid,2021-03-31,2016-03-31,2016-03-31,2021-03-31,2026-03-31,2026-03-31,4.3406,8.6219,complete
118736,Nippon India Balanced Advantage Fund - Direct Plan Growth Plan - Growth Option,Hybrid,2018-03-31,2013-03-31,2013-04-01,2018-04-02,2023-03-31,2023-03-31,15.1892,9.9898,complete
118736,Nippon India Balanced Advantage Fund - Direct Plan Growth Plan - Growth Option,Hybrid,2019-03-31,2014-03-31,2014-03-31,2019-04-01,2024-03-31,2024-03-31,14.0417,12.7472,complete
118736,Nippon India Balanced Advantage Fund - Direct Plan Growth Plan - Growth Option,Hybrid,2020-03-31,2015-03-31,2015-03-31,2020-03-31,2025-03-31,2025-03-31,3.8065,17.9347,complete
118736,Nippon India Balanced Advantage Fund - Direct Plan Growth Plan - Growth Option,Hybrid,2021-03-31,2016-03-31,2016-03-31,2021-03-31,2026-03-31,2026-03-31,13.1884,10.4279,complete
118741,Nippon India Index Fund - Nifty 50 Plan - Direct Plan Growth Plan - Growth Option,Other,2018-03-31,2013-03-31,2013-04-01,2018-04-02,2023-03-31,2023-03-31,13.0751,12.1481,complete
118741,Nippon India Index Fund - Nifty 50 Plan - Direct Plan Growth Plan - Growth Option,Other,2019-03-31,2014-03-31,2014-03-31,2019-04-01,2024-03-31,2024-03-31,12.5224,14.7989,complete
118741,Nippon India Index Fund - Nifty 50 Plan - Direct Plan Growth Plan - Growth Option,Other,2020-03-31,2015-03-31,2015-03-31,2020-03-31,2025-03-31,2025-03-31,1.0239,23.2464,complete
118741,Nippon India Index Fund - Nifty 50 Plan - Direct Plan Growth Plan - Growth Option,Other,2021-03-31,2016-03-31,2016-03-31,2021-03-31,2026-03-31,2026-03-31,14.467,9.759,complete
118742,Nippon India Index Fund - Nifty 50 Plan - Direct Plan Growth Plan - Bonus Option,Other,2018-03-31,2013-03-31,2013-04-01,2018-04-02,2023-03-31,2023-03-31,13.0751,12.1481,complete
118742,Nippon India Index Fund - Nifty 50 Plan - Direct Plan Growth Plan - Bonus Option,Other,2019-03-31,2014-03-31,2014-03-31,2019-04-01,2024-03-31,2024-03-31,12.5224,14.7989,complete
118742,Nippon India Index Fund - Nifty 50 Plan - Direct Plan Growth Plan - Bonus Option,Other,2020-03-31,2015-03-31,2015-03-31,2020-03-31,2025-03-31,2025-03-31,1.0239,23.2464,complete
118742,Nippon India Index Fund - Nifty 50 Plan - Direct Plan Growth Plan - Bonus Option,Other,2021-03-31,2016-03-31,2016-03-31,2021-03-31,2026-03-31,2026-03-31,14.4671,9.7589,complete
118747,Nippon India Dynamic Bond Fund - Direct Plan Growth Plan - Growth Option,Debt,2018-03-31,2013-03-31,2013-04-02,2018-03-28,2023-03-31,2023-03-31,8.8433,6.5629,complete
118747,Nippon India Dynamic Bond Fund - Direct Plan Growth Plan - Growth Option,Debt,2019-03-31,2014-03-31,2014-04-02,2019-03-29,2024-03-31,2024-03-31,9.1878,6.8758,complete
118747,Nippon India Dynamic Bond Fund - Direct Plan Growth Plan - Growth Option,Debt,2020-03-31,2015-03-31,2015-03-31,2020-03-31,2025-03-31,2025-03-31,7.8472,6.7566,complete
118747,Nippon India Dynamic Bond Fund - Direct Plan Growth Plan - Growth Option,Debt,2021-03-31,2016-03-31,2016-03-31,2021-03-31,2026-03-31,2026-03-31,8.1638,6.2768,complete
118758,Nippon India Pharma Fund - Direct Plan Growth Plan - Bonus Option,Other,2018-03-31,2013-03-31,2013-04-01,2018-04-02,2023-03-31,2023-03-31,16.4162,15.7321,complete
118758,Nippon India Pharma Fund - Direct Plan Growth Plan - Bonus Option,Other,2019-03-31,2014-03-31,2014-03-31,2019-04-01,2024-03-31,2024-03-31,12.6542,24.1092,complete
118758,Nippon India Pharma Fund - Direct Plan Growth Plan - Bonus Option,Other,2020-03-31,2015-03-31,2015-03-31,2020-03-31,2025-03-31,2025-03-31,1.711,28.5672,complete
118758,Nippon India Pharma Fund - Direct Plan Growth Plan - Bonus Option,Other,2021-03-31,2016-03-31,2016-03-31,2021-03-31,2026-03-31,2026-03-31,14.7733,15.4213,complete
118759,Nippon India Pharma Fund - Direct Plan Growth Plan - Growth Option,Other,2018-03-31,2013-03-31,2013-04-01,2018-04-02,2023-03-31,2023-03-31,16.4162,15.7321,complete
118759,Nippon India Pharma Fund - Direct Plan Growth Plan - Growth Option,Other,2019-03-31,2014-03-31,2014-03-31,2019-04-01,2024-03-31,2024-03-31,12.6542,24.1092,complete
118759,Nippon India Pharma Fund - Direct Plan Growth Plan - Growth Option,Other,2020-03-31,2015-03-31,2015-03-31,2020-03-31,2025-03-31,2025-03-31,1.711,28.5672,complete
118759,Nippon India Pharma Fund - Direct Plan Growth Plan - Growth Option,Other,2021-03-31,2016-03-31,2016-03-31,2021-03-31,2026-03-31,2026-03-31,14.7733,15.4213,complete
118762,Nippon India Power & Infra Fund - Direct Plan Growth Plan - Bonus Option,Other,2018-03-31,2013-03-31,2013-04-01,2018-04-02,2023-03-31,2023-03-31,18.9313,9.8147,complete
118762,Nippon India Power & Infra Fund - Direct Plan Growth Plan - Bonus Option,Other,2019-03-31,2014-03-31,2014-03-31,2019-04-01,2024-03-31,2024-03-31,13.7761,26.1846,complete
118762,Nippon India Power & Infra Fund - Direct Plan Growth Plan - Bonus Option,Other,2020-03-31,2015-03-31,2015-03-31,2020-03-31,2025-03-31,2025-03-31,-2.3439,38.2519,complete
118762,Nippon India Power & Infra Fund - Direct Plan Growth Plan - Bonus Option,Other,2021-03-31,2016-03-31,2016-03-31,2021-03-31,2026-03-31,2026-03-31,12.9428,22.6857,complete
118763,Nippon India Power & Infra Fund - Direct Plan Growth Plan - Growth Option,Other,2018-03-31,2013-03-31,2013-04-01,2018-04-02,2023-03-31,2023-03-31,18.9313,9.8147,complete
118763,Nippon India Power & Infra Fund - Direct Plan Growth Plan - Growth Option,Other,2019-03-31,2014-03-31,2014-03-31,2019-04-01,2024-03-31,2024-03-31,13.7761,26.1846,complete
118763,Nippon India Power & Infra Fund - Direct Plan Growth Plan - Growth Option,Other,2020-03-31,2015-03-31,2015-03-31,2020-03-31,2025-03-31,2025-03-31,-2.3439,38.2519,complete
118763,Nippon India Power & Infra Fund - Direct Plan Growth Plan - Growth Option,Other,2021-03-31,2016-03-31,2016-03-31,2021-03-31,2026-03-31,2026-03-31,12.9428,22.6857,complete
118769,Nippon India Quant Fund - Direct Plan Growth Plan - Growth Option,Other,2018-03-31,2013-03-31,2013-04-01,2018-04-02,2023-03-31,2023-03-31,13.4717,11.7599,complete
118769,Nippon India Quant Fund - Direct Plan Growth Plan - Growth Option,Other,2019-03-31,2014-03-31,2014-03-31,2019-04-01,2024-03-31,2024-03-31,10.8439,19.8582,complete
118769,Nippon India Quant Fund - Direct Plan Growth Plan - Growth Option,Other,2020-03-31,2015-03-31,2015-03-31,2020-03-31,2025-03-31,2025-03-31,0.3476,27.4074,complete
118769,Nippon India Quant Fund - Direct Plan Growth Plan - Growth Option,Other,2021-03-31,2016-03-31,2016-03-31,2021-03-31,2026-03-31,2026-03-31,13.4769,15.6889,complete
118770,Nippon India Quant Fund - Direct Plan Growth Plan - Bonus Option,Other,2018-03-31,2013-03-31,2013-04-01,2018-04-02,2023-03-31,2023-03-31,13.4717,11.7599,complete
118770,Nippon India Quant Fund - Direct Plan Growth Plan - Bonus Option,Other,2019-03-31,2014-03-31,2014-03-31,2019-04-01,2024-03-31,2024-03-31,10.8439,19.8582,complete
118770,Nippon India Quant Fund - Direct Plan Growth Plan - Bonus Option,Other,2020-03-31,2015-03-31,2015-03-31,2020-03-31,2025-03-31,2025-03-31,0.3476,27.4074,complete
118770,Nippon India Quant Fund - Direct Plan Growth Plan - Bonus Option,Other,2021-03-31,2016-03-31,2016-03-31,2021-03-31,2026-03-31,2026-03-31,13.4769,15.6889,complete
118777,Nippon India Small Cap Fund - Direct Plan Growth Plan - Bonus Option,Equity,2018-03-31,2013-03-31,2013-04-01,2018-04-02,2023-03-31,2023-03-31,37.4311,16.5345,complete
118777,Nippon India Small Cap Fund - Direct Plan Growth Plan - Bonus Option,Equity,2019-03-31,2014-03-31,2014-03-31,2019-04-01,2024-03-31,2024-03-31,26.1395,29.402,complete
118777,Nippon India Small Cap Fund - Direct Plan Growth Plan - Bonus Option,Equity,2020-03-31,2015-03-31,2015-03-31,2020-03-31,2025-03-31,2025-03-31,3.5219,41.8782,complete
118777,Nippon India Small Cap Fund - Direct Plan Growth Plan - Bonus Option,Equity,2021-03-31,2016-03-31,2016-03-31,2021-03-31,2026-03-31,2026-03-31,20.7155,20.9074,complete
118778,Nippon India Small Cap Fund - Direct Plan Growth Plan - Growth Option,Equity,2018-03-31,2013-03-31,2013-04-01,2018-04-02,2023-03-31,2023-03-31,37.4311,16.5345,complete
118778,Nippon India Small Cap Fund - Direct Plan Growth Plan - Growth Option,Equity,2019-03-31,2014-03-31,2014-03-31,2019-04-01,2024-03-31,2024-03-31,26.1396,29.402,complete
118778,Nippon India Small Cap Fund - Direct Plan Growth Plan - Growth Option,Equity,2020-03-31,2015-03-31,2015-03-31,2020-03-31,2025-03-31,2025-03-31,3.5219,41.8782,complete
118778,Nippon India Small Cap Fund - Direct Plan Growth Plan - Growth Option,Equity,2021-03-31,2016-03-31,2016-03-31,2021-03-31,2026-03-31,2026-03-31,20.7155,20.9074,complete
118780,Nippon India Credit Risk Fund - Direct Plan - Growth Plan,Debt,2018-03-31,2013-03-31,2013-04-02,2018-03-28,2023-03-31,2023-03-31,9.802,4.4285,complete
118780,Nippon India Credit Risk Fund - Direct Plan - Growth Plan,Debt,2019-03-31,2014-03-31,2014-04-02,2019-03-29,2024-03-31,2024-03-31,9.4671,4.7184,complete
118780,Nippon India Credit Risk Fund - Direct Plan - Growth Plan,Debt,2020-03-31,2015-03-31,2015-03-31,2020-03-31,2025-03-31,2025-03-31,4.6291,9.0617,complete
118780,Nippon India Credit Risk Fund - Direct Plan - Growth Plan,Debt,2021-03-31,2016-03-31,2016-03-31,2021-03-31,2026-03-31,2026-03-31,4.3818,9.1116,complete
118784,Nippon India Value Fund - Direct Plan Growth Plan,Other,2018-03-31,2013-03-31,2013-04-01,2018-04-02,2023-03-31,2023-03-31,20.1137,11.8243,complete
118784,Nippon India Value Fund - Direct Plan Growth Plan,Other,2019-03-31,2014-03-31,2014-03-31,2019-04-01,2024-03-31,2024-03-31,17.4287,21.3916,complete
118784,Nippon India Value Fund - Direct Plan Growth Plan,Other,2020-03-31,2015-03-31,2015-03-31,2020-03-31,2025-03-31,2025-03-31,0.9545,32.4684,complete
118784,Nippon India Value Fund - Direct Plan Growth Plan,Other,2021-03-31,2016-03-31,2016-03-31,2021-03-31,2026-03-31,2026-03-31,15.6113,16.6527,complete
118785,Nippon India Index Fund - BSE Sensex Plan - Direct Plan Growth Plan - Bonus Option,Other,2018-03-31,2013-03-31,2013-04-01,2018-04-02,2023-03-31,2023-03-31,12.5466,13.1193,complete
118785,Nippon India Index Fund - BSE Sensex Plan - Direct Plan Growth Plan - Bonus Option,Other,2019-03-31,2014-03-31,2014-03-31,2019-04-01,2024-03-31,2024-03-31,12.1772,14.7078,complete
118785,Nippon India Index Fund - BSE Sensex Plan - Direct Plan Growth Plan - Bonus Option,Other,2020-03-31,2015-03-31,2015-03-31,2020-03-31,2025-03-31,2025-03-31,1.9187,22.3115,complete
118785,Nippon India Index Fund - BSE Sensex Plan - Direct Plan Growth Plan - Bonus Option,Other,2021-03-31,2016-03-31,2016-03-31,2021-03-31,2026-03-31,2026-03-31,15.2473,8.7945,complete
118791,Nippon India Index Fund - BSE Sensex Plan - Direct Plan Growth Plan - Growth Option,Other,2018-03-31,2013-03-31,2013-04-01,2018-04-02,2023-03-31,2023-03-31,12.5465,13.1195,complete
118791,Nippon India Index Fund - BSE Sensex Plan - Direct Plan Growth Plan - Growth Option,Other,2019-03-31,2014-03-31,2014-03-31,2019-04-01,2024-03-31,2024-03-31,12.1772,14.7078,complete
118791,Nippon India Index Fund - BSE Sensex Plan - Direct Plan Growth Plan - Growth Option,Other,2020-03-31,2015-03-31,2015-03-31,2020-03-31,2025-03-31,2025-03-31,1.9189,22.3113,complete
118791,Nippon India Index Fund - BSE Sensex Plan - Direct Plan Growth Plan - Growth Option,Other,2021-03-31,2016-03-31,2016-03-31,2021-03-31,2026-03-31,2026-03-31,15.2474,8.7944,complete
118794,Nippon India Aggressive Hybrid Fund  - Direct Plan Growth Plan,Hybrid,2018-03-31,2013-03-31,2013-04-01,2018-04-02,2023-03-31,2023-03-31,18.957,6.0446,complete
118794,Nippon India Aggressive Hybrid Fund  - Direct Plan Growth Plan,Hybrid,2019-03-31,2014-03-31,2014-03-31,2019-04-01,2024-03-31,2024-03-31,15.7908,11.3007,complete
118794,Nippon India Aggressive Hybrid Fund  - Direct Plan Growth Plan,Hybrid,2020-03-31,2015-03-31,2015-03-31,2020-03-31,2025-03-31,2025-03-31,-0.9673,23.4524,complete
118794,Nippon India Aggressive Hybrid Fund  - Direct Plan Growth Plan,Hybrid,2021-03-31,2016-03-31,2016-03-31,2021-03-31,2026-03-31,2026-03-31,8.617,12.4328,complete
118796,Nippon India Short Duration Fund - Direct Plan Growth Plan - Growth Option,Debt,2018-03-31,2013-03-31,2013-04-02,2018-03-28,2023-03-31,2023-03-31,8.9511,7.1544,complete
118796,Nippon India Short Duration Fund - Direct Plan Growth Plan - Growth Option,Debt,2019-03-31,2014-03-31,2014-04-02,2019-03-29,2024-03-31,2024-03-31,8.7269,7.3373,complete
118796,Nippon India Short Duration Fund - Direct Plan Growth Plan - Growth Option,Debt,2020-03-31,2015-03-31,2015-03-31,2020-03-31,2025-03-31,2025-03-31,8.2859,7.1958,complete
118796,Nippon India Short Duration Fund - Direct Plan Growth Plan - Growth Option,Debt,2021-03-31,2016-03-31,2016-03-31,2021-03-31,2026-03-31,2026-03-31,8.3558,6.7401,complete
118803,Nippon India ELSS Tax Saver Fund - Direct Plan Growth Plan - Growth Option,Equity,2018-03-31,2013-03-31,2013-04-01,2018-04-02,2023-03-31,2023-03-31,23.3193,6.2443,complete
118803,Nippon India ELSS Tax Saver Fund - Direct Plan Growth Plan - Growth Option,Equity,2019-03-31,2014-03-31,2014-03-31,2019-04-01,2024-03-31,2024-03-31,15.4999,15.0575,complete
118803,Nippon India ELSS Tax Saver Fund - Direct Plan Growth Plan - Growth Option,Equity,2020-03-31,2015-03-31,2015-03-31,2020-03-31,2025-03-31,2025-03-31,-4.8993,27.4582,complete
118803,Nippon India ELSS Tax Saver Fund - Direct Plan Growth Plan - Growth Option,Equity,2021-03-31,2016-03-31,2016-03-31,2021-03-31,2026-03-31,2026-03-31,8.7898,14.1141,complete
118804,Nippon India Annual Interval Fund - Series I - Direct Plan Growth Plan - Growth,Other,2019-03-31,2014-03-31,2014-04-02,2019-03-29,2024-03-31,2024-03-31,8.0476,5.557,complete
118804,Nippon India Annual Interval Fund - Series I - Direct Plan Growth Plan - Growth,Other,2020-03-31,2015-03-31,2015-03-31,2020-03-31,2025-03-31,2025-03-31,7.6059,5.6343,complete
118804,Nippon India Annual Interval Fund - Series I - Direct Plan Growth Plan - Growth,Other,2021-03-31,2016-03-31,2016-03-31,2021-03-31,2026-03-31,2026-03-31,6.805,6.1057,complete
118807,Nippon India Corporate Bond Fund - Direct Plan Growth Plan - Bonus,Debt,2018-03-31,2013-03-31,2013-04-02,2018-03-28,2023-03-31,2023-03-31,8.7978,6.9749,complete
118807,Nippon India Corporate Bond Fund - Direct Plan Growth Plan - Bonus,Debt,2019-03-31,2014-03-31,2014-04-02,2019-03-29,2024-03-31,2024-03-31,8.5832,7.0509,complete
118807,Nippon India Corporate Bond Fund - Direct Plan Growth Plan - Bonus,Debt,2020-03-31,2015-03-31,2015-03-31,2020-03-31,2025-03-31,2025-03-31,8.3065,7.2055,complete
118807,Nippon India Corporate Bond Fund - Direct Plan Growth Plan - Bonus,Debt,2021-03-31,2016-03-31,2016-03-31,2021-03-31,2026-03-31,2026-03-31,8.1227,6.7939,complete
118814,Nippon India Corporate Bond Fund - Direct Plan Growth Plan - Growth Option,Debt,2018-03-31,2013-03-31,2013-04-02,2018-03-28,2023-03-31,2023-03-31,8.7979,6.9748,complete
118814,Nippon India Corporate Bond Fund - Direct Plan Growth Plan - Growth Option,Debt,2019-03-31,2014-03-31,2014-04-02,2019-03-29,2024-03-31,2024-03-31,8.5833,7.0504,complete
118814,Nippon India Corporate Bond Fund - Direct Plan Growth Plan - Growth Option,Debt,2020-03-31,2015-03-31,2015-03-31,2020-03-31,2025-03-31,2025-03-31,8.3061,7.2058,complete
118814,Nippon India Corporate Bond Fund - Direct Plan Growth Plan - Growth Option,Debt,2021-03-31,2016-03-31,2016-03-31,2021-03-31,2026-03-31,2026-03-31,8.1223,6.7942,complete
118825,Mirae Asset Large Cap Fund - Direct Plan - Growth,Equity,2018-03-31,2013-03-31,2013-04-01,2018-04-02,2023-03-31,2023-03-31,21.8214,12.2434,complete
118825,Mirae Asset Large Cap Fund - Direct Plan - Growth,Equity,2019-03-31,2014-03-31,2014-03-31,2019-03-31,2024-03-31,2024-03-31,19.3174,14.715,complete
118825,Mirae Asset Large Cap Fund - Direct Plan - Growth,Equity,2020-03-31,2015-03-31,2015-03-31,2020-03-31,2025-03-31,2025-03-31,4.5757,23.1939,complete
118825,Mirae Asset Large Cap Fund - Direct Plan - Growth,Equity,2021-03-31,2016-03-31,2016-03-31,2021-03-31,2026-03-31,2026-03-31,17.1544,9.8608,complete
118834,Mirae Asset Large & Midcap Fund - Direct Plan - Growth,Other,2018-03-31,2013-03-31,2013-04-01,2018-04-02,2023-03-31,2023-03-31,31.6011,15.0111,complete
118834,Mirae Asset Large & Midcap Fund - Direct Plan - Growth,Other,2019-03-31,2014-03-31,2014-03-31,2019-03-31,2024-03-31,2024-03-31,26.5337,20.4863,complete
118834,Mirae Asset Large & Midcap Fund - Direct Plan - Growth,Other,2020-03-31,2015-03-31,2015-03-31,2020-03-31,2025-03-31,2025-03-31,8.5539,27.5268,complete
118834,Mirae Asset Large & Midcap Fund - Direct Plan - Growth,Other,2021-03-31,2016-03-31,2016-03-31,2021-03-31,2026-03-31,2026-03-31,22.4882,12.6354,complete
118837,Mirae Asset Great Consumer Fund - Direct Plan - Growth,Other,2018-03-31,2013-03-31,2013-04-01,2018-04-02,2023-03-31,2023-03-31,22.4419,13.868,complete
118837,Mirae Asset Great Consumer Fund - Direct Plan - Growth,Other,2019-03-31,2014-03-31,2014-03-31,2019-03-31,2024-03-31,2024-03-31,19.2729,19.615,complete
118837,Mirae Asset Great Consumer Fund - Direct Plan - Growth,Other,2020-03-31,2015-03-31,2015-03-31,2020-03-31,2025-03-31,2025-03-31,6.0305,26.382,complete
118837,Mirae Asset Great Consumer Fund - Direct Plan - Growth,Other,2021-03-31,2016-03-31,2016-03-31,2021-03-31,2026-03-31,2026-03-31,18.6233,13.906,complete
118840,Mirae Asset Low Duration Fund - Direct Plan - Growth,Debt,2018-03-31,2013-03-31,2013-04-02,2018-03-28,2023-03-31,2023-03-31,7.8743,5.857,complete
118840,Mirae Asset Low Duration Fund - Direct Plan - Growth,Debt,2019-03-31,2014-03-31,2014-04-02,2019-03-31,2024-03-31,2024-03-31,7.706,5.7919,complete
118840,Mirae Asset Low Duration Fund - Direct Plan - Growth,Debt,2020-03-31,2015-03-31,2015-03-31,2020-03-31,2025-03-31,2025-03-31,7.1174,6.2626,complete
118840,Mirae Asset Low Duration Fund - Direct Plan - Growth,Debt,2021-03-31,2016-03-31,2016-03-31,2021-03-31,2026-03-31,2026-03-31,6.8469,6.3392,complete
118859,Mirae Asset Liquid Fund - Direct Plan - Growth,Liquid/Money Market,2018-03-31,2013-03-31,2013-04-01,2018-04-02,2023-03-31,2023-03-31,7.8731,5.3258,complete
118859,Mirae Asset Liquid Fund - Direct Plan - Growth,Liquid/Money Market,2019-03-31,2014-03-31,2014-04-01,2019-03-31,2024-03-31,2024-03-31,7.6598,5.2808,complete
118859,Mirae Asset Liquid Fund - Direct Plan - Growth,Liquid/Money Market,2020-03-31,2015-03-31,2015-03-31,2020-03-31,2025-03-31,2025-03-31,7.1352,5.5156,complete
118859,Mirae Asset Liquid Fund - Direct Plan - Growth,Liquid/Money Market,2021-03-31,2016-03-31,2016-03-31,2021-03-31,2026-03-31,2026-03-31,6.2598,6.0331,complete
118866,Taurus ELSS Tax Saver Fund - Direct Plan - Growth,Equity,2018-03-31,2013-03-31,2013-04-01,2018-04-02,2023-03-31,2023-03-31,17.3237,10.1388,complete
118866,Taurus ELSS Tax Saver Fund - Direct Plan - Growth,Equity,2019-03-31,2014-03-31,2014-03-31,2019-04-01,2024-03-31,2024-03-31,15.6279,15.7141,complete
118866,Taurus ELSS Tax Saver Fund - Direct Plan - Growth,Equity,2020-03-31,2015-03-31,2015-03-31,2020-03-31,2025-03-31,2025-03-31,2.8013,24.4112,complete
118866,Taurus ELSS Tax Saver Fund - Direct Plan - Growth,Equity,2021-03-31,2016-03-31,2016-03-31,2021-03-31,2026-03-31,2026-03-31,14.8562,11.3702,complete
118868,Taurus Banking & Financial Services Fund - Direct Plan - Growth,Other,2018-03-31,2013-03-31,2013-04-01,2018-04-02,2023-03-31,2023-03-31,13.9091,11.8637,complete
118868,Taurus Banking & Financial Services Fund - Direct Plan - Growth,Other,2019-03-31,2014-03-31,2014-03-31,2019-04-01,2024-03-31,2024-03-31,16.2745,13.2791,complete
118868,Taurus Banking & Financial Services Fund - Direct Plan - Growth,Other,2020-03-31,2015-03-31,2015-03-31,2020-03-31,2025-03-31,2025-03-31,3.0981,22.0397,complete
118868,Taurus Banking & Financial Services Fund - Direct Plan - Growth,Other,2021-03-31,2016-03-31,2016-03-31,2021-03-31,2026-03-31,2026-03-31,16.9009,9.8747,complete
118870,Taurus Large Cap Fund - Direct Plan - Growth,Equity,2018-03-31,2013-03-31,2013-04-01,2018-04-02,2023-03-31,2023-03-31,12.6736,7.1137,complete
118870,Taurus Large Cap Fund - Direct Plan - Growth,Equity,2019-03-31,2014-03-31,2014-03-31,2019-04-01,2024-03-31,2024-03-31,11.5068,13.7763,complete
118870,Taurus Large Cap Fund - Direct Plan - Growth,Equity,2020-03-31,2015-03-31,2015-03-31,2020-03-31,2025-03-31,2025-03-31,-1.3903,20.9973,complete
118870,Taurus Large Cap Fund - Direct Plan - Growth,Equity,2021-03-31,2016-03-31,2016-03-31,2021-03-31,2026-03-31,2026-03-31,9.8508,10.5063,complete
118872,Taurus Mid Cap Fund - Direct Plan - Growth,Equity,2018-03-31,2013-03-31,2013-04-01,2018-04-02,2023-03-31,2023-03-31,23.8681,10.2104,complete
118872,Taurus Mid Cap Fund - Direct Plan - Growth,Equity,2019-03-31,2014-03-31,2014-03-31,2019-04-01,2024-03-31,2024-03-31,19.3875,20.4679,complete
118872,Taurus Mid Cap Fund - Direct Plan - Growth,Equity,2020-03-31,2015-03-31,2015-03-31,2020-03-31,2025-03-31,2025-03-31,3.2486,25.6395,complete
118872,Taurus Mid Cap Fund - Direct Plan - Growth,Equity,2021-03-31,2016-03-31,2016-03-31,2021-03-31,2026-03-31,2026-03-31,17.3748,11.392,complete
118876,Taurus Ethical Fund - Direct Plan - Growth,Other,2018-03-31,2013-03-31,2013-04-01,2018-04-02,2023-03-31,2023-03-31,18.4041,11.2771,complete
118876,Taurus Ethical Fund - Direct Plan - Growth,Other,2019-03-31,2014-03-31,2014-03-31,2019-04-01,2024-03-31,2024-03-31,13.4306,19.0674,complete
118876,Taurus Ethical Fund - Direct Plan - Growth,Other,2020-03-31,2015-03-31,2015-03-31,2020-03-31,2025-03-31,2025-03-31,1.915,23.4574,complete
118876,Taurus Ethical Fund - Direct Plan - Growth,Other,2021-03-31,2016-03-31,2016-03-31,2021-03-31,2026-03-31,2026-03-31,14.875,11.3078,complete
118879,Taurus Infrastructure Fund - Direct Plan - Growth ,Other,2018-03-31,2013-03-31,2013-04-01,2018-04-02,2023-03-31,2023-03-31,19.2996,8.5557,complete
118879,Taurus Infrastructure Fund - Direct Plan - Growth ,Other,2019-03-31,2014-03-31,2014-03-31,2019-04-01,2024-03-31,2024-03-31,16.0821,19.7601,complete
118879,Taurus Infrastructure Fund - Direct Plan - Growth ,Other,2020-03-31,2015-03-31,2015-03-31,2020-03-31,2025-03-31,2025-03-31,0.685,26.9715,complete
118879,Taurus Infrastructure Fund - Direct Plan - Growth ,Other,2021-03-31,2016-03-31,2016-03-31,2021-03-31,2026-03-31,2026-03-31,15.2812,13.2742,complete
118881,Taurus Nifty 50 Index Fund - Direct Plan - Growth,Other,2018-03-31,2013-03-31,2013-04-01,2018-04-02,2023-03-31,2023-03-31,13.2671,11.9934,complete
118881,Taurus Nifty 50 Index Fund - Direct Plan - Growth,Other,2019-03-31,2014-03-31,2014-03-31,2019-04-01,2024-03-31,2024-03-31,12.6101,14.5576,complete
118881,Taurus Nifty 50 Index Fund - Direct Plan - Growth,Other,2020-03-31,2015-03-31,2015-03-31,2020-03-31,2025-03-31,2025-03-31,1.1934,22.7914,complete
118881,Taurus Nifty 50 Index Fund - Direct Plan - Growth,Other,2021-03-31,2016-03-31,2016-03-31,2021-03-31,2026-03-31,2026-03-31,14.8835,9.0086,complete
118883,Taurus Flexi Cap Fund - Direct Plan - Growth,Equity,2018-03-31,2013-03-31,2013-04-01,2018-04-02,2023-03-31,2023-03-31,14.8873,5.0513,complete
118883,Taurus Flexi Cap Fund - Direct Plan - Growth,Equity,2019-03-31,2014-03-31,2014-03-31,2019-04-01,2024-03-31,2024-03-31,11.7238,12.4341,complete
118883,Taurus Flexi Cap Fund - Direct Plan - Growth,Equity,2020-03-31,2015-03-31,2015-03-31,2020-03-31,2025-03-31,2025-03-31,-2.7513,21.3696,complete
118883,Taurus Flexi Cap Fund - Direct Plan - Growth,Equity,2021-03-31,2016-03-31,2016-03-31,2021-03-31,2026-03-31,2026-03-31,8.8448,9.2345,complete
118924,DSP Bond Fund - Direct Plan - Growth,Debt,2018-03-31,2013-03-31,2013-04-02,2018-03-28,2023-03-31,2023-03-31,8.7061,4.884,complete
118924,DSP Bond Fund - Direct Plan - Growth,Debt,2019-03-31,2014-03-31,2014-04-02,2019-03-31,2024-03-31,2024-03-31,9.045,5.4738,complete
118924,DSP Bond Fund - Direct Plan - Growth,Debt,2020-03-31,2015-03-31,2015-03-31,2020-03-31,2025-03-31,2025-03-31,6.5349,6.5803,complete
118924,DSP Bond Fund - Direct Plan - Growth,Debt,2021-03-31,2016-03-31,2016-03-31,2021-03-31,2026-03-31,2026-03-31,6.8275,6.1127,complete
118931,HDFC ARBITRAGE FUND - Growth Option - Direct Plan,Arbitrage,2018-03-31,2013-03-31,2013-04-01,2018-04-02,2023-03-31,2023-03-31,7.4149,5.2291,complete
118931,HDFC ARBITRAGE FUND - Growth Option - Direct Plan,Arbitrage,2019-03-31,2014-03-31,2014-03-31,2019-04-01,2024-03-31,2024-03-31,6.8931,5.6307,complete
118931,HDFC ARBITRAGE FUND - Growth Option - Direct Plan,Arbitrage,2020-03-31,2015-03-31,2015-03-31,2020-03-31,2025-03-31,2025-03-31,6.6099,5.9046,complete
118931,HDFC ARBITRAGE FUND - Growth Option - Direct Plan,Arbitrage,2021-03-31,2016-03-31,2016-03-31,2021-03-31,2026-03-31,2026-03-31,5.8564,6.5077,complete
118935,HDFC Value Fund - Growth Option - Direct Plan,Other,2018-03-31,2013-03-31,2013-04-01,2018-04-02,2023-03-31,2023-03-31,21.4318,9.6805,complete
118935,HDFC Value Fund - Growth Option - Direct Plan,Other,2019-03-31,2014-03-31,2014-03-31,2019-04-01,2024-03-31,2024-03-31,17.9724,16.2464,complete
118935,HDFC Value Fund - Growth Option - Direct Plan,Other,2020-03-31,2015-03-31,2015-03-31,2020-03-31,2025-03-31,2025-03-31,0.7469,29.0198,complete
118935,HDFC Value Fund - Growth Option - Direct Plan,Other,2021-03-31,2016-03-31,2016-03-31,2021-03-31,2026-03-31,2026-03-31,13.6434,14.9794,complete
118942,HDFC Low Duration  Fund - Direct Plan - Growth,Debt,2018-03-31,2013-03-31,2013-04-02,2018-03-31,2023-03-31,2023-03-31,8.5587,6.7029,complete
118942,HDFC Low Duration  Fund - Direct Plan - Growth,Debt,2019-03-31,2014-03-31,2014-03-31,2019-03-29,2024-03-31,2024-03-31,8.2789,6.7543,complete
118942,HDFC Low Duration  Fund - Direct Plan - Growth,Debt,2020-03-31,2015-03-31,2015-03-31,2020-03-31,2025-03-31,2025-03-31,8.0769,6.7462,complete
118942,HDFC Low Duration  Fund - Direct Plan - Growth,Debt,2021-03-31,2016-03-31,2016-03-31,2021-03-31,2026-03-31,2026-03-31,7.923,6.6163,complete
118950,HDFC Focused Fund - Growth Option - Direct Plan,Other,2018-03-31,2013-03-31,2013-04-01,2018-04-02,2023-03-31,2023-03-31,18.5431,11.8557,complete
118950,HDFC Focused Fund - Growth Option - Direct Plan,Other,2019-03-31,2014-03-31,2014-03-31,2019-04-01,2024-03-31,2024-03-31,14.8671,19.8783,complete
118950,HDFC Focused Fund - Growth Option - Direct Plan,Other,2020-03-31,2015-03-31,2015-03-31,2020-03-31,2025-03-31,2025-03-31,-0.6111,33.7871,complete
118950,HDFC Focused Fund - Growth Option - Direct Plan,Other,2021-03-31,2016-03-31,2016-03-31,2021-03-31,2026-03-31,2026-03-31,11.0461,20.0983,complete
118955,HDFC Flexi Cap Fund - Growth Option - Direct Plan,Equity,2018-03-31,2013-03-31,2013-04-01,2018-04-02,2023-03-31,2023-03-31,17.8341,14.2825,complete
118955,HDFC Flexi Cap Fund - Growth Option - Direct Plan,Equity,2019-03-31,2014-03-31,2014-03-31,2019-04-01,2024-03-31,2024-03-31,16.5025,19.3532,complete
118955,HDFC Flexi Cap Fund - Growth Option - Direct Plan,Equity,2020-03-31,2015-03-31,2015-03-31,2020-03-31,2025-03-31,2025-03-31,0.2768,33.0209,complete
118955,HDFC Flexi Cap Fund - Growth Option - Direct Plan,Equity,2021-03-31,2016-03-31,2016-03-31,2021-03-31,2026-03-31,2026-03-31,14.7147,18.6903,complete
118961,HDFC Floating Rate Debt Fund - Direct Plan - Growth Option,Debt,2018-03-31,2013-03-31,2013-04-02,2018-03-31,2023-03-31,2023-03-31,8.6736,6.8788,complete
118961,HDFC Floating Rate Debt Fund - Direct Plan - Growth Option,Debt,2019-03-31,2014-03-31,2014-03-31,2019-03-29,2024-03-31,2024-03-31,8.3435,6.9833,complete
118961,HDFC Floating Rate Debt Fund - Direct Plan - Growth Option,Debt,2020-03-31,2015-03-31,2015-03-31,2020-03-31,2025-03-31,2025-03-31,8.0828,7.0705,complete
118961,HDFC Floating Rate Debt Fund - Direct Plan - Growth Option,Debt,2021-03-31,2016-03-31,2016-03-31,2021-03-31,2026-03-31,2026-03-31,7.9679,6.817,complete
118968,HDFC Balanced Advantage Fund - Growth Plan - Direct Plan,Hybrid,2018-03-31,2013-03-31,2013-04-01,2018-04-02,2023-03-31,2023-03-31,15.9179,13.2229,complete
118968,HDFC Balanced Advantage Fund - Growth Plan - Direct Plan,Hybrid,2019-03-31,2014-03-31,2014-03-31,2019-04-01,2024-03-31,2024-03-31,16.2875,18.2109,complete
118968,HDFC Balanced Advantage Fund - Growth Plan - Direct Plan,Hybrid,2020-03-31,2015-03-31,2015-03-31,2020-03-31,2025-03-31,2025-03-31,3.3426,27.4761,complete
118968,HDFC Balanced Advantage Fund - Growth Plan - Direct Plan,Hybrid,2021-03-31,2016-03-31,2016-03-31,2021-03-31,2026-03-31,2026-03-31,14.2929,16.1623,complete
118979,HDFC Infrastructure Fund - Growth Option - Direct Plan,Other,2018-03-31,2013-03-31,2013-04-01,2018-04-02,2023-03-31,2023-03-31,15.5815,4.8081,complete
118979,HDFC Infrastructure Fund - Growth Option - Direct Plan,Other,2019-03-31,2014-03-31,2014-03-31,2019-04-01,2024-03-31,2024-03-31,11.5877,19.6987,complete
118979,HDFC Infrastructure Fund - Growth Option - Direct Plan,Other,2020-03-31,2015-03-31,2015-03-31,2020-03-31,2025-03-31,2025-03-31,-10.6969,37.6555,complete
118979,HDFC Infrastructure Fund - Growth Option - Direct Plan,Other,2021-03-31,2016-03-31,2016-03-31,2021-03-31,2026-03-31,2026-03-31,3.4346,22.5541,complete
118987,HDFC Corporate Bond Fund - Growth Option - Direct Plan,Debt,2018-03-31,2013-03-31,2013-04-02,2018-03-28,2023-03-31,2023-03-31,8.8145,7.3005,complete
118987,HDFC Corporate Bond Fund - Growth Option - Direct Plan,Debt,2019-03-31,2014-03-31,2014-03-31,2019-03-29,2024-03-31,2024-03-31,8.8273,7.3649,complete
118987,HDFC Corporate Bond Fund - Growth Option - Direct Plan,Debt,2020-03-31,2015-03-31,2015-03-31,2020-03-31,2025-03-31,2025-03-31,8.6782,7.1102,complete
118987,HDFC Corporate Bond Fund - Growth Option - Direct Plan,Debt,2021-03-31,2016-03-31,2016-03-31,2021-03-31,2026-03-31,2026-03-31,8.7771,6.2716,complete
118989,HDFC Mid Cap Fund - Growth Option - Direct Plan,Equity,2018-03-31,2013-03-31,2013-04-01,2018-04-02,2023-03-31,2023-03-31,27.7025,12.8796,complete
118989,HDFC Mid Cap Fund - Growth Option - Direct Plan,Equity,2019-03-31,2014-03-31,2014-03-31,2019-04-01,2024-03-31,2024-03-31,21.3102,23.5531,complete
118989,HDFC Mid Cap Fund - Growth Option - Direct Plan,Equity,2020-03-31,2015-03-31,2015-03-31,2020-03-31,2025-03-31,2025-03-31,2.1466,35.702,complete
118989,HDFC Mid Cap Fund - Growth Option - Direct Plan,Equity,2021-03-31,2016-03-31,2016-03-31,2021-03-31,2026-03-31,2026-03-31,16.1736,20.4918,complete
119016,HDFC Short Term  Debt Fund - Growth Option - Direct Plan,Debt,2018-03-31,2013-03-31,2013-04-02,2018-03-28,2023-03-31,2023-03-31,8.7317,7.2958,complete
119016,HDFC Short Term  Debt Fund - Growth Option - Direct Plan,Debt,2019-03-31,2014-03-31,2014-03-31,2019-03-29,2024-03-31,2024-03-31,8.5394,7.3348,complete
119016,HDFC Short Term  Debt Fund - Growth Option - Direct Plan,Debt,2020-03-31,2015-03-31,2015-03-31,2020-03-31,2025-03-31,2025-03-31,8.4121,7.123,complete
119016,HDFC Short Term  Debt Fund - Growth Option - Direct Plan,Debt,2021-03-31,2016-03-31,2016-03-31,2021-03-31,2026-03-31,2026-03-31,8.4914,6.613,complete
119018,HDFC Large Cap Fund - Growth Option - Direct Plan,Equity,2018-03-31,2013-03-31,2013-04-01,2018-04-02,2023-03-31,2023-03-31,16.0919,11.9782,complete
119018,HDFC Large Cap Fund - Growth Option - Direct Plan,Equity,2019-03-31,2014-03-31,2014-03-31,2019-04-01,2024-03-31,2024-03-31,15.5454,15.9341,complete
119018,HDFC Large Cap Fund - Growth Option - Direct Plan,Equity,2020-03-31,2015-03-31,2015-03-31,2020-03-31,2025-03-31,2025-03-31,0.8098,26.3508,complete
119018,HDFC Large Cap Fund - Growth Option - Direct Plan,Equity,2021-03-31,2016-03-31,2016-03-31,2021-03-31,2026-03-31,2026-03-31,13.9489,12.8336,complete
119019,DSP Aggressive Hybrid Fund - Direct Plan - Growth,Hybrid,2018-03-31,2013-03-31,2013-04-01,2018-03-31,2023-03-31,2023-03-31,17.2109,10.8724,complete
119019,DSP Aggressive Hybrid Fund - Direct Plan - Growth,Hybrid,2019-03-31,2014-03-31,2014-03-31,2019-04-01,2024-03-31,2024-03-31,16.299,15.0893,complete
119019,DSP Aggressive Hybrid Fund - Direct Plan - Growth,Hybrid,2020-03-31,2015-03-31,2015-03-31,2020-03-31,2025-03-31,2025-03-31,5.4911,21.9124,complete
119019,DSP Aggressive Hybrid Fund - Direct Plan - Growth,Hybrid,2021-03-31,2016-03-31,2016-03-31,2021-03-31,2026-03-31,2026-03-31,14.9132,10.9776,complete
119028,DSP Natural Resources and New Energy Fund - Direct Plan - Growth,Other,2018-03-31,2013-03-31,2013-04-02,2018-03-28,2023-03-31,2023-03-31,24.3644,11.8102,complete
119028,DSP Natural Resources and New Energy Fund - Direct Plan - Growth,Other,2019-03-31,2014-03-31,2014-03-31,2019-04-01,2024-03-31,2024-03-31,20.2133,20.9934,complete
119028,DSP Natural Resources and New Energy Fund - Direct Plan - Growth,Other,2020-03-31,2015-03-31,2015-03-31,2020-03-31,2025-03-31,2025-03-31,3.9623,33.2049,complete
119028,DSP Natural Resources and New Energy Fund - Direct Plan - Growth,Other,2021-03-31,2016-03-31,2016-03-31,2021-03-31,2026-03-31,2026-03-31,18.696,21.0876,complete
119053,Tata Aggressive Hybrid Fund -Direct Plan- Growth Option,Hybrid,2018-03-31,2013-03-31,2013-04-01,2018-04-02,2023-03-31,2023-03-31,17.4459,10.3613,complete
119053,Tata Aggressive Hybrid Fund -Direct Plan- Growth Option,Hybrid,2019-03-31,2014-03-31,2014-03-31,2019-04-01,2024-03-31,2024-03-31,14.7275,14.1543,complete
119053,Tata Aggressive Hybrid Fund -Direct Plan- Growth Option,Hybrid,2020-03-31,2015-03-31,2015-03-31,2020-03-31,2025-03-31,2025-03-31,1.088,20.3723,complete
119053,Tata Aggressive Hybrid Fund -Direct Plan- Growth Option,Hybrid,2021-03-31,2016-03-31,2016-03-31,2021-03-31,2026-03-31,2026-03-31,10.9427,9.9396,complete
119060,HDFC ELSS Tax saver - Growth Option - Direct Plan,Equity,2018-03-31,2013-03-31,2013-04-01,2018-04-02,2023-03-31,2023-03-31,18.0253,10.3344,complete
119060,HDFC ELSS Tax saver - Growth Option - Direct Plan,Equity,2019-03-31,2014-03-31,2014-03-31,2019-04-01,2024-03-31,2024-03-31,14.6903,17.5708,complete
119060,HDFC ELSS Tax saver - Growth Option - Direct Plan,Equity,2020-03-31,2015-03-31,2015-03-31,2020-03-31,2025-03-31,2025-03-31,-1.5962,30.5021,complete
119060,HDFC ELSS Tax saver - Growth Option - Direct Plan,Equity,2021-03-31,2016-03-31,2016-03-31,2021-03-31,2026-03-31,2026-03-31,11.2648,17.1963,complete
119062,HDFC Hybrid Equity Fund - Growth Option - Direct Plan,Equity,2018-03-31,2013-03-31,2013-04-01,2018-04-02,2023-03-31,2023-03-31,15.6862,10.8586,complete
119062,HDFC Hybrid Equity Fund - Growth Option - Direct Plan,Equity,2019-03-31,2014-03-31,2014-03-31,2019-04-01,2024-03-31,2024-03-31,13.0514,14.536,complete
119062,HDFC Hybrid Equity Fund - Growth Option - Direct Plan,Equity,2020-03-31,2015-03-31,2015-03-31,2020-03-31,2025-03-31,2025-03-31,0.4352,22.1041,complete
119062,HDFC Hybrid Equity Fund - Growth Option - Direct Plan,Equity,2021-03-31,2016-03-31,2016-03-31,2021-03-31,2026-03-31,2026-03-31,12.9316,10.183,complete
119069,HDFC Income Fund - Growth Option - Direct Plan,Debt,2018-03-31,2013-03-31,2013-04-02,2018-03-28,2023-03-31,2023-03-31,8.1817,5.9465,complete
119069,HDFC Income Fund - Growth Option - Direct Plan,Debt,2019-03-31,2014-03-31,2014-03-31,2019-03-29,2024-03-31,2024-03-31,8.721,6.5574,complete
119069,HDFC Income Fund - Growth Option - Direct Plan,Debt,2020-03-31,2015-03-31,2015-03-31,2020-03-31,2025-03-31,2025-03-31,7.3028,6.3898,complete
119069,HDFC Income Fund - Growth Option - Direct Plan,Debt,2021-03-31,2016-03-31,2016-03-31,2021-03-31,2026-03-31,2026-03-31,7.2342,5.6003,complete
119071,DSP Midcap Fund - Direct Plan - Growth,Other,2018-03-31,2013-03-31,2013-04-01,2018-04-02,2023-03-31,2023-03-31,26.7982,9.2543,complete
119071,DSP Midcap Fund - Direct Plan - Growth,Other,2019-03-31,2014-03-31,2014-03-31,2019-04-01,2024-03-31,2024-03-31,21.1583,17.3398,complete
119071,DSP Midcap Fund - Direct Plan - Growth,Other,2020-03-31,2015-03-31,2015-03-31,2020-03-31,2025-03-31,2025-03-31,5.1825,25.245,complete
119071,DSP Midcap Fund - Direct Plan - Growth,Other,2021-03-31,2016-03-31,2016-03-31,2021-03-31,2026-03-31,2026-03-31,17.6841,12.8394,complete
119075,HDFC Dynamic Debt Fund - Growth Option - Direct Plan,Debt,2018-03-31,2013-03-31,2013-04-02,2018-03-28,2023-03-31,2023-03-31,9.359,5.9592,complete
119075,HDFC Dynamic Debt Fund - Growth Option - Direct Plan,Debt,2019-03-31,2014-03-31,2014-03-31,2019-03-29,2024-03-31,2024-03-31,8.6882,7.1068,complete
119075,HDFC Dynamic Debt Fund - Growth Option - Direct Plan,Debt,2020-03-31,2015-03-31,2015-03-31,2020-03-31,2025-03-31,2025-03-31,6.468,7.7023,complete
119075,HDFC Dynamic Debt Fund - Growth Option - Direct Plan,Debt,2021-03-31,2016-03-31,2016-03-31,2021-03-31,2026-03-31,2026-03-31,6.5374,6.6722,complete
119076,DSP Flexi Cap Fund - Direct Plan - Growth,Equity,2018-03-31,2013-03-31,2013-04-01,2018-04-02,2023-03-31,2023-03-31,18.9725,12.0331,complete
119076,DSP Flexi Cap Fund - Direct Plan - Growth,Equity,2019-03-31,2014-03-31,2014-03-31,2019-04-01,2024-03-31,2024-03-31,16.676,17.8649,complete
119076,DSP Flexi Cap Fund - Direct Plan - Growth,Equity,2020-03-31,2015-03-31,2015-03-31,2020-03-31,2025-03-31,2025-03-31,3.6274,25.5947,complete
119076,DSP Flexi Cap Fund - Direct Plan - Growth,Equity,2021-03-31,2016-03-31,2016-03-31,2021-03-31,2026-03-31,2026-03-31,17.4088,11.6489,complete
119081,HDFC Medium Term Debt Fund - Growth Option - Direct Plan,Debt,2018-03-31,2013-03-31,2013-04-02,2018-03-28,2023-03-31,2023-03-31,8.9714,7.311,complete
119081,HDFC Medium Term Debt Fund - Growth Option - Direct Plan,Debt,2019-03-31,2014-03-31,2014-03-31,2019-03-29,2024-03-31,2024-03-31,8.8484,7.4874,complete
119081,HDFC Medium Term Debt Fund - Growth Option - Direct Plan,Debt,2020-03-31,2015-03-31,2015-03-31,2020-03-31,2025-03-31,2025-03-31,8.5878,7.2344,complete
119081,HDFC Medium Term Debt Fund - Growth Option - Direct Plan,Debt,2021-03-31,2016-03-31,2016-03-31,2021-03-31,2026-03-31,2026-03-31,8.6807,6.8226,complete
119082,DSP Credit Risk Fund - Direct Plan - Growth,Debt,2018-03-31,2013-03-31,2013-04-02,2018-03-28,2023-03-31,2023-03-31,9.6577,4.568,complete
119082,DSP Credit Risk Fund - Direct Plan - Growth,Debt,2019-03-31,2014-03-31,2014-04-02,2019-03-31,2024-03-31,2024-03-31,7.4975,8.0648,complete
119082,DSP Credit Risk Fund - Direct Plan - Growth,Debt,2020-03-31,2015-03-31,2015-03-31,2020-03-31,2025-03-31,2025-03-31,6.1602,11.4638,complete
119082,DSP Credit Risk Fund - Direct Plan - Growth,Debt,2021-03-31,2016-03-31,2016-03-31,2021-03-31,2026-03-31,2026-03-31,5.0841,11.6717,complete
119091,HDFC Liquid Fund - Growth Option - Direct Plan,Liquid/Money Market,2018-03-31,2013-03-31,2013-04-01,2018-03-31,2023-03-31,2023-03-31,171.8308,5.256,complete
119091,HDFC Liquid Fund - Growth Option - Direct Plan,Liquid/Money Market,2019-03-31,2014-03-31,2014-03-31,2019-03-31,2024-03-31,2024-03-31,170.6819,5.2167,complete
119091,HDFC Liquid Fund - Growth Option - Direct Plan,Liquid/Money Market,2020-03-31,2015-03-31,2015-03-31,2020-03-31,2025-03-31,2025-03-31,169.1295,5.4499,complete
119091,HDFC Liquid Fund - Growth Option - Direct Plan,Liquid/Money Market,2021-03-31,2016-03-31,2016-03-31,2021-03-31,2026-03-31,2026-03-31,6.2328,5.9854,complete
119092,HDFC Money Market Fund - Growth Option - Direct Plan,Liquid/Money Market,2018-03-31,2013-03-31,2013-04-01,2018-03-31,2023-03-31,2023-03-31,171.8028,6.3112,complete
119092,HDFC Money Market Fund - Growth Option - Direct Plan,Liquid/Money Market,2019-03-31,2014-03-31,2014-03-31,2019-03-29,2024-03-31,2024-03-31,171.352,6.2122,complete
119092,HDFC Money Market Fund - Growth Option - Direct Plan,Liquid/Money Market,2020-03-31,2015-03-31,2015-03-31,2020-03-31,2025-03-31,2025-03-31,170.2393,6.2614,complete
119092,HDFC Money Market Fund - Growth Option - Direct Plan,Liquid/Money Market,2021-03-31,2016-03-31,2016-03-31,2021-03-31,2026-03-31,2026-03-31,7.1754,6.4064,complete
119096,DSP Focused Fund - Direct Plan - Growth,Other,2018-03-31,2013-03-31,2013-04-01,2018-04-02,2023-03-31,2023-03-31,17.5952,8.5128,complete
119096,DSP Focused Fund - Direct Plan - Growth,Other,2019-03-31,2014-03-31,2014-03-31,2019-04-01,2024-03-31,2024-03-31,16.0822,14.9593,complete
119096,DSP Focused Fund - Direct Plan - Growth,Other,2020-03-31,2015-03-31,2015-03-31,2020-03-31,2025-03-31,2025-03-31,0.5723,25.3949,complete
119096,DSP Focused Fund - Direct Plan - Growth,Other,2021-03-31,2016-03-31,2016-03-31,2021-03-31,2026-03-31,2026-03-31,13.3359,11.5038,complete
119099,DSP Gilt Fund - Direct Plan - Growth,Debt,2018-03-31,2013-03-31,2013-04-02,2018-03-28,2023-03-31,2023-03-31,7.8441,8.377,complete
119099,DSP Gilt Fund - Direct Plan - Growth,Debt,2019-03-31,2014-03-31,2014-04-02,2019-03-31,2024-03-31,2024-03-31,9.7305,8.5475,complete
119099,DSP Gilt Fund - Direct Plan - Growth,Debt,2020-03-31,2015-03-31,2015-03-31,2020-03-31,2025-03-31,2025-03-31,9.4248,7.3991,complete
119099,DSP Gilt Fund - Direct Plan - Growth,Debt,2021-03-31,2016-03-31,2016-03-31,2021-03-31,2026-03-31,2026-03-31,9.8283,5.6366,complete
119106,DSP Savings Fund - Direct Plan - Growth,Other,2018-03-31,2013-03-31,2013-04-02,2018-03-28,2023-03-31,2023-03-31,7.886,5.9029,complete
119106,DSP Savings Fund - Direct Plan - Growth,Other,2019-03-31,2014-03-31,2014-04-02,2019-03-31,2024-03-31,2024-03-31,7.3799,5.8539,complete
119106,DSP Savings Fund - Direct Plan - Growth,Other,2020-03-31,2015-03-31,2015-03-31,2020-03-31,2025-03-31,2025-03-31,7.0877,5.9632,complete
119106,DSP Savings Fund - Direct Plan - Growth,Other,2021-03-31,2016-03-31,2016-03-31,2021-03-31,2026-03-31,2026-03-31,6.7202,6.1448,complete
119110,HDFC Overnight Fund - Growth Option - Direct Plan,Liquid/Money Market,2018-03-31,2013-03-31,2013-04-01,2018-03-31,2023-03-31,2023-03-31,169.2959,4.6233,complete
119110,HDFC Overnight Fund - Growth Option - Direct Plan,Liquid/Money Market,2019-03-31,2014-03-31,2014-03-31,2019-03-31,2024-03-31,2024-03-31,168.1535,4.711,complete
119110,HDFC Overnight Fund - Growth Option - Direct Plan,Liquid/Money Market,2020-03-31,2015-03-31,2015-03-31,2020-03-31,2025-03-31,2025-03-31,166.5661,4.9867,complete
119110,HDFC Overnight Fund - Growth Option - Direct Plan,Liquid/Money Market,2021-03-31,2016-03-31,2016-03-31,2021-03-31,2026-03-31,2026-03-31,5.324,5.4797,complete
119116,HDFC Gilt Fund - Growth Option - Direct Plan,Debt,2018-03-31,2013-03-31,2013-04-02,2018-03-28,2023-03-31,2023-03-31,8.8684,6.2362,complete
119116,HDFC Gilt Fund - Growth Option - Direct Plan,Debt,2019-03-31,2014-03-31,2014-03-31,2019-03-29,2024-03-31,2024-03-31,9.8391,6.5387,complete
119116,HDFC Gilt Fund - Growth Option - Direct Plan,Debt,2020-03-31,2015-03-31,2015-03-31,2020-03-31,2025-03-31,2025-03-31,7.957,6.4644,complete
119116,HDFC Gilt Fund - Growth Option - Direct Plan,Debt,2021-03-31,2016-03-31,2016-03-31,2021-03-31,2026-03-31,2026-03-31,7.8841,5.3601,complete
119118,HDFC Hybrid Debt Fund - Growth Option - Direct Plan,Debt,2018-03-31,2013-03-31,2013-04-02,2018-03-28,2023-03-31,2023-03-31,10.9911,8.4319,complete
119118,HDFC Hybrid Debt Fund - Growth Option - Direct Plan,Debt,2019-03-31,2014-03-31,2014-03-31,2019-03-29,2024-03-31,2024-03-31,10.6102,10.5786,complete
119118,HDFC Hybrid Debt Fund - Growth Option - Direct Plan,Debt,2020-03-31,2015-03-31,2015-03-31,2020-03-31,2025-03-31,2025-03-31,5.6571,13.0946,complete
119118,HDFC Hybrid Debt Fund - Growth Option - Direct Plan,Debt,2021-03-31,2016-03-31,2016-03-31,2021-03-31,2026-03-31,2026-03-31,9.3344,8.9963,complete
119125,DSP Liquidity Fund - Direct Plan - Growth,Liquid/Money Market,2018-03-31,2013-03-31,2013-04-01,2018-03-31,2023-03-31,2023-03-31,8.1617,5.2984,complete
119125,DSP Liquidity Fund - Direct Plan - Growth,Liquid/Money Market,2019-03-31,2014-03-31,2014-04-01,2019-03-31,2024-03-31,2024-03-31,7.8069,5.2389,complete
119125,DSP Liquidity Fund - Direct Plan - Growth,Liquid/Money Market,2020-03-31,2015-03-31,2015-03-31,2020-03-31,2025-03-31,2025-03-31,7.2466,5.4756,complete
119125,DSP Liquidity Fund - Direct Plan - Growth,Liquid/Money Market,2021-03-31,2016-03-31,2016-03-31,2021-03-31,2026-03-31,2026-03-31,6.2999,6.0271,complete
119128,HDFC Equity Savings Fund - Growth Option - Direct Plan,Equity,2018-03-31,2013-03-31,2013-04-02,2018-04-02,2023-03-31,2023-03-31,11.5504,8.8193,complete
119128,HDFC Equity Savings Fund - Growth Option - Direct Plan,Equity,2019-03-31,2014-03-31,2014-03-31,2019-04-01,2024-03-31,2024-03-31,11.007,11.0474,complete
119128,HDFC Equity Savings Fund - Growth Option - Direct Plan,Equity,2020-03-31,2015-03-31,2015-03-31,2020-03-31,2025-03-31,2025-03-31,6.1369,14.9521,complete
119128,HDFC Equity Savings Fund - Growth Option - Direct Plan,Equity,2021-03-31,2016-03-31,2016-03-31,2021-03-31,2026-03-31,2026-03-31,11.4021,9.7356,complete
119131,HDFC Multi-Asset Fund - Growth Option - Direct Plan,Other,2018-03-31,2013-03-31,2013-04-02,2018-03-28,2023-03-31,2023-03-31,10.9118,11.1546,complete
119131,HDFC Multi-Asset Fund - Growth Option - Direct Plan,Other,2019-03-31,2014-03-31,2014-03-31,2019-04-01,2024-03-31,2024-03-31,9.5553,14.9407,complete
119131,HDFC Multi-Asset Fund - Growth Option - Direct Plan,Other,2020-03-31,2015-03-31,2015-03-31,2020-03-31,2025-03-31,2025-03-31,2.7386,21.243,complete
119131,HDFC Multi-Asset Fund - Growth Option - Direct Plan,Other,2021-03-31,2016-03-31,2016-03-31,2021-03-31,2026-03-31,2026-03-31,10.5437,12.9725,complete
119133,Groww Largecap Fund (formerly known as Indiabulls Blue Chip Fund) - Direct Plan - Growth Option,Other,2018-03-31,2013-03-31,2013-04-01,2018-03-31,2023-03-31,2023-03-31,15.7786,9.3495,complete
119133,Groww Largecap Fund (formerly known as Indiabulls Blue Chip Fund) - Direct Plan - Growth Option,Other,2019-03-31,2014-03-31,2014-03-31,2019-04-01,2024-03-31,2024-03-31,14.8241,14.4018,complete
119133,Groww Largecap Fund (formerly known as Indiabulls Blue Chip Fund) - Direct Plan - Growth Option,Other,2020-03-31,2015-03-31,2015-03-31,2020-03-31,2025-03-31,2025-03-31,3.3213,21.1368,complete
119133,Groww Largecap Fund (formerly known as Indiabulls Blue Chip Fund) - Direct Plan - Growth Option,Other,2021-03-31,2016-03-31,2016-03-31,2021-03-31,2026-03-31,2026-03-31,13.8713,10.6463,complete
119135,Groww Liquid Fund ( formerly known as Indiabulls Liquid )Fund - Direct Plan - Growth Option,Liquid/Money Market,2018-03-31,2013-03-31,2013-04-01,2018-03-31,2023-03-31,2023-03-31,8.2755,5.1473,complete
119135,Groww Liquid Fund ( formerly known as Indiabulls Liquid )Fund - Direct Plan - Growth Option,Liquid/Money Market,2019-03-31,2014-03-31,2014-04-01,2019-03-31,2024-03-31,2024-03-31,7.9043,5.0829,complete
119135,Groww Liquid Fund ( formerly known as Indiabulls Liquid )Fund - Direct Plan - Growth Option,Liquid/Money Market,2020-03-31,2015-03-31,2015-03-31,2020-03-31,2025-03-31,2025-03-31,7.3297,5.3226,complete
119135,Groww Liquid Fund ( formerly known as Indiabulls Liquid )Fund - Direct Plan - Growth Option,Liquid/Money Market,2021-03-31,2016-03-31,2016-03-31,2021-03-31,2026-03-31,2026-03-31,6.3166,5.8914,complete
119156,Navi Conservative Hybrid Fund-Direct Plan-Growth Option,Hybrid,2018-03-31,2013-03-31,2013-04-02,2018-03-28,2023-03-31,2023-03-31,9.941,6.5749,complete
119156,Navi Conservative Hybrid Fund-Direct Plan-Growth Option,Hybrid,2019-03-31,2014-03-31,2014-04-02,2019-03-29,2024-03-31,2024-03-31,9.5256,7.4505,complete
119160,Tata Large Cap Fund -Direct Plan Growth Option,Equity,2018-03-31,2013-03-31,2013-04-01,2018-04-02,2023-03-31,2023-03-31,15.7928,11.361,complete
119160,Tata Large Cap Fund -Direct Plan Growth Option,Equity,2019-03-31,2014-03-31,2014-03-31,2019-04-01,2024-03-31,2024-03-31,14.118,16.1686,complete
119160,Tata Large Cap Fund -Direct Plan Growth Option,Equity,2020-03-31,2015-03-31,2015-03-31,2020-03-31,2025-03-31,2025-03-31,1.2509,24.7566,complete
119160,Tata Large Cap Fund -Direct Plan Growth Option,Equity,2021-03-31,2016-03-31,2016-03-31,2021-03-31,2026-03-31,2026-03-31,13.2586,11.6554,complete
119164,Navi Liquid Fund-Direct Plan-Growth Option,Liquid/Money Market,2018-03-31,2013-03-31,2013-04-01,2018-04-02,2023-03-31,2023-03-31,172.0002,-58.1706,complete
119164,Navi Liquid Fund-Direct Plan-Growth Option,Liquid/Money Market,2019-03-31,2014-03-31,2014-04-01,2019-04-01,2024-03-31,2024-03-31,171.0981,-58.1861,complete
119164,Navi Liquid Fund-Direct Plan-Growth Option,Liquid/Money Market,2020-03-31,2015-03-31,2015-03-31,2020-03-31,2025-03-31,2025-03-31,7.2366,-58.0848,complete
119164,Navi Liquid Fund-Direct Plan-Growth Option,Liquid/Money Market,2021-03-31,2016-03-31,2016-03-31,2021-03-31,2026-03-31,2026-03-31,6.1947,-57.8769,complete
119172,Tata Ethical Fund -Direct Plan- Growth Option,Other,2018-03-31,2013-03-31,2013-04-01,2018-04-02,2023-03-31,2023-03-31,18.1041,12.7774,complete
119172,Tata Ethical Fund -Direct Plan- Growth Option,Other,2019-03-31,2014-03-31,2014-03-31,2019-04-01,2024-03-31,2024-03-31,13.2545,18.9023,complete
119172,Tata Ethical Fund -Direct Plan- Growth Option,Other,2020-03-31,2015-03-31,2015-03-31,2020-03-31,2025-03-31,2025-03-31,1.5176,23.4285,complete
119172,Tata Ethical Fund -Direct Plan- Growth Option,Other,2021-03-31,2016-03-31,2016-03-31,2021-03-31,2026-03-31,2026-03-31,13.6308,9.7208,complete
119178,Tata Mid Cap Fund - Direct Plan- Growth Option,Equity,2018-03-31,2013-03-31,2013-04-01,2018-04-02,2023-03-31,2023-03-31,26.2846,13.4922,complete
119178,Tata Mid Cap Fund - Direct Plan- Growth Option,Equity,2019-03-31,2014-03-31,2014-03-31,2019-04-01,2024-03-31,2024-03-31,21.1709,22.5014,complete
119178,Tata Mid Cap Fund - Direct Plan- Growth Option,Equity,2020-03-31,2015-03-31,2015-03-31,2020-03-31,2025-03-31,2025-03-31,1.9038,30.8755,complete
119178,Tata Mid Cap Fund - Direct Plan- Growth Option,Equity,2021-03-31,2016-03-31,2016-03-31,2021-03-31,2026-03-31,2026-03-31,16.8556,16.5603,complete
119202,Tata Large & MId Cap Fund -Direct Plan- Growth Option,Equity,2018-03-31,2013-03-31,2013-04-01,2018-04-02,2023-03-31,2023-03-31,18.9163,13.7966,complete
119202,Tata Large & MId Cap Fund -Direct Plan- Growth Option,Equity,2019-03-31,2014-03-31,2014-03-31,2019-04-01,2024-03-31,2024-03-31,16.2546,19.0254,complete
119202,Tata Large & MId Cap Fund -Direct Plan- Growth Option,Equity,2020-03-31,2015-03-31,2015-03-31,2020-03-31,2025-03-31,2025-03-31,2.4683,26.2685,complete
119202,Tata Large & MId Cap Fund -Direct Plan- Growth Option,Equity,2021-03-31,2016-03-31,2016-03-31,2021-03-31,2026-03-31,2026-03-31,15.5389,10.2624,complete
119205,DSP Ultra Short Fund - Direct Plan - Growth,Liquid/Money Market,2018-03-31,2013-03-31,2013-04-02,2018-03-28,2023-03-31,2023-03-31,8.4657,5.5219,complete
119205,DSP Ultra Short Fund - Direct Plan - Growth,Liquid/Money Market,2019-03-31,2014-03-31,2014-04-02,2019-03-31,2024-03-31,2024-03-31,7.6875,5.8326,complete
119205,DSP Ultra Short Fund - Direct Plan - Growth,Liquid/Money Market,2020-03-31,2015-03-31,2015-03-31,2020-03-31,2025-03-31,2025-03-31,7.3286,5.9464,complete
119205,DSP Ultra Short Fund - Direct Plan - Growth,Liquid/Money Market,2021-03-31,2016-03-31,2016-03-31,2021-03-31,2026-03-31,2026-03-31,6.6476,6.299,complete
119212,DSP Small Cap Fund - Direct Plan - Growth,Equity,2018-03-31,2013-03-31,2013-04-01,2018-04-02,2023-03-31,2023-03-31,34.2344,12.1354,complete
119212,DSP Small Cap Fund - Direct Plan - Growth,Equity,2019-03-31,2014-03-31,2014-03-31,2019-04-01,2024-03-31,2024-03-31,23.6917,23.7649,complete
119212,DSP Small Cap Fund - Direct Plan - Growth,Equity,2020-03-31,2015-03-31,2015-03-31,2020-03-31,2025-03-31,2025-03-31,0.3552,35.4594,complete
119212,DSP Small Cap Fund - Direct Plan - Growth,Equity,2021-03-31,2016-03-31,2016-03-31,2021-03-31,2026-03-31,2026-03-31,14.8715,18.2674,complete
119218,DSP Large & Mid Cap Fund - Direct Plan - Growth,Equity,2018-03-31,2013-03-31,2013-04-01,2018-04-02,2023-03-31,2023-03-31,21.2839,11.6152,complete
119218,DSP Large & Mid Cap Fund - Direct Plan - Growth,Equity,2019-03-31,2014-03-31,2014-03-31,2019-04-01,2024-03-31,2024-03-31,18.1751,18.6586,complete
119218,DSP Large & Mid Cap Fund - Direct Plan - Growth,Equity,2020-03-31,2015-03-31,2015-03-31,2020-03-31,2025-03-31,2025-03-31,3.4286,29.3547,complete
119218,DSP Large & Mid Cap Fund - Direct Plan - Growth,Equity,2021-03-31,2016-03-31,2016-03-31,2021-03-31,2026-03-31,2026-03-31,16.3772,14.7931,complete
119226,DSP Short Term Fund - Direct Plan - Growth,Other,2018-03-31,2013-03-31,2013-04-02,2018-03-28,2023-03-31,2023-03-31,8.8881,6.6957,complete
119226,DSP Short Term Fund - Direct Plan - Growth,Other,2019-03-31,2014-03-31,2014-04-02,2019-03-31,2024-03-31,2024-03-31,8.6487,6.7358,complete
119226,DSP Short Term Fund - Direct Plan - Growth,Other,2020-03-31,2015-03-31,2015-03-31,2020-03-31,2025-03-31,2025-03-31,8.2826,6.587,complete
119226,DSP Short Term Fund - Direct Plan - Growth,Other,2021-03-31,2016-03-31,2016-03-31,2021-03-31,2026-03-31,2026-03-31,8.1622,6.15,complete
119231,Tata Value Fund -Direct Plan Growth Option,Other,2018-03-31,2013-03-31,2013-04-01,2018-04-02,2023-03-31,2023-03-31,25.044,9.8207,complete
119231,Tata Value Fund -Direct Plan Growth Option,Other,2019-03-31,2014-03-31,2014-03-31,2019-04-01,2024-03-31,2024-03-31,20.4504,18.7056,complete
119231,Tata Value Fund -Direct Plan Growth Option,Other,2020-03-31,2015-03-31,2015-03-31,2020-03-31,2025-03-31,2025-03-31,2.7884,28.0933,complete
119231,Tata Value Fund -Direct Plan Growth Option,Other,2021-03-31,2016-03-31,2016-03-31,2021-03-31,2026-03-31,2026-03-31,16.1919,15.2362,complete
119239,DSP Strategic Bond Fund - Direct Plan - Growth,Debt,2018-03-31,2013-03-31,2013-04-02,2018-03-28,2023-03-31,2023-03-31,8.5376,7.2287,complete
119239,DSP Strategic Bond Fund - Direct Plan - Growth,Debt,2019-03-31,2014-03-31,2014-04-02,2019-03-31,2024-03-31,2024-03-31,8.9942,7.6972,complete
119239,DSP Strategic Bond Fund - Direct Plan - Growth,Debt,2020-03-31,2015-03-31,2015-03-31,2020-03-31,2025-03-31,2025-03-31,8.3069,7.182,complete
119239,DSP Strategic Bond Fund - Direct Plan - Growth,Debt,2021-03-31,2016-03-31,2016-03-31,2021-03-31,2026-03-31,2026-03-31,8.4604,5.6767,complete
119242,DSP ELSS Tax Saver Fund - Direct Plan - Growth,Equity,2018-03-31,2013-03-31,2013-04-01,2018-04-02,2023-03-31,2023-03-31,21.5788,13.331,complete
119242,DSP ELSS Tax Saver Fund - Direct Plan - Growth,Equity,2019-03-31,2014-03-31,2014-03-31,2019-04-01,2024-03-31,2024-03-31,18.7261,19.4962,complete
119242,DSP ELSS Tax Saver Fund - Direct Plan - Growth,Equity,2020-03-31,2015-03-31,2015-03-31,2020-03-31,2025-03-31,2025-03-31,3.6858,30.1441,complete
119242,DSP ELSS Tax Saver Fund - Direct Plan - Growth,Equity,2021-03-31,2016-03-31,2016-03-31,2021-03-31,2026-03-31,2026-03-31,17.0236,14.8445,complete
119243,Tata Infrastructure Fund -Direct Plan -Growth Option,Other,2018-03-31,2013-03-31,2013-04-01,2018-04-02,2023-03-31,2023-03-31,17.29,12.8287,complete
119243,Tata Infrastructure Fund -Direct Plan -Growth Option,Other,2019-03-31,2014-03-31,2014-03-31,2019-04-01,2024-03-31,2024-03-31,14.7011,25.2822,complete
119243,Tata Infrastructure Fund -Direct Plan -Growth Option,Other,2020-03-31,2015-03-31,2015-03-31,2020-03-31,2025-03-31,2025-03-31,-1.6245,32.7028,complete
119243,Tata Infrastructure Fund -Direct Plan -Growth Option,Other,2021-03-31,2016-03-31,2016-03-31,2021-03-31,2026-03-31,2026-03-31,13.1109,16.8674,complete
119247,DSP India T.I.G.E.R. Fund - Direct Plan - Growth,Other,2018-03-31,2013-03-31,2013-04-01,2018-04-02,2023-03-31,2023-03-31,19.4511,11.856,complete
119247,DSP India T.I.G.E.R. Fund - Direct Plan - Growth,Other,2019-03-31,2014-03-31,2014-03-31,2019-04-01,2024-03-31,2024-03-31,15.9345,24.4064,complete
119247,DSP India T.I.G.E.R. Fund - Direct Plan - Growth,Other,2020-03-31,2015-03-31,2015-03-31,2020-03-31,2025-03-31,2025-03-31,-2.5842,37.3336,complete
119247,DSP India T.I.G.E.R. Fund - Direct Plan - Growth,Other,2021-03-31,2016-03-31,2016-03-31,2021-03-31,2026-03-31,2026-03-31,12.2997,22.991,complete
119250,DSP Large Cap Fund - Direct Plan - Growth,Equity,2018-03-31,2013-03-31,2013-04-01,2018-04-02,2023-03-31,2023-03-31,14.5301,8.6289,complete
119250,DSP Large Cap Fund - Direct Plan - Growth,Equity,2019-03-31,2014-03-31,2014-03-31,2019-04-01,2024-03-31,2024-03-31,12.6294,14.3838,complete
119250,DSP Large Cap Fund - Direct Plan - Growth,Equity,2020-03-31,2015-03-31,2015-03-31,2020-03-31,2025-03-31,2025-03-31,-0.1918,24.6872,complete
119250,DSP Large Cap Fund - Direct Plan - Growth,Equity,2021-03-31,2016-03-31,2016-03-31,2021-03-31,2026-03-31,2026-03-31,12.3674,11.7407,complete
119251,Tata Retirement Savings Fund- Progressive Plan -Direct Plan-Growth Option,Other,2018-03-31,2013-03-31,2013-04-01,2018-04-02,2023-03-31,2023-03-31,21.9662,9.2117,complete
119251,Tata Retirement Savings Fund- Progressive Plan -Direct Plan-Growth Option,Other,2019-03-31,2014-03-31,2014-03-31,2019-04-01,2024-03-31,2024-03-31,19.7695,15.3406,complete
119251,Tata Retirement Savings Fund- Progressive Plan -Direct Plan-Growth Option,Other,2020-03-31,2015-03-31,2015-03-31,2020-03-31,2025-03-31,2025-03-31,5.9203,21.9709,complete
119251,Tata Retirement Savings Fund- Progressive Plan -Direct Plan-Growth Option,Other,2021-03-31,2016-03-31,2016-03-31,2021-03-31,2026-03-31,2026-03-31,16.9327,10.6166,complete
119252,DSP US Specific Equity Omni FoF - Direct Plan - Growth,Equity,2018-03-31,2013-03-31,2013-04-02,2018-03-28,2023-03-31,2023-03-31,14.8079,15.0278,complete
119252,DSP US Specific Equity Omni FoF - Direct Plan - Growth,Equity,2019-03-31,2014-03-31,2014-04-02,2019-03-29,2024-03-31,2024-03-31,10.8007,18.105,complete
119252,DSP US Specific Equity Omni FoF - Direct Plan - Growth,Equity,2020-03-31,2015-03-31,2015-03-31,2020-03-31,2025-03-31,2025-03-31,7.7099,18.6391,complete
119252,DSP US Specific Equity Omni FoF - Direct Plan - Growth,Equity,2021-03-31,2016-03-31,2016-03-31,2021-03-31,2026-03-31,2026-03-31,17.922,16.2828,complete
119255,Tata Retirement Savings Fund- Moderate Plan -Direct Plan-Growth Option,Other,2018-03-31,2013-03-31,2013-04-01,2018-04-02,2023-03-31,2023-03-31,22.2338,9.1056,complete
119255,Tata Retirement Savings Fund- Moderate Plan -Direct Plan-Growth Option,Other,2019-03-31,2014-03-31,2014-03-31,2019-04-01,2024-03-31,2024-03-31,20.0025,14.1066,complete
119255,Tata Retirement Savings Fund- Moderate Plan -Direct Plan-Growth Option,Other,2020-03-31,2015-03-31,2015-03-31,2020-03-31,2025-03-31,2025-03-31,5.6879,20.2613,complete
119255,Tata Retirement Savings Fund- Moderate Plan -Direct Plan-Growth Option,Other,2021-03-31,2016-03-31,2016-03-31,2021-03-31,2026-03-31,2026-03-31,15.0573,10.4715,complete
119256,Tata Retirement Savings Fund- Conservative Plan-Direct Plan-Growth Option,Hybrid,2018-03-31,2013-03-31,2013-04-02,2018-03-28,2023-03-31,2023-03-31,12.754,7.0944,complete
119256,Tata Retirement Savings Fund- Conservative Plan-Direct Plan-Growth Option,Hybrid,2019-03-31,2014-03-31,2014-04-02,2019-03-29,2024-03-31,2024-03-31,11.9743,8.8032,complete
119256,Tata Retirement Savings Fund- Conservative Plan-Direct Plan-Growth Option,Hybrid,2020-03-31,2015-03-31,2015-03-31,2020-03-31,2025-03-31,2025-03-31,7.5731,10.2168,complete
119256,Tata Retirement Savings Fund- Conservative Plan-Direct Plan-Growth Option,Hybrid,2021-03-31,2016-03-31,2016-03-31,2021-03-31,2026-03-31,2026-03-31,10.574,6.6921,complete
119271,DSP World Agriculture Fund - Direct Plan - Growth,Other,2018-03-31,2013-03-31,2013-04-02,2018-03-28,2023-03-31,2023-03-31,4.7217,5.4727,complete
119271,DSP World Agriculture Fund - Direct Plan - Growth,Other,2019-03-31,2014-03-31,2014-04-02,2019-03-29,2024-03-31,2024-03-31,2.4703,3.2492,complete
119275,DSP Global Clean Energy Overseas Equity Omni FoF Direct Plan - Growth,Equity,2018-03-31,2013-03-31,2013-04-02,2018-03-28,2023-03-31,2023-03-31,1.3919,7.8279,complete
119275,DSP Global Clean Energy Overseas Equity Omni FoF Direct Plan - Growth,Equity,2019-03-31,2014-03-31,2014-04-02,2019-03-29,2024-03-31,2024-03-31,-1.516,7.2846,complete
119275,DSP Global Clean Energy Overseas Equity Omni FoF Direct Plan - Growth,Equity,2020-03-31,2015-03-31,2015-03-31,2020-03-31,2025-03-31,2025-03-31,-5.7858,10.9121,complete
119275,DSP Global Clean Energy Overseas Equity Omni FoF Direct Plan - Growth,Equity,2021-03-31,2016-03-31,2016-03-31,2021-03-31,2026-03-31,2026-03-31,6.5482,12.3119,complete
119277,DSP World Gold Mining Overseas Equity Omni FoF - Direct Plan - Growth,Equity,2018-03-31,2013-03-31,2013-04-02,2018-03-28,2023-03-31,2023-03-31,-4.9078,11.1014,complete
119277,DSP World Gold Mining Overseas Equity Omni FoF - Direct Plan - Growth,Equity,2019-03-31,2014-03-31,2014-04-02,2019-03-29,2024-03-31,2024-03-31,0.8586,9.2797,complete
119277,DSP World Gold Mining Overseas Equity Omni FoF - Direct Plan - Growth,Equity,2020-03-31,2015-03-31,2015-03-31,2020-03-31,2025-03-31,2025-03-31,6.1336,16.5163,complete
119277,DSP World Gold Mining Overseas Equity Omni FoF - Direct Plan - Growth,Equity,2021-03-31,2016-03-31,2016-03-31,2021-03-31,2026-03-31,2026-03-31,9.1498,28.4881,complete
119279,DSP World Mining Overseas Equity Omni FoF - Direct Plan - Growth,Equity,2018-03-31,2013-03-31,2013-04-02,2018-03-28,2023-03-31,2023-03-31,-1.4567,16.6423,complete
119279,DSP World Mining Overseas Equity Omni FoF - Direct Plan - Growth,Equity,2019-03-31,2014-03-31,2014-04-02,2019-03-29,2024-03-31,2024-03-31,-0.1364,13.8741,complete
119279,DSP World Mining Overseas Equity Omni FoF - Direct Plan - Growth,Equity,2020-03-31,2015-03-31,2015-03-31,2020-03-31,2025-03-31,2025-03-31,1.3548,19.0495,complete
119279,DSP World Mining Overseas Equity Omni FoF - Direct Plan - Growth,Equity,2021-03-31,2016-03-31,2016-03-31,2021-03-31,2026-03-31,2026-03-31,20.358,18.8088,complete
119292,Union Flexi Cap Fund - Direct Plan - Growth Option,Equity,2018-03-31,2013-03-31,2013-04-01,2018-04-02,2023-03-31,2023-03-31,12.7436,12.7964,complete
119292,Union Flexi Cap Fund - Direct Plan - Growth Option,Equity,2019-03-31,2014-03-31,2014-03-31,2019-04-01,2024-03-31,2024-03-31,10.6227,19.3599,complete
119292,Union Flexi Cap Fund - Direct Plan - Growth Option,Equity,2020-03-31,2015-03-31,2015-03-31,2020-03-31,2025-03-31,2025-03-31,-0.3515,26.1597,complete
119292,Union Flexi Cap Fund - Direct Plan - Growth Option,Equity,2021-03-31,2016-03-31,2016-03-31,2021-03-31,2026-03-31,2026-03-31,14.52,12.2126,complete
119303,Union Liquid Fund - Direct Plan - Growth Option,Liquid/Money Market,2018-03-31,2013-03-31,2013-04-01,2018-03-31,2023-03-31,2023-03-31,8.1007,4.5745,complete
119303,Union Liquid Fund - Direct Plan - Growth Option,Liquid/Money Market,2019-03-31,2014-03-31,2014-03-31,2019-03-31,2024-03-31,2024-03-31,6.9413,5.296,complete
119303,Union Liquid Fund - Direct Plan - Growth Option,Liquid/Money Market,2020-03-31,2015-03-31,2015-03-31,2020-03-31,2025-03-31,2025-03-31,6.3941,5.5295,complete
119303,Union Liquid Fund - Direct Plan - Growth Option,Liquid/Money Market,2021-03-31,2016-03-31,2016-03-31,2021-03-31,2026-03-31,2026-03-31,5.5078,6.0441,complete
119307,Union ELSS Tax Saver Fund - Direct Plan - Growth Option,Equity,2018-03-31,2013-03-31,2013-04-01,2018-04-02,2023-03-31,2023-03-31,13.3991,12.8115,complete
119307,Union ELSS Tax Saver Fund - Direct Plan - Growth Option,Equity,2019-03-31,2014-03-31,2014-03-31,2019-04-01,2024-03-31,2024-03-31,10.9956,19.188,complete
119307,Union ELSS Tax Saver Fund - Direct Plan - Growth Option,Equity,2020-03-31,2015-03-31,2015-03-31,2020-03-31,2025-03-31,2025-03-31,-0.9594,26.3024,complete
119307,Union ELSS Tax Saver Fund - Direct Plan - Growth Option,Equity,2021-03-31,2016-03-31,2016-03-31,2021-03-31,2026-03-31,2026-03-31,13.1623,12.5489,complete
119311,Union Dynamic Bond Fund - Direct Plan - Growth Option,Debt,2018-03-31,2013-03-31,2013-04-02,2018-03-28,2023-03-31,2023-03-31,7.2056,5.8389,complete
119311,Union Dynamic Bond Fund - Direct Plan - Growth Option,Debt,2019-03-31,2014-03-31,2014-04-02,2019-03-29,2024-03-31,2024-03-31,7.7517,6.2844,complete
119311,Union Dynamic Bond Fund - Direct Plan - Growth Option,Debt,2020-03-31,2015-03-31,2015-03-31,2020-03-31,2025-03-31,2025-03-31,7.1778,5.6744,complete
119311,Union Dynamic Bond Fund - Direct Plan - Growth Option,Debt,2021-03-31,2016-03-31,2016-03-31,2021-03-31,2026-03-31,2026-03-31,7.268,4.1149,complete
119312,Tata Childrens Fund-Direct Plan-Growth Option,Other,2018-03-31,2013-03-31,2013-04-01,2018-04-02,2023-03-31,2023-03-31,13.7256,10.3246,complete
119312,Tata Childrens Fund-Direct Plan-Growth Option,Other,2019-03-31,2014-03-31,2014-03-31,2019-04-01,2024-03-31,2024-03-31,11.1826,17.0062,complete
119312,Tata Childrens Fund-Direct Plan-Growth Option,Other,2020-03-31,2015-03-31,2015-03-31,2020-03-31,2025-03-31,2025-03-31,-0.1482,24.1734,complete
119312,Tata Childrens Fund-Direct Plan-Growth Option,Other,2021-03-31,2016-03-31,2016-03-31,2021-03-31,2026-03-31,2026-03-31,11.468,9.0829,complete
119333,Baroda BNP Paribas Banking and Financial Services Fund - Direct - Growth Option,Other,2018-03-31,2013-03-31,2013-04-01,2018-04-02,2023-03-31,2023-03-31,14.2594,9.063,complete
119333,Baroda BNP Paribas Banking and Financial Services Fund - Direct - Growth Option,Other,2019-03-31,2014-03-31,2014-03-31,2019-04-01,2024-03-31,2024-03-31,16.527,11.615,complete
119333,Baroda BNP Paribas Banking and Financial Services Fund - Direct - Growth Option,Other,2020-03-31,2015-03-31,2015-03-31,2020-03-31,2025-03-31,2025-03-31,1.7516,22.7861,complete
119333,Baroda BNP Paribas Banking and Financial Services Fund - Direct - Growth Option,Other,2021-03-31,2016-03-31,2016-03-31,2021-03-31,2026-03-31,2026-03-31,15.423,10.6875,complete
119341,Baroda BNP Paribas GILT FUND - Direct Plan - Growth Option,Debt,2018-03-31,2013-03-31,2013-04-02,2018-03-28,2023-03-31,2023-03-31,8.9073,6.54,complete
119341,Baroda BNP Paribas GILT FUND - Direct Plan - Growth Option,Debt,2019-03-31,2014-03-31,2014-03-31,2019-03-29,2024-03-31,2024-03-31,9.2194,6.8997,complete
119341,Baroda BNP Paribas GILT FUND - Direct Plan - Growth Option,Debt,2020-03-31,2015-03-31,2015-03-31,2020-03-31,2025-03-31,2025-03-31,8.1293,6.5378,complete
119341,Baroda BNP Paribas GILT FUND - Direct Plan - Growth Option,Debt,2021-03-31,2016-03-31,2016-03-31,2021-03-31,2026-03-31,2026-03-31,7.8713,5.6024,complete
119350,BANK OF INDIA Large & Mid Cap Fund Direct Plan-Growth,Equity,2018-03-31,2013-03-31,2013-04-01,2018-04-02,2023-03-31,2023-03-31,17.8502,9.3168,complete
119350,BANK OF INDIA Large & Mid Cap Fund Direct Plan-Growth,Equity,2019-03-31,2014-03-31,2014-03-31,2019-04-01,2024-03-31,2024-03-31,11.4449,19.7494,complete
119350,BANK OF INDIA Large & Mid Cap Fund Direct Plan-Growth,Equity,2020-03-31,2015-03-31,2015-03-31,2020-03-31,2025-03-31,2025-03-31,0.3413,25.4979,complete
119350,BANK OF INDIA Large & Mid Cap Fund Direct Plan-Growth,Equity,2021-03-31,2016-03-31,2016-03-31,2021-03-31,2026-03-31,2026-03-31,12.5872,14.6176,complete
119351,BANK OF INDIA ELSS Tax Saver -Direct Plan- Growth,Equity,2018-03-31,2013-03-31,2013-04-01,2018-04-02,2023-03-31,2023-03-31,22.1427,13.001,complete
119351,BANK OF INDIA ELSS Tax Saver -Direct Plan- Growth,Equity,2019-03-31,2014-03-31,2014-03-31,2019-04-01,2024-03-31,2024-03-31,14.8801,25.74,complete
119351,BANK OF INDIA ELSS Tax Saver -Direct Plan- Growth,Equity,2020-03-31,2015-03-31,2015-03-31,2020-03-31,2025-03-31,2025-03-31,4.42,28.5824,complete
119351,BANK OF INDIA ELSS Tax Saver -Direct Plan- Growth,Equity,2021-03-31,2016-03-31,2016-03-31,2021-03-31,2026-03-31,2026-03-31,19.0879,14.4783,complete
119354,Baroda BNP Paribas MULTI CAP FUND - Direct Plan - Growth Option,Equity,2018-03-31,2013-03-31,2013-04-01,2018-04-02,2023-03-31,2023-03-31,16.5523,12.2939,complete
119354,Baroda BNP Paribas MULTI CAP FUND - Direct Plan - Growth Option,Equity,2019-03-31,2014-03-31,2014-03-31,2019-04-01,2024-03-31,2024-03-31,13.102,20.8232,complete
119354,Baroda BNP Paribas MULTI CAP FUND - Direct Plan - Growth Option,Equity,2020-03-31,2015-03-31,2015-03-31,2020-03-31,2025-03-31,2025-03-31,0.3436,29.0207,complete
119354,Baroda BNP Paribas MULTI CAP FUND - Direct Plan - Growth Option,Equity,2021-03-31,2016-03-31,2016-03-31,2021-03-31,2026-03-31,2026-03-31,13.7258,15.3923,complete
119364,BANK OF INDIA Manufacturing & Infrastructure Fund-Direct Plan-Growth,Other,2018-03-31,2013-03-31,2013-04-01,2018-04-02,2023-03-31,2023-03-31,21.9375,11.315,complete
119364,BANK OF INDIA Manufacturing & Infrastructure Fund-Direct Plan-Growth,Other,2019-03-31,2014-03-31,2014-03-31,2019-04-01,2024-03-31,2024-03-31,14.5941,26.5069,complete
119364,BANK OF INDIA Manufacturing & Infrastructure Fund-Direct Plan-Growth,Other,2020-03-31,2015-03-31,2015-03-31,2020-03-31,2025-03-31,2025-03-31,0.9504,34.7816,complete
119364,BANK OF INDIA Manufacturing & Infrastructure Fund-Direct Plan-Growth,Other,2021-03-31,2016-03-31,2016-03-31,2021-03-31,2026-03-31,2026-03-31,16.5293,21.546,complete
119369,BANK OF INDIA Liquid Fund- Direct Plan- Growth,Liquid/Money Market,2018-03-31,2013-03-31,2013-04-01,2018-03-31,2023-03-31,2023-03-31,8.2119,5.2791,complete
119369,BANK OF INDIA Liquid Fund- Direct Plan- Growth,Liquid/Money Market,2019-03-31,2014-03-31,2014-04-01,2019-03-31,2024-03-31,2024-03-31,7.8241,5.2332,complete
119369,BANK OF INDIA Liquid Fund- Direct Plan- Growth,Liquid/Money Market,2020-03-31,2015-03-31,2015-03-31,2020-03-31,2025-03-31,2025-03-31,7.2196,5.5074,complete
119369,BANK OF INDIA Liquid Fund- Direct Plan- Growth,Liquid/Money Market,2021-03-31,2016-03-31,2016-03-31,2021-03-31,2026-03-31,2026-03-31,6.2892,6.0394,complete
119379,BANK OF INDIA Ultra Short Duration Fund- Direct Plan- Growth,Debt,2018-03-31,2013-03-31,2013-04-02,2018-03-28,2023-03-31,2023-03-31,9.0457,5.688,complete
119379,BANK OF INDIA Ultra Short Duration Fund- Direct Plan- Growth,Debt,2019-03-31,2014-03-31,2014-04-02,2019-03-29,2024-03-31,2024-03-31,8.6936,5.4491,complete
119379,BANK OF INDIA Ultra Short Duration Fund- Direct Plan- Growth,Debt,2020-03-31,2015-03-31,2015-03-31,2020-03-31,2025-03-31,2025-03-31,8.2212,5.5006,complete
119379,BANK OF INDIA Ultra Short Duration Fund- Direct Plan- Growth,Debt,2021-03-31,2016-03-31,2016-03-31,2021-03-31,2026-03-31,2026-03-31,7.3349,5.8891,complete
119382,BANK OF INDIA Short Term Income Fund-Direct Plan- Growth,Debt,2018-03-31,2013-03-31,2013-04-02,2018-03-28,2023-03-31,2023-03-31,9.1919,4.0155,complete
119382,BANK OF INDIA Short Term Income Fund-Direct Plan- Growth,Debt,2019-03-31,2014-03-31,2014-04-02,2019-03-29,2024-03-31,2024-03-31,8.993,3.9645,complete
119382,BANK OF INDIA Short Term Income Fund-Direct Plan- Growth,Debt,2020-03-31,2015-03-31,2015-03-31,2020-03-31,2025-03-31,2025-03-31,4.3783,8.4126,complete
119382,BANK OF INDIA Short Term Income Fund-Direct Plan- Growth,Debt,2021-03-31,2016-03-31,2016-03-31,2021-03-31,2026-03-31,2026-03-31,1.562,10.5896,complete
119393,BANK OF INDIA Conservative Hybrid Fund Fund-Direct Plan-Growth,Hybrid,2018-03-31,2013-03-31,2013-04-02,2018-03-28,2023-03-31,2023-03-31,10.6055,6.4568,complete
119393,BANK OF INDIA Conservative Hybrid Fund Fund-Direct Plan-Growth,Hybrid,2019-03-31,2014-03-31,2014-04-02,2019-03-29,2024-03-31,2024-03-31,8.7725,9.4076,complete
119393,BANK OF INDIA Conservative Hybrid Fund Fund-Direct Plan-Growth,Hybrid,2020-03-31,2015-03-31,2015-03-31,2020-03-31,2025-03-31,2025-03-31,3.3117,12.9103,complete
119393,BANK OF INDIA Conservative Hybrid Fund Fund-Direct Plan-Growth,Hybrid,2021-03-31,2016-03-31,2016-03-31,2021-03-31,2026-03-31,2026-03-31,5.1025,10.5306,complete
119400,Baroda BNP Paribas Short Duration Fund - Direct Plan - Growth Option,Debt,2018-03-31,2013-03-31,2013-04-02,2018-03-28,2023-03-31,2023-03-31,9.2357,6.7227,complete
119400,Baroda BNP Paribas Short Duration Fund - Direct Plan - Growth Option,Debt,2019-03-31,2014-03-31,2014-03-31,2019-03-29,2024-03-31,2024-03-31,9.2052,6.6831,complete
119400,Baroda BNP Paribas Short Duration Fund - Direct Plan - Growth Option,Debt,2020-03-31,2015-03-31,2015-03-31,2020-03-31,2025-03-31,2025-03-31,9.1064,6.419,complete
119400,Baroda BNP Paribas Short Duration Fund - Direct Plan - Growth Option,Debt,2021-03-31,2016-03-31,2016-03-31,2021-03-31,2026-03-31,2026-03-31,8.5622,6.403,complete
119415,Baroda BNP Paribas LIQUID FUND - DIRECT PLAN - GROWTH OPTION,Liquid/Money Market,2018-03-31,2013-03-31,2013-04-01,2018-03-31,2023-03-31,2023-03-31,8.2575,5.3605,complete
119415,Baroda BNP Paribas LIQUID FUND - DIRECT PLAN - GROWTH OPTION,Liquid/Money Market,2019-03-31,2014-03-31,2014-03-31,2019-03-31,2024-03-31,2024-03-31,7.8912,5.2931,complete
119415,Baroda BNP Paribas LIQUID FUND - DIRECT PLAN - GROWTH OPTION,Liquid/Money Market,2020-03-31,2015-03-31,2015-03-31,2020-03-31,2025-03-31,2025-03-31,7.3538,5.4916,complete
119415,Baroda BNP Paribas LIQUID FUND - DIRECT PLAN - GROWTH OPTION,Liquid/Money Market,2021-03-31,2016-03-31,2016-03-31,2021-03-31,2026-03-31,2026-03-31,6.3623,6.0367,complete
119424,Tata Money Market Fund- Direct Plan- Growth Option,Liquid/Money Market,2018-03-31,2013-03-31,2013-03-31,2018-03-31,2023-03-31,2023-03-31,8.1406,4.7901,complete
119424,Tata Money Market Fund- Direct Plan- Growth Option,Liquid/Money Market,2019-03-31,2014-03-31,2014-03-31,2019-03-29,2024-03-31,2024-03-31,6.3552,6.2562,complete
119424,Tata Money Market Fund- Direct Plan- Growth Option,Liquid/Money Market,2020-03-31,2015-03-31,2015-03-31,2020-03-31,2025-03-31,2025-03-31,6.0539,6.3542,complete
119424,Tata Money Market Fund- Direct Plan- Growth Option,Liquid/Money Market,2021-03-31,2016-03-31,2016-03-31,2021-03-31,2026-03-31,2026-03-31,5.5858,6.5478,complete
119436,Aditya Birla Sun Life Large & Mid Cap Fund - Growth - Direct Plan,Equity,2018-03-31,2013-03-31,2013-04-01,2018-04-02,2023-03-31,2023-03-31,23.7581,8.035,complete
119436,Aditya Birla Sun Life Large & Mid Cap Fund - Growth - Direct Plan,Equity,2019-03-31,2014-03-31,2014-03-31,2019-04-01,2024-03-31,2024-03-31,17.5874,14.8895,complete
119436,Aditya Birla Sun Life Large & Mid Cap Fund - Growth - Direct Plan,Equity,2020-03-31,2015-03-31,2015-03-31,2020-03-31,2025-03-31,2025-03-31,1.3499,23.52,complete
119436,Aditya Birla Sun Life Large & Mid Cap Fund - Growth - Direct Plan,Equity,2021-03-31,2016-03-31,2016-03-31,2021-03-31,2026-03-31,2026-03-31,15.151,9.3337,complete
119498,Aditya Birla Sun Life Short Term Fund - Growth - Direct Plan,Other,2018-03-31,2013-03-31,2013-04-02,2018-03-28,2023-03-31,2023-03-31,9.7069,7.5457,complete
119498,Aditya Birla Sun Life Short Term Fund - Growth - Direct Plan,Other,2019-03-31,2014-03-31,2014-03-31,2019-03-29,2024-03-31,2024-03-31,9.1391,7.5779,complete
119498,Aditya Birla Sun Life Short Term Fund - Growth - Direct Plan,Other,2020-03-31,2015-03-31,2015-03-31,2020-03-31,2025-03-31,2025-03-31,8.4132,7.7341,complete
119498,Aditya Birla Sun Life Short Term Fund - Growth - Direct Plan,Other,2021-03-31,2016-03-31,2016-03-31,2021-03-31,2026-03-31,2026-03-31,8.8176,6.8466,complete
119501,Aditya Birla Sun Life Savings Fund - Growth - Direct Plan,Other,2018-03-31,2013-03-31,2013-04-02,2018-03-28,2023-03-31,2023-03-31,8.952,6.4598,complete
119501,Aditya Birla Sun Life Savings Fund - Growth - Direct Plan,Other,2019-03-31,2014-03-31,2014-03-31,2019-03-29,2024-03-31,2024-03-31,8.596,6.3674,complete
119501,Aditya Birla Sun Life Savings Fund - Growth - Direct Plan,Other,2020-03-31,2015-03-31,2015-03-31,2020-03-31,2025-03-31,2025-03-31,8.2497,6.403,complete
119501,Aditya Birla Sun Life Savings Fund - Growth - Direct Plan,Other,2021-03-31,2016-03-31,2016-03-31,2021-03-31,2026-03-31,2026-03-31,7.7559,6.5079,complete
119505,Aditya Birla Sun Life Dynamic Bond Fund - Growth - Direct Plan,Debt,2018-03-31,2013-03-31,2013-04-02,2018-03-28,2023-03-31,2023-03-31,9.187,5.8333,complete
119505,Aditya Birla Sun Life Dynamic Bond Fund - Growth - Direct Plan,Debt,2019-03-31,2014-03-31,2014-03-31,2019-03-29,2024-03-31,2024-03-31,8.952,6.2939,complete
119505,Aditya Birla Sun Life Dynamic Bond Fund - Growth - Direct Plan,Debt,2020-03-31,2015-03-31,2015-03-31,2020-03-31,2025-03-31,2025-03-31,6.0895,8.011,complete
119505,Aditya Birla Sun Life Dynamic Bond Fund - Growth - Direct Plan,Debt,2021-03-31,2016-03-31,2016-03-31,2021-03-31,2026-03-31,2026-03-31,6.146,7.1889,complete
119511,Aditya Birla Sun Life Money Manager Fund - Growth - Direct Plan,Other,2018-03-31,2013-03-31,2013-04-01,2018-04-02,2023-03-31,2023-03-31,8.2778,6.3871,complete
119511,Aditya Birla Sun Life Money Manager Fund - Growth - Direct Plan,Other,2019-03-31,2014-03-31,2014-03-31,2019-03-29,2024-03-31,2024-03-31,8.0675,6.2464,complete
119511,Aditya Birla Sun Life Money Manager Fund - Growth - Direct Plan,Other,2020-03-31,2015-03-31,2015-03-31,2020-03-31,2025-03-31,2025-03-31,7.7711,6.2983,complete
119511,Aditya Birla Sun Life Money Manager Fund - Growth - Direct Plan,Other,2021-03-31,2016-03-31,2016-03-31,2021-03-31,2026-03-31,2026-03-31,7.3108,6.4315,complete
119514,Aditya Birla Sun Life Infrastructure Fund - Growth - Direct Plan,Other,2018-03-31,2013-03-31,2013-04-01,2018-04-02,2023-03-31,2023-03-31,21.0775,8.991,complete
119514,Aditya Birla Sun Life Infrastructure Fund - Growth - Direct Plan,Other,2019-03-31,2014-03-31,2014-03-31,2019-04-01,2024-03-31,2024-03-31,14.6028,21.6877,complete
119514,Aditya Birla Sun Life Infrastructure Fund - Growth - Direct Plan,Other,2020-03-31,2015-03-31,2015-03-31,2020-03-31,2025-03-31,2025-03-31,-4.4074,34.5655,complete
119514,Aditya Birla Sun Life Infrastructure Fund - Growth - Direct Plan,Other,2021-03-31,2016-03-31,2016-03-31,2021-03-31,2026-03-31,2026-03-31,11.911,18.0365,complete
119517,Aditya Birla Sun Life International Equity Fund - Growth - Direct Plan,Equity,2018-03-31,2013-03-31,2013-04-01,2018-04-02,2023-03-31,2023-03-31,9.0767,11.1181,complete
119517,Aditya Birla Sun Life International Equity Fund - Growth - Direct Plan,Equity,2019-03-31,2014-03-31,2014-03-31,2019-04-01,2024-03-31,2024-03-31,6.8994,10.8812,complete
119517,Aditya Birla Sun Life International Equity Fund - Growth - Direct Plan,Equity,2020-03-31,2015-03-31,2015-03-31,2020-03-31,2025-03-31,2025-03-31,4.2676,13.4356,complete
119517,Aditya Birla Sun Life International Equity Fund - Growth - Direct Plan,Equity,2021-03-31,2016-03-31,2016-03-31,2021-03-31,2026-03-31,2026-03-31,12.8691,11.0934,complete
119518,Aditya Birla Sun Life International Equity Fund - Plan B - Growth - Direct Plan,Equity,2018-03-31,2013-03-31,2013-04-01,2018-04-02,2023-03-31,2023-03-31,14.2089,7.6862,complete
119523,Aditya Birla Sun Life Low duration Fund - Growth - Direct Plan,Debt,2018-03-31,2013-03-31,2013-04-02,2018-03-28,2023-03-31,2023-03-31,8.9637,7.0048,complete
119523,Aditya Birla Sun Life Low duration Fund - Growth - Direct Plan,Debt,2019-03-31,2014-03-31,2014-03-31,2019-03-29,2024-03-31,2024-03-31,8.7114,6.853,complete
119523,Aditya Birla Sun Life Low duration Fund - Growth - Direct Plan,Debt,2020-03-31,2015-03-31,2015-03-31,2020-03-31,2025-03-31,2025-03-31,8.4669,6.7428,complete
119523,Aditya Birla Sun Life Low duration Fund - Growth - Direct Plan,Debt,2021-03-31,2016-03-31,2016-03-31,2021-03-31,2026-03-31,2026-03-31,8.1718,6.63,complete
119526,Aditya Birla Sun Life Arbitrage Fund - Growth - Direct Plan,Arbitrage,2018-03-31,2013-03-31,2013-04-01,2018-04-02,2023-03-31,2023-03-31,7.9467,5.5446,complete
119526,Aditya Birla Sun Life Arbitrage Fund - Growth - Direct Plan,Arbitrage,2019-03-31,2014-03-31,2014-03-31,2019-04-01,2024-03-31,2024-03-31,7.0775,5.8914,complete
119526,Aditya Birla Sun Life Arbitrage Fund - Growth - Direct Plan,Arbitrage,2020-03-31,2015-03-31,2015-03-31,2020-03-31,2025-03-31,2025-03-31,6.8318,6.0853,complete
119526,Aditya Birla Sun Life Arbitrage Fund - Growth - Direct Plan,Arbitrage,2021-03-31,2016-03-31,2016-03-31,2021-03-31,2026-03-31,2026-03-31,6.2008,6.6473,complete
119528,Aditya Birla Sun Life Large Cap Fund - Growth - Direct Plan,Equity,2018-03-31,2013-03-31,2013-04-01,2018-04-02,2023-03-31,2023-03-31,18.3597,10.7056,complete
119528,Aditya Birla Sun Life Large Cap Fund - Growth - Direct Plan,Equity,2019-03-31,2014-03-31,2014-03-31,2019-04-01,2024-03-31,2024-03-31,15.4908,15.5233,complete
119528,Aditya Birla Sun Life Large Cap Fund - Growth - Direct Plan,Equity,2020-03-31,2015-03-31,2015-03-31,2020-03-31,2025-03-31,2025-03-31,1.0768,25.0806,complete
119528,Aditya Birla Sun Life Large Cap Fund - Growth - Direct Plan,Equity,2021-03-31,2016-03-31,2016-03-31,2021-03-31,2026-03-31,2026-03-31,13.5341,11.4113,complete
119533,Aditya Birla Sun Life Corporate Bond Fund - Growth - Direct Plan,Debt,2018-03-31,2013-03-31,2013-04-02,2018-03-28,2023-03-31,2023-03-31,8.9673,7.4275,complete
119533,Aditya Birla Sun Life Corporate Bond Fund - Growth - Direct Plan,Debt,2019-03-31,2014-03-31,2014-03-31,2019-03-29,2024-03-31,2024-03-31,8.838,7.4238,complete
119533,Aditya Birla Sun Life Corporate Bond Fund - Growth - Direct Plan,Debt,2020-03-31,2015-03-31,2015-03-31,2020-03-31,2025-03-31,2025-03-31,8.5016,7.3495,complete
119533,Aditya Birla Sun Life Corporate Bond Fund - Growth - Direct Plan,Debt,2021-03-31,2016-03-31,2016-03-31,2021-03-31,2026-03-31,2026-03-31,8.7333,6.338,complete
119535,Aditya Birla Sun Life Interval Income Fund - Quarterly Series I - Growth - Direct Plan,Debt,2018-03-31,2013-03-31,2013-04-02,2018-03-28,2023-03-31,2023-03-31,7.8462,5.3514,complete
119535,Aditya Birla Sun Life Interval Income Fund - Quarterly Series I - Growth - Direct Plan,Debt,2019-03-31,2014-03-31,2014-03-31,2019-03-29,2024-03-31,2024-03-31,7.4114,5.3118,complete
119535,Aditya Birla Sun Life Interval Income Fund - Quarterly Series I - Growth - Direct Plan,Debt,2020-03-31,2015-03-31,2015-03-31,2020-03-31,2025-03-31,2025-03-31,6.8737,5.5213,complete
119539,Aditya Birla Sun Life Medium Term Plan - Growth - Direct Plan,Other,2018-03-31,2013-03-31,2013-04-02,2018-03-28,2023-03-31,2023-03-31,10.433,8.551,complete
119539,Aditya Birla Sun Life Medium Term Plan - Growth - Direct Plan,Other,2019-03-31,2014-03-31,2014-03-31,2019-03-29,2024-03-31,2024-03-31,9.131,9.2823,complete
119539,Aditya Birla Sun Life Medium Term Plan - Growth - Direct Plan,Other,2020-03-31,2015-03-31,2015-03-31,2020-03-31,2025-03-31,2025-03-31,5.9228,12.8437,complete
119539,Aditya Birla Sun Life Medium Term Plan - Growth - Direct Plan,Other,2021-03-31,2016-03-31,2016-03-31,2021-03-31,2026-03-31,2026-03-31,6.0623,12.6332,complete
119544,Aditya Birla Sun Life ELSS Tax Saver Fund - Growth - Direct Plan,Equity,2018-03-31,2013-03-31,2013-04-01,2018-04-02,2023-03-31,2023-03-31,23.9397,5.4849,complete
119544,Aditya Birla Sun Life ELSS Tax Saver Fund - Growth - Direct Plan,Equity,2019-03-31,2014-03-31,2014-03-31,2019-04-01,2024-03-31,2024-03-31,19.4581,10.8829,complete
119544,Aditya Birla Sun Life ELSS Tax Saver Fund - Growth - Direct Plan,Equity,2020-03-31,2015-03-31,2015-03-31,2020-03-31,2025-03-31,2025-03-31,3.7465,18.0397,complete
119544,Aditya Birla Sun Life ELSS Tax Saver Fund - Growth - Direct Plan,Equity,2021-03-31,2016-03-31,2016-03-31,2021-03-31,2026-03-31,2026-03-31,14.1852,7.8793,complete
119549,Sundaram Value Fund Direct Plan - Growth,Other,2018-03-31,2013-03-31,2013-04-01,2018-04-02,2023-03-31,2023-03-31,17.8922,8.6057,complete
119549,Sundaram Value Fund Direct Plan - Growth,Other,2019-03-31,2014-03-31,2014-03-31,2019-04-01,2024-03-31,2024-03-31,15.2674,14.2624,complete
119549,Sundaram Value Fund Direct Plan - Growth,Other,2020-03-31,2015-03-31,2015-03-31,2020-03-31,2025-03-31,2025-03-31,-0.12,23.9824,complete
119549,Sundaram Value Fund Direct Plan - Growth,Other,2021-03-31,2016-03-31,2016-03-31,2021-03-31,2026-03-31,2026-03-31,12.283,10.4501,complete
119550,Aditya Birla Sun Life Banking & PSU Debt Fund- Direct Plan-Growth,Debt,2018-03-31,2013-03-31,2013-04-02,2018-03-28,2023-03-31,2023-03-31,9.8259,7.2484,complete
119550,Aditya Birla Sun Life Banking & PSU Debt Fund- Direct Plan-Growth,Debt,2019-03-31,2014-03-31,2014-03-31,2019-03-29,2024-03-31,2024-03-31,9.3532,7.2147,complete
119550,Aditya Birla Sun Life Banking & PSU Debt Fund- Direct Plan-Growth,Debt,2020-03-31,2015-03-31,2015-03-31,2020-03-31,2025-03-31,2025-03-31,8.8768,6.8712,complete
119550,Aditya Birla Sun Life Banking & PSU Debt Fund- Direct Plan-Growth,Debt,2021-03-31,2016-03-31,2016-03-31,2021-03-31,2026-03-31,2026-03-31,8.8039,6.2782,complete
119556,Aditya Birla Sun Life Small Cap Fund - Growth - Direct Plan,Equity,2018-03-31,2013-03-31,2013-04-01,2018-04-02,2023-03-31,2023-03-31,29.2326,5.1333,complete
119556,Aditya Birla Sun Life Small Cap Fund - Growth - Direct Plan,Equity,2019-03-31,2014-03-31,2014-03-31,2019-04-01,2024-03-31,2024-03-31,20.6551,16.2754,complete
119556,Aditya Birla Sun Life Small Cap Fund - Growth - Direct Plan,Equity,2020-03-31,2015-03-31,2015-03-31,2020-03-31,2025-03-31,2025-03-31,-2.1446,31.5315,complete
119556,Aditya Birla Sun Life Small Cap Fund - Growth - Direct Plan,Equity,2021-03-31,2016-03-31,2016-03-31,2021-03-31,2026-03-31,2026-03-31,13.3567,13.5227,complete
119564,Aditya Birla Sun Life Focused Fund - Growth - Direct Plan,Other,2018-03-31,2013-03-31,2013-04-01,2018-04-02,2023-03-31,2023-03-31,18.9294,10.8099,complete
119564,Aditya Birla Sun Life Focused Fund - Growth - Direct Plan,Other,2019-03-31,2014-03-31,2014-03-31,2019-04-01,2024-03-31,2024-03-31,15.5567,16.186,complete
119564,Aditya Birla Sun Life Focused Fund - Growth - Direct Plan,Other,2020-03-31,2015-03-31,2015-03-31,2020-03-31,2025-03-31,2025-03-31,2.2718,24.6422,complete
119564,Aditya Birla Sun Life Focused Fund - Growth - Direct Plan,Other,2021-03-31,2016-03-31,2016-03-31,2021-03-31,2026-03-31,2026-03-31,14.2659,12.4784,complete
119566,Sundaram Large and Midcap Fund Direct Plan - Growth,Other,2018-03-31,2013-03-31,2013-04-01,2018-04-02,2023-03-31,2023-03-31,19.9762,11.7442,complete
119566,Sundaram Large and Midcap Fund Direct Plan - Growth,Other,2019-03-31,2014-03-31,2014-03-31,2019-04-01,2024-03-31,2024-03-31,18.655,17.4175,complete
119566,Sundaram Large and Midcap Fund Direct Plan - Growth,Other,2020-03-31,2015-03-31,2015-03-31,2020-03-31,2025-03-31,2025-03-31,3.3454,26.6179,complete
119566,Sundaram Large and Midcap Fund Direct Plan - Growth,Other,2021-03-31,2016-03-31,2016-03-31,2021-03-31,2026-03-31,2026-03-31,16.3439,13.0573,complete
119568,Aditya Birla Sun Life Liquid Fund - Growth - Direct Plan,Liquid/Money Market,2018-03-31,2013-03-31,2013-04-01,2018-03-31,2023-03-31,2023-03-31,8.2464,5.3867,complete
119568,Aditya Birla Sun Life Liquid Fund - Growth - Direct Plan,Liquid/Money Market,2019-03-31,2014-03-31,2014-03-31,2019-03-31,2024-03-31,2024-03-31,7.85,5.3373,complete
119568,Aditya Birla Sun Life Liquid Fund - Growth - Direct Plan,Liquid/Money Market,2020-03-31,2015-03-31,2015-03-31,2020-03-31,2025-03-31,2025-03-31,7.3043,5.5551,complete
119568,Aditya Birla Sun Life Liquid Fund - Growth - Direct Plan,Liquid/Money Market,2021-03-31,2016-03-31,2016-03-31,2021-03-31,2026-03-31,2026-03-31,6.3838,6.0669,complete
119576,Aditya Birla Sun Life Commodity Equities Fund - Global Agri Plan - Growth - Direct Plan,FoF/International,2018-03-31,2013-03-31,2013-04-01,2018-04-02,2023-03-31,2023-03-31,5.3912,9.8428,complete
119581,Sundaram Mid Cap Fund Direct Plan - Growth,Equity,2018-03-31,2013-03-31,2013-04-01,2018-04-02,2023-03-31,2023-03-31,27.0498,8.1074,complete
119581,Sundaram Mid Cap Fund Direct Plan - Growth,Equity,2019-03-31,2014-03-31,2014-03-31,2019-04-01,2024-03-31,2024-03-31,20.1004,19.4114,complete
119581,Sundaram Mid Cap Fund Direct Plan - Growth,Equity,2020-03-31,2015-03-31,2015-03-31,2020-03-31,2025-03-31,2025-03-31,0.3548,31.3935,complete
119581,Sundaram Mid Cap Fund Direct Plan - Growth,Equity,2021-03-31,2016-03-31,2016-03-31,2021-03-31,2026-03-31,2026-03-31,12.6905,18.1395,complete
119589,Sundaram Small Cap Fund Direct Plan - Growth,Equity,2018-03-31,2013-03-31,2013-04-01,2018-04-02,2023-03-31,2023-03-31,29.575,8.7433,complete
119589,Sundaram Small Cap Fund Direct Plan - Growth,Equity,2019-03-31,2014-03-31,2014-03-31,2019-04-01,2024-03-31,2024-03-31,20.4705,21.9865,complete
119589,Sundaram Small Cap Fund Direct Plan - Growth,Equity,2020-03-31,2015-03-31,2015-03-31,2020-03-31,2025-03-31,2025-03-31,-5.2148,35.1559,complete
119589,Sundaram Small Cap Fund Direct Plan - Growth,Equity,2021-03-31,2016-03-31,2016-03-31,2021-03-31,2026-03-31,2026-03-31,11.6062,17.6303,complete
119591,Aditya Birla Sun Life Consumption Fund - Growth - Direct Plan,Other,2018-03-31,2013-03-31,2013-04-01,2018-04-02,2023-03-31,2023-03-31,22.506,13.1245,complete
119591,Aditya Birla Sun Life Consumption Fund - Growth - Direct Plan,Other,2019-03-31,2014-03-31,2014-03-31,2019-04-01,2024-03-31,2024-03-31,19.9821,18.6468,complete
119591,Aditya Birla Sun Life Consumption Fund - Growth - Direct Plan,Other,2020-03-31,2015-03-31,2015-03-31,2020-03-31,2025-03-31,2025-03-31,6.187,24.9841,complete
119591,Aditya Birla Sun Life Consumption Fund - Growth - Direct Plan,Other,2021-03-31,2016-03-31,2016-03-31,2021-03-31,2026-03-31,2026-03-31,17.8404,11.99,complete
119595,Sundaram Consumption Fund (Formerly Known as Sundaram Rural and Consumption Fund Direct Plan - Growth),Other,2018-03-31,2013-03-31,2013-04-01,2018-04-02,2023-03-31,2023-03-31,22.9616,8.0654,complete
119595,Sundaram Consumption Fund (Formerly Known as Sundaram Rural and Consumption Fund Direct Plan - Growth),Other,2019-03-31,2014-03-31,2014-03-31,2019-04-01,2024-03-31,2024-03-31,19.3613,15.1135,complete
119595,Sundaram Consumption Fund (Formerly Known as Sundaram Rural and Consumption Fund Direct Plan - Growth),Other,2020-03-31,2015-03-31,2015-03-31,2020-03-31,2025-03-31,2025-03-31,5.6262,23.8588,complete
119595,Sundaram Consumption Fund (Formerly Known as Sundaram Rural and Consumption Fund Direct Plan - Growth),Other,2021-03-31,2016-03-31,2016-03-31,2021-03-31,2026-03-31,2026-03-31,14.5404,11.3537,complete
119597,Sundaram Financial Services Opportunities Fund Direct Plan - Growth,Other,2018-03-31,2013-03-31,2013-04-01,2018-04-02,2023-03-31,2023-03-31,15.4787,12.6435,complete
119597,Sundaram Financial Services Opportunities Fund Direct Plan - Growth,Other,2019-03-31,2014-03-31,2014-03-31,2019-04-01,2024-03-31,2024-03-31,16.0725,17.9365,complete
119597,Sundaram Financial Services Opportunities Fund Direct Plan - Growth,Other,2020-03-31,2015-03-31,2015-03-31,2020-03-31,2025-03-31,2025-03-31,2.3131,27.0197,complete
119597,Sundaram Financial Services Opportunities Fund Direct Plan - Growth,Other,2021-03-31,2016-03-31,2016-03-31,2021-03-31,2026-03-31,2026-03-31,16.9431,13.6649,complete
119598,SBI Large Cap FUND-DIRECT PLAN -GROWTH,Equity,2018-03-31,2013-03-31,2013-03-31,2018-04-02,2023-03-31,2023-03-31,19.5402,11.2568,complete
119598,SBI Large Cap FUND-DIRECT PLAN -GROWTH,Equity,2019-03-31,2014-03-31,2014-03-31,2019-04-01,2024-03-31,2024-03-31,16.66,16.0937,complete
119598,SBI Large Cap FUND-DIRECT PLAN -GROWTH,Equity,2020-03-31,2015-03-31,2015-03-31,2020-03-31,2025-03-31,2025-03-31,1.9857,24.7049,complete
119598,SBI Large Cap FUND-DIRECT PLAN -GROWTH,Equity,2021-03-31,2016-03-31,2016-03-31,2021-03-31,2026-03-31,2026-03-31,14.2334,10.8854,complete
119602,Sundaram Global Brand Theme-Equity Active FOF - Direct Growth,Equity,2018-03-31,2013-03-31,2013-04-01,2018-04-02,2023-03-31,2023-03-31,4.9738,8.784,complete
119602,Sundaram Global Brand Theme-Equity Active FOF - Direct Growth,Equity,2019-03-31,2014-03-31,2014-03-31,2019-04-01,2024-03-31,2024-03-31,3.764,13.6178,complete
119602,Sundaram Global Brand Theme-Equity Active FOF - Direct Growth,Equity,2020-03-31,2015-03-31,2015-03-31,2020-03-31,2025-03-31,2025-03-31,2.8511,15.8365,complete
119602,Sundaram Global Brand Theme-Equity Active FOF - Direct Growth,Equity,2021-03-31,2016-03-31,2016-03-31,2021-03-31,2026-03-31,2026-03-31,12.8258,11.4638,complete
119605,Aditya Birla Sun Life Government Securities Fund - Growth - Direct Plan,Other,2018-03-31,2013-03-31,2013-04-02,2018-03-28,2023-03-31,2023-03-31,9.9051,7.8352,complete
119605,Aditya Birla Sun Life Government Securities Fund - Growth - Direct Plan,Other,2019-03-31,2014-03-31,2014-03-31,2019-03-29,2024-03-31,2024-03-31,11.0019,8.0063,complete
119605,Aditya Birla Sun Life Government Securities Fund - Growth - Direct Plan,Other,2020-03-31,2015-03-31,2015-03-31,2020-03-31,2025-03-31,2025-03-31,9.5633,7.2336,complete
119605,Aditya Birla Sun Life Government Securities Fund - Growth - Direct Plan,Other,2021-03-31,2016-03-31,2016-03-31,2021-03-31,2026-03-31,2026-03-31,9.8279,5.0857,complete
119609,SBI EQUITY HYBRID FUND - DIRECT PLAN - Growth,Equity,2018-03-31,2013-03-31,2013-03-31,2018-04-02,2023-03-31,2023-03-31,18.9092,10.6696,complete
119609,SBI EQUITY HYBRID FUND - DIRECT PLAN - Growth,Equity,2019-03-31,2014-03-31,2014-03-31,2019-04-01,2024-03-31,2024-03-31,16.4732,14.1209,complete
119609,SBI EQUITY HYBRID FUND - DIRECT PLAN - Growth,Equity,2020-03-31,2015-03-31,2015-03-31,2020-03-31,2025-03-31,2025-03-31,5.6144,19.6216,complete
119609,SBI EQUITY HYBRID FUND - DIRECT PLAN - Growth,Equity,2021-03-31,2016-03-31,2016-03-31,2021-03-31,2026-03-31,2026-03-31,13.7674,11.0437,complete
119620,Aditya Birla Sun Life Midcap Fund - Growth - Direct Plan,Other,2018-03-31,2013-03-31,2013-04-01,2018-04-02,2023-03-31,2023-03-31,24.4093,8.0921,complete
119620,Aditya Birla Sun Life Midcap Fund - Growth - Direct Plan,Other,2019-03-31,2014-03-31,2014-03-31,2019-04-01,2024-03-31,2024-03-31,19.3371,17.7939,complete
119620,Aditya Birla Sun Life Midcap Fund - Growth - Direct Plan,Other,2020-03-31,2015-03-31,2015-03-31,2020-03-31,2025-03-31,2025-03-31,-0.8062,30.77,complete
119620,Aditya Birla Sun Life Midcap Fund - Growth - Direct Plan,Other,2021-03-31,2016-03-31,2016-03-31,2021-03-31,2026-03-31,2026-03-31,12.3494,15.5901,complete
119621,Sundaram Corporate Bond Fund Direct Plan - Growth,Debt,2018-03-31,2013-03-31,2013-04-02,2018-03-28,2023-03-31,2023-03-31,,7.1625,invalid_cagr
119621,Sundaram Corporate Bond Fund Direct Plan - Growth,Debt,2019-03-31,2014-03-31,2014-04-02,2019-03-29,2024-03-31,2024-03-31,9.6849,7.0894,complete
119621,Sundaram Corporate Bond Fund Direct Plan - Growth,Debt,2020-03-31,2015-03-31,2015-03-31,2020-03-31,2025-03-31,2025-03-31,8.5517,6.6811,complete
119621,Sundaram Corporate Bond Fund Direct Plan - Growth,Debt,2021-03-31,2016-03-31,2016-03-31,2021-03-31,2026-03-31,2026-03-31,8.8037,6.0126,complete
119625,Sundaram Banking & PSU Fund (Formerly Known as Sundaram Banking and PSU Debt Fund) Direct Plan - Growth,Debt,2018-03-31,2013-03-31,2013-04-02,2018-03-28,2023-03-31,2023-03-31,8.0204,6.0211,complete
119625,Sundaram Banking & PSU Fund (Formerly Known as Sundaram Banking and PSU Debt Fund) Direct Plan - Growth,Debt,2019-03-31,2014-03-31,2014-04-02,2019-03-29,2024-03-31,2024-03-31,7.7752,5.9988,complete
119625,Sundaram Banking & PSU Fund (Formerly Known as Sundaram Banking and PSU Debt Fund) Direct Plan - Growth,Debt,2020-03-31,2015-03-31,2015-03-31,2020-03-31,2025-03-31,2025-03-31,7.7223,5.9119,complete
119625,Sundaram Banking & PSU Fund (Formerly Known as Sundaram Banking and PSU Debt Fund) Direct Plan - Growth,Debt,2021-03-31,2016-03-31,2016-03-31,2021-03-31,2026-03-31,2026-03-31,7.3652,5.7294,complete
119635,Sundaram Conservative Hybrid Fund (Formerly Known as Sundaram Debt Oriented Hybrid Fund) Direct Plan - Growth,Debt,2018-03-31,2013-03-31,2013-04-02,2018-03-28,2023-03-31,2023-03-31,10.8095,6.1766,complete
119635,Sundaram Conservative Hybrid Fund (Formerly Known as Sundaram Debt Oriented Hybrid Fund) Direct Plan - Growth,Debt,2019-03-31,2014-03-31,2014-04-02,2019-03-29,2024-03-31,2024-03-31,10.8462,7.7499,complete
119635,Sundaram Conservative Hybrid Fund (Formerly Known as Sundaram Debt Oriented Hybrid Fund) Direct Plan - Growth,Debt,2020-03-31,2015-03-31,2015-03-31,2020-03-31,2025-03-31,2025-03-31,4.9645,10.6993,complete
119635,Sundaram Conservative Hybrid Fund (Formerly Known as Sundaram Debt Oriented Hybrid Fund) Direct Plan - Growth,Debt,2021-03-31,2016-03-31,2016-03-31,2021-03-31,2026-03-31,2026-03-31,7.0993,7.4198,complete
119646,Aditya Birla Sun Life MNC Fund - Growth - Direct Plan,Other,2018-03-31,2013-03-31,2013-04-01,2018-04-02,2023-03-31,2023-03-31,26.408,4.1998,complete
119646,Aditya Birla Sun Life MNC Fund - Growth - Direct Plan,Other,2019-03-31,2014-03-31,2014-03-31,2019-04-01,2024-03-31,2024-03-31,21.2845,9.3084,complete
119646,Aditya Birla Sun Life MNC Fund - Growth - Direct Plan,Other,2020-03-31,2015-03-31,2015-03-31,2020-03-31,2025-03-31,2025-03-31,3.0267,14.4713,complete
119646,Aditya Birla Sun Life MNC Fund - Growth - Direct Plan,Other,2021-03-31,2016-03-31,2016-03-31,2021-03-31,2026-03-31,2026-03-31,11.4509,5.2515,complete
119648,Aditya Birla Sun Life Nifty 50 Index Fund - Growth - Direct Plan,Other,2018-03-31,2013-03-31,2013-04-01,2018-04-02,2023-03-31,2023-03-31,12.4518,11.8412,complete
119648,Aditya Birla Sun Life Nifty 50 Index Fund - Growth - Direct Plan,Other,2019-03-31,2014-03-31,2014-03-31,2019-04-01,2024-03-31,2024-03-31,11.8321,14.6529,complete
119648,Aditya Birla Sun Life Nifty 50 Index Fund - Growth - Direct Plan,Other,2020-03-31,2015-03-31,2015-03-31,2020-03-31,2025-03-31,2025-03-31,0.6543,23.072,complete
119648,Aditya Birla Sun Life Nifty 50 Index Fund - Growth - Direct Plan,Other,2021-03-31,2016-03-31,2016-03-31,2021-03-31,2026-03-31,2026-03-31,13.9664,9.6833,complete
119657,Aditya Birla Sun Life Income Fund - Growth - Direct Plan,Debt,2018-03-31,2013-03-31,2013-04-02,2018-03-28,2023-03-31,2023-03-31,8.1733,7.5097,complete
119657,Aditya Birla Sun Life Income Fund - Growth - Direct Plan,Debt,2019-03-31,2014-03-31,2014-03-31,2019-03-29,2024-03-31,2024-03-31,9.3172,7.5397,complete
119657,Aditya Birla Sun Life Income Fund - Growth - Direct Plan,Debt,2020-03-31,2015-03-31,2015-03-31,2020-03-31,2025-03-31,2025-03-31,8.2382,7.0121,complete
119657,Aditya Birla Sun Life Income Fund - Growth - Direct Plan,Debt,2021-03-31,2016-03-31,2016-03-31,2021-03-31,2026-03-31,2026-03-31,8.8866,5.6123,complete
119659,Aditya Birla Sun Life Value Fund - Growth - Direct Plan,Other,2018-03-31,2013-03-31,2013-04-01,2018-04-02,2023-03-31,2023-03-31,30.4505,4.1597,complete
119659,Aditya Birla Sun Life Value Fund - Growth - Direct Plan,Other,2019-03-31,2014-03-31,2014-03-31,2019-04-01,2024-03-31,2024-03-31,19.8524,17.4631,complete
119659,Aditya Birla Sun Life Value Fund - Growth - Direct Plan,Other,2020-03-31,2015-03-31,2015-03-31,2020-03-31,2025-03-31,2025-03-31,-2.1103,30.2864,complete
119659,Aditya Birla Sun Life Value Fund - Growth - Direct Plan,Other,2021-03-31,2016-03-31,2016-03-31,2021-03-31,2026-03-31,2026-03-31,10.6158,15.0355,complete
119661,Aditya Birla Sun Life Tax Plan - Direct Plan - Growth Option,Other,2018-03-31,2013-03-31,2013-04-01,2018-04-02,2023-03-31,2023-03-31,23.2983,4.5502,complete
119671,SBI Dynamic Bond Fund - DIRECT PLAN - Growth,Debt,2018-03-31,2013-03-31,2013-03-31,2018-03-28,2023-03-31,2023-03-31,8.3379,7.8787,complete
119671,SBI Dynamic Bond Fund - DIRECT PLAN - Growth,Debt,2019-03-31,2014-03-31,2014-03-31,2019-03-29,2024-03-31,2024-03-31,9.4167,8.0526,complete
119671,SBI Dynamic Bond Fund - DIRECT PLAN - Growth,Debt,2020-03-31,2015-03-31,2015-03-31,2020-03-31,2025-03-31,2025-03-31,9.4314,7.0062,complete
119671,SBI Dynamic Bond Fund - DIRECT PLAN - Growth,Debt,2021-03-31,2016-03-31,2016-03-31,2021-03-31,2026-03-31,2026-03-31,9.5616,6.5634,complete
119675,Sundaram Medium Duration Fund (Formerly Known as Sundaram Medium Term Bond Fund) Direct Plan - Growth,Debt,2018-03-31,2013-03-31,2013-04-02,2018-03-28,2023-03-31,2023-03-31,8.4492,5.2485,complete
119675,Sundaram Medium Duration Fund (Formerly Known as Sundaram Medium Term Bond Fund) Direct Plan - Growth,Debt,2019-03-31,2014-03-31,2014-04-02,2019-03-29,2024-03-31,2024-03-31,8.857,5.2414,complete
119675,Sundaram Medium Duration Fund (Formerly Known as Sundaram Medium Term Bond Fund) Direct Plan - Growth,Debt,2020-03-31,2015-03-31,2015-03-31,2020-03-31,2025-03-31,2025-03-31,7.3685,5.2122,complete
119675,Sundaram Medium Duration Fund (Formerly Known as Sundaram Medium Term Bond Fund) Direct Plan - Growth,Debt,2021-03-31,2016-03-31,2016-03-31,2021-03-31,2026-03-31,2026-03-31,7.4564,4.9501,complete
119700,SBI INFRASTRUCTURE FUND -  DIRECT PLAN - GROWTH,Other,2018-03-31,2013-03-31,2013-03-31,2018-04-02,2023-03-31,2023-03-31,17.0338,13.0143,complete
119700,SBI INFRASTRUCTURE FUND -  DIRECT PLAN - GROWTH,Other,2019-03-31,2014-03-31,2014-03-31,2019-04-01,2024-03-31,2024-03-31,15.533,25.0754,complete
119700,SBI INFRASTRUCTURE FUND -  DIRECT PLAN - GROWTH,Other,2020-03-31,2015-03-31,2015-03-31,2020-03-31,2025-03-31,2025-03-31,-0.5163,33.6585,complete
119700,SBI INFRASTRUCTURE FUND -  DIRECT PLAN - GROWTH,Other,2021-03-31,2016-03-31,2016-03-31,2021-03-31,2026-03-31,2026-03-31,13.4081,18.3939,complete
119705,SBI COMMA Fund - DIRECT PLAN - Growth,Other,2018-03-31,2013-03-31,2013-03-31,2018-04-02,2023-03-31,2023-03-31,16.5533,11.2176,complete
119705,SBI COMMA Fund - DIRECT PLAN - Growth,Other,2019-03-31,2014-03-31,2014-03-31,2019-04-01,2024-03-31,2024-03-31,14.1392,20.8013,complete
119705,SBI COMMA Fund - DIRECT PLAN - Growth,Other,2020-03-31,2015-03-31,2015-03-31,2020-03-31,2025-03-31,2025-03-31,3.6252,28.3763,complete
119705,SBI COMMA Fund - DIRECT PLAN - Growth,Other,2021-03-31,2016-03-31,2016-03-31,2021-03-31,2026-03-31,2026-03-31,19.6485,14.7687,complete
119707,SBI GILT FUND - DIRECT PLAN - GROWTH,Debt,2018-03-31,2013-03-31,2013-03-31,2018-03-28,2023-03-31,2023-03-31,10.4043,8.1863,complete
119707,SBI GILT FUND - DIRECT PLAN - GROWTH,Debt,2019-03-31,2014-03-31,2014-03-31,2019-03-29,2024-03-31,2024-03-31,10.7442,8.5782,complete
119707,SBI GILT FUND - DIRECT PLAN - GROWTH,Debt,2020-03-31,2015-03-31,2015-03-31,2020-03-31,2025-03-31,2025-03-31,9.6822,7.3432,complete
119707,SBI GILT FUND - DIRECT PLAN - GROWTH,Debt,2021-03-31,2016-03-31,2016-03-31,2021-03-31,2026-03-31,2026-03-31,9.9566,6.1243,complete
119709,SBI ESG Exclusionary Strategy Fund - Direct Plan -Growth,Other,2018-03-31,2013-03-31,2013-03-31,2018-04-02,2023-03-31,2023-03-31,15.7711,12.05,complete
119709,SBI ESG Exclusionary Strategy Fund - Direct Plan -Growth,Other,2019-03-31,2014-03-31,2014-03-31,2019-04-01,2024-03-31,2024-03-31,15.1718,15.3571,complete
119709,SBI ESG Exclusionary Strategy Fund - Direct Plan -Growth,Other,2020-03-31,2015-03-31,2015-03-31,2020-03-31,2025-03-31,2025-03-31,2.3737,23.2734,complete
119709,SBI ESG Exclusionary Strategy Fund - Direct Plan -Growth,Other,2021-03-31,2016-03-31,2016-03-31,2021-03-31,2026-03-31,2026-03-31,14.1705,9.9382,complete
119711,SBI MNC FUND - DIRECT PLAN -GROWTH,Other,2018-03-31,2013-03-31,2013-03-31,2018-04-02,2023-03-31,2023-03-31,23.0004,11.0192,complete
119711,SBI MNC FUND - DIRECT PLAN -GROWTH,Other,2019-03-31,2014-03-31,2014-03-31,2019-04-01,2024-03-31,2024-03-31,16.8516,15.5774,complete
119711,SBI MNC FUND - DIRECT PLAN -GROWTH,Other,2020-03-31,2015-03-31,2015-03-31,2020-03-31,2025-03-31,2025-03-31,3.1269,18.416,complete
119711,SBI MNC FUND - DIRECT PLAN -GROWTH,Other,2021-03-31,2016-03-31,2016-03-31,2021-03-31,2026-03-31,2026-03-31,13.5728,8.2281,complete
119714,SBI Medium to Long Duration Fund-DIRECT PLAN -Growth,Debt,2018-03-31,2013-03-31,2013-03-31,2018-03-28,2023-03-31,2023-03-31,8.4051,7.6959,complete
119714,SBI Medium to Long Duration Fund-DIRECT PLAN -Growth,Debt,2019-03-31,2014-03-31,2014-03-31,2019-03-29,2024-03-31,2024-03-31,9.1936,8.0389,complete
119714,SBI Medium to Long Duration Fund-DIRECT PLAN -Growth,Debt,2020-03-31,2015-03-31,2015-03-31,2020-03-31,2025-03-31,2025-03-31,9.1348,7.1964,complete
119714,SBI Medium to Long Duration Fund-DIRECT PLAN -Growth,Debt,2021-03-31,2016-03-31,2016-03-31,2021-03-31,2026-03-31,2026-03-31,9.6227,6.186,complete
119716,SBI MIDCAP FUND - DIRECT PLAN - GROWTH,Other,2018-03-31,2013-03-31,2013-03-31,2018-04-02,2023-03-31,2023-03-31,27.8726,13.2488,complete
119716,SBI MIDCAP FUND - DIRECT PLAN - GROWTH,Other,2019-03-31,2014-03-31,2014-03-31,2019-04-01,2024-03-31,2024-03-31,17.8424,22.9137,complete
119716,SBI MIDCAP FUND - DIRECT PLAN - GROWTH,Other,2020-03-31,2015-03-31,2015-03-31,2020-03-31,2025-03-31,2025-03-31,-0.7157,34.3649,complete
119716,SBI MIDCAP FUND - DIRECT PLAN - GROWTH,Other,2021-03-31,2016-03-31,2016-03-31,2021-03-31,2026-03-31,2026-03-31,14.3481,15.0141,complete
119718,SBI Flexicap Fund - DIRECT PLAN - Growth Option,Other,2018-03-31,2013-03-31,2013-03-31,2018-04-02,2023-03-31,2023-03-31,22.3434,10.7683,complete
119718,SBI Flexicap Fund - DIRECT PLAN - Growth Option,Other,2019-03-31,2014-03-31,2014-03-31,2019-04-01,2024-03-31,2024-03-31,19.7407,15.6514,complete
119718,SBI Flexicap Fund - DIRECT PLAN - Growth Option,Other,2020-03-31,2015-03-31,2015-03-31,2020-03-31,2025-03-31,2025-03-31,3.9225,23.3766,complete
119718,SBI Flexicap Fund - DIRECT PLAN - Growth Option,Other,2021-03-31,2016-03-31,2016-03-31,2021-03-31,2026-03-31,2026-03-31,15.2049,10.0877,complete
119719,SBI Children's Fund - Savings Plan - DIRECT PLAN - GROWTH,Other,2018-03-31,2013-03-31,2013-03-31,2018-03-28,2023-03-31,2023-03-31,17.0385,8.2797,complete
119719,SBI Children's Fund - Savings Plan - DIRECT PLAN - GROWTH,Other,2019-03-31,2014-03-31,2014-03-31,2019-03-29,2024-03-31,2024-03-31,16.0741,10.955,complete
119719,SBI Children's Fund - Savings Plan - DIRECT PLAN - GROWTH,Other,2020-03-31,2015-03-31,2015-03-31,2020-03-31,2025-03-31,2025-03-31,8.4729,15.7179,complete
119719,SBI Children's Fund - Savings Plan - DIRECT PLAN - GROWTH,Other,2021-03-31,2016-03-31,2016-03-31,2021-03-31,2026-03-31,2026-03-31,12.0991,10.9891,complete
119721,SBI LARGE & MIDCAP FUND -DIRECT PLAN -Growth,Other,2018-03-31,2013-03-31,2013-03-31,2018-04-02,2023-03-31,2023-03-31,21.1109,13.8035,complete
119721,SBI LARGE & MIDCAP FUND -DIRECT PLAN -Growth,Other,2019-03-31,2014-03-31,2014-03-31,2019-04-01,2024-03-31,2024-03-31,17.2733,19.0592,complete
119721,SBI LARGE & MIDCAP FUND -DIRECT PLAN -Growth,Other,2020-03-31,2015-03-31,2015-03-31,2020-03-31,2025-03-31,2025-03-31,1.7296,29.3681,complete
119721,SBI LARGE & MIDCAP FUND -DIRECT PLAN -Growth,Other,2021-03-31,2016-03-31,2016-03-31,2021-03-31,2026-03-31,2026-03-31,14.7013,15.9424,complete
119723,SBI ELSS Tax Saver FUND - DIRECT PLAN -GROWTH,Equity,2018-03-31,2013-03-31,2013-03-31,2018-04-02,2023-03-31,2023-03-31,17.7932,11.7621,complete
119723,SBI ELSS Tax Saver FUND - DIRECT PLAN -GROWTH,Equity,2019-03-31,2014-03-31,2014-03-31,2019-04-01,2024-03-31,2024-03-31,14.1889,21.3347,complete
119723,SBI ELSS Tax Saver FUND - DIRECT PLAN -GROWTH,Equity,2020-03-31,2015-03-31,2015-03-31,2020-03-31,2025-03-31,2025-03-31,-1.0933,32.1496,complete
119723,SBI ELSS Tax Saver FUND - DIRECT PLAN -GROWTH,Equity,2021-03-31,2016-03-31,2016-03-31,2021-03-31,2026-03-31,2026-03-31,12.2935,17.3523,complete
119727,SBI FOCUSED FUND - DIRECT PLAN -GROWTH,Other,2018-03-31,2013-03-31,2013-03-31,2018-04-02,2023-03-31,2023-03-31,20.7199,11.6518,complete
119727,SBI FOCUSED FUND - DIRECT PLAN -GROWTH,Other,2019-03-31,2014-03-31,2014-03-31,2019-04-01,2024-03-31,2024-03-31,20.0044,16.8276,complete
119727,SBI FOCUSED FUND - DIRECT PLAN -GROWTH,Other,2020-03-31,2015-03-31,2015-03-31,2020-03-31,2025-03-31,2025-03-31,6.6014,23.3507,complete
119727,SBI FOCUSED FUND - DIRECT PLAN -GROWTH,Other,2021-03-31,2016-03-31,2016-03-31,2021-03-31,2026-03-31,2026-03-31,16.8899,13.4841,complete
119732,SBI PSU Fund - DIRECT PLAN - GROWTH,Other,2018-03-31,2013-03-31,2013-03-31,2018-04-02,2023-03-31,2023-03-31,8.322,7.261,complete
119732,SBI PSU Fund - DIRECT PLAN - GROWTH,Other,2019-03-31,2014-03-31,2014-03-31,2019-04-01,2024-03-31,2024-03-31,6.9939,22.8625,complete
119732,SBI PSU Fund - DIRECT PLAN - GROWTH,Other,2020-03-31,2015-03-31,2015-03-31,2020-03-31,2025-03-31,2025-03-31,-3.4956,32.823,complete
119732,SBI PSU Fund - DIRECT PLAN - GROWTH,Other,2021-03-31,2016-03-31,2016-03-31,2021-03-31,2026-03-31,2026-03-31,5.6125,26.7003,complete
119735,Kotak Bond Fund - Growth - Direct,Debt,2018-03-31,2013-03-31,2013-04-02,2018-03-28,2023-03-31,2023-03-31,7.8351,7.5177,complete
119735,Kotak Bond Fund - Growth - Direct,Debt,2019-03-31,2014-03-31,2014-04-02,2019-03-29,2024-03-31,2024-03-31,9.0733,7.7301,complete
119735,Kotak Bond Fund - Growth - Direct,Debt,2020-03-31,2015-03-31,2015-03-31,2020-03-31,2025-03-31,2025-03-31,8.153,7.1062,complete
119735,Kotak Bond Fund - Growth - Direct,Debt,2021-03-31,2016-03-31,2016-03-31,2021-03-31,2026-03-31,2026-03-31,8.5237,6.0967,complete
119739,Kotak Bond Short Term Plan-(Growth) - Direct,Debt,2018-03-31,2013-03-31,2013-04-02,2018-03-28,2023-03-31,2023-03-31,8.7169,7.221,complete
119739,Kotak Bond Short Term Plan-(Growth) - Direct,Debt,2019-03-31,2014-03-31,2014-04-02,2019-03-29,2024-03-31,2024-03-31,8.8419,7.1506,complete
119739,Kotak Bond Short Term Plan-(Growth) - Direct,Debt,2020-03-31,2015-03-31,2015-03-31,2020-03-31,2025-03-31,2025-03-31,8.7218,6.9191,complete
119739,Kotak Bond Short Term Plan-(Growth) - Direct,Debt,2021-03-31,2016-03-31,2016-03-31,2021-03-31,2026-03-31,2026-03-31,8.6331,6.4935,complete
119741,Kotak Credit Risk Fund - Growth - Direct,Debt,2018-03-31,2013-03-31,2013-04-02,2018-03-28,2023-03-31,2023-03-31,9.8454,6.412,complete
119741,Kotak Credit Risk Fund - Growth - Direct,Debt,2019-03-31,2014-03-31,2014-04-02,2019-03-29,2024-03-31,2024-03-31,9.6846,6.797,complete
119741,Kotak Credit Risk Fund - Growth - Direct,Debt,2020-03-31,2015-03-31,2015-03-31,2020-03-31,2025-03-31,2025-03-31,9.1666,6.5029,complete
119741,Kotak Credit Risk Fund - Growth - Direct,Debt,2021-03-31,2016-03-31,2016-03-31,2021-03-31,2026-03-31,2026-03-31,8.4421,6.7505,complete
119746,Kotak Money Market Fund - (Growth) - Direct,Liquid/Money Market,2018-03-31,2013-03-31,2013-04-01,2018-03-31,2023-03-31,2023-03-31,8.2037,6.0662,complete
119746,Kotak Money Market Fund - (Growth) - Direct,Liquid/Money Market,2019-03-31,2014-03-31,2014-04-01,2019-03-29,2024-03-31,2024-03-31,7.9681,5.9582,complete
119746,Kotak Money Market Fund - (Growth) - Direct,Liquid/Money Market,2020-03-31,2015-03-31,2015-03-31,2020-03-31,2025-03-31,2025-03-31,7.6129,6.0571,complete
119746,Kotak Money Market Fund - (Growth) - Direct,Liquid/Money Market,2021-03-31,2016-03-31,2016-03-31,2021-03-31,2026-03-31,2026-03-31,6.9801,6.3737,complete
119750,Kotak Savings Fund-Growth - Direct,Other,2018-03-31,2013-03-31,2013-04-02,2018-03-28,2023-03-31,2023-03-31,8.562,6.1652,complete
119750,Kotak Savings Fund-Growth - Direct,Other,2019-03-31,2014-03-31,2014-04-02,2019-03-29,2024-03-31,2024-03-31,8.3792,6.0119,complete
119750,Kotak Savings Fund-Growth - Direct,Other,2020-03-31,2015-03-31,2015-03-31,2020-03-31,2025-03-31,2025-03-31,7.9728,6.0417,complete
119750,Kotak Savings Fund-Growth - Direct,Other,2021-03-31,2016-03-31,2016-03-31,2021-03-31,2026-03-31,2026-03-31,7.3255,6.2942,complete
119755,Kotak Dynamic Bond Fund - Growth - Direct,Debt,2018-03-31,2013-03-31,2013-04-02,2018-03-28,2023-03-31,2023-03-31,9.6377,7.7664,complete
119755,Kotak Dynamic Bond Fund - Growth - Direct,Debt,2019-03-31,2014-03-31,2014-04-02,2019-03-29,2024-03-31,2024-03-31,9.6516,7.8125,complete
119755,Kotak Dynamic Bond Fund - Growth - Direct,Debt,2020-03-31,2015-03-31,2015-03-31,2020-03-31,2025-03-31,2025-03-31,9.7314,7.4005,complete
119755,Kotak Dynamic Bond Fund - Growth - Direct,Debt,2021-03-31,2016-03-31,2016-03-31,2021-03-31,2026-03-31,2026-03-31,9.6402,6.3971,complete
119757,Kotak Gilt-Investment  Provident Fund and Trust-Growth - Direct,Debt,2018-03-31,2013-03-31,2013-04-02,2018-03-28,2023-03-31,2023-03-31,8.6809,8.0963,complete
119757,Kotak Gilt-Investment  Provident Fund and Trust-Growth - Direct,Debt,2019-03-31,2014-03-31,2014-04-02,2019-03-29,2024-03-31,2024-03-31,10.6435,8.0933,complete
119757,Kotak Gilt-Investment  Provident Fund and Trust-Growth - Direct,Debt,2020-03-31,2015-03-31,2015-03-31,2020-03-31,2025-03-31,2025-03-31,9.3717,7.3558,complete
119757,Kotak Gilt-Investment  Provident Fund and Trust-Growth - Direct,Debt,2021-03-31,2016-03-31,2016-03-31,2021-03-31,2026-03-31,2026-03-31,9.4789,5.4137,complete
119766,Kotak Liquid Fund - Direct Plan - Growth,Liquid/Money Market,2018-03-31,2013-03-31,2013-04-01,2018-03-31,2023-03-31,2023-03-31,8.1493,5.2491,complete
119766,Kotak Liquid Fund - Direct Plan - Growth,Liquid/Money Market,2019-03-31,2014-03-31,2014-04-01,2019-03-31,2024-03-31,2024-03-31,7.7623,5.2107,complete
119766,Kotak Liquid Fund - Direct Plan - Growth,Liquid/Money Market,2020-03-31,2015-03-31,2015-03-31,2020-03-31,2025-03-31,2025-03-31,7.1681,5.469,complete
119766,Kotak Liquid Fund - Direct Plan - Growth,Liquid/Money Market,2021-03-31,2016-03-31,2016-03-31,2021-03-31,2026-03-31,2026-03-31,6.2332,5.9998,complete
119769,Kotak Contra Fund - Direct Plan - Growth,Other,2018-03-31,2013-03-31,2013-04-01,2018-04-02,2023-03-31,2023-03-31,17.2963,14.04,complete
119769,Kotak Contra Fund - Direct Plan - Growth,Other,2019-03-31,2014-03-31,2014-03-31,2019-04-01,2024-03-31,2024-03-31,16.1703,21.0053,complete
119769,Kotak Contra Fund - Direct Plan - Growth,Other,2020-03-31,2015-03-31,2015-03-31,2020-03-31,2025-03-31,2025-03-31,3.3401,30.0928,complete
119769,Kotak Contra Fund - Direct Plan - Growth,Other,2021-03-31,2016-03-31,2016-03-31,2021-03-31,2026-03-31,2026-03-31,18.0588,15.8721,complete
119771,Kotak Arbitrage Fund - Direct Plan - Growth,Arbitrage,2018-03-31,2013-03-31,2013-04-01,2018-04-02,2023-03-31,2023-03-31,7.9911,5.6433,complete
119771,Kotak Arbitrage Fund - Direct Plan - Growth,Arbitrage,2019-03-31,2014-03-31,2014-03-31,2019-04-01,2024-03-31,2024-03-31,7.3882,5.9921,complete
119771,Kotak Arbitrage Fund - Direct Plan - Growth,Arbitrage,2020-03-31,2015-03-31,2015-03-31,2020-03-31,2025-03-31,2025-03-31,6.8606,6.246,complete
119771,Kotak Arbitrage Fund - Direct Plan - Growth,Arbitrage,2021-03-31,2016-03-31,2016-03-31,2021-03-31,2026-03-31,2026-03-31,6.2224,6.7776,complete
119773,Kotak ELSS Tax Saver Fund-Growth - Direct,Equity,2018-03-31,2013-03-31,2013-04-01,2018-04-02,2023-03-31,2023-03-31,18.2384,14.4532,complete
119773,Kotak ELSS Tax Saver Fund-Growth - Direct,Equity,2019-03-31,2014-03-31,2014-03-31,2019-04-01,2024-03-31,2024-03-31,18.4471,19.8586,complete
119773,Kotak ELSS Tax Saver Fund-Growth - Direct,Equity,2020-03-31,2015-03-31,2015-03-31,2020-03-31,2025-03-31,2025-03-31,3.2465,26.9098,complete
119773,Kotak ELSS Tax Saver Fund-Growth - Direct,Equity,2021-03-31,2016-03-31,2016-03-31,2021-03-31,2026-03-31,2026-03-31,16.8927,12.9988,complete
119775,Kotak Midcap Fund - Direct Plan - Growth,Other,2018-03-31,2013-03-31,2013-04-01,2018-04-02,2023-03-31,2023-03-31,28.2798,14.8418,complete
119775,Kotak Midcap Fund - Direct Plan - Growth,Other,2019-03-31,2014-03-31,2014-03-31,2019-04-01,2024-03-31,2024-03-31,24.1575,22.8783,complete
119775,Kotak Midcap Fund - Direct Plan - Growth,Other,2020-03-31,2015-03-31,2015-03-31,2020-03-31,2025-03-31,2025-03-31,4.1707,33.5365,complete
119775,Kotak Midcap Fund - Direct Plan - Growth,Other,2021-03-31,2016-03-31,2016-03-31,2021-03-31,2026-03-31,2026-03-31,19.4579,17.6144,complete
119777,Kotak Multi Asset Omni FOF - Direct Growth - Direct,Hybrid,2018-03-31,2013-03-31,2013-04-01,2018-04-02,2023-03-31,2023-03-31,16.1826,15.5487,complete
119777,Kotak Multi Asset Omni FOF - Direct Growth - Direct,Hybrid,2019-03-31,2014-03-31,2014-03-31,2019-04-01,2024-03-31,2024-03-31,13.5149,20.497,complete
119777,Kotak Multi Asset Omni FOF - Direct Growth - Direct,Hybrid,2020-03-31,2015-03-31,2015-03-31,2020-03-31,2025-03-31,2025-03-31,5.6098,24.5365,complete
119777,Kotak Multi Asset Omni FOF - Direct Growth - Direct,Hybrid,2021-03-31,2016-03-31,2016-03-31,2021-03-31,2026-03-31,2026-03-31,14.17,16.457,complete
119779,Kotak Global Emerging Market overseas Equity Omni FOF - Growth - Direct,Equity,2018-03-31,2013-03-31,2013-04-02,2018-03-28,2023-03-31,2023-03-31,7.4951,3.8665,complete
119779,Kotak Global Emerging Market overseas Equity Omni FOF - Growth - Direct,Equity,2019-03-31,2014-03-31,2014-04-02,2019-04-01,2024-03-31,2024-03-31,2.8709,7.6655,complete
119779,Kotak Global Emerging Market overseas Equity Omni FOF - Growth - Direct,Equity,2020-03-31,2015-03-31,2015-03-31,2020-03-31,2025-03-31,2025-03-31,0.6216,10.2702,complete
119779,Kotak Global Emerging Market overseas Equity Omni FOF - Growth - Direct,Equity,2021-03-31,2016-03-31,2016-03-31,2021-03-31,2026-03-31,2026-03-31,13.5986,7.6185,complete
119781,Kotak Gold Fund Growth - Direct,Other,2018-03-31,2013-03-31,2013-04-02,2018-03-28,2023-03-31,2023-03-31,-0.5796,13.6611,complete
119781,Kotak Gold Fund Growth - Direct,Other,2019-03-31,2014-03-31,2014-04-02,2019-03-29,2024-03-31,2024-03-31,1.2903,15.2283,complete
119781,Kotak Gold Fund Growth - Direct,Other,2020-03-31,2015-03-31,2015-03-31,2020-03-31,2025-03-31,2025-03-31,9.9016,14.0912,complete
119781,Kotak Gold Fund Growth - Direct,Other,2021-03-31,2016-03-31,2016-03-31,2021-03-31,2026-03-31,2026-03-31,8.5062,25.4824,complete
119783,SBI HEALTHCARE OPPORTUNITIES FUND - DIRECT PLAN -GROWTH,Other,2018-03-31,2013-03-31,2013-03-31,2018-04-02,2023-03-31,2023-03-31,16.6051,13.9949,complete
119783,SBI HEALTHCARE OPPORTUNITIES FUND - DIRECT PLAN -GROWTH,Other,2019-03-31,2014-03-31,2014-03-31,2019-04-01,2024-03-31,2024-03-31,10.1145,24.5725,complete
119783,SBI HEALTHCARE OPPORTUNITIES FUND - DIRECT PLAN -GROWTH,Other,2020-03-31,2015-03-31,2015-03-31,2020-03-31,2025-03-31,2025-03-31,-2.8333,30.7275,complete
119783,SBI HEALTHCARE OPPORTUNITIES FUND - DIRECT PLAN -GROWTH,Other,2021-03-31,2016-03-31,2016-03-31,2021-03-31,2026-03-31,2026-03-31,9.1051,17.5668,complete
119788,SBI GOLD FUND- DIRECT PLAN - GROWTH,Other,2018-03-31,2013-03-31,2013-03-31,2018-03-28,2023-03-31,2023-03-31,-0.683,13.4889,complete
119788,SBI GOLD FUND- DIRECT PLAN - GROWTH,Other,2019-03-31,2014-03-31,2014-03-31,2019-03-29,2024-03-31,2024-03-31,0.6015,15.2892,complete
119788,SBI GOLD FUND- DIRECT PLAN - GROWTH,Other,2020-03-31,2015-03-31,2015-03-31,2020-03-31,2025-03-31,2025-03-31,10.2361,13.6525,complete
119788,SBI GOLD FUND- DIRECT PLAN - GROWTH,Other,2021-03-31,2016-03-31,2016-03-31,2021-03-31,2026-03-31,2026-03-31,8.3579,25.9789,complete
119798,SBI CREDIT RISK FUND - DIRECT PLAN -GROWTH,Debt,2018-03-31,2013-03-31,2013-03-31,2018-03-28,2023-03-31,2023-03-31,10.1154,6.958,complete
119798,SBI CREDIT RISK FUND - DIRECT PLAN -GROWTH,Debt,2019-03-31,2014-03-31,2014-03-31,2019-03-29,2024-03-31,2024-03-31,9.4548,7.2989,complete
119798,SBI CREDIT RISK FUND - DIRECT PLAN -GROWTH,Debt,2020-03-31,2015-03-31,2015-03-31,2020-03-31,2025-03-31,2025-03-31,8.524,7.7622,complete
119798,SBI CREDIT RISK FUND - DIRECT PLAN -GROWTH,Debt,2021-03-31,2016-03-31,2016-03-31,2021-03-31,2026-03-31,2026-03-31,8.301,7.5373,complete
119800,SBI Liquid Fund - DIRECT PLAN -Growth,Liquid/Money Market,2018-03-31,2013-03-31,2013-03-31,2018-03-31,2023-03-31,2023-03-31,8.1215,5.2783,complete
119800,SBI Liquid Fund - DIRECT PLAN -Growth,Liquid/Money Market,2019-03-31,2014-03-31,2014-03-31,2019-03-31,2024-03-31,2024-03-31,7.7415,5.2305,complete
119800,SBI Liquid Fund - DIRECT PLAN -Growth,Liquid/Money Market,2020-03-31,2015-03-31,2015-03-31,2020-03-31,2025-03-31,2025-03-31,7.1693,5.4622,complete
119800,SBI Liquid Fund - DIRECT PLAN -Growth,Liquid/Money Market,2021-03-31,2016-03-31,2016-03-31,2021-03-31,2026-03-31,2026-03-31,6.2351,5.9756,complete
119812,SBI LOW DURATION FUND - DIRECT PLAN - GROWTH,Debt,2018-03-31,2013-03-31,2013-03-31,2018-03-28,2023-03-31,2023-03-31,8.3803,6.3507,complete
119812,SBI LOW DURATION FUND - DIRECT PLAN - GROWTH,Debt,2019-03-31,2014-03-31,2014-03-31,2019-03-29,2024-03-31,2024-03-31,8.1207,6.2737,complete
119812,SBI LOW DURATION FUND - DIRECT PLAN - GROWTH,Debt,2020-03-31,2015-03-31,2015-03-31,2020-03-31,2025-03-31,2025-03-31,7.899,6.2301,complete
119812,SBI LOW DURATION FUND - DIRECT PLAN - GROWTH,Debt,2021-03-31,2016-03-31,2016-03-31,2021-03-31,2026-03-31,2026-03-31,7.452,6.2936,complete
119816,SBI SHORT TERM DEBT FUND - DIRECT PLAN -GROWTH,Debt,2018-03-31,2013-03-31,2013-03-31,2018-03-28,2023-03-31,2023-03-31,8.7432,6.8038,complete
119816,SBI SHORT TERM DEBT FUND - DIRECT PLAN -GROWTH,Debt,2019-03-31,2014-03-31,2014-03-31,2019-03-29,2024-03-31,2024-03-31,8.6087,6.8354,complete
119816,SBI SHORT TERM DEBT FUND - DIRECT PLAN -GROWTH,Debt,2020-03-31,2015-03-31,2015-03-31,2020-03-31,2025-03-31,2025-03-31,8.3678,6.6584,complete
119816,SBI SHORT TERM DEBT FUND - DIRECT PLAN -GROWTH,Debt,2021-03-31,2016-03-31,2016-03-31,2021-03-31,2026-03-31,2026-03-31,8.2303,6.3519,complete
119821,SBI  SAVINGS FUND - DIRECT PLAN - GROWTH,Other,2018-03-31,2013-03-31,2013-03-31,2018-03-28,2023-03-31,2023-03-31,8.8008,6.2038,complete
119821,SBI  SAVINGS FUND - DIRECT PLAN - GROWTH,Other,2019-03-31,2014-03-31,2014-03-31,2019-03-29,2024-03-31,2024-03-31,8.4544,6.118,complete
119821,SBI  SAVINGS FUND - DIRECT PLAN - GROWTH,Other,2020-03-31,2015-03-31,2015-03-31,2020-03-31,2025-03-31,2025-03-31,8.111,6.1421,complete
119821,SBI  SAVINGS FUND - DIRECT PLAN - GROWTH,Other,2021-03-31,2016-03-31,2016-03-31,2021-03-31,2026-03-31,2026-03-31,7.4459,6.3438,complete
119824,SBI MEDIUM DURATION FUND - DIRECT PLAN - GROWTH,Debt,2018-03-31,2013-03-31,2013-03-31,2018-03-28,2023-03-31,2023-03-31,10.8369,7.8727,complete
119824,SBI MEDIUM DURATION FUND - DIRECT PLAN - GROWTH,Debt,2019-03-31,2014-03-31,2014-03-31,2019-03-29,2024-03-31,2024-03-31,10.8914,7.9198,complete
119824,SBI MEDIUM DURATION FUND - DIRECT PLAN - GROWTH,Debt,2020-03-31,2015-03-31,2015-03-31,2020-03-31,2025-03-31,2025-03-31,9.8977,7.3719,complete
119824,SBI MEDIUM DURATION FUND - DIRECT PLAN - GROWTH,Debt,2021-03-31,2016-03-31,2016-03-31,2021-03-31,2026-03-31,2026-03-31,10.3161,6.6551,complete
119827,SBI NIFTY INDEX FUND - DIRECT PLAN - GROWTH,Other,2018-03-31,2013-03-31,2013-03-31,2018-04-02,2023-03-31,2023-03-31,12.9002,12.0314,complete
119827,SBI NIFTY INDEX FUND - DIRECT PLAN - GROWTH,Other,2019-03-31,2014-03-31,2014-03-31,2019-04-01,2024-03-31,2024-03-31,12.4237,14.7016,complete
119827,SBI NIFTY INDEX FUND - DIRECT PLAN - GROWTH,Other,2020-03-31,2015-03-31,2015-03-31,2020-03-31,2025-03-31,2025-03-31,1.0197,23.3422,complete
119827,SBI NIFTY INDEX FUND - DIRECT PLAN - GROWTH,Other,2021-03-31,2016-03-31,2016-03-31,2021-03-31,2026-03-31,2026-03-31,14.5167,9.7224,complete
119828,SBI ULTRA SHORT DURATION FUND - DIRECT PLAN - GROWTH,Debt,2018-03-31,2013-03-31,2013-03-31,2018-03-31,2023-03-31,2023-03-31,8.1995,6.0643,complete
119828,SBI ULTRA SHORT DURATION FUND - DIRECT PLAN - GROWTH,Debt,2019-03-31,2014-03-31,2014-03-31,2019-03-29,2024-03-31,2024-03-31,7.9867,5.8561,complete
119828,SBI ULTRA SHORT DURATION FUND - DIRECT PLAN - GROWTH,Debt,2020-03-31,2015-03-31,2015-03-31,2020-03-31,2025-03-31,2025-03-31,7.6697,5.8976,complete
119828,SBI ULTRA SHORT DURATION FUND - DIRECT PLAN - GROWTH,Debt,2021-03-31,2016-03-31,2016-03-31,2021-03-31,2026-03-31,2026-03-31,7.0811,6.1575,complete
119833,SBI OVERNIGHT FUND - DIRECT PLAN - GROWTH,Liquid/Money Market,2018-03-31,2013-03-31,2013-03-31,2018-03-31,2023-03-31,2023-03-31,7.6137,4.6385,complete
119833,SBI OVERNIGHT FUND - DIRECT PLAN - GROWTH,Liquid/Money Market,2019-03-31,2014-03-31,2014-03-31,2019-03-31,2024-03-31,2024-03-31,7.0274,4.7258,complete
119833,SBI OVERNIGHT FUND - DIRECT PLAN - GROWTH,Liquid/Money Market,2020-03-31,2015-03-31,2015-03-31,2020-03-31,2025-03-31,2025-03-31,6.3332,5.0039,complete
119833,SBI OVERNIGHT FUND - DIRECT PLAN - GROWTH,Liquid/Money Market,2021-03-31,2016-03-31,2016-03-31,2021-03-31,2026-03-31,2026-03-31,5.3651,5.4957,complete
119835,SBI CONTRA FUND - DIRECT PLAN - GROWTH,Other,2018-03-31,2013-03-31,2013-03-31,2018-04-02,2023-03-31,2023-03-31,15.6379,15.6095,complete
119835,SBI CONTRA FUND - DIRECT PLAN - GROWTH,Other,2019-03-31,2014-03-31,2014-03-31,2019-04-01,2024-03-31,2024-03-31,13.2175,25.5066,complete
119835,SBI CONTRA FUND - DIRECT PLAN - GROWTH,Other,2020-03-31,2015-03-31,2015-03-31,2020-03-31,2025-03-31,2025-03-31,-2.8206,37.6696,complete
119835,SBI CONTRA FUND - DIRECT PLAN - GROWTH,Other,2021-03-31,2016-03-31,2016-03-31,2021-03-31,2026-03-31,2026-03-31,13.6188,18.7468,complete
119839,SBI Conservative Hybrid Fund - Direct Plan - Growth,Hybrid,2018-03-31,2013-03-31,2013-03-31,2018-03-28,2023-03-31,2023-03-31,10.8388,8.752,complete
119839,SBI Conservative Hybrid Fund - Direct Plan - Growth,Hybrid,2019-03-31,2014-03-31,2014-03-31,2019-03-29,2024-03-31,2024-03-31,10.5046,10.821,complete
119839,SBI Conservative Hybrid Fund - Direct Plan - Growth,Hybrid,2020-03-31,2015-03-31,2015-03-31,2020-03-31,2025-03-31,2025-03-31,6.2465,13.1247,complete
119839,SBI Conservative Hybrid Fund - Direct Plan - Growth,Hybrid,2021-03-31,2016-03-31,2016-03-31,2021-03-31,2026-03-31,2026-03-31,9.4227,9.1982,complete
119843,SBI MULTI ASSET ALLOCATION FUND - DIRECT PLAN - GROWTH,Hybrid,2018-03-31,2013-03-31,2013-03-31,2018-03-28,2023-03-31,2023-03-31,11.5945,9.7411,complete
119843,SBI MULTI ASSET ALLOCATION FUND - DIRECT PLAN - GROWTH,Hybrid,2019-03-31,2014-03-31,2014-03-31,2019-03-29,2024-03-31,2024-03-31,10.4542,14.2471,complete
119843,SBI MULTI ASSET ALLOCATION FUND - DIRECT PLAN - GROWTH,Hybrid,2020-03-31,2015-03-31,2015-03-31,2020-03-31,2025-03-31,2025-03-31,6.3047,17.1557,complete
119843,SBI MULTI ASSET ALLOCATION FUND - DIRECT PLAN - GROWTH,Hybrid,2021-03-31,2016-03-31,2016-03-31,2021-03-31,2026-03-31,2026-03-31,9.6754,14.6848,complete
119861,Tata Liquid Fund- Direct Plan-Growth Option,Liquid/Money Market,2018-03-31,2013-03-31,2013-03-31,2018-03-31,2023-03-31,2023-03-31,171.8878,5.338,complete
119861,Tata Liquid Fund- Direct Plan-Growth Option,Liquid/Money Market,2019-03-31,2014-03-31,2014-03-31,2019-03-31,2024-03-31,2024-03-31,7.8123,5.2885,complete
119861,Tata Liquid Fund- Direct Plan-Growth Option,Liquid/Money Market,2020-03-31,2015-03-31,2015-03-31,2020-03-31,2025-03-31,2025-03-31,7.2662,5.4979,complete
119861,Tata Liquid Fund- Direct Plan-Growth Option,Liquid/Money Market,2021-03-31,2016-03-31,2016-03-31,2021-03-31,2026-03-31,2026-03-31,6.3467,6.0186,complete
119863,Tata Treasury Advantage Fund - Direct Plan - Growth Option,Other,2018-03-31,2013-03-31,2013-04-02,2018-03-28,2023-03-31,2023-03-31,8.6018,5.1578,complete
119863,Tata Treasury Advantage Fund - Direct Plan - Growth Option,Other,2019-03-31,2014-03-31,2014-04-02,2019-03-29,2024-03-31,2024-03-31,8.3105,5.0316,complete
119863,Tata Treasury Advantage Fund - Direct Plan - Growth Option,Other,2020-03-31,2015-03-31,2015-03-31,2020-03-31,2025-03-31,2025-03-31,6.7683,6.2628,complete
119863,Tata Treasury Advantage Fund - Direct Plan - Growth Option,Other,2021-03-31,2016-03-31,2016-03-31,2021-03-31,2026-03-31,2026-03-31,6.3851,6.2455,complete
119949,Tata Short Term Bond Fund - Direct Plan - Growth Option,Debt,2018-03-31,2013-03-31,2013-04-02,2018-03-28,2023-03-31,2023-03-31,9.0974,5.7451,complete
119949,Tata Short Term Bond Fund - Direct Plan - Growth Option,Debt,2019-03-31,2014-03-31,2014-04-02,2019-03-29,2024-03-31,2024-03-31,7.4665,7.0009,complete
119949,Tata Short Term Bond Fund - Direct Plan - Growth Option,Debt,2020-03-31,2015-03-31,2015-03-31,2020-03-31,2025-03-31,2025-03-31,7.1753,6.7535,complete
119949,Tata Short Term Bond Fund - Direct Plan - Growth Option,Debt,2021-03-31,2016-03-31,2016-03-31,2021-03-31,2026-03-31,2026-03-31,7.0536,6.2423,complete
119953,Tata Gilt Securities Fund- Direct Plan - Growth Option,Debt,2018-03-31,2013-03-31,2013-04-02,2018-03-28,2023-03-31,2023-03-31,9.4908,6.594,complete
119953,Tata Gilt Securities Fund- Direct Plan - Growth Option,Debt,2019-03-31,2014-03-31,2014-04-02,2019-03-29,2024-03-31,2024-03-31,9.7986,7.0958,complete
119953,Tata Gilt Securities Fund- Direct Plan - Growth Option,Debt,2020-03-31,2015-03-31,2015-03-31,2020-03-31,2025-03-31,2025-03-31,8.2422,6.5689,complete
119953,Tata Gilt Securities Fund- Direct Plan - Growth Option,Debt,2021-03-31,2016-03-31,2016-03-31,2021-03-31,2026-03-31,2026-03-31,8.2047,5.3913,complete
119960,Tata Equity Savings Fund- Direct Plan- Growth Option,Equity,2018-03-31,2013-03-31,2013-04-02,2018-04-02,2023-03-31,2023-03-31,8.4358,7.5783,complete
119960,Tata Equity Savings Fund- Direct Plan- Growth Option,Equity,2019-03-31,2014-03-31,2014-04-02,2019-04-01,2024-03-31,2024-03-31,8.2709,9.5831,complete
119960,Tata Equity Savings Fund- Direct Plan- Growth Option,Equity,2020-03-31,2015-03-31,2015-03-31,2020-03-31,2025-03-31,2025-03-31,3.7479,12.5871,complete
120030,HSBC Large Cap Fund - Direct Growth,Equity,2018-03-31,2013-03-31,2013-04-01,2018-04-02,2023-03-31,2023-03-31,14.9483,10.7551,complete
120030,HSBC Large Cap Fund - Direct Growth,Equity,2019-03-31,2014-03-31,2014-03-31,2019-04-01,2024-03-31,2024-03-31,13.2155,15.9422,complete
120030,HSBC Large Cap Fund - Direct Growth,Equity,2020-03-31,2015-03-31,2015-03-31,2020-03-31,2025-03-31,2025-03-31,2.6065,22.8274,complete
120030,HSBC Large Cap Fund - Direct Growth,Equity,2021-03-31,2016-03-31,2016-03-31,2021-03-31,2026-03-31,2026-03-31,14.93,10.7002,complete
120035,HSBC Brazil Fund - Growth Direct,Other,2018-03-31,2013-03-31,2013-04-02,2018-03-28,2023-03-31,2023-03-31,-2.9566,-4.613,complete
120035,HSBC Brazil Fund - Growth Direct,Other,2019-03-31,2014-03-31,2014-03-31,2019-04-01,2024-03-31,2024-03-31,0.3981,-1.7644,complete
120035,HSBC Brazil Fund - Growth Direct,Other,2020-03-31,2015-03-31,2015-03-31,2020-03-31,2025-03-31,2025-03-31,-1.9191,5.0932,complete
120035,HSBC Brazil Fund - Growth Direct,Other,2021-03-31,2016-03-31,2016-03-31,2021-03-31,2026-03-31,2026-03-31,5.9922,10.0059,complete
120038,HSBC Liquid Fund -  Growth Direct,Liquid/Money Market,2018-03-31,2013-03-31,2013-04-01,2018-04-02,2023-03-31,2023-03-31,8.1532,5.3092,complete
120038,HSBC Liquid Fund -  Growth Direct,Liquid/Money Market,2019-03-31,2014-03-31,2014-04-01,2019-04-01,2024-03-31,2024-03-31,7.787,5.2526,complete
120038,HSBC Liquid Fund -  Growth Direct,Liquid/Money Market,2020-03-31,2015-03-31,2015-03-31,2020-03-31,2025-03-31,2025-03-31,7.2138,5.4994,complete
120038,HSBC Liquid Fund -  Growth Direct,Liquid/Money Market,2021-03-31,2016-03-31,2016-03-31,2021-03-31,2026-03-31,2026-03-31,6.2886,6.0256,complete
120043,HSBC Global Emerging Market Fund - Growth Direct,FoF/International,2018-03-31,2013-03-31,2013-04-02,2018-03-28,2023-03-31,2023-03-31,7.5274,3.3389,complete
120043,HSBC Global Emerging Market Fund - Growth Direct,FoF/International,2019-03-31,2014-03-31,2014-03-31,2019-04-01,2024-03-31,2024-03-31,6.1723,5.2898,complete
120043,HSBC Global Emerging Market Fund - Growth Direct,FoF/International,2020-03-31,2015-03-31,2015-03-31,2020-03-31,2025-03-31,2025-03-31,3.07,9.3571,complete
120043,HSBC Global Emerging Market Fund - Growth Direct,FoF/International,2021-03-31,2016-03-31,2016-03-31,2021-03-31,2026-03-31,2026-03-31,15.0039,7.9383,complete
120046,HSBC Flexi Cap Fund - Direct Growth,Equity,2018-03-31,2013-03-31,2013-04-01,2018-04-02,2023-03-31,2023-03-31,20.5141,9.4605,complete
120046,HSBC Flexi Cap Fund - Direct Growth,Equity,2019-03-31,2014-03-31,2014-03-31,2019-04-01,2024-03-31,2024-03-31,15.7394,16.6431,complete
120046,HSBC Flexi Cap Fund - Direct Growth,Equity,2020-03-31,2015-03-31,2015-03-31,2020-03-31,2025-03-31,2025-03-31,0.1185,26.9429,complete
120046,HSBC Flexi Cap Fund - Direct Growth,Equity,2021-03-31,2016-03-31,2016-03-31,2021-03-31,2026-03-31,2026-03-31,12.87,13.4872,complete
120059,HSBC Medium to Long Duration Fund - Direct Growth,Debt,2018-03-31,2013-03-31,2013-04-02,2018-03-28,2023-03-31,2023-03-31,7.1905,6.3192,complete
120059,HSBC Medium to Long Duration Fund - Direct Growth,Debt,2019-03-31,2014-03-31,2014-04-02,2019-03-29,2024-03-31,2024-03-31,8.2472,6.3036,complete
120059,HSBC Medium to Long Duration Fund - Direct Growth,Debt,2020-03-31,2015-03-31,2015-03-31,2020-03-31,2025-03-31,2025-03-31,7.4479,5.8714,complete
120059,HSBC Medium to Long Duration Fund - Direct Growth,Debt,2021-03-31,2016-03-31,2016-03-31,2021-03-31,2026-03-31,2026-03-31,7.3624,5.3265,complete
120073,HSBC Conservative Hybrid Fund - Direct Growth,Hybrid,2018-03-31,2013-03-31,2013-04-02,2018-03-28,2023-03-31,2023-03-31,9.6928,7.4978,complete
120073,HSBC Conservative Hybrid Fund - Direct Growth,Hybrid,2019-03-31,2014-03-31,2014-04-02,2019-03-29,2024-03-31,2024-03-31,8.8827,9.3707,complete
120073,HSBC Conservative Hybrid Fund - Direct Growth,Hybrid,2020-03-31,2015-03-31,2015-03-31,2020-03-31,2025-03-31,2025-03-31,5.4335,11.3128,complete
120073,HSBC Conservative Hybrid Fund - Direct Growth,Hybrid,2021-03-31,2016-03-31,2016-03-31,2021-03-31,2026-03-31,2026-03-31,8.5926,8.1608,complete
120079,HSBC Tax Saver Equity Fund - Growth Direct,Equity,2018-03-31,2013-03-31,2013-04-01,2018-04-02,2023-03-31,2023-03-31,19.253,9.1018,complete
120079,HSBC Tax Saver Equity Fund - Growth Direct,Equity,2019-03-31,2014-03-31,2014-03-31,2019-04-01,2024-03-31,2024-03-31,15.09,16.3721,complete
120079,HSBC Tax Saver Equity Fund - Growth Direct,Equity,2020-03-31,2015-03-31,2015-03-31,2020-03-31,2025-03-31,2025-03-31,1.5338,26.4931,complete
120084,PGIM India Dynamic Bond Fund - Direct Plan-Growth Option,Debt,2018-03-31,2013-03-31,2013-04-02,2018-03-28,2023-03-31,2023-03-31,9.1555,7.2361,complete
120084,PGIM India Dynamic Bond Fund - Direct Plan-Growth Option,Debt,2019-03-31,2014-03-31,2014-04-02,2019-03-29,2024-03-31,2024-03-31,10.3334,7.2856,complete
120084,PGIM India Dynamic Bond Fund - Direct Plan-Growth Option,Debt,2020-03-31,2015-03-31,2015-03-31,2020-03-31,2025-03-31,2025-03-31,9.4401,6.9825,complete
120084,PGIM India Dynamic Bond Fund - Direct Plan-Growth Option,Debt,2021-03-31,2016-03-31,2016-03-31,2021-03-31,2026-03-31,2026-03-31,9.3563,6.2457,complete
120137,SBI CONSTANT MATURITY 10 YEAR GILT FUND - DIRECT PLAN - GROWTH,Debt,2018-03-31,2013-03-31,2013-03-31,2018-03-28,2023-03-31,2023-03-31,9.9952,7.7891,complete
120137,SBI CONSTANT MATURITY 10 YEAR GILT FUND - DIRECT PLAN - GROWTH,Debt,2019-03-31,2014-03-31,2014-03-31,2019-03-29,2024-03-31,2024-03-31,10.2733,7.449,complete
120137,SBI CONSTANT MATURITY 10 YEAR GILT FUND - DIRECT PLAN - GROWTH,Debt,2020-03-31,2015-03-31,2015-03-31,2020-03-31,2025-03-31,2025-03-31,10.5088,6.4966,complete
120137,SBI CONSTANT MATURITY 10 YEAR GILT FUND - DIRECT PLAN - GROWTH,Debt,2021-03-31,2016-03-31,2016-03-31,2021-03-31,2026-03-31,2026-03-31,9.9008,5.8505,complete
120152,Kotak Large Cap  Fund - Growth - Direct,Equity,2018-03-31,2013-03-31,2013-04-01,2018-04-02,2023-03-31,2023-03-31,16.3078,12.7561,complete
120152,Kotak Large Cap  Fund - Growth - Direct,Equity,2019-03-31,2014-03-31,2014-03-31,2019-04-01,2024-03-31,2024-03-31,15.3232,17.3014,complete
120152,Kotak Large Cap  Fund - Growth - Direct,Equity,2020-03-31,2015-03-31,2015-03-31,2020-03-31,2025-03-31,2025-03-31,2.3957,25.1301,complete
120152,Kotak Large Cap  Fund - Growth - Direct,Equity,2021-03-31,2016-03-31,2016-03-31,2021-03-31,2026-03-31,2026-03-31,15.0376,11.7098,complete
120154,Kotak Debt Hybrid - Growth - Direct,Debt,2018-03-31,2013-03-31,2013-04-02,2018-03-28,2023-03-31,2023-03-31,11.334,9.9154,complete
120154,Kotak Debt Hybrid - Growth - Direct,Debt,2019-03-31,2014-03-31,2014-04-02,2019-04-01,2024-03-31,2024-03-31,10.7421,12.5405,complete
120154,Kotak Debt Hybrid - Growth - Direct,Debt,2020-03-31,2015-03-31,2015-03-31,2020-03-31,2025-03-31,2025-03-31,7.1819,14.3099,complete
120154,Kotak Debt Hybrid - Growth - Direct,Debt,2021-03-31,2016-03-31,2016-03-31,2021-03-31,2026-03-31,2026-03-31,11.0207,9.621,complete
120158,Kotak Large & Midcap Fund - Direct- Growth,Other,2018-03-31,2013-03-31,2013-04-01,2018-04-02,2023-03-31,2023-03-31,20.6995,13.8802,complete
120158,Kotak Large & Midcap Fund - Direct- Growth,Other,2019-03-31,2014-03-31,2014-03-31,2019-04-01,2024-03-31,2024-03-31,18.2442,20.2707,complete
120158,Kotak Large & Midcap Fund - Direct- Growth,Other,2020-03-31,2015-03-31,2015-03-31,2020-03-31,2025-03-31,2025-03-31,4.1807,28.1839,complete
120158,Kotak Large & Midcap Fund - Direct- Growth,Other,2021-03-31,2016-03-31,2016-03-31,2021-03-31,2026-03-31,2026-03-31,17.333,15.1486,complete
120164,Kotak-Small Cap Fund - Growth - Direct,Equity,2018-03-31,2013-03-31,2013-04-01,2018-04-02,2023-03-31,2023-03-31,26.0362,16.5052,complete
120164,Kotak-Small Cap Fund - Growth - Direct,Equity,2019-03-31,2014-03-31,2014-03-31,2019-04-01,2024-03-31,2024-03-31,20.1165,26.3745,complete
120164,Kotak-Small Cap Fund - Growth - Direct,Equity,2020-03-31,2015-03-31,2015-03-31,2020-03-31,2025-03-31,2025-03-31,1.9913,36.8848,complete
120164,Kotak-Small Cap Fund - Growth - Direct,Equity,2021-03-31,2016-03-31,2016-03-31,2021-03-31,2026-03-31,2026-03-31,19.802,14.1839,complete
120166,Kotak Flexicap Fund - Growth - Direct,Other,2018-03-31,2013-03-31,2013-04-01,2018-04-02,2023-03-31,2023-03-31,22.4862,11.6358,complete
120166,Kotak Flexicap Fund - Growth - Direct,Other,2019-03-31,2014-03-31,2014-03-31,2019-04-01,2024-03-31,2024-03-31,19.9752,16.0542,complete
120166,Kotak Flexicap Fund - Growth - Direct,Other,2020-03-31,2015-03-31,2015-03-31,2020-03-31,2025-03-31,2025-03-31,4.5514,24.5645,complete
120166,Kotak Flexicap Fund - Growth - Direct,Other,2021-03-31,2016-03-31,2016-03-31,2021-03-31,2026-03-31,2026-03-31,16.4199,12.2498,complete
120186,ICICI Prudential US Bluechip Equity Fund - Direct Plan -  Growth,Equity,2018-03-31,2013-03-31,2013-04-01,2018-04-02,2023-03-31,2023-03-31,15.1219,18.0918,complete
120186,ICICI Prudential US Bluechip Equity Fund - Direct Plan -  Growth,Equity,2019-03-31,2014-03-31,2014-03-31,2019-04-01,2024-03-31,2024-03-31,12.3965,18.3534,complete
120186,ICICI Prudential US Bluechip Equity Fund - Direct Plan -  Growth,Equity,2020-03-31,2015-03-31,2015-03-31,2020-03-31,2025-03-31,2025-03-31,11.3041,16.8492,complete
120186,ICICI Prudential US Bluechip Equity Fund - Direct Plan -  Growth,Equity,2021-03-31,2016-03-31,2016-03-31,2021-03-31,2026-03-31,2026-03-31,18.6708,12.4117,complete
120197,ICICI Prudential Liquid Fund - Direct Plan - Growth,Liquid/Money Market,2018-03-31,2013-03-31,2013-04-01,2018-03-31,2023-03-31,2023-03-31,8.1904,5.3192,complete
120197,ICICI Prudential Liquid Fund - Direct Plan - Growth,Liquid/Money Market,2019-03-31,2014-03-31,2014-03-31,2019-03-31,2024-03-31,2024-03-31,7.7959,5.2714,complete
120197,ICICI Prudential Liquid Fund - Direct Plan - Growth,Liquid/Money Market,2020-03-31,2015-03-31,2015-03-31,2020-03-31,2025-03-31,2025-03-31,7.24,5.4972,complete
120197,ICICI Prudential Liquid Fund - Direct Plan - Growth,Liquid/Money Market,2021-03-31,2016-03-31,2016-03-31,2021-03-31,2026-03-31,2026-03-31,6.3231,5.9945,complete
120211,ICICI Prudential Money Market Fund Option - Direct Plan -  Growth,Liquid/Money Market,2018-03-31,2013-03-31,2013-04-01,2018-04-02,2023-03-31,2023-03-31,8.1851,6.1645,complete
120211,ICICI Prudential Money Market Fund Option - Direct Plan -  Growth,Liquid/Money Market,2019-03-31,2014-03-31,2014-03-31,2019-03-29,2024-03-31,2024-03-31,7.9577,6.0641,complete
120211,ICICI Prudential Money Market Fund Option - Direct Plan -  Growth,Liquid/Money Market,2020-03-31,2015-03-31,2015-03-31,2020-03-31,2025-03-31,2025-03-31,7.6117,6.1676,complete
120211,ICICI Prudential Money Market Fund Option - Direct Plan -  Growth,Liquid/Money Market,2021-03-31,2016-03-31,2016-03-31,2021-03-31,2026-03-31,2026-03-31,7.0992,6.367,complete
120242,ICICI Prudential Multi Sector Passive FOF - Direct Plan - Growth,FoF/International,2018-03-31,2013-03-31,2013-04-01,2018-04-02,2023-03-31,2023-03-31,12.9174,10.9165,complete
120242,ICICI Prudential Multi Sector Passive FOF - Direct Plan - Growth,FoF/International,2019-03-31,2014-03-31,2014-03-31,2019-04-01,2024-03-31,2024-03-31,11.926,16.1554,complete
120242,ICICI Prudential Multi Sector Passive FOF - Direct Plan - Growth,FoF/International,2020-03-31,2015-03-31,2015-03-31,2020-03-31,2025-03-31,2025-03-31,1.0482,25.6573,complete
120242,ICICI Prudential Multi Sector Passive FOF - Direct Plan - Growth,FoF/International,2021-03-31,2016-03-31,2016-03-31,2021-03-31,2026-03-31,2026-03-31,12.4879,13.0716,complete
120244,ICICI Prudential Banking and Financial Services Fund - Direct Plan -  Growth,Other,2018-03-31,2013-03-31,2013-04-01,2018-04-02,2023-03-31,2023-03-31,23.7961,9.5437,complete
120244,ICICI Prudential Banking and Financial Services Fund - Direct Plan -  Growth,Other,2019-03-31,2014-03-31,2014-03-31,2019-04-01,2024-03-31,2024-03-31,23.7659,11.2153,complete
120244,ICICI Prudential Banking and Financial Services Fund - Direct Plan -  Growth,Other,2020-03-31,2015-03-31,2015-03-31,2020-03-31,2025-03-31,2025-03-31,3.3274,25.8013,complete
120244,ICICI Prudential Banking and Financial Services Fund - Direct Plan -  Growth,Other,2021-03-31,2016-03-31,2016-03-31,2021-03-31,2026-03-31,2026-03-31,18.2188,11.0916,complete
120249,LIC MF Liquid Fund-Direct Plan-Growth,Liquid/Money Market,2018-03-31,2013-03-31,2013-03-31,2018-03-31,2023-03-31,2023-03-31,8.1692,5.3399,complete
120249,LIC MF Liquid Fund-Direct Plan-Growth,Liquid/Money Market,2019-03-31,2014-03-31,2014-03-31,2019-03-31,2024-03-31,2024-03-31,7.8111,5.2876,complete
120249,LIC MF Liquid Fund-Direct Plan-Growth,Liquid/Money Market,2020-03-31,2015-03-31,2015-03-31,2020-03-31,2025-03-31,2025-03-31,7.2791,5.4968,complete
120249,LIC MF Liquid Fund-Direct Plan-Growth,Liquid/Money Market,2021-03-31,2016-03-31,2016-03-31,2021-03-31,2026-03-31,2026-03-31,6.3494,6.0037,complete
120251,ICICI Prudential Equity & Debt Fund - Direct Plan - Growth,Equity,2018-03-31,2013-03-31,2013-04-01,2018-04-02,2023-03-31,2023-03-31,19.4022,14.4982,complete
120251,ICICI Prudential Equity & Debt Fund - Direct Plan - Growth,Equity,2019-03-31,2014-03-31,2014-03-31,2019-04-01,2024-03-31,2024-03-31,16.7288,20.6995,complete
120251,ICICI Prudential Equity & Debt Fund - Direct Plan - Growth,Equity,2020-03-31,2015-03-31,2015-03-31,2020-03-31,2025-03-31,2025-03-31,4.0915,29.0348,complete
120251,ICICI Prudential Equity & Debt Fund - Direct Plan - Growth,Equity,2021-03-31,2016-03-31,2016-03-31,2021-03-31,2026-03-31,2026-03-31,14.7735,17.8585,complete
120256,ICICI Prudential Banking and PSU Debt Fund - Direct Plan -  Growth,Debt,2018-03-31,2013-03-31,2013-04-02,2018-03-28,2023-03-31,2023-03-31,9.3236,7.1051,complete
120256,ICICI Prudential Banking and PSU Debt Fund - Direct Plan -  Growth,Debt,2019-03-31,2014-03-31,2014-03-31,2019-03-29,2024-03-31,2024-03-31,8.8939,7.3731,complete
120256,ICICI Prudential Banking and PSU Debt Fund - Direct Plan -  Growth,Debt,2020-03-31,2015-03-31,2015-03-31,2020-03-31,2025-03-31,2025-03-31,8.6758,7.1381,complete
120256,ICICI Prudential Banking and PSU Debt Fund - Direct Plan -  Growth,Debt,2021-03-31,2016-03-31,2016-03-31,2021-03-31,2026-03-31,2026-03-31,8.5376,6.6569,complete
120261,LIC MF Aggressive Hybrid Fund-Direct Plan-Growth,Hybrid,2018-03-31,2013-03-31,2013-04-01,2018-04-02,2023-03-31,2023-03-31,10.9953,8.3855,complete
120261,LIC MF Aggressive Hybrid Fund-Direct Plan-Growth,Hybrid,2019-03-31,2014-03-31,2014-04-02,2019-04-01,2024-03-31,2024-03-31,9.8344,12.1171,complete
120261,LIC MF Aggressive Hybrid Fund-Direct Plan-Growth,Hybrid,2020-03-31,2015-03-31,2015-03-31,2020-03-31,2025-03-31,2025-03-31,1.5004,16.5858,complete
120261,LIC MF Aggressive Hybrid Fund-Direct Plan-Growth,Hybrid,2021-03-31,2016-03-31,2016-03-31,2021-03-31,2026-03-31,2026-03-31,11.0729,8.8271,complete
120264,LIC MF Flexi Cap Fund-Direct Plan-Growth,Equity,2018-03-31,2013-03-31,2013-04-01,2018-04-02,2023-03-31,2023-03-31,11.6768,8.8456,complete
120264,LIC MF Flexi Cap Fund-Direct Plan-Growth,Equity,2019-03-31,2014-03-31,2014-04-01,2019-04-01,2024-03-31,2024-03-31,9.7198,13.9881,complete
120264,LIC MF Flexi Cap Fund-Direct Plan-Growth,Equity,2020-03-31,2015-03-31,2015-03-31,2020-03-31,2025-03-31,2025-03-31,-0.2531,18.5111,complete
120264,LIC MF Flexi Cap Fund-Direct Plan-Growth,Equity,2021-03-31,2016-03-31,2016-03-31,2021-03-31,2026-03-31,2026-03-31,10.6891,9.6332,complete
120267,LIC MF Large Cap Fund-Direct Plan-Growth,Equity,2018-03-31,2013-03-31,2013-04-01,2018-04-02,2023-03-31,2023-03-31,14.9686,10.9772,complete
120267,LIC MF Large Cap Fund-Direct Plan-Growth,Equity,2019-03-31,2014-03-31,2014-04-01,2019-04-01,2024-03-31,2024-03-31,12.9594,14.5691,complete
120267,LIC MF Large Cap Fund-Direct Plan-Growth,Equity,2020-03-31,2015-03-31,2015-03-31,2020-03-31,2025-03-31,2025-03-31,2.348,19.5928,complete
120267,LIC MF Large Cap Fund-Direct Plan-Growth,Equity,2021-03-31,2016-03-31,2016-03-31,2021-03-31,2026-03-31,2026-03-31,13.6114,8.6992,complete
120270,LIC MF ELSS Tax Saver-Direct Plan-Growth,Equity,2018-03-31,2013-03-31,2013-04-01,2018-04-02,2023-03-31,2023-03-31,18.3183,9.9881,complete
120270,LIC MF ELSS Tax Saver-Direct Plan-Growth,Equity,2019-03-31,2014-03-31,2014-04-01,2019-04-01,2024-03-31,2024-03-31,15.53,15.2438,complete
120270,LIC MF ELSS Tax Saver-Direct Plan-Growth,Equity,2020-03-31,2015-03-31,2015-03-31,2020-03-31,2025-03-31,2025-03-31,1.9983,23.809,complete
120270,LIC MF ELSS Tax Saver-Direct Plan-Growth,Equity,2021-03-31,2016-03-31,2016-03-31,2021-03-31,2026-03-31,2026-03-31,14.1133,11.1602,complete
120276,LIC MF Conservative Hybrid Fund-Direct Plan-Growth,Hybrid,2018-03-31,2013-03-31,2013-04-01,2018-03-28,2023-03-31,2023-03-31,8.3337,6.8805,complete
120276,LIC MF Conservative Hybrid Fund-Direct Plan-Growth,Hybrid,2019-03-31,2014-03-31,2014-04-02,2019-03-29,2024-03-31,2024-03-31,7.6185,7.4658,complete
120276,LIC MF Conservative Hybrid Fund-Direct Plan-Growth,Hybrid,2020-03-31,2015-03-31,2015-03-31,2020-03-31,2025-03-31,2025-03-31,6.2875,8.1298,complete
120276,LIC MF Conservative Hybrid Fund-Direct Plan-Growth,Hybrid,2021-03-31,2016-03-31,2016-03-31,2021-03-31,2026-03-31,2026-03-31,8.2355,6.0651,complete
120279,LIC MF Medium to Long Duration Fund-Direct Plan-Growth,Debt,2018-03-31,2013-03-31,2013-04-01,2018-03-28,2023-03-31,2023-03-31,7.5884,6.1724,complete
120279,LIC MF Medium to Long Duration Fund-Direct Plan-Growth,Debt,2019-03-31,2014-03-31,2014-04-02,2019-03-29,2024-03-31,2024-03-31,7.9955,6.583,complete
120279,LIC MF Medium to Long Duration Fund-Direct Plan-Growth,Debt,2020-03-31,2015-03-31,2015-03-31,2020-03-31,2025-03-31,2025-03-31,7.4062,6.3845,complete
120279,LIC MF Medium to Long Duration Fund-Direct Plan-Growth,Debt,2021-03-31,2016-03-31,2016-03-31,2021-03-31,2026-03-31,2026-03-31,7.6334,5.9244,complete
120282,LIC MF Gilt Fund-Direct Plan-Growth,Debt,2018-03-31,2013-03-31,2013-04-01,2018-03-28,2023-03-31,2023-03-31,7.6143,7.5187,complete
120282,LIC MF Gilt Fund-Direct Plan-Growth,Debt,2019-03-31,2014-03-31,2014-04-02,2019-03-29,2024-03-31,2024-03-31,9.7,7.2545,complete
120282,LIC MF Gilt Fund-Direct Plan-Growth,Debt,2020-03-31,2015-03-31,2015-03-31,2020-03-31,2025-03-31,2025-03-31,8.8851,6.3475,complete
120282,LIC MF Gilt Fund-Direct Plan-Growth,Debt,2021-03-31,2016-03-31,2016-03-31,2021-03-31,2026-03-31,2026-03-31,9.1268,4.4362,complete
120285,LIC MF Children's Fund-Direct Plan-Growth,Other,2018-03-31,2013-03-31,2013-04-01,2018-04-02,2023-03-31,2023-03-31,11.3773,7.5892,complete
120285,LIC MF Children's Fund-Direct Plan-Growth,Other,2019-03-31,2014-03-31,2014-04-02,2019-04-01,2024-03-31,2024-03-31,9.4077,12.382,complete
120285,LIC MF Children's Fund-Direct Plan-Growth,Other,2020-03-31,2015-03-31,2015-03-31,2020-03-31,2025-03-31,2025-03-31,0.7649,16.9528,complete
120285,LIC MF Children's Fund-Direct Plan-Growth,Other,2021-03-31,2016-03-31,2016-03-31,2021-03-31,2026-03-31,2026-03-31,8.6233,7.2633,complete
120299,UTI MMF - Direct Plan - Growth Option,Other,2018-03-31,2013-03-31,2013-03-31,2018-03-31,2023-03-31,2023-03-31,8.2176,6.2086,complete
120299,UTI MMF - Direct Plan - Growth Option,Other,2019-03-31,2014-03-31,2014-03-31,2019-03-29,2024-03-31,2024-03-31,8.0135,6.0665,complete
120299,UTI MMF - Direct Plan - Growth Option,Other,2020-03-31,2015-03-31,2015-03-31,2020-03-31,2025-03-31,2025-03-31,7.6565,6.181,complete
120299,UTI MMF - Direct Plan - Growth Option,Other,2021-03-31,2016-03-31,2016-03-31,2021-03-31,2026-03-31,2026-03-31,7.1136,6.4019,complete
120304,UTI Liquid Fund - Direct Plan - Growth Option,Liquid/Money Market,2018-03-31,2013-03-31,2013-03-31,2018-03-31,2023-03-31,2023-03-31,8.1425,5.3355,complete
120304,UTI Liquid Fund - Direct Plan - Growth Option,Liquid/Money Market,2019-03-31,2014-03-31,2014-03-31,2019-03-31,2024-03-31,2024-03-31,7.7873,5.2737,complete
120304,UTI Liquid Fund - Direct Plan - Growth Option,Liquid/Money Market,2020-03-31,2015-03-31,2015-03-31,2020-03-31,2025-03-31,2025-03-31,7.2288,5.5092,complete
120304,UTI Liquid Fund - Direct Plan - Growth Option,Liquid/Money Market,2021-03-31,2016-03-31,2016-03-31,2021-03-31,2026-03-31,2026-03-31,6.3123,6.0313,complete
120307,LIC MF Nifty 50 Index Fund-Direct Plan-Growth,Other,2018-03-31,2013-03-31,2013-04-01,2018-04-02,2023-03-31,2023-03-31,12.6493,11.9435,complete
120307,LIC MF Nifty 50 Index Fund-Direct Plan-Growth,Other,2019-03-31,2014-03-31,2014-04-01,2019-04-01,2024-03-31,2024-03-31,11.9916,14.6476,complete
120307,LIC MF Nifty 50 Index Fund-Direct Plan-Growth,Other,2020-03-31,2015-03-31,2015-03-31,2020-03-31,2025-03-31,2025-03-31,0.7128,23.1179,complete
120307,LIC MF Nifty 50 Index Fund-Direct Plan-Growth,Other,2021-03-31,2016-03-31,2016-03-31,2021-03-31,2026-03-31,2026-03-31,14.0216,9.6093,complete
120308,LIC MF BSE Sensex Index Fund-Direct Plan-Growth,Other,2018-03-31,2013-03-31,2013-04-01,2018-04-02,2023-03-31,2023-03-31,12.2605,12.861,complete
120308,LIC MF BSE Sensex Index Fund-Direct Plan-Growth,Other,2019-03-31,2014-03-31,2014-04-01,2019-04-01,2024-03-31,2024-03-31,11.803,14.4929,complete
120308,LIC MF BSE Sensex Index Fund-Direct Plan-Growth,Other,2020-03-31,2015-03-31,2015-03-31,2020-03-31,2025-03-31,2025-03-31,1.4423,22.1084,complete
120308,LIC MF BSE Sensex Index Fund-Direct Plan-Growth,Other,2021-03-31,2016-03-31,2016-03-31,2021-03-31,2026-03-31,2026-03-31,14.7315,8.5774,complete
120313,ICICI Prudential Income plus Arbitrage Omni FOF - Direct Plan - Growth,Debt,2019-03-31,2014-03-31,2014-03-31,2019-03-29,2024-03-31,2024-03-31,8.8785,10.716,complete
120313,ICICI Prudential Income plus Arbitrage Omni FOF - Direct Plan - Growth,Debt,2020-03-31,2015-03-31,2015-03-31,2020-03-31,2025-03-31,2025-03-31,4.4897,13.9082,complete
120313,ICICI Prudential Income plus Arbitrage Omni FOF - Direct Plan - Growth,Debt,2021-03-31,2016-03-31,2016-03-31,2021-03-31,2026-03-31,2026-03-31,8.7831,10.4619,complete
120315,LIC MF Low Duration Fund-Direct Plan-Growth,Debt,2018-03-31,2013-03-31,2013-04-01,2018-03-28,2023-03-31,2023-03-31,8.6504,5.5822,complete
120315,LIC MF Low Duration Fund-Direct Plan-Growth,Debt,2019-03-31,2014-03-31,2014-04-02,2019-03-29,2024-03-31,2024-03-31,8.4516,5.436,complete
120315,LIC MF Low Duration Fund-Direct Plan-Growth,Debt,2020-03-31,2015-03-31,2015-03-31,2020-03-31,2025-03-31,2025-03-31,7.1493,6.4061,complete
120315,LIC MF Low Duration Fund-Direct Plan-Growth,Debt,2021-03-31,2016-03-31,2016-03-31,2021-03-31,2026-03-31,2026-03-31,6.9678,6.2299,complete
120323,ICICI Prudential Value Fund (erstwhile Value Discovery Fund) - Direct Plan - Growth,Other,2018-03-31,2013-03-31,2013-04-01,2018-04-02,2023-03-31,2023-03-31,22.2936,14.9624,complete
120323,ICICI Prudential Value Fund (erstwhile Value Discovery Fund) - Direct Plan - Growth,Other,2019-03-31,2014-03-31,2014-03-31,2019-04-01,2024-03-31,2024-03-31,17.6087,22.4831,complete
120323,ICICI Prudential Value Fund (erstwhile Value Discovery Fund) - Direct Plan - Growth,Other,2020-03-31,2015-03-31,2015-03-31,2020-03-31,2025-03-31,2025-03-31,-0.5744,33.5455,complete
120323,ICICI Prudential Value Fund (erstwhile Value Discovery Fund) - Direct Plan - Growth,Other,2021-03-31,2016-03-31,2016-03-31,2021-03-31,2026-03-31,2026-03-31,13.0569,18.3963,complete
120333,Invesco India Balanced Advantage Fund - Direct Plan - Growth,Hybrid,2018-03-31,2013-03-31,2013-04-01,2018-04-02,2023-03-31,2023-03-31,17.4496,7.2437,complete
120333,Invesco India Balanced Advantage Fund - Direct Plan - Growth,Hybrid,2019-03-31,2014-03-31,2014-03-31,2019-04-01,2024-03-31,2024-03-31,13.6417,11.9548,complete
120333,Invesco India Balanced Advantage Fund - Direct Plan - Growth,Hybrid,2020-03-31,2015-03-31,2015-03-31,2020-03-31,2025-03-31,2025-03-31,3.7137,17.0356,complete
120333,Invesco India Balanced Advantage Fund - Direct Plan - Growth,Hybrid,2021-03-31,2016-03-31,2016-03-31,2021-03-31,2026-03-31,2026-03-31,11.5952,9.7272,complete
120334,ICICI Prudential Multi-Asset Fund - Direct Plan - Growth,Other,2018-03-31,2013-03-31,2013-04-01,2018-04-02,2023-03-31,2023-03-31,18.7388,14.4518,complete
120334,ICICI Prudential Multi-Asset Fund - Direct Plan - Growth,Other,2019-03-31,2014-03-31,2014-03-31,2019-04-01,2024-03-31,2024-03-31,14.4233,19.5118,complete
120334,ICICI Prudential Multi-Asset Fund - Direct Plan - Growth,Other,2020-03-31,2015-03-31,2015-03-31,2020-03-31,2025-03-31,2025-03-31,3.1443,28.6871,complete
120334,ICICI Prudential Multi-Asset Fund - Direct Plan - Growth,Other,2021-03-31,2016-03-31,2016-03-31,2021-03-31,2026-03-31,2026-03-31,14.4866,18.7938,complete
120338,LIC MF Banking & PSU Fund-Direct Plan-Growth,Other,2018-03-31,2013-03-31,2013-04-01,2018-03-28,2023-03-31,2023-03-31,7.817,6.8505,complete
120338,LIC MF Banking & PSU Fund-Direct Plan-Growth,Other,2019-03-31,2014-03-31,2014-04-02,2019-03-29,2024-03-31,2024-03-31,7.8988,6.5337,complete
120338,LIC MF Banking & PSU Fund-Direct Plan-Growth,Other,2020-03-31,2015-03-31,2015-03-31,2020-03-31,2025-03-31,2025-03-31,8.1538,6.3365,complete
120338,LIC MF Banking & PSU Fund-Direct Plan-Growth,Other,2021-03-31,2016-03-31,2016-03-31,2021-03-31,2026-03-31,2026-03-31,8.2398,6.0591,complete
120348,Invesco India Contra Fund - Direct Plan - Growth,Other,2018-03-31,2013-03-31,2013-04-01,2018-04-02,2023-03-31,2023-03-31,24.9327,12.2891,complete
120348,Invesco India Contra Fund - Direct Plan - Growth,Other,2019-03-31,2014-03-31,2014-03-31,2019-04-01,2024-03-31,2024-03-31,21.4945,18.757,complete
120348,Invesco India Contra Fund - Direct Plan - Growth,Other,2020-03-31,2015-03-31,2015-03-31,2020-03-31,2025-03-31,2025-03-31,4.4957,29.2708,complete
120348,Invesco India Contra Fund - Direct Plan - Growth,Other,2021-03-31,2016-03-31,2016-03-31,2021-03-31,2026-03-31,2026-03-31,17.7619,14.4184,complete
120351,LIC MF Infrastructure Fund-Direct Plan-Growth,Other,2018-03-31,2013-03-31,2013-04-01,2018-04-02,2023-03-31,2023-03-31,14.3298,11.3103,complete
120351,LIC MF Infrastructure Fund-Direct Plan-Growth,Other,2019-03-31,2014-03-31,2014-04-01,2019-04-01,2024-03-31,2024-03-31,11.513,22.5239,complete
120351,LIC MF Infrastructure Fund-Direct Plan-Growth,Other,2020-03-31,2015-03-31,2015-03-31,2020-03-31,2025-03-31,2025-03-31,-2.6008,35.2616,complete
120351,LIC MF Infrastructure Fund-Direct Plan-Growth,Other,2021-03-31,2016-03-31,2016-03-31,2021-03-31,2026-03-31,2026-03-31,11.582,22.7083,complete
120357,Invesco India Large & Mid Cap Fund - Direct Plan - Growth,Equity,2018-03-31,2013-03-31,2013-04-01,2018-04-02,2023-03-31,2023-03-31,20.9723,10.884,complete
120357,Invesco India Large & Mid Cap Fund - Direct Plan - Growth,Equity,2019-03-31,2014-03-31,2014-03-31,2019-04-01,2024-03-31,2024-03-31,18.2593,18.479,complete
120357,Invesco India Large & Mid Cap Fund - Direct Plan - Growth,Equity,2020-03-31,2015-03-31,2015-03-31,2020-03-31,2025-03-31,2025-03-31,4.1668,27.9513,complete
120357,Invesco India Large & Mid Cap Fund - Direct Plan - Growth,Equity,2021-03-31,2016-03-31,2016-03-31,2021-03-31,2026-03-31,2026-03-31,16.4132,16.1773,complete
120364,ICICI Prudential Arbitrage Fund - Direct Plan - Growth,Arbitrage,2018-03-31,2013-03-31,2013-04-01,2018-04-02,2023-03-31,2023-03-31,7.9755,5.5251,complete
120364,ICICI Prudential Arbitrage Fund - Direct Plan - Growth,Arbitrage,2019-03-31,2014-03-31,2014-03-31,2019-04-01,2024-03-31,2024-03-31,7.3126,5.8203,complete
120364,ICICI Prudential Arbitrage Fund - Direct Plan - Growth,Arbitrage,2020-03-31,2015-03-31,2015-03-31,2020-03-31,2025-03-31,2025-03-31,6.8722,6.0245,complete
120364,ICICI Prudential Arbitrage Fund - Direct Plan - Growth,Arbitrage,2021-03-31,2016-03-31,2016-03-31,2021-03-31,2026-03-31,2026-03-31,6.2087,6.5822,complete
120377,ICICI Prudential Balanced Advantage Fund - Direct Plan -  Growth,Hybrid,2018-03-31,2013-03-31,2013-04-01,2018-04-02,2023-03-31,2023-03-31,16.1942,10.3331,complete
120377,ICICI Prudential Balanced Advantage Fund - Direct Plan -  Growth,Hybrid,2019-03-31,2014-03-31,2014-03-31,2019-04-01,2024-03-31,2024-03-31,13.4274,13.4093,complete
120377,ICICI Prudential Balanced Advantage Fund - Direct Plan -  Growth,Hybrid,2020-03-31,2015-03-31,2015-03-31,2020-03-31,2025-03-31,2025-03-31,4.9868,18.543,complete
120377,ICICI Prudential Balanced Advantage Fund - Direct Plan -  Growth,Hybrid,2021-03-31,2016-03-31,2016-03-31,2021-03-31,2026-03-31,2026-03-31,12.6108,10.853,complete
120381,ICICI Prudential MidCap Fund - Direct Plan -  Growth,Other,2018-03-31,2013-03-31,2013-04-01,2018-04-02,2023-03-31,2023-03-31,27.5467,10.5076,complete
120381,ICICI Prudential MidCap Fund - Direct Plan -  Growth,Other,2019-03-31,2014-03-31,2014-03-31,2019-04-01,2024-03-31,2024-03-31,20.4695,21.0352,complete
120381,ICICI Prudential MidCap Fund - Direct Plan -  Growth,Other,2020-03-31,2015-03-31,2015-03-31,2020-03-31,2025-03-31,2025-03-31,-0.5475,33.2552,complete
120381,ICICI Prudential MidCap Fund - Direct Plan -  Growth,Other,2021-03-31,2016-03-31,2016-03-31,2021-03-31,2026-03-31,2026-03-31,15.4232,18.8197,complete
120385,Invesco India Financial Services Fund - Direct Plan - Growth,Other,2018-03-31,2013-03-31,2013-04-01,2018-04-02,2023-03-31,2023-03-31,20.5524,10.84,complete
120385,Invesco India Financial Services Fund - Direct Plan - Growth,Other,2019-03-31,2014-03-31,2014-03-31,2019-04-01,2024-03-31,2024-03-31,21.2613,15.2667,complete
120385,Invesco India Financial Services Fund - Direct Plan - Growth,Other,2020-03-31,2015-03-31,2015-03-31,2020-03-31,2025-03-31,2025-03-31,5.4252,26.0267,complete
120385,Invesco India Financial Services Fund - Direct Plan - Growth,Other,2021-03-31,2016-03-31,2016-03-31,2021-03-31,2026-03-31,2026-03-31,18.0772,15.0693,complete
120389,Axis Liquid Fund - Direct Plan - Growth Option,Liquid/Money Market,2018-03-31,2013-03-31,2013-03-31,2018-03-31,2023-03-31,2023-03-31,8.1945,5.3469,complete
120389,Axis Liquid Fund - Direct Plan - Growth Option,Liquid/Money Market,2019-03-31,2014-03-31,2014-03-31,2019-03-31,2024-03-31,2024-03-31,7.833,5.2922,complete
120389,Axis Liquid Fund - Direct Plan - Growth Option,Liquid/Money Market,2020-03-31,2015-03-31,2015-03-31,2020-03-31,2025-03-31,2025-03-31,7.2796,5.52,complete
120389,Axis Liquid Fund - Direct Plan - Growth Option,Liquid/Money Market,2021-03-31,2016-03-31,2016-03-31,2021-03-31,2026-03-31,2026-03-31,6.3508,6.0498,complete
120392,Invesco India Largecap Fund - Direct Plan - Growth,Other,2018-03-31,2013-03-31,2013-04-01,2018-04-02,2023-03-31,2023-03-31,17.9999,11.0134,complete
120392,Invesco India Largecap Fund - Direct Plan - Growth,Other,2019-03-31,2014-03-31,2014-03-31,2019-04-01,2024-03-31,2024-03-31,16.0888,16.9235,complete
120392,Invesco India Largecap Fund - Direct Plan - Growth,Other,2020-03-31,2015-03-31,2015-03-31,2020-03-31,2025-03-31,2025-03-31,2.3671,25.082,complete
120392,Invesco India Largecap Fund - Direct Plan - Growth,Other,2021-03-31,2016-03-31,2016-03-31,2021-03-31,2026-03-31,2026-03-31,13.8944,13.18,complete
120395,Invesco India PSU Equity Fund - Direct Plan - Growth,Equity,2018-03-31,2013-03-31,2013-04-01,2018-04-02,2023-03-31,2023-03-31,15.1402,12.4531,complete
120395,Invesco India PSU Equity Fund - Direct Plan - Growth,Equity,2019-03-31,2014-03-31,2014-03-31,2019-04-01,2024-03-31,2024-03-31,14.8395,27.1272,complete
120395,Invesco India PSU Equity Fund - Direct Plan - Growth,Equity,2020-03-31,2015-03-31,2015-03-31,2020-03-31,2025-03-31,2025-03-31,3.9905,32.2254,complete
120395,Invesco India PSU Equity Fund - Direct Plan - Growth,Equity,2021-03-31,2016-03-31,2016-03-31,2021-03-31,2026-03-31,2026-03-31,12.4149,24.3832,complete
120398,ICICI Prudential Savings Fund - Direct Plan - Growth,Other,2018-03-31,2013-03-31,2013-04-02,2018-03-28,2023-03-31,2023-03-31,8.8415,6.6636,complete
120398,ICICI Prudential Savings Fund - Direct Plan - Growth,Other,2019-03-31,2014-03-31,2014-03-31,2019-03-29,2024-03-31,2024-03-31,8.4421,6.7009,complete
120398,ICICI Prudential Savings Fund - Direct Plan - Growth,Other,2020-03-31,2015-03-31,2015-03-31,2020-03-31,2025-03-31,2025-03-31,8.1712,6.6906,complete
120398,ICICI Prudential Savings Fund - Direct Plan - Growth,Other,2021-03-31,2016-03-31,2016-03-31,2021-03-31,2026-03-31,2026-03-31,7.8984,6.5873,complete
120401,Invesco India Arbitrage Fund - Direct Plan - Growth Option,Arbitrage,2018-03-31,2013-03-31,2013-04-01,2018-04-02,2023-03-31,2023-03-31,7.6619,5.6655,complete
120401,Invesco India Arbitrage Fund - Direct Plan - Growth Option,Arbitrage,2019-03-31,2014-03-31,2014-03-31,2019-04-01,2024-03-31,2024-03-31,7.2169,6.0774,complete
120401,Invesco India Arbitrage Fund - Direct Plan - Growth Option,Arbitrage,2020-03-31,2015-03-31,2015-03-31,2020-03-31,2025-03-31,2025-03-31,6.7769,6.2924,complete
120401,Invesco India Arbitrage Fund - Direct Plan - Growth Option,Arbitrage,2021-03-31,2016-03-31,2016-03-31,2021-03-31,2026-03-31,2026-03-31,6.11,6.8558,complete
120403,Invesco India Midcap Fund - Direct Plan - Growth Option,Other,2018-03-31,2013-03-31,2013-04-01,2018-04-02,2023-03-31,2023-03-31,26.2547,14.3912,complete
120403,Invesco India Midcap Fund - Direct Plan - Growth Option,Other,2019-03-31,2014-03-31,2014-03-31,2019-04-01,2024-03-31,2024-03-31,21.3151,22.8669,complete
120403,Invesco India Midcap Fund - Direct Plan - Growth Option,Other,2020-03-31,2015-03-31,2015-03-31,2020-03-31,2025-03-31,2025-03-31,4.1766,33.0217,complete
120403,Invesco India Midcap Fund - Direct Plan - Growth Option,Other,2021-03-31,2016-03-31,2016-03-31,2021-03-31,2026-03-31,2026-03-31,18.5306,19.2445,complete
120405,Invesco India Infrastructure Fund - Direct Plan - Growth Option,Other,2018-03-31,2013-03-31,2013-04-01,2018-04-02,2023-03-31,2023-03-31,22.3659,14.5508,complete
120405,Invesco India Infrastructure Fund - Direct Plan - Growth Option,Other,2019-03-31,2014-03-31,2014-03-31,2019-04-01,2024-03-31,2024-03-31,17.7712,27.7636,complete
120405,Invesco India Infrastructure Fund - Direct Plan - Growth Option,Other,2020-03-31,2015-03-31,2015-03-31,2020-03-31,2025-03-31,2025-03-31,0.3582,35.0799,complete
120405,Invesco India Infrastructure Fund - Direct Plan - Growth Option,Other,2021-03-31,2016-03-31,2016-03-31,2021-03-31,2026-03-31,2026-03-31,15.2417,19.7745,complete
120406,JM Liquid Fund (Direct) - Growth Option,Liquid/Money Market,2018-03-31,2013-03-31,2013-03-31,2018-03-31,2023-03-31,2023-03-31,8.264,5.2856,complete
120406,JM Liquid Fund (Direct) - Growth Option,Liquid/Money Market,2019-03-31,2014-03-31,2014-03-31,2019-03-31,2024-03-31,2024-03-31,7.8791,5.2144,complete
120406,JM Liquid Fund (Direct) - Growth Option,Liquid/Money Market,2020-03-31,2015-03-31,2015-03-31,2020-03-31,2025-03-31,2025-03-31,7.2824,5.4441,complete
120406,JM Liquid Fund (Direct) - Growth Option,Liquid/Money Market,2021-03-31,2016-03-31,2016-03-31,2021-03-31,2026-03-31,2026-03-31,6.3041,5.9758,complete
120413,Invesco India Multicap Fund - Direct Plan - Growth Option,Other,2018-03-31,2013-03-31,2013-04-01,2018-04-02,2023-03-31,2023-03-31,26.6709,10.795,complete
120413,Invesco India Multicap Fund - Direct Plan - Growth Option,Other,2019-03-31,2014-03-31,2014-03-31,2019-04-01,2024-03-31,2024-03-31,19.0058,19.5702,complete
120413,Invesco India Multicap Fund - Direct Plan - Growth Option,Other,2020-03-31,2015-03-31,2015-03-31,2020-03-31,2025-03-31,2025-03-31,1.7713,28.7308,complete
120413,Invesco India Multicap Fund - Direct Plan - Growth Option,Other,2021-03-31,2016-03-31,2016-03-31,2021-03-31,2026-03-31,2026-03-31,15.283,13.0128,complete
120416,Invesco India ELSS Tax Saver Fund - Direct Plan - Growth,Equity,2018-03-31,2013-03-31,2013-04-01,2018-04-02,2023-03-31,2023-03-31,22.3182,10.8657,complete
120416,Invesco India ELSS Tax Saver Fund - Direct Plan - Growth,Equity,2019-03-31,2014-03-31,2014-03-31,2019-04-01,2024-03-31,2024-03-31,19.249,16.9463,complete
120416,Invesco India ELSS Tax Saver Fund - Direct Plan - Growth,Equity,2020-03-31,2015-03-31,2015-03-31,2020-03-31,2025-03-31,2025-03-31,4.039,24.54,complete
120416,Invesco India ELSS Tax Saver Fund - Direct Plan - Growth,Equity,2021-03-31,2016-03-31,2016-03-31,2021-03-31,2026-03-31,2026-03-31,16.4881,10.4156,complete
120425,ICICI Prudential Floating Interest Fund - Direct Plan - Growth,Other,2018-03-31,2013-03-31,2013-04-02,2018-03-28,2023-03-31,2023-03-31,9.1619,7.2361,complete
120425,ICICI Prudential Floating Interest Fund - Direct Plan - Growth,Other,2019-03-31,2014-03-31,2014-03-31,2019-03-29,2024-03-31,2024-03-31,8.7604,7.4494,complete
120425,ICICI Prudential Floating Interest Fund - Direct Plan - Growth,Other,2020-03-31,2015-03-31,2015-03-31,2020-03-31,2025-03-31,2025-03-31,8.5146,7.4322,complete
120425,ICICI Prudential Floating Interest Fund - Direct Plan - Growth,Other,2021-03-31,2016-03-31,2016-03-31,2021-03-31,2026-03-31,2026-03-31,8.4721,7.1677,complete
120430,JM Medium to Long Duration Fund (Direct) - Growth Option,Debt,2018-03-31,2013-03-31,2013-04-02,2018-03-31,2023-03-31,2023-03-31,7.3193,3.0497,complete
120430,JM Medium to Long Duration Fund (Direct) - Growth Option,Debt,2019-03-31,2014-03-31,2014-04-02,2019-03-31,2024-03-31,2024-03-31,7.7142,3.2005,complete
120430,JM Medium to Long Duration Fund (Direct) - Growth Option,Debt,2020-03-31,2015-03-31,2015-03-31,2020-03-31,2025-03-31,2025-03-31,3.6257,6.044,complete
120430,JM Medium to Long Duration Fund (Direct) - Growth Option,Debt,2021-03-31,2016-03-31,2016-03-31,2021-03-31,2026-03-31,2026-03-31,4.2723,5.5084,complete
120435,JM Dynamic Bond Fund - (Direct) - Growth Option,Debt,2018-03-31,2013-03-31,2013-04-02,2018-03-31,2023-03-31,2023-03-31,8.9603,6.0717,complete
120435,JM Dynamic Bond Fund - (Direct) - Growth Option,Debt,2019-03-31,2014-03-31,2014-04-02,2019-03-31,2024-03-31,2024-03-31,8.7265,5.9919,complete
120435,JM Dynamic Bond Fund - (Direct) - Growth Option,Debt,2020-03-31,2015-03-31,2015-03-31,2020-03-31,2025-03-31,2025-03-31,8.0543,6.6234,complete
120435,JM Dynamic Bond Fund - (Direct) - Growth Option,Debt,2021-03-31,2016-03-31,2016-03-31,2021-03-31,2026-03-31,2026-03-31,7.5642,6.0259,complete
120438,Axis Banking & PSU Debt Fund - Direct Plan - Growth Option,Debt,2018-03-31,2013-03-31,2013-04-02,2018-03-28,2023-03-31,2023-03-31,8.5664,7.1583,complete
120438,Axis Banking & PSU Debt Fund - Direct Plan - Growth Option,Debt,2019-03-31,2014-03-31,2014-04-02,2019-03-29,2024-03-31,2024-03-31,8.5728,6.7542,complete
120438,Axis Banking & PSU Debt Fund - Direct Plan - Growth Option,Debt,2020-03-31,2015-03-31,2015-03-31,2020-03-31,2025-03-31,2025-03-31,8.6148,6.4876,complete
120438,Axis Banking & PSU Debt Fund - Direct Plan - Growth Option,Debt,2021-03-31,2016-03-31,2016-03-31,2021-03-31,2026-03-31,2026-03-31,8.5122,6.0435,complete
120444,Invesco India Banking and PSU Fund - Direct Plan -  Growth Option,Debt,2018-03-31,2013-03-31,2013-04-02,2018-03-28,2023-03-31,2023-03-31,7.7674,6.4124,complete
120444,Invesco India Banking and PSU Fund - Direct Plan -  Growth Option,Debt,2019-03-31,2014-03-31,2014-04-02,2019-03-29,2024-03-31,2024-03-31,7.8222,6.2238,complete
120444,Invesco India Banking and PSU Fund - Direct Plan -  Growth Option,Debt,2020-03-31,2015-03-31,2015-03-31,2020-03-31,2025-03-31,2025-03-31,7.72,6.0546,complete
120444,Invesco India Banking and PSU Fund - Direct Plan -  Growth Option,Debt,2021-03-31,2016-03-31,2016-03-31,2021-03-31,2026-03-31,2026-03-31,7.8048,5.6611,complete
120447,Axis Gilt Fund - Direct Plan - Growth Option,Debt,2018-03-31,2013-03-31,2013-04-02,2018-03-28,2023-03-31,2023-03-31,7.3364,7.638,complete
120447,Axis Gilt Fund - Direct Plan - Growth Option,Debt,2019-03-31,2014-03-31,2014-04-02,2019-03-29,2024-03-31,2024-03-31,8.8737,8.1404,complete
120447,Axis Gilt Fund - Direct Plan - Growth Option,Debt,2020-03-31,2015-03-31,2015-03-31,2020-03-31,2025-03-31,2025-03-31,8.4342,7.2655,complete
120447,Axis Gilt Fund - Direct Plan - Growth Option,Debt,2021-03-31,2016-03-31,2016-03-31,2021-03-31,2026-03-31,2026-03-31,8.8322,5.7978,complete
120451,Axis Dynamic Bond Fund - Direct Plan - Growth Option,Debt,2018-03-31,2013-03-31,2013-04-02,2018-03-28,2023-03-31,2023-03-31,9.2757,7.6903,complete
120451,Axis Dynamic Bond Fund - Direct Plan - Growth Option,Debt,2019-03-31,2014-03-31,2014-04-02,2019-03-29,2024-03-31,2024-03-31,9.8888,7.6138,complete
120451,Axis Dynamic Bond Fund - Direct Plan - Growth Option,Debt,2020-03-31,2015-03-31,2015-03-31,2020-03-31,2025-03-31,2025-03-31,9.3422,6.7923,complete
120451,Axis Dynamic Bond Fund - Direct Plan - Growth Option,Debt,2021-03-31,2016-03-31,2016-03-31,2021-03-31,2026-03-31,2026-03-31,9.3353,6.1072,complete
120465,Axis Large Cap Fund - Direct Plan - Growth,Equity,2018-03-31,2013-03-31,2013-04-01,2018-04-02,2023-03-31,2023-03-31,16.9484,11.9218,complete
120465,Axis Large Cap Fund - Direct Plan - Growth,Equity,2019-03-31,2014-03-31,2014-03-31,2019-04-01,2024-03-31,2024-03-31,15.7484,15.3015,complete
120465,Axis Large Cap Fund - Direct Plan - Growth,Equity,2020-03-31,2015-03-31,2015-03-31,2020-03-31,2025-03-31,2025-03-31,7.1969,18.3349,complete
120465,Axis Large Cap Fund - Direct Plan - Growth,Equity,2021-03-31,2016-03-31,2016-03-31,2021-03-31,2026-03-31,2026-03-31,17.692,7.8536,complete
120468,Axis Focused Fund - Direct Plan - Growth Option,Other,2018-03-31,2013-03-31,2013-04-01,2018-04-02,2023-03-31,2023-03-31,19.2704,8.5267,complete
120468,Axis Focused Fund - Direct Plan - Growth Option,Other,2019-03-31,2014-03-31,2014-03-31,2019-04-01,2024-03-31,2024-03-31,18.04,13.8143,complete
120468,Axis Focused Fund - Direct Plan - Growth Option,Other,2020-03-31,2015-03-31,2015-03-31,2020-03-31,2025-03-31,2025-03-31,6.76,18.1227,complete
120468,Axis Focused Fund - Direct Plan - Growth Option,Other,2021-03-31,2016-03-31,2016-03-31,2021-03-31,2026-03-31,2026-03-31,18.6801,5.6558,complete
120473,Axis Gold Fund - Direct Plan - Growth option,Other,2018-03-31,2013-03-31,2013-04-01,2018-04-02,2023-03-31,2023-03-31,-1.1834,13.7043,complete
120473,Axis Gold Fund - Direct Plan - Growth option,Other,2019-03-31,2014-03-31,2014-03-31,2019-04-01,2024-03-31,2024-03-31,0.0597,15.2772,complete
120473,Axis Gold Fund - Direct Plan - Growth option,Other,2020-03-31,2015-03-31,2015-03-31,2020-03-31,2025-03-31,2025-03-31,9.4873,14.1285,complete
120473,Axis Gold Fund - Direct Plan - Growth option,Other,2021-03-31,2016-03-31,2016-03-31,2021-03-31,2026-03-31,2026-03-31,8.4055,25.5945,complete
120475,Axis Strategic Bond Fund - Direct Plan - Growth Option,Debt,2018-03-31,2013-03-31,2013-04-02,2018-03-28,2023-03-31,2023-03-31,9.867,7.3305,complete
120475,Axis Strategic Bond Fund - Direct Plan - Growth Option,Debt,2019-03-31,2014-03-31,2014-04-02,2019-03-29,2024-03-31,2024-03-31,10.4436,7.454,complete
120475,Axis Strategic Bond Fund - Direct Plan - Growth Option,Debt,2020-03-31,2015-03-31,2015-03-31,2020-03-31,2025-03-31,2025-03-31,8.8036,7.6858,complete
120475,Axis Strategic Bond Fund - Direct Plan - Growth Option,Debt,2021-03-31,2016-03-31,2016-03-31,2021-03-31,2026-03-31,2026-03-31,8.9653,7.3305,complete
120480,Axis Conservative Hybrid Fund - Direct Plan - Growth Option,Hybrid,2018-03-31,2013-03-31,2013-04-02,2018-03-28,2023-03-31,2023-03-31,10.9897,7.0156,complete
120480,Axis Conservative Hybrid Fund - Direct Plan - Growth Option,Hybrid,2019-03-31,2014-03-31,2014-04-02,2019-03-29,2024-03-31,2024-03-31,10.3135,8.1073,complete
120480,Axis Conservative Hybrid Fund - Direct Plan - Growth Option,Hybrid,2020-03-31,2015-03-31,2015-03-31,2020-03-31,2025-03-31,2025-03-31,5.4698,10.6756,complete
120480,Axis Conservative Hybrid Fund - Direct Plan - Growth Option,Hybrid,2021-03-31,2016-03-31,2016-03-31,2021-03-31,2026-03-31,2026-03-31,8.3783,7.0287,complete
120482,JM Arbitrage Fund (Direct) - Growth Option,Arbitrage,2018-03-31,2013-03-31,2013-04-01,2018-04-02,2023-03-31,2023-03-31,7.6561,4.5398,complete
120482,JM Arbitrage Fund (Direct) - Growth Option,Arbitrage,2019-03-31,2014-03-31,2014-03-31,2019-03-31,2024-03-31,2024-03-31,6.7468,5.0417,complete
120482,JM Arbitrage Fund (Direct) - Growth Option,Arbitrage,2020-03-31,2015-03-31,2015-03-31,2020-03-31,2025-03-31,2025-03-31,6.2463,5.297,complete
120482,JM Arbitrage Fund (Direct) - Growth Option,Arbitrage,2021-03-31,2016-03-31,2016-03-31,2021-03-31,2026-03-31,2026-03-31,5.2346,6.1768,complete
120484,JM Aggressive Hybrid Fund (Direct) - Growth Option,Hybrid,2018-03-31,2013-03-31,2013-04-01,2018-04-02,2023-03-31,2023-03-31,14.9762,11.1513,complete
120484,JM Aggressive Hybrid Fund (Direct) - Growth Option,Hybrid,2019-03-31,2014-03-31,2014-03-31,2019-03-31,2024-03-31,2024-03-31,11.2038,18.6893,complete
120484,JM Aggressive Hybrid Fund (Direct) - Growth Option,Hybrid,2020-03-31,2015-03-31,2015-03-31,2020-03-31,2025-03-31,2025-03-31,-2.2365,29.5895,complete
120484,JM Aggressive Hybrid Fund (Direct) - Growth Option,Hybrid,2021-03-31,2016-03-31,2016-03-31,2021-03-31,2026-03-31,2026-03-31,10.8686,14.0918,complete
120486,JM Value Fund (Direct) - Growth Option,Other,2018-03-31,2013-03-31,2013-04-01,2018-04-02,2023-03-31,2023-03-31,21.8427,12.2046,complete
120486,JM Value Fund (Direct) - Growth Option,Other,2019-03-31,2014-03-31,2014-03-31,2019-03-31,2024-03-31,2024-03-31,19.0567,22.1219,complete
120486,JM Value Fund (Direct) - Growth Option,Other,2020-03-31,2015-03-31,2015-03-31,2020-03-31,2025-03-31,2025-03-31,3.3923,30.9278,complete
120486,JM Value Fund (Direct) - Growth Option,Other,2021-03-31,2016-03-31,2016-03-31,2021-03-31,2026-03-31,2026-03-31,17.3876,14.9519,complete
120488,JM Focused Fund (Direct)  - Growth Option,Other,2018-03-31,2013-03-31,2013-04-01,2018-04-02,2023-03-31,2023-03-31,21.3798,8.1047,complete
120488,JM Focused Fund (Direct)  - Growth Option,Other,2019-03-31,2014-03-31,2014-03-31,2019-03-31,2024-03-31,2024-03-31,19.3573,14.8063,complete
120488,JM Focused Fund (Direct)  - Growth Option,Other,2020-03-31,2015-03-31,2015-03-31,2020-03-31,2025-03-31,2025-03-31,3.9771,24.4424,complete
120488,JM Focused Fund (Direct)  - Growth Option,Other,2021-03-31,2016-03-31,2016-03-31,2021-03-31,2026-03-31,2026-03-31,15.3847,12.428,complete
120490,JM Large Cap Fund (Direct) - Growth Option,Equity,2018-03-31,2013-03-31,2013-04-01,2018-04-02,2023-03-31,2023-03-31,14.539,10.5191,complete
120490,JM Large Cap Fund (Direct) - Growth Option,Equity,2019-03-31,2014-03-31,2014-03-31,2019-03-31,2024-03-31,2024-03-31,12.5381,17.7556,complete
120490,JM Large Cap Fund (Direct) - Growth Option,Equity,2020-03-31,2015-03-31,2015-03-31,2020-03-31,2025-03-31,2025-03-31,2.6156,20.2006,complete
120490,JM Large Cap Fund (Direct) - Growth Option,Equity,2021-03-31,2016-03-31,2016-03-31,2021-03-31,2026-03-31,2026-03-31,11.4081,11.8608,complete
120492,JM Flexicap Fund (Direct) - Growth Option,Other,2018-03-31,2013-03-31,2013-04-01,2018-04-02,2023-03-31,2023-03-31,20.9717,13.6296,complete
120492,JM Flexicap Fund (Direct) - Growth Option,Other,2019-03-31,2014-03-31,2014-03-31,2019-03-31,2024-03-31,2024-03-31,17.5773,23.296,complete
120492,JM Flexicap Fund (Direct) - Growth Option,Other,2020-03-31,2015-03-31,2015-03-31,2020-03-31,2025-03-31,2025-03-31,4.764,29.8234,complete
120492,JM Flexicap Fund (Direct) - Growth Option,Other,2021-03-31,2016-03-31,2016-03-31,2021-03-31,2026-03-31,2026-03-31,17.8436,15.6912,complete
120494,JM ELSS Tax Saver Fund (Direct) - Growth Option,Equity,2018-03-31,2013-03-31,2013-04-01,2018-04-02,2023-03-31,2023-03-31,22.1607,12.5404,complete
120494,JM ELSS Tax Saver Fund (Direct) - Growth Option,Equity,2019-03-31,2014-03-31,2014-03-31,2019-03-31,2024-03-31,2024-03-31,18.0678,19.9274,complete
120494,JM ELSS Tax Saver Fund (Direct) - Growth Option,Equity,2020-03-31,2015-03-31,2015-03-31,2020-03-31,2025-03-31,2025-03-31,4.0647,28.5299,complete
120494,JM ELSS Tax Saver Fund (Direct) - Growth Option,Equity,2021-03-31,2016-03-31,2016-03-31,2021-03-31,2026-03-31,2026-03-31,18.0374,13.8893,complete
120497,Invesco India Corporate Bond Fund - Direct Plan - Growth,Debt,2018-03-31,2013-03-31,2013-04-02,2018-03-28,2023-03-31,2023-03-31,171.3349,6.9048,complete
120497,Invesco India Corporate Bond Fund - Direct Plan - Growth,Debt,2019-03-31,2014-03-31,2014-04-02,2019-03-29,2024-03-31,2024-03-31,8.3041,6.9173,complete
120497,Invesco India Corporate Bond Fund - Direct Plan - Growth,Debt,2020-03-31,2015-03-31,2015-03-31,2020-03-31,2025-03-31,2025-03-31,7.6863,6.6905,complete
120497,Invesco India Corporate Bond Fund - Direct Plan - Growth,Debt,2021-03-31,2016-03-31,2016-03-31,2021-03-31,2026-03-31,2026-03-31,8.2914,6.0687,complete
120503,Axis ELSS Tax Saver Fund - Direct Plan - Growth Option,Equity,2018-03-31,2013-03-31,2013-04-01,2018-04-02,2023-03-31,2023-03-31,25.1609,9.0974,complete
120503,Axis ELSS Tax Saver Fund - Direct Plan - Growth Option,Equity,2019-03-31,2014-03-31,2014-03-31,2019-04-01,2024-03-31,2024-03-31,19.4271,14.9546,complete
120503,Axis ELSS Tax Saver Fund - Direct Plan - Growth Option,Equity,2020-03-31,2015-03-31,2015-03-31,2020-03-31,2025-03-31,2025-03-31,5.4895,19.4563,complete
120503,Axis ELSS Tax Saver Fund - Direct Plan - Growth Option,Equity,2021-03-31,2016-03-31,2016-03-31,2021-03-31,2026-03-31,2026-03-31,16.941,7.7307,complete
120505,Axis Midcap Fund - Direct Plan - Growth,Other,2018-03-31,2013-03-31,2013-04-01,2018-04-02,2023-03-31,2023-03-31,23.9225,15.1752,complete
120505,Axis Midcap Fund - Direct Plan - Growth,Other,2019-03-31,2014-03-31,2014-03-31,2019-04-01,2024-03-31,2024-03-31,20.524,21.5938,complete
120505,Axis Midcap Fund - Direct Plan - Growth,Other,2020-03-31,2015-03-31,2015-03-31,2020-03-31,2025-03-31,2025-03-31,6.6313,26.9965,complete
120505,Axis Midcap Fund - Direct Plan - Growth,Other,2021-03-31,2016-03-31,2016-03-31,2021-03-31,2026-03-31,2026-03-31,20.2792,14.7424,complete
120507,Invesco India Money Market Fund - Direct Plan - Growth,Liquid/Money Market,2018-03-31,2013-03-31,2013-04-02,2018-03-28,2023-03-31,2023-03-31,173.5881,5.8504,complete
120507,Invesco India Money Market Fund - Direct Plan - Growth,Liquid/Money Market,2019-03-31,2014-03-31,2014-04-02,2019-03-29,2024-03-31,2024-03-31,8.2294,5.7489,complete
120507,Invesco India Money Market Fund - Direct Plan - Growth,Liquid/Money Market,2020-03-31,2015-03-31,2015-03-31,2020-03-31,2025-03-31,2025-03-31,7.632,5.9537,complete
120507,Invesco India Money Market Fund - Direct Plan - Growth,Liquid/Money Market,2021-03-31,2016-03-31,2016-03-31,2021-03-31,2026-03-31,2026-03-31,6.9911,6.1529,complete
120510,Axis Short Duration Fund - Direct Plan - Growth Option,Debt,2018-03-31,2013-03-31,2013-04-02,2018-03-28,2023-03-31,2023-03-31,8.944,7.3554,complete
120510,Axis Short Duration Fund - Direct Plan - Growth Option,Debt,2019-03-31,2014-03-31,2014-04-02,2019-03-29,2024-03-31,2024-03-31,8.8749,7.324,complete
120510,Axis Short Duration Fund - Direct Plan - Growth Option,Debt,2020-03-31,2015-03-31,2015-03-31,2020-03-31,2025-03-31,2025-03-31,8.7139,7.0776,complete
120510,Axis Short Duration Fund - Direct Plan - Growth Option,Debt,2021-03-31,2016-03-31,2016-03-31,2021-03-31,2026-03-31,2026-03-31,8.6448,6.686,complete
120513,Axis Treasury Advantage Fund - Direct Plan - Growth Option,Other,2018-03-31,2013-03-31,2013-04-02,2018-03-28,2023-03-31,2023-03-31,8.7012,6.6179,complete
120513,Axis Treasury Advantage Fund - Direct Plan - Growth Option,Other,2019-03-31,2014-03-31,2014-04-02,2019-03-29,2024-03-31,2024-03-31,8.3754,6.4885,complete
120513,Axis Treasury Advantage Fund - Direct Plan - Growth Option,Other,2020-03-31,2015-03-31,2015-03-31,2020-03-31,2025-03-31,2025-03-31,8.2227,6.431,complete
120513,Axis Treasury Advantage Fund - Direct Plan - Growth Option,Other,2021-03-31,2016-03-31,2016-03-31,2021-03-31,2026-03-31,2026-03-31,7.7974,6.4592,complete
120517,Aditya Birla Sun Life Equity Hybrid'95 Fund - Direct Plan-Growth,Equity,2018-03-31,2013-03-31,2013-04-01,2018-04-02,2023-03-31,2023-03-31,18.5905,7.4823,complete
120517,Aditya Birla Sun Life Equity Hybrid'95 Fund - Direct Plan-Growth,Equity,2019-03-31,2014-03-31,2014-03-31,2019-04-01,2024-03-31,2024-03-31,15.4715,12.4001,complete
120517,Aditya Birla Sun Life Equity Hybrid'95 Fund - Direct Plan-Growth,Equity,2020-03-31,2015-03-31,2015-03-31,2020-03-31,2025-03-31,2025-03-31,1.4905,20.812,complete
120517,Aditya Birla Sun Life Equity Hybrid'95 Fund - Direct Plan-Growth,Equity,2021-03-31,2016-03-31,2016-03-31,2021-03-31,2026-03-31,2026-03-31,11.6784,9.7375,complete
120520,Invesco India Gilt Fund - Direct  Plan - Growth,Debt,2018-03-31,2013-03-31,2013-04-02,2018-03-28,2023-03-31,2023-03-31,172.6415,6.4095,complete
120520,Invesco India Gilt Fund - Direct  Plan - Growth,Debt,2019-03-31,2014-03-31,2014-04-02,2019-03-29,2024-03-31,2024-03-31,9.3817,6.8103,complete
120520,Invesco India Gilt Fund - Direct  Plan - Growth,Debt,2020-03-31,2015-03-31,2015-03-31,2020-03-31,2025-03-31,2025-03-31,8.2835,6.312,complete
120520,Invesco India Gilt Fund - Direct  Plan - Growth,Debt,2021-03-31,2016-03-31,2016-03-31,2021-03-31,2026-03-31,2026-03-31,8.3528,5.1488,complete
120524,Axis Multi Asset Allocation Fund - Direct Plan - Growth Option,Hybrid,2018-03-31,2013-03-31,2013-04-01,2018-04-02,2023-03-31,2023-03-31,9.7235,10.2615,complete
120524,Axis Multi Asset Allocation Fund - Direct Plan - Growth Option,Hybrid,2019-03-31,2014-03-31,2014-03-31,2019-04-01,2024-03-31,2024-03-31,9.1453,13.6824,complete
120524,Axis Multi Asset Allocation Fund - Direct Plan - Growth Option,Hybrid,2020-03-31,2015-03-31,2015-03-31,2020-03-31,2025-03-31,2025-03-31,4.047,18.0898,complete
120524,Axis Multi Asset Allocation Fund - Direct Plan - Growth Option,Hybrid,2021-03-31,2016-03-31,2016-03-31,2021-03-31,2026-03-31,2026-03-31,12.4228,11.3911,complete
120531,Invesco India Gold ETF Fund of Fund - Direct Plan - Growth,FoF/International,2018-03-31,2013-03-31,2013-04-01,2018-04-02,2023-03-31,2023-03-31,-0.7824,13.372,complete
120531,Invesco India Gold ETF Fund of Fund - Direct Plan - Growth,FoF/International,2019-03-31,2014-03-31,2014-03-31,2019-04-01,2024-03-31,2024-03-31,0.6457,15.0893,complete
120531,Invesco India Gold ETF Fund of Fund - Direct Plan - Growth,FoF/International,2020-03-31,2015-03-31,2015-03-31,2020-03-31,2025-03-31,2025-03-31,9.2764,14.649,complete
120531,Invesco India Gold ETF Fund of Fund - Direct Plan - Growth,FoF/International,2021-03-31,2016-03-31,2016-03-31,2021-03-31,2026-03-31,2026-03-31,9.0782,25.3826,complete
120537,Invesco India Liquid Fund - Direct Plan - Growth,Liquid/Money Market,2018-03-31,2013-03-31,2013-04-01,2018-03-31,2023-03-31,2023-03-31,8.2007,5.2552,complete
120537,Invesco India Liquid Fund - Direct Plan - Growth,Liquid/Money Market,2019-03-31,2014-03-31,2014-04-01,2019-03-31,2024-03-31,2024-03-31,7.8269,5.1996,complete
120537,Invesco India Liquid Fund - Direct Plan - Growth,Liquid/Money Market,2020-03-31,2015-03-31,2015-03-31,2020-03-31,2025-03-31,2025-03-31,7.2208,5.4661,complete
120537,Invesco India Liquid Fund - Direct Plan - Growth,Liquid/Money Market,2021-03-31,2016-03-31,2016-03-31,2021-03-31,2026-03-31,2026-03-31,6.2709,5.9943,complete
120539,Aditya Birla Sun Life Digital India Fund - Growth - Direct Plan,Other,2018-03-31,2013-03-31,2013-04-01,2018-04-02,2023-03-31,2023-03-31,19.1711,21.3302,complete
120539,Aditya Birla Sun Life Digital India Fund - Growth - Direct Plan,Other,2019-03-31,2014-03-31,2014-03-31,2019-04-01,2024-03-31,2024-03-31,16.2321,24.8861,complete
120539,Aditya Birla Sun Life Digital India Fund - Growth - Direct Plan,Other,2020-03-31,2015-03-31,2015-03-31,2020-03-31,2025-03-31,2025-03-31,5.5078,30.4866,complete
120539,Aditya Birla Sun Life Digital India Fund - Growth - Direct Plan,Other,2021-03-31,2016-03-31,2016-03-31,2021-03-31,2026-03-31,2026-03-31,23.2413,8.0733,complete
120541,Invesco India Ultra Short Duration Fund - Direct Plan - Growth,Debt,2018-03-31,2013-03-31,2013-04-02,2018-03-28,2023-03-31,2023-03-31,173.6034,6.012,complete
120541,Invesco India Ultra Short Duration Fund - Direct Plan - Growth,Debt,2019-03-31,2014-03-31,2014-04-02,2019-03-29,2024-03-31,2024-03-31,8.8844,5.8704,complete
120541,Invesco India Ultra Short Duration Fund - Direct Plan - Growth,Debt,2020-03-31,2015-03-31,2015-03-31,2020-03-31,2025-03-31,2025-03-31,8.0804,5.9667,complete
120541,Invesco India Ultra Short Duration Fund - Direct Plan - Growth,Debt,2021-03-31,2016-03-31,2016-03-31,2021-03-31,2026-03-31,2026-03-31,7.4292,6.2694,complete
120546,Aditya Birla Sun Life Gold Fund - Growth - Direct Plan,Other,2018-03-31,2013-03-31,2013-04-01,2018-04-02,2023-03-31,2023-03-31,-0.3969,13.0471,complete
120546,Aditya Birla Sun Life Gold Fund - Growth - Direct Plan,Other,2019-03-31,2014-03-31,2014-03-31,2019-04-01,2024-03-31,2024-03-31,1.4201,14.4352,complete
120546,Aditya Birla Sun Life Gold Fund - Growth - Direct Plan,Other,2020-03-31,2015-03-31,2015-03-31,2020-03-31,2025-03-31,2025-03-31,9.5221,14.0999,complete
120546,Aditya Birla Sun Life Gold Fund - Growth - Direct Plan,Other,2021-03-31,2016-03-31,2016-03-31,2021-03-31,2026-03-31,2026-03-31,8.3528,25.7107,complete
120560,Invesco India Short Duration Fund - Direct Plan - Growth,Debt,2018-03-31,2013-03-31,2013-04-02,2018-03-28,2023-03-31,2023-03-31,172.8535,6.6979,complete
120560,Invesco India Short Duration Fund - Direct Plan - Growth,Debt,2019-03-31,2014-03-31,2014-04-02,2019-03-29,2024-03-31,2024-03-31,8.327,6.7144,complete
120560,Invesco India Short Duration Fund - Direct Plan - Growth,Debt,2020-03-31,2015-03-31,2015-03-31,2020-03-31,2025-03-31,2025-03-31,8.0638,6.4536,complete
120560,Invesco India Short Duration Fund - Direct Plan - Growth,Debt,2021-03-31,2016-03-31,2016-03-31,2021-03-31,2026-03-31,2026-03-31,8.0923,6.1555,complete
120564,Aditya Birla Sun Life Flexi Cap Fund - Growth - Direct Plan,Equity,2018-03-31,2013-03-31,2013-04-01,2018-04-02,2023-03-31,2023-03-31,23.4071,10.3505,complete
120564,Aditya Birla Sun Life Flexi Cap Fund - Growth - Direct Plan,Equity,2019-03-31,2014-03-31,2014-03-31,2019-04-01,2024-03-31,2024-03-31,19.2316,16.2931,complete
120564,Aditya Birla Sun Life Flexi Cap Fund - Growth - Direct Plan,Equity,2020-03-31,2015-03-31,2015-03-31,2020-03-31,2025-03-31,2025-03-31,3.032,26.2005,complete
120564,Aditya Birla Sun Life Flexi Cap Fund - Growth - Direct Plan,Equity,2021-03-31,2016-03-31,2016-03-31,2021-03-31,2026-03-31,2026-03-31,16.2246,13.0476,complete
120570,Invesco India Low Duration Fund - Direct Plan - Growth,Debt,2018-03-31,2013-03-31,2013-04-02,2018-03-28,2023-03-31,2023-03-31,8.5203,6.3839,complete
120570,Invesco India Low Duration Fund - Direct Plan - Growth,Debt,2019-03-31,2014-03-31,2014-04-02,2019-03-29,2024-03-31,2024-03-31,8.2379,6.2798,complete
120570,Invesco India Low Duration Fund - Direct Plan - Growth,Debt,2020-03-31,2015-03-31,2015-03-31,2020-03-31,2025-03-31,2025-03-31,8.0684,6.1651,complete
120570,Invesco India Low Duration Fund - Direct Plan - Growth,Debt,2021-03-31,2016-03-31,2016-03-31,2021-03-31,2026-03-31,2026-03-31,7.6841,6.1551,complete
120575,SBI CONSUMPTION OPPORTUNITIES FUND - DIRECT PLAN - GROWTH,Other,2018-03-31,2013-03-31,2013-03-31,2018-04-02,2023-03-31,2023-03-31,19.6067,12.6024,complete
120575,SBI CONSUMPTION OPPORTUNITIES FUND - DIRECT PLAN - GROWTH,Other,2019-03-31,2014-03-31,2014-03-31,2019-04-01,2024-03-31,2024-03-31,17.1345,18.8149,complete
120575,SBI CONSUMPTION OPPORTUNITIES FUND - DIRECT PLAN - GROWTH,Other,2020-03-31,2015-03-31,2015-03-31,2020-03-31,2025-03-31,2025-03-31,4.4897,29.6671,complete
120575,SBI CONSUMPTION OPPORTUNITIES FUND - DIRECT PLAN - GROWTH,Other,2021-03-31,2016-03-31,2016-03-31,2021-03-31,2026-03-31,2026-03-31,14.4089,14.7661,complete
120578,SBI TECHNOLOGY OPPORTUNITIES FUND - DIRECT PLAN - GROWTH,Other,2018-03-31,2013-03-31,2013-03-31,2018-04-02,2023-03-31,2023-03-31,16.8216,21.48,complete
120578,SBI TECHNOLOGY OPPORTUNITIES FUND - DIRECT PLAN - GROWTH,Other,2019-03-31,2014-03-31,2014-03-31,2019-04-01,2024-03-31,2024-03-31,14.7143,23.1613,complete
120578,SBI TECHNOLOGY OPPORTUNITIES FUND - DIRECT PLAN - GROWTH,Other,2020-03-31,2015-03-31,2015-03-31,2020-03-31,2025-03-31,2025-03-31,4.0408,29.9559,complete
120578,SBI TECHNOLOGY OPPORTUNITIES FUND - DIRECT PLAN - GROWTH,Other,2021-03-31,2016-03-31,2016-03-31,2021-03-31,2026-03-31,2026-03-31,19.2597,11.8116,complete
120586,ICICI Prudential Large Cap Fund (erstwhile Bluechip Fund) - Direct Plan - Growth,Equity,2018-03-31,2013-03-31,2013-04-01,2018-04-02,2023-03-31,2023-03-31,18.1087,12.4503,complete
120586,ICICI Prudential Large Cap Fund (erstwhile Bluechip Fund) - Direct Plan - Growth,Equity,2019-03-31,2014-03-31,2014-03-31,2019-04-01,2024-03-31,2024-03-31,15.4773,18.5084,complete
120586,ICICI Prudential Large Cap Fund (erstwhile Bluechip Fund) - Direct Plan - Growth,Equity,2020-03-31,2015-03-31,2015-03-31,2020-03-31,2025-03-31,2025-03-31,2.4258,27.2595,complete
120586,ICICI Prudential Large Cap Fund (erstwhile Bluechip Fund) - Direct Plan - Growth,Equity,2021-03-31,2016-03-31,2016-03-31,2021-03-31,2026-03-31,2026-03-31,15.2193,13.9096,complete
120587,ICICI Prudential FMCG Fund - Direct Plan -  Growth,Other,2018-03-31,2013-03-31,2013-04-01,2018-04-02,2023-03-31,2023-03-31,16.6069,13.3387,complete
120587,ICICI Prudential FMCG Fund - Direct Plan -  Growth,Other,2019-03-31,2014-03-31,2014-03-31,2019-04-01,2024-03-31,2024-03-31,15.235,14.4122,complete
120587,ICICI Prudential FMCG Fund - Direct Plan -  Growth,Other,2020-03-31,2015-03-31,2015-03-31,2020-03-31,2025-03-31,2025-03-31,6.9718,17.6862,complete
120587,ICICI Prudential FMCG Fund - Direct Plan -  Growth,Other,2021-03-31,2016-03-31,2016-03-31,2021-03-31,2026-03-31,2026-03-31,13.5032,7.8394,complete
120590,ICICI Prudential Gilt Fund - Direct Plan - Growth,Debt,2018-03-31,2013-03-31,2013-04-02,2018-03-28,2023-03-31,2023-03-31,9.3553,7.9725,complete
120590,ICICI Prudential Gilt Fund - Direct Plan - Growth,Debt,2019-03-31,2014-03-31,2014-03-31,2019-03-29,2024-03-31,2024-03-31,10.6075,8.3522,complete
120590,ICICI Prudential Gilt Fund - Direct Plan - Growth,Debt,2020-03-31,2015-03-31,2015-03-31,2020-03-31,2025-03-31,2025-03-31,9.2937,7.6637,complete
120590,ICICI Prudential Gilt Fund - Direct Plan - Growth,Debt,2021-03-31,2016-03-31,2016-03-31,2021-03-31,2026-03-31,2026-03-31,9.7252,6.5156,complete
120591,ICICI Prudential Smallcap Fund - Direct Plan - Growth,Other,2018-03-31,2013-03-31,2013-04-02,2018-03-28,2023-03-31,2023-03-31,19.4111,15.0178,complete
120591,ICICI Prudential Smallcap Fund - Direct Plan - Growth,Other,2019-03-31,2014-03-31,2014-03-31,2019-04-01,2024-03-31,2024-03-31,12.8135,25.8796,complete
120591,ICICI Prudential Smallcap Fund - Direct Plan - Growth,Other,2020-03-31,2015-03-31,2015-03-31,2020-03-31,2025-03-31,2025-03-31,-2.2029,35.659,complete
120591,ICICI Prudential Smallcap Fund - Direct Plan - Growth,Other,2021-03-31,2016-03-31,2016-03-31,2021-03-31,2026-03-31,2026-03-31,15.3507,16.7094,complete
120592,ICICI Prudential ELSS Tax Saver Fund - Direct Plan - Growth,Equity,2018-03-31,2013-03-31,2013-04-01,2018-04-02,2023-03-31,2023-03-31,20.3427,11.3188,complete
120592,ICICI Prudential ELSS Tax Saver Fund - Direct Plan - Growth,Equity,2019-03-31,2014-03-31,2014-03-31,2019-04-01,2024-03-31,2024-03-31,16.5229,16.672,complete
120592,ICICI Prudential ELSS Tax Saver Fund - Direct Plan - Growth,Equity,2020-03-31,2015-03-31,2015-03-31,2020-03-31,2025-03-31,2025-03-31,1.3166,26.5986,complete
120592,ICICI Prudential ELSS Tax Saver Fund - Direct Plan - Growth,Equity,2021-03-31,2016-03-31,2016-03-31,2021-03-31,2026-03-31,2026-03-31,14.6293,12.5166,complete
120594,ICICI Prudential Technology Fund - Direct Plan -  Growth,Other,2018-03-31,2013-03-31,2013-04-01,2018-04-02,2023-03-31,2023-03-31,20.0989,21.8875,complete
120594,ICICI Prudential Technology Fund - Direct Plan -  Growth,Other,2019-03-31,2014-03-31,2014-03-31,2019-04-01,2024-03-31,2024-03-31,15.5612,24.4717,complete
120594,ICICI Prudential Technology Fund - Direct Plan -  Growth,Other,2020-03-31,2015-03-31,2015-03-31,2020-03-31,2025-03-31,2025-03-31,3.9141,33.043,complete
120594,ICICI Prudential Technology Fund - Direct Plan -  Growth,Other,2021-03-31,2016-03-31,2016-03-31,2021-03-31,2026-03-31,2026-03-31,22.1614,9.1245,complete
120596,ICICI Prudential Large & Mid Cap Fund - Direct Plan - Growth,Equity,2018-03-31,2013-03-31,2013-04-01,2018-04-02,2023-03-31,2023-03-31,17.3222,13.7395,complete
120596,ICICI Prudential Large & Mid Cap Fund - Direct Plan - Growth,Equity,2019-03-31,2014-03-31,2014-03-31,2019-04-01,2024-03-31,2024-03-31,13.481,21.4803,complete
120596,ICICI Prudential Large & Mid Cap Fund - Direct Plan - Growth,Equity,2020-03-31,2015-03-31,2015-03-31,2020-03-31,2025-03-31,2025-03-31,0.2921,33.0084,complete
120596,ICICI Prudential Large & Mid Cap Fund - Direct Plan - Growth,Equity,2021-03-31,2016-03-31,2016-03-31,2021-03-31,2026-03-31,2026-03-31,14.0116,18.5612,complete
120599,ICICI Prudential Multicap Fund - Direct Plan -  Growth,Other,2018-03-31,2013-03-31,2013-04-01,2018-04-02,2023-03-31,2023-03-31,20.2467,11.8746,complete
120599,ICICI Prudential Multicap Fund - Direct Plan -  Growth,Other,2019-03-31,2014-03-31,2014-03-31,2019-04-01,2024-03-31,2024-03-31,17.463,18.8119,complete
120599,ICICI Prudential Multicap Fund - Direct Plan -  Growth,Other,2020-03-31,2015-03-31,2015-03-31,2020-03-31,2025-03-31,2025-03-31,1.7772,30.0795,complete
120599,ICICI Prudential Multicap Fund - Direct Plan -  Growth,Other,2021-03-31,2016-03-31,2016-03-31,2021-03-31,2026-03-31,2026-03-31,14.3261,15.8358,complete
120603,ICICI Prudential All Seasons Bond Fund - Direct Plan - Growth,Debt,2018-03-31,2013-03-31,2013-04-02,2018-03-28,2023-03-31,2023-03-31,11.7148,8.0887,complete
120603,ICICI Prudential All Seasons Bond Fund - Direct Plan - Growth,Debt,2019-03-31,2014-03-31,2014-03-31,2019-03-29,2024-03-31,2024-03-31,11.202,8.3569,complete
120603,ICICI Prudential All Seasons Bond Fund - Direct Plan - Growth,Debt,2020-03-31,2015-03-31,2015-03-31,2020-03-31,2025-03-31,2025-03-31,9.534,7.9351,complete
120603,ICICI Prudential All Seasons Bond Fund - Direct Plan - Growth,Debt,2021-03-31,2016-03-31,2016-03-31,2021-03-31,2026-03-31,2026-03-31,10.036,6.971,complete
120619,ICICI Prudential Bond Fund - Direct Plan - Growth,Debt,2018-03-31,2013-03-31,2013-04-02,2018-03-28,2023-03-31,2023-03-31,8.9193,7.1896,complete
120619,ICICI Prudential Bond Fund - Direct Plan - Growth,Debt,2019-03-31,2014-03-31,2014-03-31,2019-03-29,2024-03-31,2024-03-31,9.3375,7.6289,complete
120619,ICICI Prudential Bond Fund - Direct Plan - Growth,Debt,2020-03-31,2015-03-31,2015-03-31,2020-03-31,2025-03-31,2025-03-31,8.5757,7.1944,complete
120619,ICICI Prudential Bond Fund - Direct Plan - Growth,Debt,2021-03-31,2016-03-31,2016-03-31,2021-03-31,2026-03-31,2026-03-31,8.7244,6.2301,complete
120621,ICICI Prudential Infrastructure Fund - Direct Plan -  Growth,Other,2018-03-31,2013-03-31,2013-04-01,2018-04-02,2023-03-31,2023-03-31,16.6594,15.1189,complete
120621,ICICI Prudential Infrastructure Fund - Direct Plan -  Growth,Other,2019-03-31,2014-03-31,2014-03-31,2019-04-01,2024-03-31,2024-03-31,13.7573,26.5557,complete
120621,ICICI Prudential Infrastructure Fund - Direct Plan -  Growth,Other,2020-03-31,2015-03-31,2015-03-31,2020-03-31,2025-03-31,2025-03-31,-4.1197,41.2375,complete
120621,ICICI Prudential Infrastructure Fund - Direct Plan -  Growth,Other,2021-03-31,2016-03-31,2016-03-31,2021-03-31,2026-03-31,2026-03-31,12.2441,24.3545,complete
120656,UTI Large Cap Fund - Direct Plan - Growth Option,Equity,2018-03-31,2013-03-31,2013-04-01,2018-04-02,2023-03-31,2023-03-31,15.8202,11.4897,complete
120656,UTI Large Cap Fund - Direct Plan - Growth Option,Equity,2019-03-31,2014-03-31,2014-03-31,2019-04-01,2024-03-31,2024-03-31,14.2209,15.38,complete
120656,UTI Large Cap Fund - Direct Plan - Growth Option,Equity,2020-03-31,2015-03-31,2015-03-31,2020-03-31,2025-03-31,2025-03-31,1.2398,22.8952,complete
120656,UTI Large Cap Fund - Direct Plan - Growth Option,Equity,2021-03-31,2016-03-31,2016-03-31,2021-03-31,2026-03-31,2026-03-31,14.5683,9.2267,complete
120662,UTI - Flexi Cap Fund-Growth Option - Direct,Equity,2018-03-31,2013-03-31,2013-04-01,2018-04-02,2023-03-31,2023-03-31,17.5867,11.78,complete
120662,UTI - Flexi Cap Fund-Growth Option - Direct,Equity,2019-03-31,2014-03-31,2014-03-31,2019-04-01,2024-03-31,2024-03-31,15.4689,14.2498,complete
120662,UTI - Flexi Cap Fund-Growth Option - Direct,Equity,2020-03-31,2015-03-31,2015-03-31,2020-03-31,2025-03-31,2025-03-31,2.9384,21.8834,complete
120662,UTI - Flexi Cap Fund-Growth Option - Direct,Equity,2021-03-31,2016-03-31,2016-03-31,2021-03-31,2026-03-31,2026-03-31,17.7012,5.5713,complete
120665,UTI Large & Mid Cap Fund - Direct Plan - Growth Option,Equity,2018-03-31,2013-03-31,2013-04-01,2018-04-02,2023-03-31,2023-03-31,16.7035,10.2119,complete
120665,UTI Large & Mid Cap Fund - Direct Plan - Growth Option,Equity,2019-03-31,2014-03-31,2014-03-31,2019-04-01,2024-03-31,2024-03-31,12.9089,18.9501,complete
120665,UTI Large & Mid Cap Fund - Direct Plan - Growth Option,Equity,2020-03-31,2015-03-31,2015-03-31,2020-03-31,2025-03-31,2025-03-31,-2.9824,32.1041,complete
120665,UTI Large & Mid Cap Fund - Direct Plan - Growth Option,Equity,2021-03-31,2016-03-31,2016-03-31,2021-03-31,2026-03-31,2026-03-31,12.06,16.6881,complete
120670,ICICI Prudential Medium Term Bond Fund - Direct Plan - Growth,Debt,2018-03-31,2013-03-31,2013-04-02,2018-03-28,2023-03-31,2023-03-31,9.5174,7.5208,complete
120670,ICICI Prudential Medium Term Bond Fund - Direct Plan - Growth,Debt,2019-03-31,2014-03-31,2014-03-31,2019-03-29,2024-03-31,2024-03-31,9.2155,7.9522,complete
120670,ICICI Prudential Medium Term Bond Fund - Direct Plan - Growth,Debt,2020-03-31,2015-03-31,2015-03-31,2020-03-31,2025-03-31,2025-03-31,8.7586,7.6421,complete
120670,ICICI Prudential Medium Term Bond Fund - Direct Plan - Growth,Debt,2021-03-31,2016-03-31,2016-03-31,2021-03-31,2026-03-31,2026-03-31,8.8651,7.3163,complete
120674,UTI Aggressive Hybrid Fund -Direct Plan - Growth,Hybrid,2018-03-31,2013-03-31,2013-04-01,2018-04-02,2023-03-31,2023-03-31,15.0944,9.8208,complete
120674,UTI Aggressive Hybrid Fund -Direct Plan - Growth,Hybrid,2019-03-31,2014-03-31,2014-03-31,2019-04-01,2024-03-31,2024-03-31,12.3465,15.8023,complete
120674,UTI Aggressive Hybrid Fund -Direct Plan - Growth,Hybrid,2020-03-31,2015-03-31,2015-03-31,2020-03-31,2025-03-31,2025-03-31,0.686,25.2355,complete
120674,UTI Aggressive Hybrid Fund -Direct Plan - Growth,Hybrid,2021-03-31,2016-03-31,2016-03-31,2021-03-31,2026-03-31,2026-03-31,11.7335,13.5293,complete
120676,ICICI Prudential Ultra Short Term Fund - Direct Plan -  Growth,Liquid/Money Market,2018-03-31,2013-03-31,2013-04-02,2018-03-28,2023-03-31,2023-03-31,9.6559,6.7206,complete
120676,ICICI Prudential Ultra Short Term Fund - Direct Plan -  Growth,Liquid/Money Market,2019-03-31,2014-03-31,2014-03-31,2019-03-29,2024-03-31,2024-03-31,10.4283,6.5859,complete
120676,ICICI Prudential Ultra Short Term Fund - Direct Plan -  Growth,Liquid/Money Market,2020-03-31,2015-03-31,2015-03-31,2020-03-31,2025-03-31,2025-03-31,9.0787,6.4554,complete
120676,ICICI Prudential Ultra Short Term Fund - Direct Plan -  Growth,Liquid/Money Market,2021-03-31,2016-03-31,2016-03-31,2021-03-31,2026-03-31,2026-03-31,8.3255,6.5424,complete
120679,ICICI Prudential Dynamic Asset Allocation Active FOF - Direct Plan - Growth,FoF/International,2018-03-31,2013-03-31,2013-04-01,2018-04-02,2023-03-31,2023-03-31,12.4072,12.6876,complete
120679,ICICI Prudential Dynamic Asset Allocation Active FOF - Direct Plan - Growth,FoF/International,2019-03-31,2014-03-31,2014-03-31,2019-04-01,2024-03-31,2024-03-31,12.0674,14.8619,complete
120679,ICICI Prudential Dynamic Asset Allocation Active FOF - Direct Plan - Growth,FoF/International,2020-03-31,2015-03-31,2015-03-31,2020-03-31,2025-03-31,2025-03-31,4.9129,20.3984,complete
120679,ICICI Prudential Dynamic Asset Allocation Active FOF - Direct Plan - Growth,FoF/International,2021-03-31,2016-03-31,2016-03-31,2021-03-31,2026-03-31,2026-03-31,13.374,11.8785,complete
120682,UTI - MNC Fund - Growth Option - Direct,Other,2018-03-31,2013-03-31,2013-04-01,2018-04-02,2023-03-31,2023-03-31,24.0108,7.5607,complete
120682,UTI - MNC Fund - Growth Option - Direct,Other,2019-03-31,2014-03-31,2014-03-31,2019-04-01,2024-03-31,2024-03-31,18.4081,13.3821,complete
120682,UTI - MNC Fund - Growth Option - Direct,Other,2020-03-31,2015-03-31,2015-03-31,2020-03-31,2025-03-31,2025-03-31,2.4684,17.8201,complete
120682,UTI - MNC Fund - Growth Option - Direct,Other,2021-03-31,2016-03-31,2016-03-31,2021-03-31,2026-03-31,2026-03-31,11.3089,9.0476,complete
120684,ICICI Prudential Nifty Next 50 Index Fund - Direct Plan -  Growth,Other,2018-03-31,2013-03-31,2013-04-01,2018-04-02,2023-03-31,2023-03-31,21.4293,5.7151,complete
120684,ICICI Prudential Nifty Next 50 Index Fund - Direct Plan -  Growth,Other,2019-03-31,2014-03-31,2014-03-31,2019-04-01,2024-03-31,2024-03-31,16.5441,16.7773,complete
120684,ICICI Prudential Nifty Next 50 Index Fund - Direct Plan -  Growth,Other,2020-03-31,2015-03-31,2015-03-31,2020-03-31,2025-03-31,2025-03-31,2.3413,24.7296,complete
120684,ICICI Prudential Nifty Next 50 Index Fund - Direct Plan -  Growth,Other,2021-03-31,2016-03-31,2016-03-31,2021-03-31,2026-03-31,2026-03-31,13.2884,12.4573,complete
120685,ICICI Prudential Gold ETF FOF - Direct Plan - Growth,FoF/International,2018-03-31,2013-03-31,2013-04-02,2018-03-28,2023-03-31,2023-03-31,-0.1978,13.1034,complete
120685,ICICI Prudential Gold ETF FOF - Direct Plan - Growth,FoF/International,2019-03-31,2014-03-31,2014-03-31,2019-03-29,2024-03-31,2024-03-31,0.9269,14.7714,complete
120685,ICICI Prudential Gold ETF FOF - Direct Plan - Growth,FoF/International,2020-03-31,2015-03-31,2015-03-31,2020-03-31,2025-03-31,2025-03-31,9.5518,14.1758,complete
120685,ICICI Prudential Gold ETF FOF - Direct Plan - Growth,FoF/International,2021-03-31,2016-03-31,2016-03-31,2021-03-31,2026-03-31,2026-03-31,8.1879,25.7633,complete
120688,ICICI Prudential Exports & Services Fund - Direct Plan - Growth,Other,2018-03-31,2013-03-31,2013-04-01,2018-04-02,2023-03-31,2023-03-31,25.0746,11.3668,complete
120688,ICICI Prudential Exports & Services Fund - Direct Plan - Growth,Other,2019-03-31,2014-03-31,2014-03-31,2019-04-01,2024-03-31,2024-03-31,16.382,19.4106,complete
120688,ICICI Prudential Exports & Services Fund - Direct Plan - Growth,Other,2020-03-31,2015-03-31,2015-03-31,2020-03-31,2025-03-31,2025-03-31,-0.2483,30.0885,complete
120688,ICICI Prudential Exports & Services Fund - Direct Plan - Growth,Other,2021-03-31,2016-03-31,2016-03-31,2021-03-31,2026-03-31,2026-03-31,11.5579,16.165,complete
120689,UTI Medium to Long Duration Fund-Growth - Direct,Debt,2018-03-31,2013-03-31,2013-04-02,2018-03-28,2023-03-31,2023-03-31,9.2009,4.1544,complete
120689,UTI Medium to Long Duration Fund-Growth - Direct,Debt,2019-03-31,2014-03-31,2014-04-02,2019-03-29,2024-03-31,2024-03-31,8.978,5.1781,complete
120689,UTI Medium to Long Duration Fund-Growth - Direct,Debt,2020-03-31,2015-03-31,2015-03-31,2020-03-31,2025-03-31,2025-03-31,3.2428,9.2886,complete
120689,UTI Medium to Long Duration Fund-Growth - Direct,Debt,2021-03-31,2016-03-31,2016-03-31,2021-03-31,2026-03-31,2026-03-31,3.5376,8.3326,complete
120692,ICICI Prudential Corporate Bond Fund - Direct Plan - Growth,Debt,2018-03-31,2013-03-31,2013-04-02,2018-03-28,2023-03-31,2023-03-31,9.0006,7.3072,complete
120692,ICICI Prudential Corporate Bond Fund - Direct Plan - Growth,Debt,2019-03-31,2014-03-31,2014-03-31,2019-03-29,2024-03-31,2024-03-31,8.6369,7.4301,complete
120692,ICICI Prudential Corporate Bond Fund - Direct Plan - Growth,Debt,2020-03-31,2015-03-31,2015-03-31,2020-03-31,2025-03-31,2025-03-31,8.4818,7.271,complete
120692,ICICI Prudential Corporate Bond Fund - Direct Plan - Growth,Debt,2021-03-31,2016-03-31,2016-03-31,2021-03-31,2026-03-31,2026-03-31,8.5383,6.6676,complete
120700,ICICI Prudential Aggressive Hybrid Active FOF - Direct Plan - Growth,Hybrid,2019-03-31,2014-03-31,,2019-04-01,2024-03-31,2024-03-31,,,missing_nav_endpoint
120700,ICICI Prudential Aggressive Hybrid Active FOF - Direct Plan - Growth,Hybrid,2020-03-31,2015-03-31,,2020-03-31,2025-03-31,2025-03-31,,,missing_nav_endpoint
120700,ICICI Prudential Aggressive Hybrid Active FOF - Direct Plan - Growth,Hybrid,2021-03-31,2016-03-31,2016-03-31,2021-03-31,2026-03-31,2026-03-31,14.3471,16.2188,complete
120702,ICICI Prudential Diversified Debt Strategy Active FOF  - Direct Plan - Growth,Debt,2018-03-31,2013-03-31,2013-04-02,2018-03-28,2023-03-31,2023-03-31,9.4802,6.9431,complete
120702,ICICI Prudential Diversified Debt Strategy Active FOF  - Direct Plan - Growth,Debt,2019-03-31,2014-03-31,2014-03-31,2019-03-29,2024-03-31,2024-03-31,9.8796,7.0727,complete
120702,ICICI Prudential Diversified Debt Strategy Active FOF  - Direct Plan - Growth,Debt,2020-03-31,2015-03-31,2015-03-31,2020-03-31,2025-03-31,2025-03-31,9.0474,7.08,complete
120702,ICICI Prudential Diversified Debt Strategy Active FOF  - Direct Plan - Growth,Debt,2021-03-31,2016-03-31,2016-03-31,2021-03-31,2026-03-31,2026-03-31,8.5802,6.3408,complete
120711,ICICI Prudential Credit Risk Fund - Direct Plan - Growth,Debt,2018-03-31,2013-03-31,2013-04-02,2018-03-28,2023-03-31,2023-03-31,9.6537,8.1066,complete
120711,ICICI Prudential Credit Risk Fund - Direct Plan - Growth,Debt,2019-03-31,2014-03-31,2014-03-31,2019-03-29,2024-03-31,2024-03-31,9.4699,8.2548,complete
120711,ICICI Prudential Credit Risk Fund - Direct Plan - Growth,Debt,2020-03-31,2015-03-31,2015-03-31,2020-03-31,2025-03-31,2025-03-31,9.1103,8.0347,complete
120711,ICICI Prudential Credit Risk Fund - Direct Plan - Growth,Debt,2021-03-31,2016-03-31,2016-03-31,2021-03-31,2026-03-31,2026-03-31,9.227,7.943,complete
120715,UTI ELSS Tax Saver Fund - Direct Plan - Growth Option,Equity,2018-03-31,2013-03-31,2013-04-01,2018-04-02,2023-03-31,2023-03-31,16.6772,10.9499,complete
120715,UTI ELSS Tax Saver Fund - Direct Plan - Growth Option,Equity,2019-03-31,2014-03-31,2014-03-31,2019-04-01,2024-03-31,2024-03-31,14.1979,16.1049,complete
120715,UTI ELSS Tax Saver Fund - Direct Plan - Growth Option,Equity,2020-03-31,2015-03-31,2015-03-31,2020-03-31,2025-03-31,2025-03-31,1.4304,24.1236,complete
120715,UTI ELSS Tax Saver Fund - Direct Plan - Growth Option,Equity,2021-03-31,2016-03-31,2016-03-31,2021-03-31,2026-03-31,2026-03-31,14.845,9.847,complete
120716,UTI Nifty 50 Index Fund - Growth Option- Direct,Other,2018-03-31,2013-03-31,2013-04-01,2018-04-02,2023-03-31,2023-03-31,13.2815,12.2366,complete
120716,UTI Nifty 50 Index Fund - Growth Option- Direct,Other,2019-03-31,2014-03-31,2014-03-31,2019-04-01,2024-03-31,2024-03-31,12.8059,14.8794,complete
120716,UTI Nifty 50 Index Fund - Growth Option- Direct,Other,2020-03-31,2015-03-31,2015-03-31,2020-03-31,2025-03-31,2025-03-31,1.2416,23.411,complete
120716,UTI Nifty 50 Index Fund - Growth Option- Direct,Other,2021-03-31,2016-03-31,2016-03-31,2021-03-31,2026-03-31,2026-03-31,14.7766,9.7594,complete
120718,UTI Short Duration Fund - Direct Plan - Growth Option,Debt,2018-03-31,2013-03-31,2013-04-02,2018-03-28,2023-03-31,2023-03-31,9.095,5.3776,complete
120718,UTI Short Duration Fund - Direct Plan - Growth Option,Debt,2019-03-31,2014-03-31,2014-04-02,2019-03-29,2024-03-31,2024-03-31,8.747,5.6103,complete
120718,UTI Short Duration Fund - Direct Plan - Growth Option,Debt,2020-03-31,2015-03-31,2015-03-31,2020-03-31,2025-03-31,2025-03-31,5.6664,8.0829,complete
120718,UTI Short Duration Fund - Direct Plan - Growth Option,Debt,2021-03-31,2016-03-31,2016-03-31,2021-03-31,2026-03-31,2026-03-31,5.745,7.4862,complete
120722,ICICI Prudential Focused Equity Fund - Direct Plan - Growth,Equity,2018-03-31,2013-03-31,2013-04-01,2018-04-02,2023-03-31,2023-03-31,15.6312,13.8,complete
120722,ICICI Prudential Focused Equity Fund - Direct Plan - Growth,Equity,2019-03-31,2014-03-31,2014-03-31,2019-04-01,2024-03-31,2024-03-31,13.018,20.9142,complete
120722,ICICI Prudential Focused Equity Fund - Direct Plan - Growth,Equity,2020-03-31,2015-03-31,2015-03-31,2020-03-31,2025-03-31,2025-03-31,0.4914,31.4068,complete
120722,ICICI Prudential Focused Equity Fund - Direct Plan - Growth,Equity,2021-03-31,2016-03-31,2016-03-31,2021-03-31,2026-03-31,2026-03-31,14.2814,17.421,complete
120724,UTI Children's Equity Fund - Direct Plan - Growth Option,Equity,2018-03-31,2013-03-31,2013-04-01,2018-04-02,2023-03-31,2023-03-31,17.7425,9.9934,complete
120724,UTI Children's Equity Fund - Direct Plan - Growth Option,Equity,2019-03-31,2014-03-31,2014-03-31,2019-04-01,2024-03-31,2024-03-31,15.4504,15.1318,complete
120724,UTI Children's Equity Fund - Direct Plan - Growth Option,Equity,2020-03-31,2015-03-31,2015-03-31,2020-03-31,2025-03-31,2025-03-31,1.6098,23.7237,complete
120724,UTI Children's Equity Fund - Direct Plan - Growth Option,Equity,2021-03-31,2016-03-31,2016-03-31,2021-03-31,2026-03-31,2026-03-31,15.393,9.3616,complete
120726,UTI Mid Cap Fund-Growth Option- Direct,Equity,2018-03-31,2013-03-31,2013-04-01,2018-04-02,2023-03-31,2023-03-31,29.1995,11.2294,complete
120726,UTI Mid Cap Fund-Growth Option- Direct,Equity,2019-03-31,2014-03-31,2014-03-31,2019-04-01,2024-03-31,2024-03-31,18.7525,21.0046,complete
120726,UTI Mid Cap Fund-Growth Option- Direct,Equity,2020-03-31,2015-03-31,2015-03-31,2020-03-31,2025-03-31,2025-03-31,0.1439,29.8947,complete
120726,UTI Mid Cap Fund-Growth Option- Direct,Equity,2021-03-31,2016-03-31,2016-03-31,2021-03-31,2026-03-31,2026-03-31,15.3378,13.5762,complete
120728,UTI Infrastructure Fund-Growth Option- Direct,Other,2018-03-31,2013-03-31,2013-04-01,2018-04-02,2023-03-31,2023-03-31,15.6373,9.2282,complete
120728,UTI Infrastructure Fund-Growth Option- Direct,Other,2019-03-31,2014-03-31,2014-03-31,2019-04-01,2024-03-31,2024-03-31,13.0148,18.9485,complete
120728,UTI Infrastructure Fund-Growth Option- Direct,Other,2020-03-31,2015-03-31,2015-03-31,2020-03-31,2025-03-31,2025-03-31,-2.9449,29.3618,complete
120728,UTI Infrastructure Fund-Growth Option- Direct,Other,2021-03-31,2016-03-31,2016-03-31,2021-03-31,2026-03-31,2026-03-31,12.4377,14.5873,complete
120731,UTI-Transportation and Logistics  Fund-Growth Option- Direct,Other,2018-03-31,2013-03-31,2013-04-01,2018-04-02,2023-03-31,2023-03-31,34.1801,4.5161,complete
120731,UTI-Transportation and Logistics  Fund-Growth Option- Direct,Other,2019-03-31,2014-03-31,2014-03-31,2019-04-01,2024-03-31,2024-03-31,16.8593,20.7018,complete
120731,UTI-Transportation and Logistics  Fund-Growth Option- Direct,Other,2020-03-31,2015-03-31,2015-03-31,2020-03-31,2025-03-31,2025-03-31,-6.737,33.6758,complete
120731,UTI-Transportation and Logistics  Fund-Growth Option- Direct,Other,2021-03-31,2016-03-31,2016-03-31,2021-03-31,2026-03-31,2026-03-31,7.6228,18.1161,complete
120733,UTI Banking and Financial Services Fund - Direct Plan - Growth Option,Other,2018-03-31,2013-03-31,2013-04-01,2018-04-02,2023-03-31,2023-03-31,17.4883,6.5714,complete
120733,UTI Banking and Financial Services Fund - Direct Plan - Growth Option,Other,2019-03-31,2014-03-31,2014-03-31,2019-04-01,2024-03-31,2024-03-31,18.0536,9.5329,complete
120733,UTI Banking and Financial Services Fund - Direct Plan - Growth Option,Other,2020-03-31,2015-03-31,2015-03-31,2020-03-31,2025-03-31,2025-03-31,-1.0685,25.6159,complete
120733,UTI Banking and Financial Services Fund - Direct Plan - Growth Option,Other,2021-03-31,2016-03-31,2016-03-31,2021-03-31,2026-03-31,2026-03-31,13.2385,11.9544,complete
120735,UTI Low Duration Fund - Direct Plan - Growth Option,Debt,2018-03-31,2013-03-31,2013-04-02,2018-03-28,2023-03-31,2023-03-31,8.7841,4.7575,complete
120735,UTI Low Duration Fund - Direct Plan - Growth Option,Debt,2019-03-31,2014-03-31,2014-04-02,2019-03-29,2024-03-31,2024-03-31,8.3787,4.6895,complete
120735,UTI Low Duration Fund - Direct Plan - Growth Option,Debt,2020-03-31,2015-03-31,2015-03-31,2020-03-31,2025-03-31,2025-03-31,5.4692,7.277,complete
120735,UTI Low Duration Fund - Direct Plan - Growth Option,Debt,2021-03-31,2016-03-31,2016-03-31,2021-03-31,2026-03-31,2026-03-31,4.9862,7.331,complete
120743,ICICI Prudential Long Term Bond Fund - Direct Plan - Growth,Debt,2018-03-31,2013-03-31,2013-04-02,2018-03-28,2023-03-31,2023-03-31,9.2724,6.8166,complete
120743,ICICI Prudential Long Term Bond Fund - Direct Plan - Growth,Debt,2019-03-31,2014-03-31,2014-03-31,2019-03-29,2024-03-31,2024-03-31,10.5499,7.0479,complete
120743,ICICI Prudential Long Term Bond Fund - Direct Plan - Growth,Debt,2020-03-31,2015-03-31,2015-03-31,2020-03-31,2025-03-31,2025-03-31,9.752,6.2846,complete
120743,ICICI Prudential Long Term Bond Fund - Direct Plan - Growth,Debt,2021-03-31,2016-03-31,2016-03-31,2021-03-31,2026-03-31,2026-03-31,9.4894,5.1366,complete
120746,UTI Ultra Short Duration Fund - Direct Plan - Growth Option,Debt,2018-03-31,2013-03-31,2013-04-02,2018-03-28,2023-03-31,2023-03-31,9.0493,5.732,complete
120746,UTI Ultra Short Duration Fund - Direct Plan - Growth Option,Debt,2019-03-31,2014-03-31,2014-04-02,2019-03-29,2024-03-31,2024-03-31,8.5231,5.6728,complete
120746,UTI Ultra Short Duration Fund - Direct Plan - Growth Option,Debt,2020-03-31,2015-03-31,2015-03-31,2020-03-31,2025-03-31,2025-03-31,7.224,6.636,complete
120746,UTI Ultra Short Duration Fund - Direct Plan - Growth Option,Debt,2021-03-31,2016-03-31,2016-03-31,2021-03-31,2026-03-31,2026-03-31,6.5033,6.8673,complete
120751,UTI Value Fund - Direct Plan - Growth Option,Other,2018-03-31,2013-03-31,2013-04-01,2018-04-02,2023-03-31,2023-03-31,14.59,12.3067,complete
120751,UTI Value Fund - Direct Plan - Growth Option,Other,2019-03-31,2014-03-31,2014-03-31,2019-04-01,2024-03-31,2024-03-31,12.2136,17.8126,complete
120751,UTI Value Fund - Direct Plan - Growth Option,Other,2020-03-31,2015-03-31,2015-03-31,2020-03-31,2025-03-31,2025-03-31,-0.1872,28.0396,complete
120751,UTI Value Fund - Direct Plan - Growth Option,Other,2021-03-31,2016-03-31,2016-03-31,2021-03-31,2026-03-31,2026-03-31,14.3815,13.2897,complete
120754,ICICI Prudential Short Term Fund - Direct Plan - Growth Option,Other,2018-03-31,2013-03-31,2013-04-02,2018-03-28,2023-03-31,2023-03-31,9.3428,7.7091,complete
120754,ICICI Prudential Short Term Fund - Direct Plan - Growth Option,Other,2019-03-31,2014-03-31,2014-03-31,2019-03-29,2024-03-31,2024-03-31,9.3098,7.87,complete
120754,ICICI Prudential Short Term Fund - Direct Plan - Growth Option,Other,2020-03-31,2015-03-31,2015-03-31,2020-03-31,2025-03-31,2025-03-31,8.879,7.6249,complete
120754,ICICI Prudential Short Term Fund - Direct Plan - Growth Option,Other,2021-03-31,2016-03-31,2016-03-31,2021-03-31,2026-03-31,2026-03-31,9.0402,7.083,complete
120760,UTI Multi Asset Allocation Fund - Direct Plan - Growth Option,Hybrid,2018-03-31,2013-03-31,2013-04-01,2018-04-02,2023-03-31,2023-03-31,9.5336,7.6638,complete
120760,UTI Multi Asset Allocation Fund - Direct Plan - Growth Option,Hybrid,2019-03-31,2014-03-31,2014-03-31,2019-04-01,2024-03-31,2024-03-31,8.3885,14.6209,complete
120760,UTI Multi Asset Allocation Fund - Direct Plan - Growth Option,Hybrid,2020-03-31,2015-03-31,2015-03-31,2020-03-31,2025-03-31,2025-03-31,1.4582,20.1497,complete
120760,UTI Multi Asset Allocation Fund - Direct Plan - Growth Option,Hybrid,2021-03-31,2016-03-31,2016-03-31,2021-03-31,2026-03-31,2026-03-31,9.342,13.6399,complete
120762,UTI Dynamic Bond Fund - Direct Plan - Growth Option,Debt,2018-03-31,2013-03-31,2013-04-02,2018-03-28,2023-03-31,2023-03-31,10.1173,6.1135,complete
120762,UTI Dynamic Bond Fund - Direct Plan - Growth Option,Debt,2019-03-31,2014-03-31,2014-04-02,2019-03-29,2024-03-31,2024-03-31,9.2081,7.0125,complete
120762,UTI Dynamic Bond Fund - Direct Plan - Growth Option,Debt,2020-03-31,2015-03-31,2015-03-31,2020-03-31,2025-03-31,2025-03-31,5.2174,9.8669,complete
120762,UTI Dynamic Bond Fund - Direct Plan - Growth Option,Debt,2021-03-31,2016-03-31,2016-03-31,2021-03-31,2026-03-31,2026-03-31,5.3489,9.3154,complete
120764,UTI Credit Risk Fund - Direct Plan - Growth Option,Debt,2018-03-31,2013-03-31,2013-04-02,2018-03-28,2023-03-31,2023-03-31,10.2348,-0.953,complete
120764,UTI Credit Risk Fund - Direct Plan - Growth Option,Debt,2019-03-31,2014-03-31,2014-04-02,2019-03-29,2024-03-31,2024-03-31,9.6606,-0.7318,complete
120764,UTI Credit Risk Fund - Direct Plan - Growth Option,Debt,2020-03-31,2015-03-31,2015-03-31,2020-03-31,2025-03-31,2025-03-31,-0.0276,8.0869,complete
120764,UTI Credit Risk Fund - Direct Plan - Growth Option,Debt,2021-03-31,2016-03-31,2016-03-31,2021-03-31,2026-03-31,2026-03-31,-2.3704,10.1058,complete
120779,UTI Conservative Hybrid Fund - Direct Plan - Growth Option,Hybrid,2018-03-31,2013-03-31,2013-04-02,2018-03-28,2023-03-31,2023-03-31,11.8075,7.0876,complete
120779,UTI Conservative Hybrid Fund - Direct Plan - Growth Option,Hybrid,2019-03-31,2014-03-31,2014-04-02,2019-03-29,2024-03-31,2024-03-31,10.9721,8.615,complete
120779,UTI Conservative Hybrid Fund - Direct Plan - Growth Option,Hybrid,2020-03-31,2015-03-31,2015-03-31,2020-03-31,2025-03-31,2025-03-31,4.7306,12.9567,complete
120779,UTI Conservative Hybrid Fund - Direct Plan - Growth Option,Hybrid,2021-03-31,2016-03-31,2016-03-31,2021-03-31,2026-03-31,2026-03-31,8.217,8.5047,complete
120780,UTI India Consumer Fund - Direct Plan - Growth Option,Other,2018-03-31,2013-03-31,2013-04-01,2018-04-02,2023-03-31,2023-03-31,14.4541,8.1311,complete
120780,UTI India Consumer Fund - Direct Plan - Growth Option,Other,2019-03-31,2014-03-31,2014-03-31,2019-04-01,2024-03-31,2024-03-31,11.2497,15.1302,complete
120780,UTI India Consumer Fund - Direct Plan - Growth Option,Other,2020-03-31,2015-03-31,2015-03-31,2020-03-31,2025-03-31,2025-03-31,1.9531,20.0589,complete
120780,UTI India Consumer Fund - Direct Plan - Growth Option,Other,2021-03-31,2016-03-31,2016-03-31,2021-03-31,2026-03-31,2026-03-31,12.0401,10.2425,complete
120782,UTI Healthcare Fund - Direct Plan - Growth Option,Other,2018-03-31,2013-03-31,2013-04-01,2018-04-02,2023-03-31,2023-03-31,13.5688,12.6216,complete
120782,UTI Healthcare Fund - Direct Plan - Growth Option,Other,2019-03-31,2014-03-31,2014-03-31,2019-04-01,2024-03-31,2024-03-31,8.7719,22.2006,complete
120782,UTI Healthcare Fund - Direct Plan - Growth Option,Other,2020-03-31,2015-03-31,2015-03-31,2020-03-31,2025-03-31,2025-03-31,-3.2681,28.6581,complete
120782,UTI Healthcare Fund - Direct Plan - Growth Option,Other,2021-03-31,2016-03-31,2016-03-31,2021-03-31,2026-03-31,2026-03-31,11.1036,15.4373,complete
120785,UTI - Overnight Fund - Direct Plan - Growth Option,Liquid/Money Market,2018-03-31,2013-03-31,2013-04-02,2018-03-28,2023-03-31,2023-03-31,7.8268,162.3919,complete
120785,UTI - Overnight Fund - Direct Plan - Growth Option,Liquid/Money Market,2019-03-31,2014-03-31,2014-04-02,2019-03-31,2024-03-31,2024-03-31,169.8136,4.7587,complete
120785,UTI - Overnight Fund - Direct Plan - Growth Option,Liquid/Money Market,2020-03-31,2015-03-31,2015-03-31,2020-03-31,2025-03-31,2025-03-31,167.5663,5.0344,complete
120785,UTI - Overnight Fund - Direct Plan - Growth Option,Liquid/Money Market,2021-03-31,2016-03-31,2016-03-31,2021-03-31,2026-03-31,2026-03-31,165.5939,5.5247,complete
120792,UTI - GILT FUND - Direct Plan - Growth Option,Debt,2018-03-31,2013-03-31,2013-04-02,2018-03-28,2023-03-31,2023-03-31,9.7372,7.0418,complete
120792,UTI - GILT FUND - Direct Plan - Growth Option,Debt,2019-03-31,2014-03-31,2014-04-02,2019-03-29,2024-03-31,2024-03-31,10.7002,7.1853,complete
120792,UTI - GILT FUND - Direct Plan - Growth Option,Debt,2020-03-31,2015-03-31,2015-03-31,2020-03-31,2025-03-31,2025-03-31,8.9703,6.4513,complete
120792,UTI - GILT FUND - Direct Plan - Growth Option,Debt,2021-03-31,2016-03-31,2016-03-31,2021-03-31,2026-03-31,2026-03-31,9.5155,5.6726,complete
120795,UTI Arbitrage Fund - Direct Plan - Growth Option,Arbitrage,2018-03-31,2013-03-31,2013-04-01,2018-04-02,2023-03-31,2023-03-31,7.5,5.5164,complete
120795,UTI Arbitrage Fund - Direct Plan - Growth Option,Arbitrage,2019-03-31,2014-03-31,2014-03-31,2019-04-01,2024-03-31,2024-03-31,7.1265,5.822,complete
120795,UTI Arbitrage Fund - Direct Plan - Growth Option,Arbitrage,2020-03-31,2015-03-31,2015-03-31,2020-03-31,2025-03-31,2025-03-31,6.801,6.044,complete
120795,UTI Arbitrage Fund - Direct Plan - Growth Option,Arbitrage,2021-03-31,2016-03-31,2016-03-31,2021-03-31,2026-03-31,2026-03-31,6.1598,6.5693,complete
120819,quant Aggressive Hybrid Fund-Growth Option-Direct Plan,Hybrid,2018-03-31,2013-03-31,2013-04-01,2018-03-31,2023-03-31,2023-03-31,17.7297,19.3136,complete
120819,quant Aggressive Hybrid Fund-Growth Option-Direct Plan,Hybrid,2019-03-31,2014-03-31,2014-03-31,2019-03-31,2024-03-31,2024-03-31,14.7965,24.8639,complete
120819,quant Aggressive Hybrid Fund-Growth Option-Direct Plan,Hybrid,2020-03-31,2015-03-31,2015-03-31,2020-03-31,2025-03-31,2025-03-31,2.2263,29.8925,complete
120819,quant Aggressive Hybrid Fund-Growth Option-Direct Plan,Hybrid,2021-03-31,2016-03-31,2016-03-31,2021-03-31,2026-03-31,2026-03-31,16.403,14.8458,complete
120821,quant Multi Asset Allocation Fund-GROWTH OPTION-Direct Plan,Hybrid,2018-03-31,2013-03-31,2013-04-01,2018-03-31,2023-03-31,2023-03-31,7.0465,20.3822,complete
120821,quant Multi Asset Allocation Fund-GROWTH OPTION-Direct Plan,Hybrid,2019-03-31,2014-03-31,2014-03-31,2019-03-31,2024-03-31,2024-03-31,6.7566,28.5101,complete
120821,quant Multi Asset Allocation Fund-GROWTH OPTION-Direct Plan,Hybrid,2020-03-31,2015-03-31,2015-03-31,2020-03-31,2025-03-31,2025-03-31,1.6568,35.281,complete
120821,quant Multi Asset Allocation Fund-GROWTH OPTION-Direct Plan,Hybrid,2021-03-31,2016-03-31,2016-03-31,2021-03-31,2026-03-31,2026-03-31,12.0307,24.8338,complete
120823,quant Multi Cap Fund-GROWTH OPTION-Direct Plan,Equity,2018-03-31,2013-03-31,2013-04-01,2018-03-31,2023-03-31,2023-03-31,22.3656,20.127,complete
120823,quant Multi Cap Fund-GROWTH OPTION-Direct Plan,Equity,2019-03-31,2014-03-31,2014-03-31,2019-03-31,2024-03-31,2024-03-31,18.8848,28.9615,complete
120823,quant Multi Cap Fund-GROWTH OPTION-Direct Plan,Equity,2020-03-31,2015-03-31,2015-03-31,2020-03-31,2025-03-31,2025-03-31,2.4996,35.3205,complete
120823,quant Multi Cap Fund-GROWTH OPTION-Direct Plan,Equity,2021-03-31,2016-03-31,2016-03-31,2021-03-31,2026-03-31,2026-03-31,20.4446,13.7241,complete
120826,quant Large & Mid Cap Fund - Growth Option-Direct Plan,Equity,2018-03-31,2013-03-31,2013-04-01,2018-03-31,2023-03-31,2023-03-31,24.7544,14.3083,complete
120826,quant Large & Mid Cap Fund - Growth Option-Direct Plan,Equity,2019-03-31,2014-03-31,2014-03-31,2019-03-31,2024-03-31,2024-03-31,20.7547,25.9903,complete
120826,quant Large & Mid Cap Fund - Growth Option-Direct Plan,Equity,2020-03-31,2015-03-31,2015-03-31,2020-03-31,2025-03-31,2025-03-31,4.4461,30.902,complete
120826,quant Large & Mid Cap Fund - Growth Option-Direct Plan,Equity,2021-03-31,2016-03-31,2016-03-31,2021-03-31,2026-03-31,2026-03-31,15.6495,15.6757,complete
120828,quant Small Cap Fund - Growth Option - Direct Plan,Equity,2018-03-31,2013-03-31,2013-04-01,2018-03-31,2023-03-31,2023-03-31,8.1555,23.2893,complete
120828,quant Small Cap Fund - Growth Option - Direct Plan,Equity,2019-03-31,2014-03-31,2014-03-31,2019-03-31,2024-03-31,2024-03-31,6.8303,36.398,complete
120828,quant Small Cap Fund - Growth Option - Direct Plan,Equity,2020-03-31,2015-03-31,2015-03-31,2020-03-31,2025-03-31,2025-03-31,-6.0735,51.8374,complete
120828,quant Small Cap Fund - Growth Option - Direct Plan,Equity,2021-03-31,2016-03-31,2016-03-31,2021-03-31,2026-03-31,2026-03-31,13.4368,22.9591,complete
120833,quant Infrastructure Fund - Growth Option-Direct Plan,Other,2018-03-31,2013-03-31,2013-04-01,2018-03-31,2023-03-31,2023-03-31,15.7898,21.0597,complete
120833,quant Infrastructure Fund - Growth Option-Direct Plan,Other,2019-03-31,2014-03-31,2014-03-31,2019-03-31,2024-03-31,2024-03-31,13.7547,35.3389,complete
120833,quant Infrastructure Fund - Growth Option-Direct Plan,Other,2020-03-31,2015-03-31,2015-03-31,2020-03-31,2025-03-31,2025-03-31,-3.7416,45.0361,complete
120833,quant Infrastructure Fund - Growth Option-Direct Plan,Other,2021-03-31,2016-03-31,2016-03-31,2021-03-31,2026-03-31,2026-03-31,17.4094,20.2976,complete
120834,quant Focused Fund - Growth Option-Direct Plan,Other,2018-03-31,2013-03-31,2013-04-01,2018-03-31,2023-03-31,2023-03-31,23.5789,13.4227,complete
120834,quant Focused Fund - Growth Option-Direct Plan,Other,2019-03-31,2014-03-31,2014-03-31,2019-03-31,2024-03-31,2024-03-31,19.5831,23.4767,complete
120834,quant Focused Fund - Growth Option-Direct Plan,Other,2020-03-31,2015-03-31,2015-03-31,2020-03-31,2025-03-31,2025-03-31,2.2733,29.7695,complete
120834,quant Focused Fund - Growth Option-Direct Plan,Other,2021-03-31,2016-03-31,2016-03-31,2021-03-31,2026-03-31,2026-03-31,15.8451,12.0391,complete
120837,quant Liquid Fund - Growth Option - Direct Plan,Liquid/Money Market,2018-03-31,2013-03-31,2013-04-01,2018-03-31,2023-03-31,2023-03-31,8.4976,5.8857,complete
120837,quant Liquid Fund - Growth Option - Direct Plan,Liquid/Money Market,2019-03-31,2014-03-31,2014-03-31,2019-03-31,2024-03-31,2024-03-31,8.0645,5.7674,complete
120837,quant Liquid Fund - Growth Option - Direct Plan,Liquid/Money Market,2020-03-31,2015-03-31,2015-03-31,2020-03-31,2025-03-31,2025-03-31,7.5396,5.8382,complete
120837,quant Liquid Fund - Growth Option - Direct Plan,Liquid/Money Market,2021-03-31,2016-03-31,2016-03-31,2021-03-31,2026-03-31,2026-03-31,6.7727,6.1016,complete
120841,quant Mid Cap Fund - Growth Option - Direct Plan,Equity,2018-03-31,2013-03-31,2013-04-01,2018-03-31,2023-03-31,2023-03-31,12.5214,19.9805,complete
120841,quant Mid Cap Fund - Growth Option - Direct Plan,Equity,2019-03-31,2014-03-31,2014-03-31,2019-03-31,2024-03-31,2024-03-31,11.3792,31.6638,complete
120841,quant Mid Cap Fund - Growth Option - Direct Plan,Equity,2020-03-31,2015-03-31,2015-03-31,2020-03-31,2025-03-31,2025-03-31,-0.633,38.6771,complete
120841,quant Mid Cap Fund - Growth Option - Direct Plan,Equity,2021-03-31,2016-03-31,2016-03-31,2021-03-31,2026-03-31,2026-03-31,14.6489,18.9883,complete
120843,quant Flexi Cap Fund - Growth Option-Direct Plan,Equity,2018-03-31,2013-03-31,2013-04-01,2018-03-31,2023-03-31,2023-03-31,22.3906,18.5546,complete
120843,quant Flexi Cap Fund - Growth Option-Direct Plan,Equity,2019-03-31,2014-03-31,2014-03-31,2019-03-31,2024-03-31,2024-03-31,18.77,30.1334,complete
120843,quant Flexi Cap Fund - Growth Option-Direct Plan,Equity,2020-03-31,2015-03-31,2015-03-31,2020-03-31,2025-03-31,2025-03-31,2.626,38.197,complete
120843,quant Flexi Cap Fund - Growth Option-Direct Plan,Equity,2021-03-31,2016-03-31,2016-03-31,2021-03-31,2026-03-31,2026-03-31,19.9353,18.3747,complete
120847,quant ELSS Tax Saver Fund - Growth Option - Direct Plan,Equity,2018-03-31,2013-03-31,2013-04-01,2018-03-31,2023-03-31,2023-03-31,22.3222,22.5252,complete
120847,quant ELSS Tax Saver Fund - Growth Option - Direct Plan,Equity,2019-03-31,2014-03-31,2014-03-31,2019-03-31,2024-03-31,2024-03-31,20.7083,32.207,complete
120847,quant ELSS Tax Saver Fund - Growth Option - Direct Plan,Equity,2020-03-31,2015-03-31,2015-03-31,2020-03-31,2025-03-31,2025-03-31,4.0732,39.1081,complete
120847,quant ELSS Tax Saver Fund - Growth Option - Direct Plan,Equity,2021-03-31,2016-03-31,2016-03-31,2021-03-31,2026-03-31,2026-03-31,22.2857,17.871,complete
121182,UTI Quarterly Interval Fund - II - Direct Plan - Growth Option,Other,2018-03-31,2013-03-31,2013-04-02,2018-03-28,2023-03-31,2023-03-31,8.3257,4.7676,complete
121182,UTI Quarterly Interval Fund - II - Direct Plan - Growth Option,Other,2019-03-31,2014-03-31,2014-04-02,2019-03-29,2024-03-31,2024-03-31,7.8769,4.7201,complete
121279,Bandhan Banking and PSU Fund - Direct Growth,Debt,2018-03-31,2013-03-31,2013-04-02,2018-03-28,2023-03-31,2023-03-31,8.0146,7.5307,complete
121279,Bandhan Banking and PSU Fund - Direct Growth,Debt,2019-03-31,2014-03-31,2014-04-02,2019-03-29,2024-03-31,2024-03-31,8.1139,7.1347,complete
121279,Bandhan Banking and PSU Fund - Direct Growth,Debt,2020-03-31,2015-03-31,2015-03-31,2020-03-31,2025-03-31,2025-03-31,8.3828,6.6534,complete
121279,Bandhan Banking and PSU Fund - Direct Growth,Debt,2021-03-31,2016-03-31,2016-03-31,2021-03-31,2026-03-31,2026-03-31,8.4095,6.0759,complete
121722,UTI Quarterly Interval Fund - III -Direct Plan - Growth Option,Other,2018-03-31,2013-03-31,2013-04-02,2018-03-28,2023-03-31,2023-03-31,8.2055,5.0106,complete
121722,UTI Quarterly Interval Fund - III -Direct Plan - Growth Option,Other,2019-03-31,2014-03-31,2014-04-02,2019-03-29,2024-03-31,2024-03-31,7.8146,4.8944,complete
122165,UTI Quarterly Interval Fund - I -Direct Plan - Growth Option,Other,2018-03-31,2013-03-31,2013-04-02,2018-03-28,2023-03-31,2023-03-31,8.1159,4.7984,complete
122165,UTI Quarterly Interval Fund - I -Direct Plan - Growth Option,Other,2019-03-31,2014-03-31,2014-04-02,2019-03-29,2024-03-31,2024-03-31,7.696,4.757,complete
122389,Motilal Oswal Focused Fund - Direct Plan Growth Option,Other,2019-03-31,2014-03-31,2014-03-31,2019-04-01,2024-03-31,2024-03-31,15.7135,15.2448,complete
122389,Motilal Oswal Focused Fund - Direct Plan Growth Option,Other,2020-03-31,2015-03-31,2015-03-31,2020-03-31,2025-03-31,2025-03-31,4.0986,17.0715,complete
122389,Motilal Oswal Focused Fund - Direct Plan Growth Option,Other,2021-03-31,2016-03-31,2016-03-31,2021-03-31,2026-03-31,2026-03-31,16.6807,7.1925,complete
122639,Parag Parikh Flexi Cap Fund - Direct Plan - Growth,Equity,2019-03-31,2014-03-31,2014-03-31,2019-04-01,2024-03-31,2024-03-31,16.8195,23.8375,complete
122639,Parag Parikh Flexi Cap Fund - Direct Plan - Growth,Equity,2020-03-31,2015-03-31,2015-03-31,2020-03-31,2025-03-31,2025-03-31,5.8224,31.4586,complete
122639,Parag Parikh Flexi Cap Fund - Direct Plan - Growth,Equity,2021-03-31,2016-03-31,2016-03-31,2021-03-31,2026-03-31,2026-03-31,18.5335,16.4998,complete
122646,Aditya Birla Sun Life Floating Rate Fund-Direct Plan-Growth,Other,2019-03-31,2014-03-31,2014-03-31,2019-03-29,2024-03-31,2024-03-31,8.7014,6.7776,complete
122646,Aditya Birla Sun Life Floating Rate Fund-Direct Plan-Growth,Other,2020-03-31,2015-03-31,2015-03-31,2020-03-31,2025-03-31,2025-03-31,8.4283,6.7566,complete
122646,Aditya Birla Sun Life Floating Rate Fund-Direct Plan-Growth,Other,2021-03-31,2016-03-31,2016-03-31,2021-03-31,2026-03-31,2026-03-31,8.1108,6.6712,complete
122715,360 ONE Dynamic Bond Fund Direct Plan Growth,Debt,2019-03-31,2014-03-31,2014-04-02,2019-03-29,2024-03-31,2024-03-31,9.1777,6.8879,complete
122715,360 ONE Dynamic Bond Fund Direct Plan Growth,Debt,2020-03-31,2015-03-31,2015-03-31,2020-03-31,2025-03-31,2025-03-31,7.3727,7.1049,complete
122715,360 ONE Dynamic Bond Fund Direct Plan Growth,Debt,2021-03-31,2016-03-31,2016-03-31,2021-03-31,2026-03-31,2026-03-31,7.3692,6.9342,complete
123646,UTI Annual Interval Fund - I - Direct Plan - Growth Option,Other,2019-03-31,2014-03-31,2014-04-02,2019-03-29,2024-03-31,2024-03-31,8.1658,4.3543,complete
123646,UTI Annual Interval Fund - I - Direct Plan - Growth Option,Other,2020-03-31,2015-03-31,2015-03-31,2020-03-31,2025-03-31,2025-03-31,6.0722,5.9069,complete
123646,UTI Annual Interval Fund - I - Direct Plan - Growth Option,Other,2021-03-31,2016-03-31,2016-03-31,2021-03-31,2026-03-31,2026-03-31,5.1695,6.2743,complete
123654,ICICI Prudential Global Stable Equity Fund (FOF) - Direct - Growth,Equity,2019-03-31,2014-03-31,2014-03-31,2019-03-29,2024-03-31,2024-03-31,8.458,11.4727,complete
123654,ICICI Prudential Global Stable Equity Fund (FOF) - Direct - Growth,Equity,2020-03-31,2015-03-31,2015-03-31,2020-03-31,2025-03-31,2025-03-31,5.1446,13.8225,complete
123654,ICICI Prudential Global Stable Equity Fund (FOF) - Direct - Growth,Equity,2021-03-31,2016-03-31,2016-03-31,2021-03-31,2026-03-31,2026-03-31,9.5713,10.5469,complete
123693,Kotak Banking and PSU Debt Direct - Growth,Debt,2019-03-31,2014-03-31,2014-04-02,2019-03-29,2024-03-31,2024-03-31,8.5251,7.383,complete
123693,Kotak Banking and PSU Debt Direct - Growth,Debt,2020-03-31,2015-03-31,2015-03-31,2020-03-31,2025-03-31,2025-03-31,8.8243,6.9259,complete
123693,Kotak Banking and PSU Debt Direct - Growth,Debt,2021-03-31,2016-03-31,2016-03-31,2021-03-31,2026-03-31,2026-03-31,8.7275,6.5369,complete
123704,Groww Short Term Fund (formerly known as Indiabulls Short Term Fund) - Direct Plan - Growth Option,Other,2019-03-31,2014-03-31,2014-04-02,2019-03-29,2024-03-31,2024-03-31,9.3338,5.3758,complete
123704,Groww Short Term Fund (formerly known as Indiabulls Short Term Fund) - Direct Plan - Growth Option,Other,2020-03-31,2015-03-31,2015-03-31,2020-03-31,2025-03-31,2025-03-31,8.3889,6.0533,complete
123704,Groww Short Term Fund (formerly known as Indiabulls Short Term Fund) - Direct Plan - Growth Option,Other,2021-03-31,2016-03-31,2016-03-31,2021-03-31,2026-03-31,2026-03-31,7.4141,6.0437,complete
124175,DSP Banking & PSU Debt Fund - Direct Plan - Growth,Debt,2019-03-31,2014-03-31,2014-04-02,2019-03-31,2024-03-31,2024-03-31,8.7045,6.9547,complete
124175,DSP Banking & PSU Debt Fund - Direct Plan - Growth,Debt,2020-03-31,2015-03-31,2015-03-31,2020-03-31,2025-03-31,2025-03-31,8.51,6.6461,complete
124175,DSP Banking & PSU Debt Fund - Direct Plan - Growth,Debt,2021-03-31,2016-03-31,2016-03-31,2021-03-31,2026-03-31,2026-03-31,8.4981,5.87,complete
124234,Motilal Oswal Ultra Short Term Fund (MOFUSTF) -Direct Plan- Growth,Liquid/Money Market,2019-03-31,2014-03-31,2014-04-02,2019-03-29,2024-03-31,2024-03-31,3.8666,4.8446,complete
124234,Motilal Oswal Ultra Short Term Fund (MOFUSTF) -Direct Plan- Growth,Liquid/Money Market,2020-03-31,2015-03-31,2015-03-31,2020-03-31,2025-03-31,2025-03-31,3.4345,4.9644,complete
124234,Motilal Oswal Ultra Short Term Fund (MOFUSTF) -Direct Plan- Growth,Liquid/Money Market,2021-03-31,2016-03-31,2016-03-31,2021-03-31,2026-03-31,2026-03-31,2.7939,5.4521,complete
125077,UTI Annual Interval Fund - II - Direct Plan - Growth Option,Other,2019-03-31,2014-03-31,2014-04-02,2019-03-29,2024-03-31,2024-03-31,7.7036,4.9373,complete
125307,PGIM India Midcap Fund - Direct Plan - Growth Option,Other,2019-03-31,2014-03-31,2014-03-31,2019-04-01,2024-03-31,2024-03-31,13.0327,25.941,complete
125307,PGIM India Midcap Fund - Direct Plan - Growth Option,Other,2020-03-31,2015-03-31,2015-03-31,2020-03-31,2025-03-31,2025-03-31,-0.4744,34.2689,complete
125307,PGIM India Midcap Fund - Direct Plan - Growth Option,Other,2021-03-31,2016-03-31,2016-03-31,2021-03-31,2026-03-31,2026-03-31,18.8867,13.9387,complete
125345,360 ONE LIQUID FUND DIRECT PLAN  GROWTH,Liquid/Money Market,2019-03-31,2014-03-31,2014-04-01,2019-03-31,2024-03-31,2024-03-31,7.2584,4.8706,complete
125345,360 ONE LIQUID FUND DIRECT PLAN  GROWTH,Liquid/Money Market,2020-03-31,2015-03-31,2015-03-31,2020-03-31,2025-03-31,2025-03-31,6.6669,5.2156,complete
125345,360 ONE LIQUID FUND DIRECT PLAN  GROWTH,Liquid/Money Market,2021-03-31,2016-03-31,2016-03-31,2021-03-31,2026-03-31,2026-03-31,5.7044,5.835,complete
125354,Axis Small Cap Fund - Direct Plan - Growth,Equity,2019-03-31,2014-03-31,2014-03-31,2019-04-01,2024-03-31,2024-03-31,21.0717,27.1026,complete
125354,Axis Small Cap Fund - Direct Plan - Growth,Equity,2020-03-31,2015-03-31,2015-03-31,2020-03-31,2025-03-31,2025-03-31,5.9389,33.4152,complete
125354,Axis Small Cap Fund - Direct Plan - Growth,Equity,2021-03-31,2016-03-31,2016-03-31,2021-03-31,2026-03-31,2026-03-31,19.6523,17.6791,complete
125497,SBI Small Cap Fund - Direct Plan - Growth,Equity,2019-03-31,2014-03-31,2014-03-31,2019-04-01,2024-03-31,2024-03-31,29.7368,24.4705,complete
125497,SBI Small Cap Fund - Direct Plan - Growth,Equity,2020-03-31,2015-03-31,2015-03-31,2020-03-31,2025-03-31,2025-03-31,8.5899,32.1583,complete
125497,SBI Small Cap Fund - Direct Plan - Growth,Equity,2021-03-31,2016-03-31,2016-03-31,2021-03-31,2026-03-31,2026-03-31,22.0062,14.13,complete
125503,SBI BANKING & PSU FUND - Direct Plan - Growth,Other,2019-03-31,2014-03-31,2014-03-31,2019-03-29,2024-03-31,2024-03-31,8.6573,6.8113,complete
125503,SBI BANKING & PSU FUND - Direct Plan - Growth,Other,2020-03-31,2015-03-31,2015-03-31,2020-03-31,2025-03-31,2025-03-31,8.668,6.4742,complete
125503,SBI BANKING & PSU FUND - Direct Plan - Growth,Other,2021-03-31,2016-03-31,2016-03-31,2021-03-31,2026-03-31,2026-03-31,8.4452,6.0049,complete
125597,Aditya Birla Sun Life Banking and Financial Services Fund - Direct Plan - Growth,Other,2019-03-31,2014-03-31,2014-03-31,2019-04-01,2024-03-31,2024-03-31,22.4888,12.336,complete
125597,Aditya Birla Sun Life Banking and Financial Services Fund - Direct Plan - Growth,Other,2020-03-31,2015-03-31,2015-03-31,2020-03-31,2025-03-31,2025-03-31,3.161,25.8448,complete
125597,Aditya Birla Sun Life Banking and Financial Services Fund - Direct Plan - Growth,Other,2021-03-31,2016-03-31,2016-03-31,2021-03-31,2026-03-31,2026-03-31,16.4993,11.7009,complete
125711,Shriram Aggressive Hybrid Fund- Direct Growth,Hybrid,2019-03-31,2014-03-31,2014-03-31,2019-04-01,2024-03-31,2024-03-31,10.6345,13.6257,complete
125711,Shriram Aggressive Hybrid Fund- Direct Growth,Hybrid,2020-03-31,2015-03-31,2015-03-31,2020-03-31,2025-03-31,2025-03-31,2.6082,17.5095,complete
125711,Shriram Aggressive Hybrid Fund- Direct Growth,Hybrid,2021-03-31,2016-03-31,2016-03-31,2021-03-31,2026-03-31,2026-03-31,11.3642,9.3164,complete
126353,Invesco India - Invesco Pan European Equity Fund of Fund - Direct Plan - Growth Option,Equity,2019-03-31,2014-03-31,2014-04-02,2019-03-29,2024-03-31,2024-03-31,1.2428,10.6234,complete
126353,Invesco India - Invesco Pan European Equity Fund of Fund - Direct Plan - Growth Option,Equity,2020-03-31,2015-03-31,2015-03-31,2020-03-31,2025-03-31,2025-03-31,-2.0783,15.8082,complete
126353,Invesco India - Invesco Pan European Equity Fund of Fund - Direct Plan - Growth Option,Equity,2021-03-31,2016-03-31,2016-03-31,2021-03-31,2026-03-31,2026-03-31,7.8119,13.1521,complete
126393,DSP Dynamic Asset Allocation Fund - Direct Plan - Growth,Other,2019-03-31,2014-03-31,2014-04-02,2019-04-01,2024-03-31,2024-03-31,9.1193,10.8852,complete
126393,DSP Dynamic Asset Allocation Fund - Direct Plan - Growth,Other,2020-03-31,2015-03-31,2015-03-31,2020-03-31,2025-03-31,2025-03-31,5.3177,14.8553,complete
126393,DSP Dynamic Asset Allocation Fund - Direct Plan - Growth,Other,2021-03-31,2016-03-31,2016-03-31,2021-03-31,2026-03-31,2026-03-31,10.7987,9.1719,complete
126685,CANARA ROBECO CORPORATE BOND FUND - DIRECT PLAN - GROWTH OPTION,Debt,2019-03-31,2014-03-31,2014-04-02,2019-03-29,2024-03-31,2024-03-31,8.4898,6.6369,complete
126685,CANARA ROBECO CORPORATE BOND FUND - DIRECT PLAN - GROWTH OPTION,Debt,2020-03-31,2015-03-31,2015-03-31,2020-03-31,2025-03-31,2025-03-31,8.0555,6.4264,complete
126685,CANARA ROBECO CORPORATE BOND FUND - DIRECT PLAN - GROWTH OPTION,Debt,2021-03-31,2016-03-31,2016-03-31,2021-03-31,2026-03-31,2026-03-31,8.1199,5.8223,complete
126940,UTI Banking & PSU Fund - Direct Plan - Growth Option,Other,2019-03-31,2014-03-31,2014-04-02,2019-03-29,2024-03-31,2024-03-31,8.1739,5.9866,complete
126940,UTI Banking & PSU Fund - Direct Plan - Growth Option,Other,2020-03-31,2015-03-31,2015-03-31,2020-03-31,2025-03-31,2025-03-31,6.5086,7.4383,complete
126940,UTI Banking & PSU Fund - Direct Plan - Growth Option,Other,2021-03-31,2016-03-31,2016-03-31,2021-03-31,2026-03-31,2026-03-31,6.0137,7.4335,complete
127042,Motilal Oswal Midcap Fund-Direct Plan-Growth Option,Other,2019-03-31,2014-03-31,2014-03-31,2019-04-01,2024-03-31,2024-03-31,20.3293,26.9939,complete
127042,Motilal Oswal Midcap Fund-Direct Plan-Growth Option,Other,2020-03-31,2015-03-31,2015-03-31,2020-03-31,2025-03-31,2025-03-31,1.0118,38.5238,complete
127042,Motilal Oswal Midcap Fund-Direct Plan-Growth Option,Other,2021-03-31,2016-03-31,2016-03-31,2021-03-31,2026-03-31,2026-03-31,12.6414,21.246,complete
127850,BANK OF INDIA BALANCED ADVANTAGE FUND DIRECT PLAN  GROWTH,Hybrid,2019-03-31,2014-03-31,2014-04-02,2019-04-01,2024-03-31,2024-03-31,8.7207,10.0775,complete
127850,BANK OF INDIA BALANCED ADVANTAGE FUND DIRECT PLAN  GROWTH,Hybrid,2020-03-31,2015-03-31,2015-03-31,2020-03-31,2025-03-31,2025-03-31,1.7843,13.426,complete
127850,BANK OF INDIA BALANCED ADVANTAGE FUND DIRECT PLAN  GROWTH,Hybrid,2021-03-31,2016-03-31,2016-03-31,2021-03-31,2026-03-31,2026-03-31,5.2903,10.3388,complete
128006,Kotak Medium Term Fund - Direct Growth,Other,2019-03-31,2014-03-31,2014-04-02,2019-03-29,2024-03-31,2024-03-31,9.7415,7.0423,complete
128006,Kotak Medium Term Fund - Direct Growth,Other,2020-03-31,2015-03-31,2015-03-31,2020-03-31,2025-03-31,2025-03-31,8.768,7.4102,complete
128006,Kotak Medium Term Fund - Direct Growth,Other,2021-03-31,2016-03-31,2016-03-31,2021-03-31,2026-03-31,2026-03-31,8.0973,7.4686,complete
128051,HDFC Credit Risk Debt Fund - Growth Option - Direct Plan,Debt,2019-03-31,2014-03-31,2014-03-31,2019-03-29,2024-03-31,2024-03-31,9.6727,7.9663,complete
128051,HDFC Credit Risk Debt Fund - Growth Option - Direct Plan,Debt,2020-03-31,2015-03-31,2015-03-31,2020-03-31,2025-03-31,2025-03-31,9.0125,7.7591,complete
128051,HDFC Credit Risk Debt Fund - Growth Option - Direct Plan,Debt,2021-03-31,2016-03-31,2016-03-31,2021-03-31,2026-03-31,2026-03-31,8.9536,7.2641,complete
128629,HDFC Banking and PSU Debt Fund - Growth Option - Direct Plan,Debt,2019-03-31,2014-03-31,2014-03-31,2019-03-29,2024-03-31,2024-03-31,8.7297,7.1993,complete
128629,HDFC Banking and PSU Debt Fund - Growth Option - Direct Plan,Debt,2020-03-31,2015-03-31,2015-03-31,2020-03-31,2025-03-31,2025-03-31,8.7972,6.8383,complete
128629,HDFC Banking and PSU Debt Fund - Growth Option - Direct Plan,Debt,2021-03-31,2016-03-31,2016-03-31,2021-03-31,2026-03-31,2026-03-31,8.6957,6.2639,complete
129008,Franklin India Banking & PSU Debt Fund - Direct - Growth,Debt,2020-03-31,2015-03-31,2015-03-31,2020-03-31,2025-03-31,2025-03-31,8.8242,6.2457,complete
129008,Franklin India Banking & PSU Debt Fund - Direct - Growth,Debt,2021-03-31,2016-03-31,2016-03-31,2021-03-31,2026-03-31,2026-03-31,8.5792,6.2981,complete
129046,Motilal Oswal Flexi cap Fund Direct Plan-Growth Option,Equity,2020-03-31,2015-03-31,2015-03-31,2020-03-31,2025-03-31,2025-03-31,3.6662,25.0637,complete
129046,Motilal Oswal Flexi cap Fund Direct Plan-Growth Option,Equity,2021-03-31,2016-03-31,2016-03-31,2021-03-31,2026-03-31,2026-03-31,14.7215,11.0906,complete
129052,HDFC ARBITRAGE FUND -Direct Plan - Growth Option,Arbitrage,2019-03-31,2014-03-31,2014-03-31,2019-04-01,2024-03-31,2024-03-31,6.9076,5.6296,complete
129052,HDFC ARBITRAGE FUND -Direct Plan - Growth Option,Arbitrage,2020-03-31,2015-03-31,2015-03-31,2020-03-31,2025-03-31,2025-03-31,6.6118,5.9033,complete
129052,HDFC ARBITRAGE FUND -Direct Plan - Growth Option,Arbitrage,2021-03-31,2016-03-31,2016-03-31,2021-03-31,2026-03-31,2026-03-31,5.8597,6.5072,complete
129188,Invesco India - Invesco Global Equity Income Fund of Fund - Direct Plan - Growth,Equity,2020-03-31,2015-03-31,2015-03-31,2020-03-31,2025-03-31,2025-03-31,2.0554,20.1371,complete
129188,Invesco India - Invesco Global Equity Income Fund of Fund - Direct Plan - Growth,Equity,2021-03-31,2016-03-31,2016-03-31,2021-03-31,2026-03-31,2026-03-31,10.6054,15.1936,complete
129193,HSBC Multi Asset Active FOF - Growth Direct,Hybrid,2020-03-31,2015-03-31,2015-03-31,2020-03-31,2025-03-31,2025-03-31,3.6672,18.9231,complete
129193,HSBC Multi Asset Active FOF - Growth Direct,Hybrid,2021-03-31,2016-03-31,2016-03-31,2021-03-31,2026-03-31,2026-03-31,11.9334,12.442,complete
129197,HSBC Income Plus Arbitrage Active FOF - Growth Direct,Debt,2020-03-31,2015-03-31,2015-03-31,2020-03-31,2025-03-31,2025-03-31,6.2203,7.4707,complete
129197,HSBC Income Plus Arbitrage Active FOF - Growth Direct,Debt,2021-03-31,2016-03-31,2016-03-31,2021-03-31,2026-03-31,2026-03-31,7.2638,6.5106,complete
129200,HSBC Aggressive Hybrid Active FOF - Growth Direct,Hybrid,2020-03-31,2015-03-31,2015-03-31,2020-03-31,2025-03-31,2025-03-31,2.5086,21.8032,complete
129200,HSBC Aggressive Hybrid Active FOF - Growth Direct,Hybrid,2021-03-31,2016-03-31,2016-03-31,2021-03-31,2026-03-31,2026-03-31,12.9623,11.1198,complete
129212,Sundaram Infrastructure Advantage Fund Direct Plan - Growth,Other,2020-03-31,2015-03-31,2015-03-31,2020-03-31,2025-03-31,2025-03-31,-2.8807,32.6033,complete
129212,Sundaram Infrastructure Advantage Fund Direct Plan - Growth,Other,2021-03-31,2016-03-31,2016-03-31,2021-03-31,2026-03-31,2026-03-31,12.3131,18.2465,complete
129440,Franklin India Feeder - Templeton European Opportunities Fund - Direct - Growth,Other,2020-03-31,2015-03-31,2015-03-31,2020-03-31,2025-03-31,2025-03-31,-2.9573,9.2885,complete
129649,Union Small Cap Fund - Direct Plan - Growth Option,Equity,2020-03-31,2015-03-31,2015-03-31,2020-03-31,2025-03-31,2025-03-31,-1.838,33.2488,complete
129649,Union Small Cap Fund - Direct Plan - Growth Option,Equity,2021-03-31,2016-03-31,2016-03-31,2021-03-31,2026-03-31,2026-03-31,14.3944,17.6842,complete
130050,Nippon India Medium Duration Fund - Direct Plan - Growth Option,Debt,2020-03-31,2015-03-31,2015-03-31,2020-03-31,2025-03-31,2025-03-31,0.1618,8.1243,complete
130050,Nippon India Medium Duration Fund - Direct Plan - Growth Option,Debt,2021-03-31,2016-03-31,2016-03-31,2021-03-31,2026-03-31,2026-03-31,-1.1889,9.4222,complete
130206,Edelweiss Arbitrage Fund- Direct Plan- Growth Option,Arbitrage,2020-03-31,2015-03-31,2015-03-31,2020-03-31,2025-03-31,2025-03-31,7.0823,6.2196,complete
130206,Edelweiss Arbitrage Fund- Direct Plan- Growth Option,Arbitrage,2021-03-31,2016-03-31,2016-03-31,2021-03-31,2026-03-31,2026-03-31,6.4219,6.7407,complete
130314,Axis Credit Risk Fund - Direct Plan - Growth,Debt,2020-03-31,2015-03-31,2015-03-31,2020-03-31,2025-03-31,2025-03-31,8.2833,7.5672,complete
130314,Axis Credit Risk Fund - Direct Plan - Growth,Debt,2021-03-31,2016-03-31,2016-03-31,2021-03-31,2026-03-31,2026-03-31,8.0494,7.5363,complete
130493,DSP Income Plus Arbitrage Omni FoF - Direct Plan - Growth,Debt,2020-03-31,2015-03-31,2015-03-31,2020-03-31,2025-03-31,2025-03-31,4.1806,11.5705,complete
130493,DSP Income Plus Arbitrage Omni FoF - Direct Plan - Growth,Debt,2021-03-31,2016-03-31,2016-03-31,2021-03-31,2026-03-31,2026-03-31,10.3119,6.3159,complete
130498,HDFC Large and Mid Cap Fund - Growth Option - Direct Plan,Equity,2020-03-31,2015-03-31,2015-03-31,2020-03-31,2025-03-31,2025-03-31,-2.0724,31.7844,complete
130498,HDFC Large and Mid Cap Fund - Growth Option - Direct Plan,Equity,2021-03-31,2016-03-31,2016-03-31,2021-03-31,2026-03-31,2026-03-31,12.4926,16.3231,complete
130503,HDFC Small Cap Fund - Growth Option - Direct Plan,Equity,2020-03-31,2015-03-31,2015-03-31,2020-03-31,2025-03-31,2025-03-31,1.6622,37.389,complete
130503,HDFC Small Cap Fund - Growth Option - Direct Plan,Equity,2021-03-31,2016-03-31,2016-03-31,2021-03-31,2026-03-31,2026-03-31,17.3239,18.591,complete
130543,HDFC Income Plus Arbitrage Active FOF - Growth Option - Direct Plan,Debt,2020-03-31,2015-03-31,2015-03-31,2020-03-31,2025-03-31,2025-03-31,3.5008,20.3404,complete
130543,HDFC Income Plus Arbitrage Active FOF - Growth Option - Direct Plan,Debt,2021-03-31,2016-03-31,2016-03-31,2021-03-31,2026-03-31,2026-03-31,12.8236,12.6197,complete
130722,Invesco India Credit Risk Fund - Direct Plan - Growth,Debt,2020-03-31,2015-03-31,2015-03-31,2020-03-31,2025-03-31,2025-03-31,5.8304,8.1416,complete
130722,Invesco India Credit Risk Fund - Direct Plan - Growth,Debt,2021-03-31,2016-03-31,2016-03-31,2021-03-31,2026-03-31,2026-03-31,5.4321,7.9446,complete
130773,Axis Arbitrage Fund - Direct Plan - Growth,Arbitrage,2020-03-31,2015-03-31,2015-03-31,2020-03-31,2025-03-31,2025-03-31,7.0217,6.0683,complete
130773,Axis Arbitrage Fund - Direct Plan - Growth,Arbitrage,2021-03-31,2016-03-31,2016-03-31,2021-03-31,2026-03-31,2026-03-31,6.3362,6.6507,complete
130860,Nippon India Japan Equity Fund- Direct Plan- Growth Plan- Growth Option,Equity,2020-03-31,2015-03-31,2015-03-31,2020-03-31,2025-03-31,2025-03-31,3.8287,10.2197,complete
130860,Nippon India Japan Equity Fund- Direct Plan- Growth Plan- Growth Option,Equity,2021-03-31,2016-03-31,2016-03-31,2021-03-31,2026-03-31,2026-03-31,11.4197,8.9409,complete
130861,Nippon India Japan Equity Fund- Direct Plan- Growth Plan- Bonus Option,Equity,2020-03-31,2015-03-31,2015-03-31,2020-03-31,2025-03-31,2025-03-31,3.8287,10.2197,complete
130861,Nippon India Japan Equity Fund- Direct Plan- Growth Plan- Bonus Option,Equity,2021-03-31,2016-03-31,2016-03-31,2021-03-31,2026-03-31,2026-03-31,11.4197,8.9409,complete
131061,ICICI Prudential Constant Maturity Gilt Fund - Direct Plan - Growth,Debt,2020-03-31,2015-03-31,2015-03-31,2020-03-31,2025-03-31,2025-03-31,9.9951,6.8171,complete
131061,ICICI Prudential Constant Maturity Gilt Fund - Direct Plan - Growth,Debt,2021-03-31,2016-03-31,2016-03-31,2021-03-31,2026-03-31,2026-03-31,9.9867,5.9046,complete
131301,DSP 10Y G-Sec Fund - Direct Plan - Growth,Other,2020-03-31,2015-03-31,2015-03-31,2020-03-31,2025-03-31,2025-03-31,8.665,5.7473,complete
131301,DSP 10Y G-Sec Fund - Direct Plan - Growth,Other,2021-03-31,2016-03-31,2016-03-31,2021-03-31,2026-03-31,2026-03-31,8.5722,4.7604,complete
131355,BANDHAN Balanced Advantage Fund Direct Plan Growth,Hybrid,2020-03-31,2015-03-31,2015-03-31,2020-03-31,2025-03-31,2025-03-31,3.5049,15.7572,complete
131355,BANDHAN Balanced Advantage Fund Direct Plan Growth,Hybrid,2021-03-31,2016-03-31,2016-03-31,2021-03-31,2026-03-31,2026-03-31,10.6028,8.4971,complete
131373,Kotak Equity Savings Fund - Direct - Growth,Equity,2020-03-31,2015-03-31,2015-03-31,2020-03-31,2025-03-31,2025-03-31,5.4209,14.4461,complete
131373,Kotak Equity Savings Fund - Direct - Growth,Equity,2021-03-31,2016-03-31,2016-03-31,2021-03-31,2026-03-31,2026-03-31,9.7314,10.2327,complete
131580,360 ONE Focused Fund-Direct Plan-Growth,Other,2020-03-31,2015-03-31,2015-03-31,2020-03-31,2025-03-31,2025-03-31,5.8883,27.9082,complete
131580,360 ONE Focused Fund-Direct Plan-Growth,Other,2021-03-31,2016-03-31,2016-03-31,2021-03-31,2026-03-31,2026-03-31,20.1819,12.7554,complete
131670,Aditya Birla Sun Life Balanced Advantage Fund - Direct Plan - Growth Option,Hybrid,2020-03-31,2015-03-31,2015-03-31,2020-03-31,2025-03-31,2025-03-31,5.2008,18.442,complete
131670,Aditya Birla Sun Life Balanced Advantage Fund - Direct Plan - Growth Option,Hybrid,2021-03-31,2016-03-31,2016-03-31,2021-03-31,2026-03-31,2026-03-31,12.9642,10.6091,complete
131865,Aditya Birla Sun Life Multi Asset Omni FoF- Direct Plan - Growth Option,Hybrid,2020-03-31,2015-03-31,2015-03-31,2020-03-31,2025-03-31,2025-03-31,4.0622,20.6546,complete
131865,Aditya Birla Sun Life Multi Asset Omni FoF- Direct Plan - Growth Option,Hybrid,2021-03-31,2016-03-31,2016-03-31,2021-03-31,2026-03-31,2026-03-31,12.453,13.6136,complete
131898,Aditya Birla Sun Life Income Plus Arbitrage Active FOF- Direct Plan - Growth Option,Debt,2020-03-31,2015-03-31,2015-03-31,2020-03-31,2025-03-31,2025-03-31,7.7336,6.7668,complete
131898,Aditya Birla Sun Life Income Plus Arbitrage Active FOF- Direct Plan - Growth Option,Debt,2021-03-31,2016-03-31,2016-03-31,2021-03-31,2026-03-31,2026-03-31,8.1425,6.3594,complete
132140,Aditya Birla Sun Life Global Emerging Opportunities Fund - Direct plan - Growth Option,FoF/International,2020-03-31,2015-03-31,2015-03-31,2020-03-31,2025-03-31,2025-03-31,2.0243,14.2577,complete
132140,Aditya Birla Sun Life Global Emerging Opportunities Fund - Direct plan - Growth Option,FoF/International,2021-03-31,2016-03-31,2016-03-31,2021-03-31,2026-03-31,2026-03-31,11.9403,9.61,complete
132183,Aditya Birla Sun Life Conservative Hybrid Active FOF- Direct Plan - Growth Option,Hybrid,2020-03-31,2015-03-31,2015-03-31,2020-03-31,2025-03-31,2025-03-31,5.0683,13.5483,complete
132183,Aditya Birla Sun Life Conservative Hybrid Active FOF- Direct Plan - Growth Option,Hybrid,2021-03-31,2016-03-31,2016-03-31,2021-03-31,2026-03-31,2026-03-31,8.9971,9.3393,complete
132185,Aditya Birla Sun Life Aggressive Hybrid Omni FOF- Direct Plan - Growth Option,Hybrid,2020-03-31,2015-03-31,2015-03-31,2020-03-31,2025-03-31,2025-03-31,4.5708,17.3141,complete
132185,Aditya Birla Sun Life Aggressive Hybrid Omni FOF- Direct Plan - Growth Option,Hybrid,2021-03-31,2016-03-31,2016-03-31,2021-03-31,2026-03-31,2026-03-31,10.8268,10.0606,complete
132186,Aditya Birla Sun Life Dynamic Asset Allocation Omni FOF- Direct Plan - Growth Option,FoF/International,2020-03-31,2015-03-31,2015-03-31,2020-03-31,2025-03-31,2025-03-31,4.5895,21.2163,complete
132186,Aditya Birla Sun Life Dynamic Asset Allocation Omni FOF- Direct Plan - Growth Option,FoF/International,2021-03-31,2016-03-31,2016-03-31,2021-03-31,2026-03-31,2026-03-31,13.2851,12.6132,complete
132756,Tata ELSS Fund-Growth-Direct Plan,Equity,2020-03-31,2015-03-31,2015-03-31,2020-03-31,2025-03-31,2025-03-31,4.3069,25.7817,complete
132756,Tata ELSS Fund-Growth-Direct Plan,Equity,2021-03-31,2016-03-31,2016-03-31,2021-03-31,2026-03-31,2026-03-31,16.1092,13.1404,complete
132989,Franklin India Income Plus Arbitrage Active Fund of Funds- Growth Plan - Direct,Debt,2020-03-31,2015-03-31,2015-03-31,2020-03-31,2025-03-31,2025-03-31,4.7885,11.3252,complete
132989,Franklin India Income Plus Arbitrage Active Fund of Funds- Growth Plan - Direct,Debt,2021-03-31,2016-03-31,2016-03-31,2021-03-31,2026-03-31,2026-03-31,3.7408,14.1494,complete
132995,Aditya Birla Sun Life Equity Savings Fund - Direct Plan - Growth,Equity,2020-03-31,2015-03-31,2015-03-31,2020-03-31,2025-03-31,2025-03-31,4.8054,12.1792,complete
132995,Aditya Birla Sun Life Equity Savings Fund - Direct Plan - Growth,Equity,2021-03-31,2016-03-31,2016-03-31,2021-03-31,2026-03-31,2026-03-31,10.2723,7.5751,complete
133035,Kotak Aggressive Hybrid Fund - Direct Plan -Growth,Hybrid,2020-03-31,2015-03-31,2015-03-31,2020-03-31,2025-03-31,2025-03-31,3.0921,24.707,complete
133035,Kotak Aggressive Hybrid Fund - Direct Plan -Growth,Hybrid,2021-03-31,2016-03-31,2016-03-31,2021-03-31,2026-03-31,2026-03-31,14.847,12.6453,complete
133265,Nippon India Gilt  Fund- Direct Plan- Growth Plan- Bonus Option,Debt,2020-03-31,2015-03-31,2015-03-31,2020-03-31,2025-03-31,2025-03-31,10.5848,6.8483,complete
133265,Nippon India Gilt  Fund- Direct Plan- Growth Plan- Bonus Option,Debt,2021-03-31,2016-03-31,2016-03-31,2021-03-31,2026-03-31,2026-03-31,10.4697,5.4748,complete
133386,Motilal Oswal ELSS Tax Saver Fund - Direct Plan - Growth Option,Equity,2020-03-31,2015-03-31,2015-03-31,2020-03-31,2025-03-31,2025-03-31,6.2383,29.1475,complete
133386,Motilal Oswal ELSS Tax Saver Fund - Direct Plan - Growth Option,Equity,2021-03-31,2016-03-31,2016-03-31,2021-03-31,2026-03-31,2026-03-31,17.5036,17.0084,complete
133488,Baroda BNP Paribas Credit Risk Fund -Direct-Growth Option,Debt,2020-03-31,2015-03-31,2015-03-31,2020-03-31,2025-03-31,2025-03-31,7.8827,9.6925,complete
133488,Baroda BNP Paribas Credit Risk Fund -Direct-Growth Option,Debt,2021-03-31,2016-03-31,2016-03-31,2021-03-31,2026-03-31,2026-03-31,7.7188,9.2157,complete
133516,Aditya Birla Sun Life Manufacturing Equity Fund - Direct Plan - Growth,Equity,2020-03-31,2015-03-31,2015-03-31,2020-03-31,2025-03-31,2025-03-31,1.2686,24.4304,complete
133516,Aditya Birla Sun Life Manufacturing Equity Fund - Direct Plan - Growth,Equity,2021-03-31,2016-03-31,2016-03-31,2021-03-31,2026-03-31,2026-03-31,13.2234,13.958,complete
133568,Nippon India Retirement Fund- Wealth Creation Scheme- Direct Plan- Growth Plan - Growth Option,Other,2020-03-31,2015-03-31,2015-03-31,2020-03-31,2025-03-31,2025-03-31,-1.653,26.6561,complete
133568,Nippon India Retirement Fund- Wealth Creation Scheme- Direct Plan- Growth Plan - Growth Option,Other,2021-03-31,2016-03-31,2016-03-31,2021-03-31,2026-03-31,2026-03-31,10.1596,13.0275,complete
133569,Nippon India Retirement Fund- Income Generation Scheme- Direct Plan- Growth Plan - Growth Option,Debt,2020-03-31,2015-03-31,2015-03-31,2020-03-31,2025-03-31,2025-03-31,7.354,9.4523,complete
133569,Nippon India Retirement Fund- Income Generation Scheme- Direct Plan- Growth Plan - Growth Option,Debt,2021-03-31,2016-03-31,2016-03-31,2021-03-31,2026-03-31,2026-03-31,9.1685,6.4322,complete
133629,Nippon India Retirement Fund- Income Generation Scheme- Direct Plan-Growth Plan- Bonus Option,Debt,2020-03-31,2015-03-31,2015-03-31,2020-03-31,2025-03-31,2025-03-31,7.354,9.4523,complete
133629,Nippon India Retirement Fund- Income Generation Scheme- Direct Plan-Growth Plan- Bonus Option,Debt,2021-03-31,2016-03-31,2016-03-31,2021-03-31,2026-03-31,2026-03-31,9.1685,6.4322,complete
133630,Nippon India Retirement Fund- Wealth Creation Scheme- Direct Plan-Growth Plan- Bonus Option,Other,2020-03-31,2015-03-31,2015-03-31,2020-03-31,2025-03-31,2025-03-31,-1.653,26.6561,complete
133630,Nippon India Retirement Fund- Wealth Creation Scheme- Direct Plan-Growth Plan- Bonus Option,Other,2021-03-31,2016-03-31,2016-03-31,2021-03-31,2026-03-31,2026-03-31,10.1596,13.0275,complete
133710,LIC MF Large & Mid Cap Fund-Direct Plan-Growth,Equity,2020-03-31,2015-03-31,2015-03-31,2020-03-31,2025-03-31,2025-03-31,5.2838,26.3011,complete
133710,LIC MF Large & Mid Cap Fund-Direct Plan-Growth,Equity,2021-03-31,2016-03-31,2016-03-31,2021-03-31,2026-03-31,2026-03-31,17.5747,13.4512,complete
133791,Kotak Corporate Bond Fund- Direct Plan- Growth Option,Debt,2020-03-31,2015-03-31,2015-03-31,2020-03-31,2025-03-31,2025-03-31,8.5113,6.8705,complete
133791,Kotak Corporate Bond Fund- Direct Plan- Growth Option,Debt,2021-03-31,2016-03-31,2016-03-31,2021-03-31,2026-03-31,2026-03-31,8.4665,6.458,complete
133801,Kotak Infrastructure & Economic Reform Fund- Direct Plan- Growth Option,Other,2020-03-31,2015-03-31,2015-03-31,2020-03-31,2025-03-31,2025-03-31,-1.124,35.1036,complete
133801,Kotak Infrastructure & Economic Reform Fund- Direct Plan- Growth Option,Other,2021-03-31,2016-03-31,2016-03-31,2021-03-31,2026-03-31,2026-03-31,12.8062,19.9246,complete
133810,Kotak Low Duration Fund- Direct Plan- Growth Option,Debt,2020-03-31,2015-03-31,2015-03-31,2020-03-31,2025-03-31,2025-03-31,8.8605,6.6811,complete
133810,Kotak Low Duration Fund- Direct Plan- Growth Option,Debt,2021-03-31,2016-03-31,2016-03-31,2021-03-31,2026-03-31,2026-03-31,8.4162,6.5985,complete
133839,PGIM India Flexi Cap Fund - Direct Plan - Growth Option,Equity,2020-03-31,2015-03-31,2015-03-31,2020-03-31,2025-03-31,2025-03-31,2.3597,28.2768,complete
133839,PGIM India Flexi Cap Fund - Direct Plan - Growth Option,Equity,2021-03-31,2016-03-31,2016-03-31,2021-03-31,2026-03-31,2026-03-31,18.5795,11.1395,complete
133859,SBI BANKING & FINANCIAL SERVICES FUND - DIRECT PLAN - GROWTH,Other,2020-03-31,2015-03-31,2015-03-31,2020-03-31,2025-03-31,2025-03-31,7.3952,25.7507,complete
133859,SBI BANKING & FINANCIAL SERVICES FUND - DIRECT PLAN - GROWTH,Other,2021-03-31,2016-03-31,2016-03-31,2021-03-31,2026-03-31,2026-03-31,21.0902,13.2435,complete
133925,DSP Low Duration Fund - Direct Plan - Growth,Debt,2020-03-31,2015-03-31,2015-03-31,2020-03-31,2025-03-31,2025-03-31,8.1271,6.1276,complete
133925,DSP Low Duration Fund - Direct Plan - Growth,Debt,2021-03-31,2016-03-31,2016-03-31,2021-03-31,2026-03-31,2026-03-31,7.5744,6.1856,complete
134017,LIC MF Banking and Financial Services Fund-Direct Plan-Growth,Other,2020-03-31,2015-03-31,2015-03-31,2020-03-31,2025-03-31,2025-03-31,-3.9469,20.9401,complete
134017,LIC MF Banking and Financial Services Fund-Direct Plan-Growth,Other,2021-03-31,2016-03-31,2016-03-31,2021-03-31,2026-03-31,2026-03-31,10.3631,10.5752,complete
134387,Aditya Birla Sun Life Credit Risk Fund - Direct Plan - Growth,Debt,2021-03-31,2016-03-31,2016-03-31,2021-03-31,2026-03-31,2026-03-31,8.1758,10.7062,complete
134494,Quantum Dynamic Term Fund - Direct Plan Growth Option,Other,2021-03-31,2016-03-31,2016-03-31,2021-03-31,2026-03-31,2026-03-31,8.5682,6.1541,complete
134503,UTI Medium Duration Fund - Direct Plan - Growth Option,Debt,2021-03-31,2016-03-31,2016-03-31,2021-03-31,2026-03-31,2026-03-31,5.9735,6.5959,complete
134547,Nippon India Banking and PSU  Fund- Direct Plan-Growth Plan- Growth Option,Debt,2021-03-31,2016-03-31,2016-03-31,2021-03-31,2026-03-31,2026-03-31,8.7281,6.2107,complete
134552,Nippon India Banking and PSU Fund- Direct Plan-Growth Plan- Bonus Option,Debt,2021-03-31,2016-03-31,2016-03-31,2021-03-31,2026-03-31,2026-03-31,8.7279,6.2103,complete
134594,Nippon India Equity Savings Fund- Direct Plan- Growth Plan-Growth Option,Equity,2021-03-31,2016-03-31,2016-03-31,2021-03-31,2026-03-31,2026-03-31,3.4996,7.8532,complete
134595,Nippon India Equity Savings Fund- Direct Plan- Growth Plan- Bonus Option,Equity,2021-03-31,2016-03-31,2016-03-31,2021-03-31,2026-03-31,2026-03-31,3.4996,7.8532,complete
134643,SBI Equity Savings Fund - Direct Plan - Growth,Equity,2021-03-31,2016-03-31,2016-03-31,2021-03-31,2026-03-31,2026-03-31,9.8997,9.2708,complete
134813,Mirae Asset Aggressive Hybrid Fund - Direct Plan - Growth,Hybrid,2021-03-31,2016-03-31,2016-03-31,2021-03-31,2026-03-31,2026-03-31,15.9303,11.5379,complete
134923,Nippon India US Equity Opportunities Fund- Direct Plan- Growth Plan- Growth Option,Equity,2021-03-31,2016-03-31,2016-03-31,2021-03-31,2026-03-31,2026-03-31,20.1589,10.3502,complete
135120,Axis Equity Savings Fund - Direct Plan - Growth,Equity,2021-03-31,2016-03-31,2016-03-31,2021-03-31,2026-03-31,2026-03-31,10.3906,8.7438,complete
135341,Groww Value Fund (formerly known as Indiabulls Value Fund) - Direct Plan - Growth Option,Other,2021-03-31,2016-03-31,2016-03-31,2021-03-31,2026-03-31,2026-03-31,10.6937,12.6204,complete
135601,PGIM India ELSS Tax Saver Fund - Direct Plan - Growth Option,Equity,2021-03-31,2016-03-31,2016-03-31,2021-03-31,2026-03-31,2026-03-31,15.3953,11.3989,complete
135654,Navi ELSS Tax Saver Fund- Direct Plan- Growth Option,Equity,2021-03-31,2016-03-31,2016-03-31,2021-03-31,2026-03-31,2026-03-31,13.8604,10.3917,complete
135677,Navi Large & Midcap Fund- Direct Plan- Growth Option,Other,2021-03-31,2016-03-31,2016-03-31,2021-03-31,2026-03-31,2026-03-31,16.2843,12.1459,complete
135762,Axis Children's Fund - Lock in - Direct Growth,Other,2021-03-31,2016-03-31,2016-03-31,2021-03-31,2026-03-31,2026-03-31,12.883,8.2541,complete
135764,Axis Children's Fund - No Lock in - Direct Growth,Other,2021-03-31,2016-03-31,2016-03-31,2021-03-31,2026-03-31,2026-03-31,13.0806,8.4375,complete
135781,Mirae Asset ELSS Tax Saver Fund - Direct Plan - Growth,Equity,2021-03-31,2016-03-31,2016-03-31,2021-03-31,2026-03-31,2026-03-31,22.966,12.5813,complete
135793,Tata Banking And Financial Services Fund-Direct Plan-Growth,Other,2021-03-31,2016-03-31,2016-03-31,2021-03-31,2026-03-31,2026-03-31,19.983,12.5573,complete
135800,Tata Digital India Fund-Direct Plan-Growth,Other,2021-03-31,2016-03-31,2016-03-31,2021-03-31,2026-03-31,2026-03-31,22.0957,9.0924,complete
135805,Tata India Consumer Fund-Direct Plan-Growth,Other,2021-03-31,2016-03-31,2016-03-31,2021-03-31,2026-03-31,2026-03-31,19.7956,13.5379,complete
135810,Tata India Pharma & Healthcare Fund-Direct Plan-Growth,Other,2021-03-31,2016-03-31,2016-03-31,2021-03-31,2026-03-31,2026-03-31,11.2722,15.5059,complete
135813,Tata Resources & Energy Fund-Direct Plan-Growth,Other,2021-03-31,2016-03-31,2016-03-31,2021-03-31,2026-03-31,2026-03-31,18.9672,15.4854,complete
135916,BANDHAN Corporate Bond Fund - Direct Growth,Debt,2021-03-31,2016-03-31,2016-03-31,2021-03-31,2026-03-31,2026-03-31,8.4345,6.1024,complete
136094,HDFC Retirement Savings Fund - Equity Plan - Growth Option - Direct Plan,Equity,2021-03-31,2016-03-31,2016-03-31,2021-03-31,2026-03-31,2026-03-31,17.0159,16.1597,complete
136464,HDFC Retirement Savings Fund - Hybrid-Equity Plan - Growth Option - Direct Plan,Equity,2021-03-31,2016-03-31,2016-03-31,2021-03-31,2026-03-31,2026-03-31,16.1964,11.5996,complete
136465,HDFC Retirement Savings Fund - Hybrid-Debt Plan - Growth Option - Direct Plan,Debt,2021-03-31,2016-03-31,2016-03-31,2021-03-31,2026-03-31,2026-03-31,9.8132,7.779,complete
136567,DSP Equity Savings Fund - Direct Plan - Growth,Equity,2021-03-31,2016-03-31,2016-03-31,2021-03-31,2026-03-31,2026-03-31,9.6414,8.9243,complete
138299,PGIM India Liquid Fund - Direct Plan - Growth,Liquid/Money Market,2021-03-31,2016-03-31,2016-03-31,2021-03-31,2026-03-31,2026-03-31,6.3683,6.0413,complete
138312,PGIM India Large Cap Fund - Direct Plan - Growth,Equity,2021-03-31,2016-03-31,2016-03-31,2021-03-31,2026-03-31,2026-03-31,13.5011,8.7683,complete
138330,PGIM India Corporate Bond Fund - Direct Plan - Growth,Debt,2021-03-31,2016-03-31,2016-03-31,2021-03-31,2026-03-31,2026-03-31,8.0057,6.3741,complete
138358,PGIM India Ultra Short Duration Fund - Direct Plan - Growth,Debt,2021-03-31,2016-03-31,2016-03-31,2021-03-31,2026-03-31,2026-03-31,8.4424,6.1599,complete
138376,PGIM India Equity Savings Fund - Direct Plan - Growth,Equity,2021-03-31,2016-03-31,2016-03-31,2021-03-31,2026-03-31,2026-03-31,8.5255,7.1711,complete
138386,PGIM India Aggressive Hybrid Equity Fund - Direct Plan - Growth,Equity,2021-03-31,2016-03-31,2016-03-31,2021-03-31,2026-03-31,2026-03-31,10.5277,8.9647,complete
138456,PGIM India Emerging Markets Equity Fund of Fund - Direct Plan - Growth,Equity,2021-03-31,2016-03-31,2016-03-31,2021-03-31,2026-03-31,2026-03-31,9.6757,3.3737,complete
138472,PGIM India Gilt Fund - Direct Plan - Growth,Debt,2021-03-31,2016-03-31,2016-03-31,2021-03-31,2026-03-31,2026-03-31,8.2396,5.6177,complete
138528,PGIM India Global Equity Opportunities Fund of Fund- Direct Plan - Growth,Equity,2021-03-31,2016-03-31,2016-03-31,2021-03-31,2026-03-31,2026-03-31,20.2826,7.2097,complete
138875,PGIM India Arbitrage Fund - Direct Plan - Growth,Arbitrage,2021-03-31,2016-03-31,2016-03-31,2021-03-31,2026-03-31,2026-03-31,5.9694,6.2667,complete
