scheme_code,last_nav_date
100054,2015-12-11
100055,2015-12-11
100056,2015-12-11
100059,2013-02-22
100060,2018-06-01
100061,2018-06-01
100065,2018-06-01
100066,2018-06-01
100067,2023-04-13
100068,2022-03-13
100090,2017-07-28
100121,2018-06-01
100122,2018-06-01
100151,2014-02-28
100152,2021-12-31
100153,2021-12-31
100156,2021-12-31
100171,2021-02-12
100172,2021-02-12
100173,2021-02-12
100178,2014-10-09
100179,2014-10-09
100180,2014-10-09
100181,2014-10-09
100182,2014-10-09
100183,2014-10-09
100184,2014-10-09
100187,2014-10-09
100188,2014-10-09
100189,2014-10-09
100190,2014-10-09
100191,2014-10-09
100192,2014-10-09
100196,2014-10-09
100197,2014-10-09
100198,2014-10-09
100199,2014-10-09
100200,2014-10-09
100201,2014-10-09
100202,2014-10-09
100203,2014-10-09
100237,2015-03-18
100238,2016-08-01
100241,2013-07-17
100245,2013-03-14
100246,2013-08-11
100249,2019-09-07
100250,2019-09-07
100253,2019-09-07
100261,2013-08-13
100262,2013-08-13
100263,2013-08-13
100291,2016-10-20
100292,2016-10-20
100298,2021-09-17
100301,2016-10-21
100337,2020-04-03
100338,2020-04-03
100347,2014-06-26
100350,2014-07-07
100357,2022-09-16
100359,2020-04-24
100360,2014-09-08
100362,2014-03-26
100364,2022-09-16
100366,2020-04-24
100370,2018-05-24
100371,2018-05-24
100372,2018-05-24
100416,2017-10-27
100417,2022-09-23
100418,2022-09-23
100485,2018-06-04
100486,2018-06-04
100487,2014-07-28
100489,2014-07-28
100490,2018-06-04
100491,2018-06-04
100495,2015-06-08
100498,2022-08-07
100499,2022-08-07
100503,2022-08-07
100504,2022-08-07
100532,2015-06-05
100551,2014-08-11
100552,2014-08-11
100553,2014-08-11
100605,2013-09-26
100606,2013-09-26
100607,2013-09-26
100611,2015-12-09
100612,2016-09-16
100613,2016-09-16
100617,2021-12-31
100618,2021-12-31
100619,2021-12-31
100620,2021-12-31
100621,2021-12-31
100622,2021-12-31
100623,2021-12-31
100648,2018-05-02
100656,2014-07-10
100657,2014-07-10
100750,2014-03-26
100751,2014-03-26
100790,2016-03-29
100791,2013-09-26
100792,2013-09-26
100796,2020-04-03
100797,2020-04-03
100798,2020-04-03
100799,2020-04-03
100804,2016-03-03
100805,2016-03-03
100808,2014-08-22
100809,2014-08-22
100828,2016-10-21
100829,2016-10-21
100830,2016-10-21
100831,2013-10-13
100832,2013-09-23
100834,2021-09-17
100845,2018-05-19
100848,2018-05-19
100849,2018-05-19
100873,2019-05-10
100877,2019-05-10
100878,2015-02-17
100895,2021-12-31
100896,2021-12-31
100897,2021-12-31
100898,2021-12-31
100899,2017-10-17
100940,2017-09-08
100941,2017-09-08
100943,2017-09-08
100951,2015-06-08
100952,2018-05-24
100953,2018-05-24
100954,2018-05-24
100955,2018-05-24
100960,2020-09-04
100961,2020-09-04
100963,2020-09-04
100966,2021-12-31
100967,2021-12-31
100970,2018-06-01
100971,2018-06-01
100972,2013-04-05
100997,2022-01-14
100998,2022-01-14
101059,2018-05-04
101081,2018-05-08
101082,2018-05-08
101092,2018-05-04
101094,2014-09-17
101095,2014-09-17
101098,2018-05-24
101113,2018-05-02
101114,2018-05-02
101117,2017-09-29
101118,2017-09-29
101119,2017-09-29
101154,2019-01-11
101155,2019-01-11
101170,2015-12-14
101171,2015-12-14
101186,2022-09-23
101202,2015-08-07
101203,2015-08-07
101221,2020-04-24
101224,2022-09-23
101229,2019-07-02
101230,2020-04-24
101231,2020-04-24
101237,2015-06-05
101245,2013-03-19
101246,2018-04-26
101265,2021-12-31
101266,2021-12-31
101282,2018-05-25
101288,2014-10-09
101350,2020-04-24
101358,2015-09-04
101359,2020-06-18
101361,2013-02-01
101362,2017-01-27
101363,2017-01-27
101364,2017-01-27
101365,2017-01-27
101372,2021-09-17
101393,2020-03-26
101394,2020-03-26
101397,2020-03-26
101398,2020-03-26
101399,2020-03-26
101400,2020-03-26
101401,2020-03-26
101402,2020-03-26
101403,2015-12-14
101404,2015-12-14
101409,2022-08-04
101419,2017-10-27
101420,2017-04-27
101421,2017-04-27
101430,2018-05-08
101431,2018-05-08
101465,2021-12-31
101466,2021-12-31
101472,2021-12-31
101481,2019-05-10
101482,2019-05-10
101483,2019-05-10
101484,2019-05-10
101489,2018-05-11
101490,2018-05-11
101498,2021-12-31
101499,2021-12-31
101500,2021-12-31
101519,2020-09-25
101520,2020-09-25
101521,2020-09-25
101524,2020-09-25
101528,2020-03-26
101529,2020-03-26
101536,2021-12-24
101537,2021-12-24
101544,2020-12-29
101545,2020-12-29
101550,2014-10-09
101560,2021-12-31
101561,2021-12-31
101562,2021-12-31
101563,2021-12-31
101564,2021-12-31
101565,2021-12-31
101566,2021-12-31
101572,2013-09-26
101589,2013-02-01
101597,2014-11-03
101598,2015-07-30
101599,2022-11-25
101600,2022-11-25
101605,2022-09-23
101606,2017-10-27
101607,2018-05-02
101608,2018-05-02
101625,2016-03-02
101626,2016-03-02
101627,2016-03-02
101628,2016-03-02
101629,2016-03-02
101642,2020-04-24
101643,2020-04-24
101670,2018-05-08
101671,2018-05-08
101687,2013-05-10
101688,2013-05-10
101703,2022-09-23
101704,2017-10-27
101711,2018-06-01
101712,2013-04-05
101713,2018-06-01
101716,2016-03-04
101717,2016-03-04
101718,2016-03-04
101719,2016-03-04
101720,2013-04-15
101721,2016-03-04
101722,2016-03-04
101729,2016-03-02
101730,2016-03-02
101731,2016-03-02
101732,2016-03-02
101745,2013-10-25
101747,2015-04-06
101748,2020-04-24
101749,2013-01-02
101750,2020-04-24
101751,2020-04-24
101752,2020-04-24
101753,2015-09-28
101754,2020-04-24
101755,2020-04-24
101759,2022-09-16
101793,2020-04-24
101794,2020-04-24
101795,2020-04-24
101796,2020-04-24
101797,2015-06-12
101798,2020-04-24
101799,2020-04-24
101800,2020-04-24
101801,2020-02-26
101803,2022-09-16
101807,2021-03-16
101808,2020-01-13
101815,2021-12-27
101817,2013-04-05
101828,2017-03-17
101858,2017-10-27
101859,2017-07-24
101860,2017-10-27
101861,2017-10-27
101883,2017-03-17
101894,2021-09-17
101902,2017-10-27
101909,2022-09-23
101910,2017-10-27
101912,2022-03-13
101913,2022-03-13
101924,2013-02-01
101933,2016-05-27
101956,2013-05-08
101969,2013-05-28
101977,2018-06-01
101978,2018-06-01
101982,2017-10-27
101983,2017-10-27
101984,2017-10-27
101985,2017-04-01
101987,2017-10-27
102016,2017-10-27
102024,2017-04-28
102025,2017-04-28
102026,2017-04-28
102027,2017-04-28
102031,2017-10-27
102060,2018-05-24
102061,2016-08-12
102065,2015-12-01
102066,2015-12-01
102086,2013-05-08
102088,2013-10-25
102107,2022-12-19
102108,2022-12-19
102109,2022-12-19
102110,2022-12-19
102111,2022-12-19
102112,2022-12-19
102113,2022-12-19
102114,2022-12-19
102116,2013-10-25
102119,2013-10-25
102126,2013-10-25
102144,2018-05-25
102145,2018-05-25
102146,2018-05-25
102152,2017-10-27
102153,2017-10-27
102154,2015-11-17
102155,2015-11-17
102169,2019-05-29
102170,2019-05-29
102171,2019-05-29
102175,2016-09-09
102176,2016-09-09
102177,2016-09-09
102178,2016-09-09
102184,2016-02-05
102185,2016-02-05
102186,2016-02-05
102187,2016-02-05
102188,2016-02-05
102189,2016-02-05
102193,2016-03-02
102194,2016-03-02
102195,2016-03-02
102196,2016-03-02
102203,2016-03-02
102204,2016-03-02
102232,2014-10-09
102233,2014-10-09
102234,2014-10-09
102235,2014-10-09
102236,2014-10-09
102242,2014-10-09
102243,2014-10-09
102248,2018-05-24
102257,2016-10-07
102258,2016-10-07
102259,2016-10-07
102263,2017-10-27
102268,2014-03-03
102269,2014-03-03
102280,2015-08-28
102281,2015-08-28
102282,2015-08-28
102283,2015-08-28
102315,2014-10-09
102316,2014-10-09
102317,2014-10-09
102320,2014-08-25
102329,2017-10-27
102336,2021-12-31
102337,2021-12-31
102381,2014-10-09
102382,2014-10-09
102383,2014-10-09
102384,2014-10-09
102441,2020-07-08
102482,2013-09-26
102483,2013-09-26
102530,2014-04-21
102546,2022-12-19
102547,2022-12-19
102590,2021-09-17
102596,2014-04-21
102661,2022-03-13
102662,2022-03-13
102663,2022-03-13
102701,2021-12-31
102702,2013-12-18
102703,2020-02-12
102704,2013-12-18
102705,2013-12-18
102706,2013-12-18
102722,2021-12-31
102723,2021-12-31
102724,2021-12-31
102729,2020-09-04
102732,2020-09-04
102743,2020-04-24
102805,2014-04-30
102806,2014-04-30
102807,2021-12-31
102808,2021-12-31
102813,2013-10-31
102814,2013-10-31
102815,2013-10-31
102816,2013-10-31
102827,2016-05-24
102828,2016-05-24
102829,2016-05-24
102830,2016-05-24
102831,2016-05-24
102858,2018-06-01
102859,2018-06-01
102867,2016-10-21
102868,2016-10-21
102869,2016-10-21
102900,2013-05-06
102901,2013-05-06
102922,2013-02-01
102931,2014-10-09
102932,2014-10-09
102957,2014-04-21
103027,2016-04-21
103028,2016-04-21
103029,2017-03-31
103030,2017-03-31
103032,2017-03-31
103033,2017-03-31
103041,2017-03-31
103042,2017-03-31
103043,2017-03-31
103044,2017-03-31
103045,2017-03-31
103046,2017-03-31
103047,2017-03-31
103049,2019-08-13
103061,2016-10-06
103062,2016-10-06
103089,2017-03-31
103090,2017-03-31
103091,2017-03-31
103092,2017-03-31
103093,2017-03-31
103094,2017-03-31
103095,2017-03-31
103119,2020-03-26
103120,2020-03-26
103121,2020-03-26
103122,2020-03-26
103161,2014-10-09
103162,2014-10-09
103169,2016-02-05
103170,2016-02-05
103184,2018-06-01
103185,2018-06-01
103186,2018-06-01
103187,2018-06-01
103188,2018-06-01
103190,2015-12-11
103194,2020-04-30
103210,2014-04-04
103211,2014-04-04
103274,2014-01-28
103275,2017-09-08
103276,2014-01-29
103277,2017-09-08
103334,2021-12-31
103335,2021-12-31
103336,2013-02-15
103337,2013-02-15
103341,2022-09-16
103344,2020-04-24
103392,2021-12-31
103393,2021-12-31
103394,2021-12-31
103395,2021-12-31
103396,2021-12-31
103397,2021-12-31
103455,2018-05-02
103457,2018-05-02
103464,2021-02-12
103465,2021-02-12
103468,2014-06-20
103469,2014-06-20
103470,2016-03-15
103519,2016-07-01
103532,2014-08-22
103534,2014-08-22
103558,2016-03-02
103559,2016-03-02
103590,2016-03-02
103591,2016-03-02
103592,2016-03-02
103631,2016-07-01
103632,2016-07-01
103636,2022-09-16
103637,2022-09-16
103730,2020-04-03
103731,2020-04-03
103732,2020-04-03
103733,2020-04-03
103739,2014-10-08
103740,2014-10-08
103741,2014-10-08
103742,2014-10-08
103747,2018-04-27
103748,2018-04-27
103749,2018-04-27
103760,2013-03-01
103761,2013-03-01
103953,2019-12-17
104141,2014-07-31
104142,2017-09-08
104143,2017-09-08
104174,2014-10-09
104175,2014-10-09
104234,2016-03-02
104240,2020-11-03
104241,2020-11-03
104267,2018-05-24
104268,2018-05-24
104269,2018-05-24
104270,2018-05-24
104271,2020-09-25
104272,2020-09-25
104308,2022-09-16
104331,2023-04-13
104338,2016-02-05
104339,2016-02-05
104342,2022-11-25
104343,2022-11-25
104344,2022-11-25
104345,2015-08-19
104346,2013-05-10
104347,2013-05-10
104348,2022-11-25
104349,2019-06-11
104350,2022-11-25
104351,2022-11-24
104352,2022-11-17
104425,2016-03-02
104426,2016-03-02
104427,2016-03-02
104428,2016-03-02
104429,2022-11-25
104430,2018-03-23
104483,2014-08-26
104491,2015-08-19
104588,2018-05-02
104649,2014-10-09
104650,2014-10-09
104671,2013-05-06
104672,2013-05-06
104682,2013-11-11
104684,2020-04-24
104724,2017-04-13
104727,2021-05-11
104756,2014-10-09
104757,2014-10-09
104898,2018-06-15
105066,2014-08-25
105186,2018-09-11
105203,2014-10-09
105204,2014-10-09
105205,2014-10-09
105207,2014-10-09
105208,2014-10-09
105209,2014-10-09
105210,2014-10-09
105211,2014-10-09
105212,2014-10-09
105213,2014-10-09
105227,2017-06-30
105228,2017-06-30
105232,2019-09-17
105278,2019-08-08
105324,2014-10-09
105325,2014-10-09
105399,2013-08-29
105402,2019-09-17
105419,2015-04-06
105420,2015-10-15
105421,2015-10-15
105427,2014-11-07
105428,2016-01-04
105429,2016-01-04
105435,2013-04-04
105461,2021-12-31
105497,2017-03-30
105498,2017-03-30
105544,2019-05-09
105545,2019-05-09
105546,2019-05-09
105547,2019-05-09
105549,2021-12-31
105550,2021-12-31
105551,2021-12-31
105552,2021-12-31
105553,2021-12-31
105554,2021-12-31
105555,2013-09-26
105556,2021-12-31
105557,2021-12-31
105558,2021-12-31
105559,2015-08-20
105560,2013-09-26
105561,2021-12-31
105562,2021-12-31
105563,2021-12-31
105564,2021-12-31
105565,2021-12-31
105566,2021-12-31
105582,2016-11-24
105583,2016-11-24
105598,2015-01-28
105600,2015-01-28
105602,2014-04-21
105614,2013-05-28
105619,2014-10-09
105620,2014-10-09
105636,2015-04-30
105638,2020-05-06
105650,2017-08-28
105651,2017-08-28
105654,2013-11-08
105664,2017-09-08
105665,2017-09-08
105666,2017-09-08
105672,2016-03-04
105690,2013-05-07
105691,2016-11-04
105710,2017-09-19
105711,2017-09-19
105759,2014-11-07
105761,2015-11-17
105762,2015-11-17
105871,2017-03-06
105872,2016-10-19
105873,2013-05-16
105874,2014-07-03
105876,2016-06-07
105877,2017-09-08
105883,2023-06-06
105904,2013-11-29
105907,2017-10-23
105908,2017-10-23
105973,2016-03-02
105974,2016-03-02
106035,2016-03-02
106036,2016-03-02
106058,2014-03-19
106099,2018-05-24
106100,2018-05-24
106101,2020-09-25
106102,2018-05-24
106103,2018-05-24
106104,2020-09-25
106123,2017-10-27
106128,2017-10-27
106129,2019-12-13
106130,2019-12-13
106131,2019-12-13
106132,2019-12-13
106133,2014-09-08
106134,2013-10-25
106135,2013-10-25
106136,2016-05-19
106141,2017-08-24
106142,2017-08-24
106145,2022-05-11
106146,2022-05-11
106173,2016-01-20
106174,2016-01-20
106176,2016-03-30
106178,2013-11-19
106184,2013-08-12
106224,2013-06-17
106238,2020-03-02
106252,2016-07-12
106253,2017-04-24
106255,2018-06-01
106256,2014-07-24
106258,2014-07-24
106290,2017-09-25
106291,2017-09-25
106292,2017-09-25
106293,2017-09-25
106324,2017-01-27
106325,2017-01-27
106326,2017-01-27
106327,2014-09-15
106329,2017-01-27
106330,2017-01-27
106337,2022-05-11
106338,2022-05-11
106339,2018-10-15
106340,2013-09-16
106365,2022-05-11
106366,2022-05-11
106367,2020-12-10
106368,2019-02-25
106414,2016-02-24
106461,2013-09-26
106467,2016-03-04
106468,2016-03-04
106470,2016-03-04
106471,2016-03-04
106472,2016-03-04
106481,2015-01-16
106482,2015-01-16
106501,2016-04-12
106502,2016-04-12
106503,2015-01-29
106504,2015-01-29
106506,2013-01-12
106507,2013-01-12
106508,2015-01-29
106509,2015-01-29
106510,2015-01-29
106511,2013-01-12
106513,2015-01-29
106514,2015-01-29
106518,2013-03-24
106519,2015-01-29
106520,2015-01-29
106521,2015-01-28
106522,2015-01-28
106523,2015-01-28
106524,2013-02-12
106525,2013-01-10
106526,2015-01-14
106527,2015-01-28
106528,2015-01-28
106530,2015-01-28
106531,2013-05-24
106533,2015-01-28
106534,2015-01-28
106535,2013-01-10
106537,2015-01-28
106538,2015-01-28
106549,2020-09-23
106550,2013-03-20
106553,2013-09-26
106554,2015-09-01
106555,2013-09-26
106556,2015-09-01
106561,2016-11-24
106562,2016-11-24
106563,2016-11-24
106564,2016-11-24
106661,2015-12-10
106662,2015-12-10
106667,2016-03-02
106668,2016-03-02
106669,2013-08-07
106670,2018-12-28
106671,2018-12-28
106692,2013-05-06
106693,2013-05-06
106700,2015-09-15
106701,2013-09-26
106702,2015-09-15
106703,2013-09-26
106709,2021-11-29
106734,2016-04-04
106735,2016-04-04
106736,2022-11-25
106737,2022-11-25
106738,2022-11-11
106739,2022-11-25
106741,2022-11-18
106744,2020-03-26
106745,2020-03-26
106760,2013-10-18
106761,2017-11-13
106762,2017-11-13
106763,2017-11-13
106770,2018-08-07
106777,2017-11-20
106778,2017-11-20
106779,2017-11-20
106780,2013-10-28
106794,2013-01-02
106821,2020-04-24
106828,2017-09-04
106829,2017-09-04
106830,2014-11-14
106831,2017-12-04
106832,2017-12-04
106833,2017-12-04
106842,2021-09-17
106852,2016-11-21
106853,2016-11-21
106867,2015-09-24
106868,2015-09-24
106881,2016-03-02
106882,2016-03-02
106885,2017-09-13
106886,2017-09-13
106891,2017-05-19
106892,2017-05-19
106976,2017-09-22
106977,2017-09-22
106999,2015-08-06
107000,2015-08-06
107001,2013-09-26
107002,2013-09-26
107015,2016-11-04
107070,2022-05-11
107071,2022-05-11
107088,2022-05-11
107089,2022-05-11
107092,2016-04-04
107093,2016-04-04
107119,2013-10-25
107120,2013-10-25
107121,2015-01-02
107122,2015-01-02
107123,2013-12-02
107124,2015-01-02
107125,2015-01-02
107126,2015-01-02
107127,2015-11-17
107128,2015-11-17
107129,2015-11-17
107130,2015-11-17
107138,2017-10-06
107139,2017-10-06
107141,2015-11-17
107142,2014-11-27
107143,2015-11-17
107144,2015-11-17
107145,2015-06-02
107146,2015-11-17
107147,2015-11-17
107148,2015-11-17
107149,2015-11-17
107150,2015-11-17
107151,2015-11-17
107152,2015-11-17
107159,2015-11-17
107160,2015-11-17
107161,2015-11-17
107162,2015-11-17
107163,2015-11-17
107164,2015-11-17
107165,2015-04-16
107166,2015-11-17
107167,2015-11-17
107168,2015-11-17
107169,2015-11-17
107170,2015-11-17
107193,2022-05-11
107194,2013-10-07
107195,2022-05-11
107211,2015-12-09
107212,2015-12-09
107226,2022-05-11
107228,2022-05-11
107233,2015-12-14
107234,2015-12-14
107247,2022-08-07
107248,2022-08-07
107249,2022-08-07
107250,2022-08-07
107251,2022-08-07
107252,2022-08-07
107301,2016-11-24
107302,2016-11-24
107307,2017-12-28
107308,2017-12-28
107309,2017-08-14
107310,2017-08-14
107328,2021-12-31
107329,2021-12-31
107330,2021-12-31
107332,2021-12-31
107337,2013-05-06
107338,2013-05-06
107339,2014-10-09
107341,2014-10-09
107350,2014-04-11
107351,2014-04-11
107354,2017-07-28
107380,2016-03-02
107382,2015-07-24
107405,2015-01-28
107406,2014-03-19
107407,2013-01-21
107408,2015-01-28
107479,2015-12-22
107480,2015-12-22
107481,2015-12-22
107485,2016-01-19
107486,2016-01-19
107504,2018-05-18
107505,2018-05-18
107623,2015-03-26
107624,2015-03-20
107625,2015-03-26
107626,2015-03-20
107631,2016-04-04
107632,2016-04-04
107635,2013-09-06
107636,2013-09-06
107637,2013-09-06
107646,2013-07-30
107647,2013-07-30
107648,2013-07-30
107649,2013-07-30
107656,2013-07-30
107658,2013-07-30
107659,2013-07-30
107695,2019-10-31
107696,2018-10-04
107697,2017-11-16
107698,2019-10-31
107714,2018-03-09
107715,2015-01-28
107717,2015-01-28
107718,2015-01-28
107719,2015-01-14
107720,2015-01-28
107721,2015-01-28
107722,2015-01-28
107773,2018-03-09
107820,2016-03-02
107821,2016-03-02
107822,2016-03-02
107823,2016-03-02
107900,2018-03-28
107901,2018-03-28
108144,2018-04-02
108145,2018-04-02
108168,2015-01-28
108169,2015-01-28
108195,2016-03-02
108196,2014-06-26
108197,2014-06-26
108220,2022-08-11
108225,2013-05-21
108226,2013-05-21
108231,2018-04-02
108232,2018-04-02
108243,2016-03-02
108244,2016-03-02
108253,2013-05-10
108254,2016-11-28
108305,2021-12-24
108320,2020-03-26
108321,2020-03-26
108363,2017-04-27
108372,2016-10-21
108408,2017-11-28
108410,2016-11-04
108411,2017-11-28
108416,2017-11-27
108417,2017-11-27
108438,2017-11-30
108439,2017-11-30
108467,2020-04-24
108500,2017-09-15
108512,2017-09-15
108554,2017-02-17
108607,2017-02-17
108625,2017-02-17
108629,2014-07-30
108643,2017-02-17
108645,2017-02-17
108659,2017-02-17
108660,2017-02-17
108661,2018-05-04
108662,2018-05-04
108663,2018-05-04
108676,2017-02-17
108677,2017-02-17
108678,2017-02-17
108679,2017-02-17
108681,2013-03-06
108697,2016-10-26
108698,2017-02-17
108700,2013-04-02
108714,2017-02-17
108715,2017-02-17
108716,2017-02-17
108717,2017-02-17
108718,2017-02-17
108719,2017-02-17
108720,2017-02-17
108732,2017-02-17
108733,2017-02-17
108734,2017-02-17
108735,2017-02-17
108736,2018-05-11
108737,2018-05-11
108738,2018-05-11
108739,2018-05-11
108740,2018-05-11
108741,2017-02-17
108742,2018-05-11
108752,2017-02-17
108754,2017-02-17
108759,2017-02-17
108778,2017-02-17
108779,2017-02-17
108781,2017-02-17
108784,2017-02-17
108786,2017-02-17
108844,2017-02-17
108846,2017-02-17
108864,2017-03-14
108865,2017-03-14
108993,2017-02-17
108994,2015-01-07
109070,2017-03-31
109071,2017-03-31
109117,2013-08-13
109118,2013-08-13
109129,2016-07-22
109130,2016-07-22
109131,2016-07-22
109132,2013-09-26
109137,2016-03-03
109138,2016-03-03
109175,2016-11-24
109176,2016-11-24
109177,2016-11-24
109179,2016-11-24
109180,2016-11-24
109181,2013-02-11
109182,2016-11-24
109183,2016-11-24
109184,2016-11-24
109213,2015-10-19
109216,2013-10-07
109247,2017-02-17
109256,2013-04-17
109257,2013-01-31
109262,2013-01-13
109265,2013-03-21
109268,2015-01-28
109300,2016-03-02
109301,2016-03-02
109302,2016-03-02
109303,2016-03-02
109346,2013-02-01
109347,2017-01-27
109355,2013-02-01
109356,2017-01-27
109359,2017-01-27
109360,2013-03-13
109361,2017-01-27
109367,2013-02-01
109369,2013-02-01
109464,2022-05-11
109465,2022-05-11
109466,2020-07-22
109467,2014-01-29
109493,2020-03-26
109494,2020-03-26
109514,2017-03-31
109515,2017-03-31
109542,2013-09-26
109543,2015-07-07
109544,2015-07-07
109545,2013-09-26
109574,2015-08-31
109575,2022-08-07
109576,2022-08-07
109619,2014-11-11
109620,2013-11-06
109660,2015-01-28
109661,2015-01-28
109677,2013-10-01
109678,2013-10-01
109679,2017-08-28
109680,2017-08-28
109695,2014-10-09
109696,2014-10-09
109718,2017-07-28
109742,2020-04-24
109744,2020-04-24
109745,2020-04-24
109816,2015-01-28
109818,2015-01-28
109854,2017-09-22
109855,2017-09-22
109916,2017-11-29
109917,2017-11-29
109934,2016-11-25
109935,2016-11-25
109937,2016-11-25
109938,2014-07-10
109939,2016-11-25
109940,2016-11-25
109941,2013-08-22
109942,2016-11-25
109944,2016-11-25
109945,2013-02-26
109946,2016-11-25
109949,2016-11-25
109950,2016-11-25
109951,2016-11-25
109952,2016-11-25
109953,2016-11-25
109954,2016-11-25
109955,2016-11-25
109956,2016-11-25
109957,2016-11-25
109958,2016-11-25
109961,2013-09-26
109962,2013-09-26
109963,2015-08-24
109964,2015-08-24
109981,2016-04-04
109982,2016-04-04
110013,2017-10-06
110014,2017-10-06
110015,2013-05-10
110016,2013-05-10
110022,2013-12-04
110023,2014-03-03
110045,2017-08-14
110046,2017-08-14
110047,2017-08-14
110048,2017-08-14
110071,2016-03-02
110072,2016-03-02
110073,2016-03-02
110074,2015-09-03
110105,2014-10-09
110106,2014-10-09
110145,2013-09-30
110146,2013-09-30
110147,2013-09-30
110148,2013-09-30
110149,2016-11-24
110150,2016-11-24
110151,2016-11-24
110152,2016-10-31
110153,2016-11-24
110154,2015-09-24
110155,2016-11-24
110156,2016-11-24
110157,2016-11-24
110158,2016-11-24
110203,2017-10-23
110204,2017-10-23
110258,2015-12-09
110259,2015-12-09
110260,2015-12-14
110261,2015-12-14
110285,2016-04-11
110286,2016-04-11
110287,2016-04-11
110288,2013-04-25
110345,2017-10-26
110346,2017-10-26
110347,2016-04-18
110348,2017-10-26
110383,2017-08-14
110384,2017-02-08
110438,2022-11-10
110439,2022-11-23
110440,2022-11-01
110457,2015-12-01
110462,2013-11-08
110463,2013-11-08
110468,2022-05-11
110469,2022-05-11
110515,2015-12-11
110555,2017-08-24
110556,2017-02-20
110569,2016-04-04
110570,2016-04-04
110575,2021-09-17
110663,2017-09-04
110664,2017-09-04
110673,2015-07-10
110674,2015-07-09
110703,2016-03-02
110706,2016-03-02
111316,2017-09-13
111317,2017-09-13
111344,2013-07-19
111346,2013-07-19
111352,2013-07-19
111353,2013-07-19
111381,2021-12-31
111382,2021-12-31
111405,2017-09-19
111406,2017-09-19
111435,2018-05-02
111437,2018-05-02
111438,2018-05-02
111439,2013-09-23
111441,2017-05-18
111442,2013-01-29
111443,2018-05-02
111445,2018-05-02
111446,2018-05-02
111467,2018-12-31
111529,2013-06-06
111532,2014-05-23
111543,2020-04-24
111544,2020-04-24
111546,2017-02-14
111547,2013-12-12
111554,2015-07-17
111556,2016-03-02
111557,2013-01-07
111558,2014-05-16
111586,2014-12-17
111677,2016-11-24
111678,2016-11-24
111679,2014-06-26
111680,2017-02-17
111681,2017-02-17
111703,2020-11-03
111706,2014-06-29
111718,2021-01-01
111719,2014-07-14
111723,2016-03-02
111757,2013-11-08
111758,2013-11-08
111759,2016-05-24
111760,2017-10-11
111761,2015-04-27
111778,2019-03-28
111779,2019-03-28
111780,2018-05-30
111781,2015-12-14
111782,2015-12-14
111785,2017-09-08
111793,2020-04-24
111794,2020-04-24
111795,2020-04-24
111804,2019-04-03
111807,2013-05-28
111808,2013-05-28
111810,2014-01-10
111816,2014-07-03
111861,2017-02-17
111862,2017-02-17
111863,2017-02-17
111864,2017-02-17
111865,2017-02-17
111866,2017-02-17
111867,2013-11-08
111868,2013-11-08
111869,2014-02-18
111871,2016-03-02
111872,2016-03-02
111879,2016-07-01
111880,2015-09-03
111882,2018-05-11
111883,2018-05-11
111915,2020-11-03
111917,2016-03-02
111918,2016-03-02
111919,2016-03-02
111920,2016-03-02
111921,2013-09-26
111922,2017-02-17
111923,2017-02-17
111924,2016-05-05
111941,2021-12-31
111942,2021-12-31
111943,2013-09-06
111944,2013-09-06
111945,2013-09-06
111946,2013-09-06
111949,2014-06-26
111950,2014-06-26
111951,2014-06-26
111952,2014-06-26
111953,2014-06-26
111965,2014-06-26
111966,2014-06-26
111972,2020-04-24
111973,2013-01-03
111976,2020-04-24
111977,2020-04-24
111978,2020-04-24
111979,2020-04-24
111980,2020-04-24
111981,2014-07-23
111982,2020-04-24
111983,2014-10-30
111984,2014-05-02
111985,2015-08-03
111986,2014-04-22
111988,2022-09-16
111989,2022-09-16
111990,2022-09-16
111993,2013-07-25
111994,2013-12-23
111996,2018-05-24
111997,2018-05-24
111998,2018-05-24
112000,2013-01-04
112002,2018-05-24
112005,2018-05-24
112015,2018-06-21
112017,2016-03-03
112020,2016-03-03
112025,2022-03-13
112026,2022-03-13
112027,2022-03-13
112028,2016-09-29
112029,2022-03-13
112031,2022-03-13
112032,2022-03-13
112033,2022-03-13
112034,2022-03-13
112035,2022-03-13
112036,2020-03-26
112037,2020-03-26
112053,2016-02-18
112054,2016-02-18
112056,2016-03-03
112058,2016-03-03
112063,2016-09-16
112064,2021-12-31
112065,2013-06-10
112066,2018-05-02
112067,2018-05-02
112068,2017-02-17
112069,2017-02-17
112080,2013-01-21
112081,2018-05-11
112082,2021-02-25
112084,2016-11-24
112091,2014-03-03
112094,2020-04-24
112095,2013-09-27
112100,2019-09-25
112101,2019-09-25
112104,2020-03-26
112105,2020-03-26
112106,2014-09-11
112110,2013-08-20
112111,2013-02-04
112119,2022-09-16
112147,2017-09-14
112148,2017-09-14
112150,2016-05-20
112207,2021-12-31
112221,2016-03-04
112222,2016-03-04
112223,2016-03-02
112224,2016-03-02
112225,2016-03-02
112226,2016-03-02
112227,2016-03-04
112228,2016-03-04
112290,2014-11-17
112291,2016-05-19
112294,2016-07-22
112295,2016-07-22
112304,2021-12-12
112305,2021-12-12
112306,2016-03-02
112311,2013-02-05
112312,2013-02-05
112314,2016-01-29
112343,2022-09-16
112344,2022-09-16
112345,2016-01-29
112346,2016-01-29
112364,2017-02-17
112366,2017-02-17
112367,2017-02-17
112387,2016-11-25
112396,2017-02-17
112397,2017-02-17
112398,2016-03-10
112402,2016-11-25
112408,2022-07-15
112410,2022-11-25
112414,2022-11-25
112416,2022-11-25
112420,2022-11-25
112421,2016-11-11
112422,2022-11-25
112423,2022-11-25
112424,2022-11-25
112425,2022-11-25
112428,2022-11-25
112429,2022-11-25
112442,2016-11-14
112445,2022-11-25
112456,2015-08-27
112457,2022-11-25
112458,2022-11-25
112461,2022-11-25
112468,2013-02-04
112475,2022-11-25
112483,2013-02-04
112487,2022-11-25
112488,2022-11-25
112489,2022-11-25
112495,2022-11-25
112496,2022-11-25
112537,2018-05-11
112538,2018-05-11
112600,2022-11-25
112601,2022-11-25
112624,2019-03-26
112625,2019-03-26
112627,2016-11-11
112628,2016-11-11
112629,2016-11-11
112630,2022-11-25
112631,2022-11-25
112632,2022-11-25
112637,2015-02-03
112640,2015-01-05
112641,2014-12-30
112642,2015-02-23
112643,2014-12-21
112644,2015-05-05
112648,2022-07-15
112649,2022-07-15
112652,2015-02-13
112653,2015-03-03
112656,2015-04-21
112657,2015-03-11
112658,2022-07-15
112659,2015-04-23
112660,2015-04-23
112665,2013-04-02
112666,2013-04-02
112691,2013-04-02
112692,2013-04-02
112784,2016-11-24
112785,2016-11-24
112787,2016-11-24
112789,2016-11-24
112853,2016-03-02
112854,2016-03-02
112871,2018-05-04
112872,2018-05-04
112873,2018-05-04
112874,2018-05-04
112884,2016-01-29
112886,2016-01-29
112887,2019-04-24
112888,2019-04-24
112892,2013-06-10
112898,2013-05-06
112899,2013-05-06
112900,2013-05-06
112913,2013-05-30
112914,2013-05-30
112921,2018-05-18
112922,2018-05-18
112928,2018-06-01
112929,2018-06-01
112930,2017-10-27
112934,2013-07-02
112935,2013-07-02
112940,2014-04-28
112943,2022-03-13
112944,2022-03-13
112946,2013-07-23
112947,2013-07-23
112956,2013-06-06
112963,2013-04-14
112964,2016-03-04
112965,2016-03-04
112966,2013-03-04
112967,2016-03-02
112968,2016-03-02
112973,2014-06-26
113024,2013-07-29
113025,2013-07-29
113055,2018-05-24
113072,2016-07-08
113073,2016-07-08
113082,2013-08-26
113083,2013-08-26
113100,2018-05-11
113101,2018-05-11
113135,2022-08-07
113136,2016-01-27
113138,2020-04-24
113139,2013-09-02
113140,2013-09-02
113145,2013-02-01
113165,2013-06-18
113166,2013-09-16
113172,2019-06-26
113173,2019-06-26
113183,2016-03-07
113184,2016-03-07
113185,2016-03-07
113186,2016-03-07
113187,2015-12-15
113205,2013-09-12
113206,2013-09-12
113211,2019-06-26
113219,2013-06-27
113220,2013-08-20
113242,2020-04-24
113243,2015-08-19
113246,2013-02-12
113247,2020-04-24
113248,2020-11-03
113321,2015-09-30
113327,2022-03-13
113328,2022-03-13
113352,2013-10-17
113353,2013-10-17
113356,2016-03-03
113357,2016-03-03
113358,2016-03-03
113359,2016-03-03
113360,2016-03-03
113373,2018-11-29
113390,2013-11-07
113391,2013-11-07
113392,2013-10-08
113393,2013-10-08
113394,2014-12-30
113401,2015-09-30
113416,2014-02-26
113417,2020-04-24
113428,2013-05-28
113460,2022-03-13
113461,2022-03-13
113463,2022-03-13
113464,2022-03-13
113476,2022-03-13
113477,2022-03-13
113478,2022-03-13
113483,2022-03-13
113526,2022-03-13
113528,2020-12-09
113532,2015-06-05
113544,2022-03-13
113545,2022-03-13
113547,2022-03-13
113548,2022-03-13
113549,2022-03-13
113553,2015-06-05
113554,2015-06-05
113555,2015-06-05
113556,2015-06-05
113557,2022-03-13
113558,2015-06-05
113560,2022-03-13
113561,2022-03-13
113562,2022-03-13
113566,2022-03-13
113567,2022-03-13
113632,2014-06-27
113637,2014-06-27
113640,2014-06-27
114097,2022-03-13
114099,2022-03-13
114100,2022-03-13
114105,2022-03-13
114216,2022-11-25
114217,2022-11-25
114218,2022-11-25
114219,2022-11-25
114238,2016-10-06
114241,2022-09-16
114251,2018-05-19
114252,2018-05-19
114253,2014-03-06
114254,2014-03-06
114300,2013-12-16
114301,2021-12-31
114302,2021-12-31
114307,2016-03-03
114308,2016-03-03
114309,2016-03-03
114310,2016-03-03
114341,2013-09-26
114342,2013-09-26
114365,2014-01-16
114366,2014-01-16
114376,2016-10-06
114382,2017-10-11
114383,2017-09-15
114384,2017-10-11
114385,2017-09-15
114418,2013-09-26
114419,2013-09-26
114420,2013-09-26
114421,2013-09-26
114422,2013-09-26
114423,2013-09-26
114424,2013-09-26
114425,2013-09-26
114426,2013-09-26
114427,2013-09-26
114428,2014-01-24
114429,2014-01-24
114440,2013-02-11
114441,2013-02-11
114454,2014-02-14
114455,2014-02-14
114462,2013-09-26
114467,2013-01-31
114468,2013-01-31
114469,2014-01-28
114470,2014-01-28
114498,2014-02-07
114499,2014-02-07
114514,2013-11-14
114515,2013-03-26
114518,2013-11-14
114519,2013-11-14
114527,2013-11-13
114528,2013-11-13
114529,2013-11-13
114530,2013-11-13
114531,2013-11-13
114532,2013-11-13
114537,2018-05-02
114538,2018-05-02
114583,2016-03-03
114584,2016-03-03
114585,2016-03-03
114587,2016-03-03
114598,2013-09-26
114599,2013-09-26
114627,2014-03-10
114657,2014-03-07
114658,2014-03-07
114661,2013-09-26
114662,2013-09-26
114663,2013-09-26
114664,2013-09-26
114665,2013-09-26
114666,2013-09-26
114667,2013-09-26
114668,2013-09-26
114669,2013-09-26
114670,2013-09-26
114671,2013-09-26
114672,2013-09-26
114673,2013-09-26
114674,2013-09-26
114682,2015-12-21
114683,2015-12-21
114735,2013-07-08
114749,2016-03-02
114752,2014-03-20
114759,2014-03-28
114781,2016-03-10
114791,2014-02-28
114804,2016-03-03
114805,2016-03-03
114842,2014-03-27
114843,2014-03-27
114844,2014-04-28
114845,2014-04-28
114846,2014-05-29
114847,2014-05-29
114848,2014-06-30
114849,2014-06-30
114854,2022-07-15
114855,2022-07-15
114860,2021-09-17
114875,2017-03-31
114876,2017-03-31
114951,2013-04-02
114952,2013-04-02
114964,2016-03-02
114965,2016-03-02
114966,2016-03-04
114967,2016-03-02
114968,2016-03-02
114970,2016-03-02
114971,2016-03-02
114973,2016-03-02
114974,2016-03-02
114975,2016-03-02
115014,2016-03-08
115015,2016-03-08
115055,2013-11-13
115057,2013-11-13
115082,2013-09-26
115083,2013-09-26
115084,2017-06-09
115085,2017-06-09
115086,2013-09-26
115087,2013-09-26
115088,2013-09-26
115089,2013-09-26
115090,2020-09-25
115093,2022-09-16
115101,2022-07-15
115103,2020-09-25
115110,2013-05-13
115111,2013-05-13
115122,2014-10-09
115145,2014-05-08
115146,2014-05-08
115158,2014-04-21
115159,2014-04-21
115185,2013-05-23
115186,2013-05-23
115216,2014-10-09
115217,2014-10-08
115218,2014-10-08
115219,2014-10-09
115220,2014-10-09
115221,2014-10-09
115222,2014-10-09
115226,2013-07-02
115231,2013-06-12
115232,2013-06-12
115235,2013-09-26
115236,2013-09-26
115239,2013-09-26
115240,2013-09-26
115241,2018-12-28
115242,2018-12-28
115243,2015-06-03
115250,2014-06-10
115251,2014-06-10
115262,2014-06-02
115263,2014-06-02
115269,2020-04-24
115293,2016-11-24
115303,2013-09-26
115304,2013-09-26
115311,2013-06-27
115312,2013-06-27
115328,2020-04-24
115336,2015-10-09
115337,2016-03-03
115339,2016-03-03
115340,2016-03-03
115357,2013-06-17
115358,2013-06-17
115375,2014-07-09
115376,2014-07-09
115377,2013-07-10
115378,2013-07-10
115403,2013-09-26
115404,2013-09-26
115405,2013-09-26
115406,2013-09-26
115407,2013-09-26
115408,2013-09-26
115422,2013-07-22
115423,2013-07-22
115465,2014-07-14
115466,2014-07-14
115471,2013-07-18
115472,2013-07-18
115485,2013-04-02
115486,2017-02-17
115487,2015-05-13
115492,2014-07-25
115493,2014-07-25
115560,2013-08-07
115561,2013-08-07
115562,2013-07-18
115563,2013-07-18
115570,2013-08-12
115571,2013-08-12
115579,2013-07-29
115580,2013-07-29
115581,2013-07-29
115582,2013-07-29
115606,2013-08-08
115607,2013-08-08
115608,2014-08-25
115609,2014-08-25
115612,2014-08-19
115613,2014-08-19
115616,2016-03-03
115619,2013-09-26
115620,2013-09-26
115621,2013-09-26
115622,2013-09-26
115623,2013-09-26
115624,2013-09-26
115625,2014-08-04
115626,2014-08-04
115627,2013-08-12
115628,2013-08-12
115631,2016-11-25
115632,2016-11-25
115662,2013-09-06
115663,2013-09-06
115682,2013-09-05
115683,2013-09-05
115684,2013-09-23
115685,2013-09-23
115686,2014-09-12
115687,2014-09-12
115696,2014-10-07
115697,2014-10-08
115700,2014-09-22
115701,2014-09-22
115702,2016-03-03
115705,2014-09-08
115706,2014-09-08
115707,2014-10-07
115712,2013-09-26
115713,2013-09-26
115714,2013-09-26
115715,2013-09-26
115716,2013-09-26
115717,2013-09-26
115718,2013-09-26
115719,2013-09-26
115720,2013-09-26
115721,2013-09-26
115722,2014-09-08
115723,2014-09-08
115728,2016-11-03
115729,2016-11-03
115730,2016-11-03
115731,2016-11-03
115740,2013-01-03
115743,2013-01-03
115744,2016-11-03
115745,2013-01-03
115746,2013-01-03
115747,2016-11-03
115748,2016-11-03
115749,2016-11-03
115750,2016-11-03
115751,2016-11-03
115752,2015-08-13
115753,2015-08-13
115754,2015-08-13
115755,2016-11-03
115761,2013-07-24
115762,2013-07-24
115763,2014-09-03
115767,2016-10-13
115768,2016-10-13
115788,2022-07-15
115790,2022-07-15
115812,2014-06-26
115813,2014-06-26
115814,2014-06-26
115815,2014-06-26
115818,2013-03-19
115819,2013-03-19
115824,2014-11-10
115837,2013-05-20
115838,2013-05-20
115845,2014-10-16
115846,2014-10-16
115847,2014-10-07
115848,2014-10-07
115853,2013-10-03
115854,2013-10-03
115872,2014-10-09
115873,2014-10-09
115877,2013-09-26
115878,2013-09-26
115883,2022-11-25
115886,2022-11-25
115887,2022-11-25
115890,2013-10-11
115891,2013-10-11
115892,2013-10-11
115895,2013-10-17
115896,2013-10-17
115899,2013-04-09
115900,2013-04-09
115912,2015-07-24
115923,2014-11-05
115924,2014-11-05
115927,2017-08-14
115928,2015-04-15
115929,2015-04-15
115930,2014-10-27
115931,2014-10-27
115932,2013-04-29
115933,2013-04-29
115937,2013-11-13
115938,2013-11-13
115955,2013-10-28
115956,2013-10-28
115966,2013-04-22
115967,2013-04-22
115970,2013-10-28
115971,2013-10-28
115985,2013-05-06
115986,2013-05-06
115987,2013-09-26
115988,2013-09-26
115989,2013-09-26
115990,2013-09-26
116000,2013-09-26
116001,2013-09-26
116002,2013-09-26
116003,2013-09-26
116004,2013-10-21
116005,2013-10-21
116006,2013-09-26
116007,2013-09-26
116008,2016-11-07
116009,2016-11-07
116010,2014-10-07
116011,2014-10-07
116012,2014-11-25
116013,2014-11-25
116016,2013-04-22
116017,2013-04-22
116018,2013-05-17
116019,2013-05-17
116027,2014-11-19
116028,2014-11-19
116029,2014-11-25
116030,2014-11-25
116031,2014-11-25
116035,2013-05-06
116038,2013-11-25
116039,2013-11-25
116042,2013-04-03
116043,2013-04-03
116044,2016-03-03
116045,2016-03-03
116053,2013-11-18
116054,2013-11-18
116055,2013-11-18
116069,2013-05-30
116070,2013-05-30
116073,2013-06-03
116074,2013-06-03
116078,2013-05-23
116079,2013-05-23
116082,2013-12-09
116083,2013-12-09
116087,2014-12-23
116088,2014-12-23
116089,2014-12-23
116105,2013-05-27
116106,2013-05-27
116111,2015-01-07
116112,2015-01-07
116115,2013-05-28
116116,2013-05-28
116127,2014-12-19
116128,2014-12-19
116132,2013-12-02
116133,2013-12-02
116134,2013-12-02
116135,2013-06-11
116136,2013-06-11
116137,2013-11-25
116138,2013-11-25
116139,2013-11-21
116140,2013-11-21
116141,2016-12-08
116142,2016-12-08
116143,2013-09-26
116144,2013-09-26
116145,2013-09-26
116146,2013-09-26
116147,2013-09-26
116148,2013-09-26
116151,2013-12-04
116152,2013-12-04
116153,2023-06-11
116154,2023-06-11
116156,2014-12-11
116157,2014-12-11
116158,2015-01-07
116159,2015-01-07
116165,2014-12-16
116166,2014-12-16
116167,2014-12-16
116168,2013-12-09
116169,2013-12-09
116170,2013-12-09
116171,2013-04-16
116176,2014-12-29
116177,2014-12-29
116184,2015-01-29
116185,2015-01-29
116188,2014-01-15
116191,2013-12-17
116192,2013-12-17
116203,2015-10-21
116205,2015-10-21
116208,2013-06-05
116209,2013-06-05
116216,2013-06-19
116217,2013-06-19
116220,2015-01-09
116221,2015-01-09
116222,2013-09-26
116223,2013-09-26
116226,2013-06-06
116227,2013-06-06
116228,2013-06-17
116229,2013-06-17
116230,2013-06-11
116231,2013-06-11
116238,2014-12-29
116239,2014-12-29
116249,2013-06-26
116250,2013-06-26
116256,2013-07-08
116257,2013-07-08
116258,2013-12-23
116259,2013-12-23
116275,2013-01-21
116276,2013-01-21
116290,2013-04-10
116291,2013-04-10
116296,2022-11-25
116297,2022-11-25
116298,2022-11-25
116299,2022-11-25
116330,2015-01-07
116331,2015-01-07
116336,2013-01-01
116337,2013-01-01
116338,2013-01-01
116341,2013-06-24
116342,2013-06-24
116347,2016-03-02
116348,2013-09-26
116349,2013-09-26
116352,2022-03-28
116353,2022-03-28
116354,2013-01-10
116355,2013-01-10
116356,2014-04-28
116357,2014-04-28
116360,2016-03-02
116363,2016-03-04
116368,2016-03-04
116370,2016-03-04
116371,2014-11-10
116372,2014-05-15
116373,2016-03-02
116374,2016-03-02
116376,2013-08-02
116380,2015-09-03
116381,2016-03-02
116382,2016-03-02
116385,2016-03-02
116386,2016-03-02
116387,2013-01-07
116388,2013-01-07
116389,2013-01-07
116391,2016-03-04
116394,2016-03-02
116395,2016-03-02
116398,2013-06-04
116399,2013-06-27
116400,2013-06-27
116407,2013-07-02
116408,2013-07-02
116411,2013-01-07
116412,2013-01-07
116414,2015-04-06
116415,2015-04-06
116416,2016-03-02
116417,2016-03-02
116418,2013-01-07
116419,2013-01-07
116420,2013-01-14
116421,2013-01-14
116422,2013-07-19
116423,2013-07-19
116424,2021-03-31
116425,2021-03-31
116426,2021-03-31
116427,2021-03-31
116428,2014-01-20
116429,2014-01-20
116430,2014-01-24
116431,2014-01-24
116432,2013-01-21
116433,2013-01-21
116434,2013-01-21
116437,2013-01-08
116438,2013-01-08
116439,2013-01-08
116440,2013-01-14
116441,2013-01-14
116442,2013-01-14
116443,2013-01-10
116444,2013-01-10
116445,2013-07-16
116446,2013-07-16
116447,2014-07-10
116448,2014-07-14
116451,2013-02-07
116452,2013-02-07
116458,2013-07-17
116459,2013-07-17
116460,2013-04-03
116461,2013-04-03
116462,2013-09-26
116463,2013-09-26
116464,2013-01-21
116465,2013-01-21
116466,2013-01-14
116467,2013-01-14
116468,2013-04-16
116469,2013-04-16
116476,2013-07-22
116477,2013-07-22
116478,2013-07-22
116479,2013-02-04
116480,2013-02-04
116481,2013-01-21
116482,2013-01-21
116483,2021-03-05
116489,2014-05-13
116490,2014-05-13
116497,2013-01-17
116498,2013-01-17
116499,2017-01-30
116500,2017-01-30
116501,2013-01-17
116502,2013-01-17
116503,2013-07-24
116504,2013-07-24
116505,2013-04-12
116506,2013-04-12
116509,2013-01-21
116510,2013-01-21
116511,2013-01-21
116514,2014-02-03
116515,2014-02-03
116516,2017-10-27
116517,2013-04-30
116518,2013-04-30
116519,2013-04-30
116522,2013-09-26
116523,2013-09-26
116525,2013-01-22
116526,2013-01-22
116529,2013-01-24
116530,2013-01-24
116531,2013-01-28
116532,2013-01-28
116533,2013-07-22
116534,2013-07-22
116535,2013-01-24
116536,2013-01-24
116537,2013-02-04
116538,2013-02-04
116539,2015-02-09
116540,2015-02-09
116541,2013-01-21
116542,2013-01-21
116543,2015-04-07
116544,2015-04-07
116545,2013-04-22
116546,2013-04-22
116549,2013-02-13
116551,2013-02-13
116552,2013-02-04
116553,2013-02-04
116554,2013-02-04
116557,2013-02-04
116558,2013-02-04
116559,2013-02-07
116560,2013-02-07
116561,2013-08-05
116562,2013-08-05
116563,2013-01-31
116564,2013-01-31
116566,2015-02-11
116567,2015-02-11
116568,2013-04-08
116569,2013-04-08
116573,2013-02-04
116574,2013-02-04
116575,2013-02-04
116578,2013-02-04
116579,2013-02-04
116580,2013-08-13
116581,2013-08-13
116582,2022-12-07
116583,2022-12-07
116584,2014-06-02
116585,2014-06-02
116586,2014-06-02
116587,2015-06-01
116588,2015-06-01
116589,2015-06-01
116590,2013-02-11
116591,2013-02-11
116592,2013-02-11
116594,2013-02-06
116595,2013-02-06
116596,2013-09-26
116597,2013-09-26
116598,2013-02-04
116599,2013-02-04
116600,2013-01-21
116601,2013-01-21
116602,2013-01-31
116603,2013-01-31
116604,2013-02-08
116605,2013-02-08
116606,2013-02-20
116607,2013-02-20
116609,2013-02-20
116610,2021-03-31
116613,2013-08-13
116614,2013-08-13
116615,2013-04-08
116616,2013-04-08
116617,2015-03-03
116618,2015-03-03
116619,2013-02-12
116620,2013-02-12
116621,2013-02-12
116624,2013-02-07
116625,2013-02-07
116626,2013-02-11
116627,2013-02-11
116628,2013-08-19
116629,2013-08-19
116630,2015-02-09
116631,2015-02-09
116634,2013-02-15
116635,2013-02-15
116636,2013-02-14
116637,2013-02-14
116640,2013-02-13
116641,2013-02-13
116645,2013-02-20
116646,2013-02-20
116647,2013-02-20
116654,2013-02-18
116655,2013-02-18
116656,2013-02-20
116657,2013-02-20
116658,2013-04-17
116659,2013-04-17
116660,2015-03-09
116661,2015-03-09
116662,2013-05-31
116663,2013-05-31
116664,2013-05-31
116665,2014-03-12
116666,2014-03-12
116669,2018-05-11
116670,2015-04-28
116671,2015-04-28
116676,2013-02-27
116677,2013-02-27
116678,2015-03-09
116679,2015-03-09
116683,2016-03-02
116684,2016-03-02
116685,2016-03-03
116686,2013-02-14
116687,2013-02-14
116690,2013-02-25
116691,2013-02-25
116692,2013-02-25
116693,2013-02-25
116694,2013-02-25
116695,2013-02-25
116696,2013-02-25
116697,2014-06-26
116698,2014-06-26
116699,2014-02-17
116700,2014-02-17
116701,2013-09-26
116702,2013-09-26
116705,2014-06-26
116707,2014-06-26
116708,2014-06-26
116710,2014-06-26
116711,2013-02-25
116712,2013-02-25
116713,2015-03-12
116714,2015-03-12
116715,2013-10-21
116718,2013-02-25
116719,2013-02-25
116720,2013-02-25
116723,2015-09-02
116725,2016-03-03
116726,2015-01-27
116729,2013-08-27
116730,2013-08-27
116731,2013-02-25
116732,2013-02-25
116733,2013-05-30
116734,2013-05-30
116735,2013-03-01
116736,2013-03-01
116743,2013-03-04
116744,2013-03-04
116745,2013-03-04
116748,2014-04-30
116749,2014-04-30
116750,2013-05-21
116751,2013-05-21
116752,2013-02-11
116753,2013-02-11
116754,2013-02-20
116755,2013-02-20
116756,2013-05-02
116757,2013-05-02
116758,2013-02-28
116759,2013-02-28
116760,2013-03-04
116761,2013-03-04
116762,2013-03-04
116763,2013-03-04
116764,2013-04-02
116765,2013-04-02
116766,2013-02-26
116767,2013-02-26
116768,2013-02-28
116769,2013-02-28
116770,2013-04-02
116771,2013-04-02
116772,2013-04-02
116773,2013-04-02
116774,2013-03-07
116775,2013-03-07
116776,2013-03-06
116777,2013-03-06
116778,2013-03-04
116779,2013-03-04
116785,2013-08-28
116786,2013-08-28
116787,2013-08-28
116788,2013-03-05
116789,2013-03-05
116790,2013-03-05
116794,2013-04-02
116797,2013-03-11
116798,2013-03-11
116799,2013-03-11
116803,2013-01-11
116804,2013-02-25
116805,2013-02-25
116810,2022-12-07
116811,2022-12-07
116812,2013-05-09
116813,2013-05-09
116814,2015-04-09
116815,2015-04-09
116820,2013-04-03
116821,2013-04-03
116822,2013-03-11
116823,2013-03-11
116824,2013-03-11
116826,2013-03-11
116827,2013-03-11
116828,2013-04-02
116829,2013-04-02
116830,2013-04-10
116831,2013-04-10
116834,2013-04-04
116835,2013-04-04
116836,2013-03-11
116837,2013-03-11
116838,2013-03-20
116839,2013-03-20
116842,2013-02-25
116843,2013-02-25
116844,2013-03-25
116845,2013-03-25
116848,2013-04-08
116849,2013-04-08
116850,2014-03-18
116851,2014-03-18
116852,2013-04-04
116853,2013-04-04
116854,2013-04-04
116855,2013-04-10
116856,2013-04-10
116857,2013-04-10
116858,2013-04-17
116859,2013-04-17
116860,2013-04-17
116861,2013-04-17
116862,2013-04-17
116863,2013-04-17
116864,2013-04-10
116865,2013-04-10
116866,2013-04-10
116867,2013-04-22
116868,2013-04-22
116869,2013-04-22
116870,2013-03-18
116871,2013-03-18
116872,2013-04-05
116873,2013-04-05
116874,2013-03-18
116875,2013-03-18
116876,2013-03-18
116877,2013-04-02
116878,2013-04-02
116879,2013-04-08
116880,2013-04-08
116881,2013-04-16
116882,2013-04-16
116883,2013-04-03
116884,2013-04-03
116885,2013-03-14
116886,2013-03-14
116887,2014-04-09
116888,2014-04-09
116889,2013-03-14
116890,2013-03-14
116891,2013-04-03
116892,2013-04-03
116893,2015-04-07
116897,2013-04-08
116898,2013-04-08
116899,2013-03-15
116900,2013-03-15
116901,2015-04-06
116902,2015-04-06
116903,2013-04-03
116904,2013-04-03
116905,2013-03-25
116906,2013-03-25
116907,2013-04-03
116908,2013-04-03
116911,2013-07-02
116913,2015-08-26
116914,2015-12-16
116917,2013-04-08
116918,2013-04-08
116919,2013-03-25
116920,2013-03-25
116922,2013-02-25
116923,2013-02-25
116924,2013-03-04
116925,2013-03-04
116926,2013-04-29
116927,2013-04-29
116928,2013-04-29
116929,2013-04-29
116932,2015-04-28
116933,2015-04-28
116940,2013-04-23
116941,2013-04-23
116946,2013-03-01
116947,2013-03-01
116950,2013-04-05
116952,2013-03-25
116953,2013-03-25
116954,2013-04-29
116955,2013-04-29
116957,2014-04-03
116958,2014-04-03
116959,2013-04-18
116960,2013-04-18
116961,2013-03-04
116962,2013-03-04
116963,2013-04-05
116964,2013-04-05
116967,2013-04-22
116968,2013-04-22
116969,2013-04-22
116972,2013-04-22
116973,2013-04-22
116974,2013-04-22
116975,2013-04-08
116976,2013-04-08
116977,2013-04-23
116978,2013-04-23
116979,2013-03-25
116980,2013-03-25
116983,2013-04-08
116984,2013-04-08
116985,2013-04-02
116986,2013-04-02
116987,2014-04-03
116988,2014-04-03
116989,2013-09-26
116990,2013-09-26
116991,2013-09-26
116992,2013-09-26
116995,2013-03-18
116996,2013-03-18
116997,2013-04-03
116998,2013-04-03
116999,2013-03-25
117000,2013-03-25
117004,2013-04-02
117005,2013-04-02
117006,2013-04-02
117007,2015-04-17
117008,2015-04-17
117009,2013-04-02
117010,2013-04-02
117011,2013-03-21
117012,2013-03-21
117013,2013-04-17
117014,2013-04-17
117015,2013-04-15
117016,2013-04-15
117017,2014-04-09
117018,2014-04-09
117019,2013-04-04
117020,2013-04-04
117023,2013-04-02
117024,2013-04-02
117025,2013-03-28
117026,2013-03-28
117027,2014-04-30
117028,2014-04-30
117029,2014-04-30
117030,2013-03-25
117031,2013-03-25
117032,2013-03-25
117033,2013-03-28
117034,2013-03-28
117035,2013-03-28
117036,2013-04-02
117037,2013-04-02
117038,2013-04-08
117039,2013-04-08
117046,2013-04-03
117047,2013-04-03
117048,2013-04-02
117049,2013-04-02
117050,2013-04-02
117051,2013-04-02
117052,2013-03-28
117053,2013-03-28
117054,2013-04-22
117055,2013-04-22
117056,2015-04-06
117057,2015-04-06
117059,2014-02-20
117067,2013-03-28
117068,2013-03-28
117069,2013-03-28
117070,2013-03-08
117071,2013-03-08
117072,2013-04-02
117073,2013-04-02
117074,2013-03-28
117075,2013-03-28
117076,2019-11-08
117077,2013-04-08
117078,2013-04-08
117079,2013-03-28
117080,2013-03-28
117081,2013-04-03
117082,2013-04-03
117085,2013-04-08
117086,2013-04-08
117092,2013-04-11
117093,2013-04-11
117094,2013-04-03
117095,2013-04-03
117096,2013-05-02
117097,2013-05-02
117098,2013-05-02
117099,2013-04-02
117100,2013-04-02
117103,2013-04-04
117104,2013-04-04
117105,2013-04-04
117108,2013-03-27
117109,2013-03-27
117110,2013-06-21
117111,2013-06-21
117112,2015-04-16
117113,2015-04-16
117114,2013-04-03
117115,2013-04-03
117118,2013-03-18
117119,2013-03-18
117120,2015-04-06
117121,2015-04-06
117126,2013-03-25
117127,2013-03-25
117132,2013-04-03
117133,2013-04-03
117134,2016-03-02
117135,2016-03-02
117141,2015-03-31
117142,2013-03-22
117143,2013-03-22
117144,2013-04-02
117145,2013-04-02
117146,2013-04-01
117147,2013-04-01
117148,2013-03-27
117149,2013-03-27
117150,2013-04-02
117153,2013-04-11
117154,2013-04-11
117155,2015-04-15
117156,2015-04-15
117157,2013-03-25
117158,2013-03-25
117159,2013-03-25
117160,2013-03-25
117161,2013-04-02
117162,2013-04-02
117163,2013-04-02
117164,2013-04-02
117165,2013-04-29
117166,2013-04-29
117167,2013-04-04
117168,2013-04-04
117169,2013-04-04
117170,2013-04-04
117173,2013-04-11
117174,2013-04-11
117178,2013-04-08
117179,2013-04-12
117180,2013-04-12
117181,2013-04-03
117182,2013-04-03
117183,2013-04-02
117184,2013-04-02
117185,2013-04-15
117186,2013-04-15
117187,2013-03-21
117188,2013-03-21
117189,2013-03-28
117190,2013-03-28
117193,2013-04-25
117194,2013-04-25
117195,2013-04-08
117196,2013-04-08
117197,2013-04-08
117198,2013-04-03
117199,2013-04-03
117202,2013-04-12
117203,2013-04-12
117204,2013-03-25
117205,2015-05-05
117206,2015-05-05
117207,2013-04-26
117208,2013-04-26
117209,2013-04-26
117210,2013-03-27
117211,2013-03-27
117214,2015-05-05
117215,2015-05-05
117216,2013-09-26
117217,2013-09-26
117218,2013-09-26
117219,2013-09-26
117220,2013-09-26
117221,2013-09-26
117222,2015-05-29
117223,2015-05-29
117224,2014-05-05
117225,2014-05-05
117226,2013-04-02
117231,2013-04-23
117232,2013-04-23
117233,2013-04-23
117238,2013-04-29
117239,2013-04-29
117240,2013-04-29
117241,2013-04-29
117244,2013-05-30
117245,2013-05-29
117246,2013-05-29
117247,2013-05-29
117248,2013-05-06
117249,2013-05-06
117252,2013-04-18
117253,2013-04-18
117254,2013-05-06
117255,2013-05-06
117260,2013-04-29
117261,2013-04-29
117262,2013-04-29
117263,2013-04-29
117264,2015-05-18
117265,2015-05-18
117268,2013-04-29
117269,2013-04-29
117270,2013-04-25
117271,2013-04-25
117275,2013-05-06
117276,2013-05-06
117277,2013-11-01
117278,2013-11-01
117279,2013-11-01
117280,2019-01-18
117281,2019-01-18
117282,2019-01-18
117283,2019-01-18
117284,2019-01-18
117285,2013-05-29
117288,2013-04-29
117289,2013-04-29
117290,2013-04-29
117291,2013-04-29
117292,2013-04-29
117293,2013-04-29
117294,2013-04-26
117295,2013-04-26
117296,2013-05-07
117297,2013-05-07
117298,2013-05-07
117301,2014-05-08
117302,2014-05-08
117303,2014-05-08
117304,2015-05-19
117305,2015-05-19
117308,2013-04-17
117309,2013-04-17
117314,2013-05-10
117315,2013-05-10
117316,2013-05-10
117317,2013-05-10
117318,2013-05-13
117319,2013-05-13
117320,2013-05-13
117321,2013-05-13
117322,2013-09-26
117323,2013-09-26
117324,2013-05-13
117325,2013-05-13
117328,2013-05-17
117329,2013-05-17
117330,2022-09-16
117331,2015-06-29
117332,2015-06-29
117333,2013-05-20
117334,2013-05-20
117335,2013-05-09
117336,2013-05-09
117339,2017-05-29
117340,2017-05-29
117343,2013-05-27
117344,2013-05-27
117347,2013-05-13
117348,2013-05-13
117349,2013-05-13
117350,2015-06-01
117351,2015-06-01
117354,2013-04-29
117355,2013-04-29
117356,2013-05-20
117357,2013-05-20
117362,2013-05-23
117363,2013-05-23
117364,2013-05-20
117365,2013-05-20
117366,2015-06-08
117367,2015-06-08
117368,2014-08-14
117369,2013-05-23
117370,2013-05-23
117371,2013-05-20
117372,2013-05-20
117373,2013-09-26
117374,2013-09-26
117375,2013-05-24
117376,2013-05-24
117377,2013-05-24
117378,2013-05-24
117379,2013-05-13
117380,2013-05-13
117381,2013-05-13
117382,2013-05-13
117385,2013-06-10
117386,2013-06-10
117389,2013-05-22
117390,2013-05-22
117391,2013-05-20
117392,2013-05-20
117393,2019-03-20
117394,2019-03-20
117395,2013-05-27
117396,2013-05-27
117397,2013-05-27
117400,2013-06-03
117401,2013-06-03
117402,2013-06-03
117407,2013-05-23
117408,2013-05-23
117409,2013-06-06
117410,2013-06-06
117411,2015-10-30
117412,2015-10-30
117413,2015-10-30
117414,2015-06-22
117415,2015-06-22
117423,2013-06-05
117424,2013-06-05
117425,2013-06-17
117426,2013-06-17
117427,2013-03-13
117428,2013-03-13
117429,2013-06-12
117430,2013-06-12
117431,2013-02-04
117432,2013-06-06
117433,2013-06-06
117436,2013-06-03
117437,2013-06-03
117438,2013-06-03
117439,2013-06-03
117444,2013-06-07
117445,2013-06-07
117450,2013-06-12
117451,2013-06-12
117454,2013-06-10
117455,2013-06-10
117460,2013-06-13
117461,2013-06-13
117469,2013-03-13
117470,2013-03-13
117471,2015-06-29
117472,2015-06-29
117473,2013-03-22
117474,2013-03-22
117475,2013-05-30
117476,2013-05-30
117477,2013-06-17
117478,2013-06-17
117481,2013-09-26
117482,2013-09-26
117483,2013-07-02
117484,2013-07-02
117485,2013-07-02
117488,2013-06-11
117489,2013-06-11
117490,2013-06-11
117493,2013-06-18
117494,2013-06-18
117495,2013-06-18
117498,2013-06-25
117499,2013-06-25
117500,2013-06-25
117505,2013-05-22
117506,2013-05-22
117511,2013-06-18
117512,2013-06-18
117525,2013-06-10
117526,2013-06-10
117527,2015-06-29
117528,2015-06-29
117529,2013-05-28
117530,2013-05-28
117532,2013-06-17
117533,2013-06-17
117534,2013-06-17
117535,2013-06-17
117536,2013-03-12
117537,2013-03-12
117540,2019-11-08
117541,2019-11-08
117542,2013-06-20
117543,2013-06-20
117544,2015-04-06
117545,2015-04-06
117550,2013-06-28
117551,2013-06-28
117552,2013-06-28
117557,2013-06-14
117558,2013-06-14
117561,2015-08-03
117562,2015-08-03
117565,2016-03-02
117566,2016-03-02
117567,2016-03-02
117568,2016-03-02
117569,2013-06-24
117570,2013-06-24
117573,2013-06-25
117574,2013-06-25
117581,2013-09-26
117582,2013-09-26
117583,2013-06-13
117584,2013-06-13
117587,2013-06-20
117588,2013-06-20
117589,2015-07-14
117590,2015-07-14
117591,2015-07-14
117592,2013-06-24
117593,2013-06-24
117594,2013-06-17
117595,2013-06-17
117596,2013-06-17
117597,2013-06-17
117598,2013-06-07
117599,2013-06-07
117600,2017-07-21
117601,2017-07-21
117604,2013-06-27
117605,2013-06-27
117606,2013-06-27
117607,2013-06-27
117609,2013-07-02
117610,2013-07-02
117611,2013-07-08
117612,2013-07-08
117613,2013-09-26
117614,2013-09-26
117615,2013-07-01
117616,2013-07-01
117621,2015-07-03
117622,2015-07-03
117625,2013-06-21
117626,2013-06-21
117627,2013-07-08
117628,2013-07-08
117629,2022-03-13
117631,2022-03-13
117632,2013-07-04
117633,2013-07-04
117634,2014-07-08
117635,2014-07-08
117636,2015-07-20
117639,2013-07-08
117640,2013-07-08
117643,2013-06-17
117644,2013-06-17
117645,2013-07-08
117646,2013-07-08
117647,2013-07-02
117648,2013-07-02
117649,2013-07-18
117650,2013-07-18
117655,2013-07-15
117656,2013-07-15
117657,2015-07-22
117658,2015-07-22
117659,2013-07-12
117660,2013-07-12
117661,2013-07-12
117662,2013-07-12
117665,2013-07-16
117666,2013-07-16
117667,2013-07-16
117668,2013-07-23
117669,2013-07-23
117670,2013-07-23
117673,2013-07-30
117674,2013-07-30
117675,2013-07-30
117678,2013-08-13
117679,2013-08-13
117680,2013-08-13
117683,2013-07-16
117684,2013-07-16
117685,2013-07-18
117686,2013-07-18
117687,2013-07-18
117688,2013-07-18
117689,2013-06-26
117690,2013-06-26
117693,2013-07-11
117694,2013-07-11
117695,2013-07-12
117696,2013-07-12
117697,2013-07-15
117698,2013-07-15
117700,2015-07-31
117701,2015-07-31
117702,2013-07-02
117703,2013-07-02
117704,2015-08-31
117705,2015-08-31
117706,2020-01-03
117707,2013-07-17
117708,2013-07-17
117711,2015-08-11
117712,2015-08-11
117717,2021-09-17
117718,2021-09-17
117719,2021-09-17
117720,2015-08-31
117721,2015-08-31
117722,2016-11-24
117723,2016-11-24
117724,2013-07-25
117725,2013-07-25
117731,2013-09-26
117732,2013-09-26
117733,2013-07-24
117735,2013-07-11
117736,2013-07-11
117737,2013-07-11
117738,2013-07-11
117739,2013-07-24
117740,2013-07-24
117741,2013-08-08
117742,2013-08-08
117745,2013-08-06
117746,2013-08-06
117747,2013-08-08
117748,2013-08-08
117751,2016-11-24
117752,2016-11-24
117755,2016-06-03
117756,2016-01-21
117758,2014-03-24
117759,2013-01-22
117761,2013-08-07
117762,2013-08-07
117763,2013-08-13
117764,2013-08-13
117765,2013-07-25
117766,2013-07-25
117767,2013-07-25
117768,2013-07-25
117769,2015-08-28
117770,2015-08-28
117771,2015-08-20
117772,2015-08-20
117773,2015-08-20
117774,2015-08-20
117775,2015-08-20
117776,2013-08-21
117777,2013-08-21
117778,2015-08-28
117779,2015-08-28
117780,2013-08-12
117781,2013-08-12
117782,2013-08-21
117783,2013-08-21
117784,2013-08-21
117785,2013-08-29
117786,2013-08-29
117787,2013-08-19
117788,2013-08-19
117789,2014-08-25
117790,2014-08-25
117791,2015-08-24
117792,2015-08-24
117793,2014-08-25
117794,2015-09-18
117795,2015-09-18
117796,2015-09-16
117797,2015-09-16
117801,2015-09-07
117802,2015-09-08
117803,2015-09-08
117804,2015-09-04
117805,2015-09-04
117806,2013-08-27
117807,2013-08-27
117808,2015-09-07
117809,2015-09-07
117810,2018-08-20
117813,2017-09-18
117814,2017-09-18
117817,2016-03-02
117818,2016-03-02
117819,2016-03-02
117820,2016-03-02
117821,2013-08-22
117822,2013-08-22
117825,2013-12-30
117826,2013-12-30
117827,2013-09-02
117828,2013-09-02
117829,2013-09-03
117830,2013-09-03
117831,2013-09-03
117832,2013-08-29
117833,2013-08-29
117834,2013-09-10
117835,2013-09-10
117836,2018-08-20
117839,2018-08-20
117842,2013-09-10
117843,2013-09-10
117844,2015-09-21
117845,2015-09-21
117846,2015-09-28
117847,2015-09-28
117848,2015-09-24
117849,2015-09-24
117850,2015-09-21
117851,2015-09-21
117852,2016-11-24
117853,2016-11-24
117854,2016-11-24
117855,2015-09-28
117856,2015-09-28
117857,2013-09-06
117858,2013-09-06
117859,2013-08-28
117860,2013-08-28
117861,2013-08-28
117862,2013-08-28
117863,2015-09-07
117864,2015-09-07
117865,2015-09-07
117866,2015-09-07
117869,2013-09-17
117870,2013-09-17
117871,2013-09-17
117874,2016-11-24
117875,2013-08-30
117878,2013-09-17
117879,2013-09-17
117882,2016-03-02
117883,2016-03-02
117884,2016-03-02
117885,2016-03-02
117886,2016-03-02
117887,2016-03-02
117888,2016-03-02
117889,2016-03-02
117890,2016-03-02
117891,2016-03-02
117892,2016-03-02
117893,2016-03-02
117894,2013-09-27
117895,2013-09-27
117896,2013-09-27
117897,2013-09-27
117898,2013-10-03
117899,2013-10-03
117902,2013-09-26
117903,2013-09-26
117906,2015-12-17
117907,2015-12-17
117908,2013-10-03
117909,2013-10-03
117910,2015-09-29
117911,2015-09-29
117912,2013-10-03
117913,2013-10-03
117914,2013-10-03
117917,2013-09-24
117918,2013-09-24
117926,2015-10-26
117929,2015-10-19
117930,2015-10-19
117931,2015-10-14
117932,2015-10-14
117933,2015-10-14
117934,2015-10-14
117935,2015-10-14
117936,2015-09-28
117937,2015-09-28
117938,2015-09-28
117939,2015-09-28
117940,2014-06-27
117941,2014-06-27
117942,2014-06-27
117943,2014-06-27
117944,2022-03-13
117945,2022-03-13
117946,2022-03-13
117947,2022-03-13
117948,2022-03-13
117949,2022-03-13
117950,2022-03-13
117951,2022-03-13
117952,2022-03-13
117953,2022-03-13
117954,2022-03-13
117955,2022-03-13
117956,2022-03-13
117957,2022-03-13
117958,2022-03-13
117959,2022-03-13
117960,2022-03-13
117961,2022-03-13
117962,2022-03-13
117964,2014-11-17
117965,2014-11-17
117966,2015-11-09
117967,2015-11-09
117968,2013-10-22
117969,2013-10-22
117970,2013-10-22
117971,2015-10-23
117972,2015-10-23
117975,2017-11-08
117976,2017-11-08
117977,2015-11-05
117978,2015-11-05
117979,2019-11-04
117980,2019-11-04
117983,2014-04-21
117984,2014-04-21
117985,2015-11-16
117986,2013-10-29
117987,2013-10-29
117988,2013-11-05
117989,2013-11-05
117990,2013-11-05
117991,2013-11-05
117992,2016-11-03
117993,2016-11-03
117996,2013-11-08
117997,2013-11-08
117999,2013-11-26
118000,2013-11-26
118001,2013-11-26
118002,2013-11-26
118003,2015-12-10
118004,2015-12-10
118005,2014-04-28
118006,2014-04-28
118007,2017-12-08
118008,2017-12-08
118009,2013-11-25
118010,2013-11-25
118011,2013-11-26
118012,2013-11-26
118013,2013-12-02
118014,2013-12-02
118015,2013-12-10
118016,2013-12-10
118017,2013-12-10
118018,2013-12-10
118019,2018-05-24
118020,2015-12-07
118021,2015-12-07
118022,2018-05-24
118023,2018-05-24
118024,2017-12-14
118025,2017-12-14
118027,2015-12-17
118028,2014-10-01
118029,2014-10-01
118030,2022-12-07
118031,2022-12-07
118032,2013-12-05
118033,2013-12-05
118034,2022-12-07
118035,2014-06-16
118036,2014-06-16
118037,2017-09-13
118038,2013-12-12
118039,2013-12-12
118040,2013-12-12
118041,2013-12-12
118042,2013-12-12
118043,2022-11-25
118044,2022-11-25
118047,2022-11-25
118048,2022-11-25
118049,2022-11-25
118050,2022-11-25
118051,2016-11-11
118052,2016-11-11
118053,2022-11-25
118054,2022-11-25
118055,2016-11-14
118056,2022-11-25
118057,2013-02-04
118058,2022-11-25
118059,2015-10-04
118060,2013-02-04
118061,2013-02-04
118062,2016-11-14
118064,2013-02-04
118065,2022-11-25
118066,2022-11-25
118067,2015-10-06
118068,2015-10-06
118069,2022-11-25
118070,2022-11-25
118071,2016-10-03
118073,2013-02-05
118074,2016-11-11
118075,2016-11-11
118076,2022-11-25
118077,2022-11-25
118078,2022-11-25
118080,2022-11-25
118081,2013-02-05
118102,2022-11-25
118103,2022-11-25
118104,2016-05-10
118106,2016-05-10
118133,2022-11-25
118134,2022-11-25
118165,2013-12-19
118166,2013-12-19
118169,2015-01-27
118170,2015-01-27
118171,2013-01-16
118172,2013-01-16
118173,2013-01-21
118174,2013-01-21
118182,2014-06-30
118183,2014-06-30
118184,2014-06-30
118185,2014-06-30
118186,2014-04-28
118187,2014-04-28
118188,2013-12-12
118189,2013-12-12
118190,2013-12-12
118191,2022-11-25
118192,2022-11-25
118193,2022-11-25
118194,2022-11-25
118195,2013-12-16
118196,2013-12-16
118197,2013-12-19
118198,2013-12-19
118199,2013-12-19
118200,2013-12-05
118201,2013-12-05
118202,2013-12-19
118203,2013-12-19
118204,2013-12-16
118205,2013-12-16
118206,2013-12-16
118208,2013-12-16
118212,2013-12-17
118213,2013-12-17
118214,2013-12-17
118215,2013-12-17
118216,2013-03-11
118217,2013-03-11
118218,2013-12-12
118219,2013-12-12
118220,2017-12-20
118221,2017-12-20
118222,2015-12-31
118223,2015-12-31
118226,2016-01-01
118227,2016-01-01
118235,2013-03-01
118236,2013-12-23
118237,2013-12-23
118238,2014-04-28
118239,2014-04-28
118240,2014-06-11
118241,2014-06-11
118242,2016-04-20
118243,2016-04-20
118244,2013-12-16
118245,2013-12-16
118246,2013-12-16
118247,2013-12-16
118248,2014-05-27
118249,2014-05-27
118250,2014-05-27
118251,2014-05-27
118252,2013-12-23
118253,2013-12-23
118254,2013-12-23
118255,2013-12-23
118256,2013-12-30
118257,2013-12-30
118258,2013-12-30
118259,2013-12-30
118260,2013-12-30
118261,2013-12-30
118263,2014-04-07
118264,2014-04-07
118265,2014-04-30
118266,2014-04-30
118287,2013-12-30
118288,2013-12-30
118289,2013-03-19
118290,2013-03-19
118296,2015-12-21
118297,2015-12-21
118300,2019-11-08
118301,2019-11-08
118302,2018-05-11
118303,2018-05-11
118312,2018-05-11
118313,2018-05-11
118314,2018-05-11
118328,2021-12-31
118329,2021-12-31
118330,2013-09-26
118331,2016-09-09
118332,2021-12-31
118333,2013-12-23
118334,2013-12-23
118335,2014-01-08
118336,2014-01-08
118337,2014-04-16
118338,2014-04-16
118339,2014-04-10
118340,2014-04-10
118341,2022-12-07
118351,2013-12-31
118352,2013-12-31
118353,2014-04-16
118354,2014-04-16
118355,2013-12-30
118356,2013-12-30
118357,2013-12-30
118358,2013-12-30
118360,2014-06-23
118361,2014-06-23
118362,2014-06-23
118374,2014-04-16
118375,2014-04-16
118377,2018-05-11
118378,2018-05-11
118379,2018-05-11
118380,2018-05-11
118381,2018-05-11
118382,2018-05-11
118425,2013-11-08
118426,2013-11-08
118427,2018-12-19
118428,2022-12-07
118429,2022-12-07
118446,2022-12-07
118447,2022-12-07
118470,2013-11-08
118471,2013-11-08
118495,2022-08-07
118496,2022-08-07
118499,2014-07-28
118500,2014-07-28
118501,2018-06-04
118502,2018-06-04
118503,2014-03-11
118504,2018-06-04
118511,2022-12-19
118512,2022-12-19
118513,2022-12-19
118514,2022-12-19
118515,2022-12-19
118516,2022-12-19
118517,2022-12-19
118518,2022-12-19
118519,2022-12-19
118520,2022-12-19
118521,2014-08-11
118522,2014-08-11
118523,2014-08-11
118528,2022-08-07
118529,2022-08-07
118530,2022-08-07
118544,2014-08-25
118545,2014-08-25
118552,2023-06-11
118553,2023-06-11
118554,2021-12-12
118555,2021-12-12
118560,2022-08-07
118561,2022-08-07
118562,2022-08-07
118596,2021-06-16
118600,2016-11-03
118601,2016-11-03
118602,2015-08-13
118603,2015-08-13
118604,2015-08-13
118605,2016-11-03
118606,2016-11-03
118609,2018-05-20
118610,2018-05-20
118611,2018-05-20
118612,2018-05-20
118618,2018-05-20
118621,2020-04-03
118626,2014-01-15
118627,2014-01-15
118628,2014-01-15
118629,2014-01-15
118631,2016-02-18
118636,2016-11-25
118637,2016-11-25
118638,2016-11-25
118639,2016-11-25
118640,2018-04-27
118641,2018-04-27
118643,2018-04-27
118644,2016-11-25
118645,2016-11-25
118646,2016-04-11
118647,2013-10-01
118648,2016-11-25
118649,2016-11-25
118712,2016-11-25
118713,2016-01-26
118732,2014-06-20
118733,2016-11-25
118737,2015-12-23
118752,2013-09-06
118753,2013-09-06
118755,2013-09-06
118764,2018-05-04
118765,2018-05-04
118766,2018-05-04
118771,2013-09-06
118773,2013-09-06
118774,2013-09-06
118816,2018-12-19
118817,2018-12-19
118818,2018-12-19
118819,2015-06-29
118820,2018-12-19
118821,2018-12-19
118822,2018-12-19
118823,2018-12-19
118828,2016-03-03
118829,2016-03-03
118831,2017-09-14
118832,2017-09-14
118847,2016-03-03
118848,2013-05-08
118849,2015-04-06
118850,2016-03-03
118857,2013-07-30
118864,2016-04-04
118865,2016-04-04
118874,2018-05-02
118875,2018-05-02
118885,2016-07-08
118886,2016-07-08
118887,2014-09-17
118888,2014-09-17
118889,2018-05-02
118890,2018-05-02
118891,2020-11-03
118892,2020-11-03
118893,2020-11-03
118894,2018-05-02
118895,2018-05-02
118896,2018-05-02
118897,2016-01-29
118898,2016-01-29
118899,2016-01-29
118900,2016-01-29
118910,2018-07-11
118911,2013-05-10
118912,2013-05-10
118913,2014-01-16
118914,2014-01-16
118915,2014-01-16
118916,2014-01-16
118917,2014-06-10
118918,2014-06-10
118919,2014-06-10
118920,2014-06-10
118926,2014-06-20
118927,2014-06-20
118928,2022-01-14
118929,2022-01-14
118932,2018-06-01
118933,2018-06-01
118936,2016-03-02
118937,2016-03-02
118938,2016-03-02
118939,2016-03-02
118940,2016-03-02
118946,2016-03-02
118947,2016-03-02
118948,2016-03-02
118951,2016-03-02
118952,2016-03-02
118953,2015-08-10
118957,2016-03-02
118958,2016-03-02
118964,2016-03-02
118965,2016-03-02
118966,2016-03-02
118967,2016-03-02
118971,2015-03-25
118972,2016-03-02
118974,2016-03-02
118975,2016-03-02
118976,2016-03-02
118977,2016-03-02
118980,2016-03-02
118981,2013-12-04
118982,2016-03-02
118983,2016-01-13
118984,2016-03-02
118990,2018-06-01
118991,2018-06-01
118995,2016-01-04
118996,2016-01-04
118997,2016-03-04
118998,2016-03-04
119000,2016-03-04
119002,2016-03-04
119003,2016-03-04
119004,2015-10-15
119005,2015-10-15
119006,2015-11-17
119007,2015-11-17
119008,2016-03-04
119009,2016-03-04
119010,2016-03-04
119013,2016-03-04
119014,2015-06-26
119021,2016-03-02
119022,2016-03-02
119023,2016-03-02
119024,2015-09-04
119025,2015-01-23
119026,2016-03-02
119027,2016-03-02
119030,2016-03-02
119031,2016-03-02
119032,2016-03-02
119033,2016-03-02
119034,2016-03-02
119036,2013-10-01
119037,2014-09-29
119038,2016-03-02
119039,2016-03-02
119040,2014-11-07
119041,2016-03-02
119042,2016-03-02
119043,2016-03-02
119044,2016-03-02
119045,2016-03-02
119046,2015-03-23
119047,2016-03-02
119048,2016-03-02
119049,2016-03-02
119050,2015-02-11
119051,2014-03-03
119052,2016-03-02
119054,2016-03-02
119055,2013-09-19
119056,2016-03-02
119064,2018-05-25
119067,2017-10-17
119078,2018-05-08
119079,2018-05-08
119097,2022-09-23
119098,2022-09-23
119102,2019-12-13
119103,2019-12-13
119104,2019-12-13
119105,2019-12-13
119111,2018-05-08
119112,2018-05-08
119113,2018-05-08
119114,2018-05-08
119117,2018-05-25
119121,2018-05-25
119122,2018-05-25
119126,2022-09-23
119127,2022-09-23
119140,2014-06-26
119141,2014-06-26
119143,2021-03-31
119144,2021-03-31
119145,2021-03-31
119146,2021-03-31
119147,2021-03-31
119148,2022-07-15
119149,2022-07-15
119150,2014-06-26
119151,2018-08-20
119152,2018-08-20
119153,2018-08-20
119154,2014-06-26
119165,2014-06-26
119166,2014-06-26
119168,2019-06-26
119169,2019-06-26
119170,2019-06-26
119173,2014-06-26
119174,2022-07-15
119175,2022-07-15
119176,2022-07-15
119179,2013-11-14
119180,2013-01-27
119181,2013-11-14
119182,2017-10-27
119183,2013-11-13
119184,2013-11-13
119185,2022-07-15
119186,2022-07-15
119187,2022-07-15
119188,2022-07-15
119189,2013-03-01
119190,2013-03-01
119193,2013-11-13
119194,2013-11-13
119196,2013-11-13
119197,2014-06-26
119198,2014-06-26
119200,2014-06-26
119208,2014-06-26
119211,2014-03-28
119214,2014-06-26
119215,2014-06-26
119220,2014-03-28
119221,2014-06-26
119227,2014-06-26
119228,2014-06-26
119230,2014-05-02
119234,2018-06-01
119235,2018-06-01
119237,2023-05-04
119240,2023-04-28
119245,2017-07-28
119246,2017-07-28
119258,2015-01-16
119259,2015-01-16
119269,2015-03-20
119270,2015-03-20
119273,2015-03-20
119274,2015-03-20
119282,2022-11-25
119283,2022-11-25
119284,2022-11-25
119285,2022-11-25
119289,2015-05-07
119290,2022-11-25
119291,2022-11-25
119294,2015-06-08
119295,2015-06-08
119296,2018-05-11
119297,2022-11-25
119298,2022-11-25
119299,2018-05-11
119308,2022-11-25
119309,2022-03-13
119313,2022-03-13
119314,2022-11-25
119315,2015-10-15
119316,2016-01-29
119317,2016-01-29
119318,2019-01-18
119319,2019-01-18
119320,2019-01-18
119321,2019-01-14
119322,2019-01-18
119323,2013-02-15
119324,2013-02-15
119325,2022-03-13
119326,2022-03-13
119327,2019-03-20
119328,2019-03-20
119329,2014-10-01
119330,2014-10-01
119331,2015-01-28
119332,2015-01-28
119336,2022-03-13
119337,2022-03-13
119339,2022-03-13
119342,2015-01-28
119343,2015-01-28
119344,2015-01-28
119345,2015-01-28
119347,2022-11-25
119348,2022-11-25
119355,2015-01-26
119356,2013-03-24
119357,2013-03-24
119358,2015-01-27
119359,2013-03-24
119360,2015-01-29
119361,2019-01-11
119362,2019-01-11
119366,2022-03-13
119367,2022-03-13
119371,2015-04-06
119372,2015-04-06
119373,2015-01-14
119374,2013-09-06
119375,2013-03-22
119376,2015-01-28
119377,2015-01-28
119378,2015-01-14
119385,2015-01-28
119386,2015-01-28
119387,2015-01-28
119388,2015-01-28
119389,2022-03-13
119390,2022-03-13
119391,2022-03-13
119392,2022-03-13
119397,2022-11-25
119398,2022-11-25
119401,2015-01-28
119402,2015-01-28
119403,2022-11-25
119404,2022-11-25
119405,2015-01-28
119407,2015-10-06
119408,2015-10-06
119409,2022-03-13
119410,2022-03-13
119411,2022-03-13
119412,2022-11-25
119413,2022-11-25
119417,2022-11-25
119418,2022-11-25
119419,2016-05-10
119420,2016-05-10
119422,2017-10-27
119423,2017-10-27
119425,2022-11-25
119426,2022-11-25
119427,2022-11-25
119428,2022-11-25
119429,2022-11-25
119430,2022-11-25
119431,2022-11-25
119432,2022-11-25
119434,2014-02-28
119435,2013-02-22
119437,2021-12-31
119438,2021-12-31
119439,2022-03-13
119440,2021-12-31
119441,2021-12-31
119442,2016-01-14
119443,2016-07-01
119444,2016-07-01
119445,2021-12-31
119446,2021-12-31
119447,2021-12-31
119448,2021-12-31
119449,2020-09-04
119450,2020-09-04
119451,2021-12-31
119452,2021-12-31
119453,2017-09-29
119454,2017-09-29
119456,2017-09-29
119457,2021-12-31
119458,2021-12-31
119459,2020-09-04
119460,2020-09-04
119461,2020-09-04
119462,2021-12-31
119463,2021-12-31
119464,2021-12-31
119465,2021-12-31
119466,2021-12-31
119467,2021-12-31
119468,2021-12-31
119469,2021-12-31
119470,2021-12-31
119471,2021-12-31
119472,2021-12-31
119474,2021-12-31
119475,2021-12-31
119477,2019-05-29
119478,2019-05-29
119479,2019-05-29
119480,2017-05-19
119481,2017-05-19
119482,2021-12-31
119483,2021-12-31
119484,2021-12-31
119485,2021-12-31
119486,2021-12-27
119487,2021-12-31
119488,2021-12-31
119489,2021-12-31
119490,2016-02-05
119491,2016-02-05
119492,2016-02-05
119493,2016-02-05
119494,2016-02-05
119495,2016-02-05
119508,2013-05-28
119509,2013-05-28
119510,2013-05-28
119520,2016-02-05
119521,2016-02-05
119529,2015-12-11
119530,2015-12-11
119534,2019-05-27
119536,2018-05-18
119537,2018-05-18
119542,2021-12-31
119545,2021-12-31
119546,2018-05-18
119547,2018-05-18
119554,2014-04-04
119555,2014-04-04
119558,2014-04-11
119559,2014-04-11
119572,2018-12-28
119573,2018-12-28
119577,2021-12-24
119578,2021-12-24
119579,2013-07-19
119580,2013-07-19
119583,2013-07-19
119584,2013-07-19
119586,2016-07-22
119587,2016-07-22
119592,2016-09-16
119593,2016-09-16
119599,2016-07-22
119600,2016-07-22
119603,2018-05-04
119607,2013-09-26
119608,2018-05-04
119610,2015-12-11
119611,2015-12-11
119612,2015-12-11
119614,2018-06-01
119615,2018-06-01
119617,2018-06-01
119618,2018-06-01
119623,2013-09-26
119632,2020-12-29
119633,2020-12-29
119634,2013-09-26
119639,2013-09-26
119640,2018-06-01
119641,2013-09-26
119642,2013-09-26
119643,2013-09-26
119644,2018-05-04
119645,2018-05-04
119650,2016-09-09
119651,2016-09-09
119652,2015-03-02
119653,2013-11-22
119654,2016-09-09
119660,2023-04-13
119661,2023-04-13
119662,2021-12-31
119663,2021-12-31
119664,2021-12-31
119665,2021-12-31
119666,2021-12-31
119667,2019-05-17
119668,2021-12-31
119669,2021-12-31
119673,2013-09-26
119674,2013-09-26
119677,2021-12-31
119678,2021-12-31
119679,2021-12-31
119680,2021-12-31
119681,2021-12-31
119682,2021-12-31
119683,2019-11-11
119684,2015-12-17
119685,2015-12-17
119686,2021-12-31
119687,2021-12-31
119688,2021-12-31
119689,2021-12-31
119690,2021-12-31
119691,2021-12-31
119692,2021-12-31
119693,2015-07-07
119694,2013-09-26
119696,2015-09-01
119697,2015-09-01
119698,2015-09-15
119699,2013-12-17
119701,2015-08-06
119702,2014-11-05
119703,2015-08-24
119704,2015-08-24
119736,2021-09-17
119737,2014-03-06
119738,2021-09-17
119742,2021-09-17
119743,2021-09-17
119744,2021-09-17
119745,2021-09-17
119748,2021-09-17
119749,2021-09-17
119752,2021-09-17
119754,2017-09-15
119756,2017-09-15
119761,2013-08-13
119762,2013-08-13
119763,2013-08-13
119765,2021-09-17
119785,2022-11-25
119786,2022-11-25
119790,2022-11-25
119791,2022-11-25
119794,2022-11-25
119795,2022-11-25
119796,2022-11-25
119797,2022-11-25
119801,2022-11-25
119802,2022-11-25
119803,2022-11-25
119806,2022-11-25
119807,2022-11-25
119808,2022-11-25
119809,2022-11-25
119844,2022-11-25
119846,2022-11-25
119847,2022-11-25
119848,2022-11-25
119849,2022-11-25
119850,2022-11-25
119851,2022-11-25
119852,2022-11-25
119853,2022-11-25
119854,2022-11-25
119855,2013-08-30
119856,2022-11-25
119857,2022-11-25
119858,2022-11-25
119859,2015-10-21
119860,2015-10-21
119866,2016-11-24
119867,2016-11-24
119868,2016-11-24
119869,2016-11-24
119870,2016-11-24
119871,2016-11-24
119872,2016-11-24
119873,2017-10-27
119874,2014-12-30
119875,2022-09-23
119876,2022-09-23
119877,2022-09-23
119878,2016-11-24
119879,2017-10-27
119881,2016-11-24
119882,2015-01-23
119883,2016-11-24
119884,2015-01-02
119885,2014-09-18
119886,2014-10-09
119887,2014-10-09
119888,2015-01-23
119890,2016-11-24
119891,2016-11-24
119892,2015-12-15
119893,2022-03-13
119894,2022-03-13
119895,2015-01-02
119896,2013-10-25
119897,2014-10-09
119898,2014-10-09
119899,2015-11-17
119900,2015-04-21
119902,2016-11-24
119903,2016-11-24
119904,2016-04-25
119905,2016-11-24
119906,2014-11-18
119908,2013-06-05
119909,2014-10-09
119910,2014-10-09
119911,2014-05-29
119912,2015-11-17
119913,2013-10-25
119914,2014-10-09
119915,2014-10-09
119916,2014-10-09
119917,2014-10-09
119918,2014-10-09
119919,2013-10-25
119920,2013-10-25
119921,2015-11-17
119922,2014-04-28
119923,2015-06-22
119924,2015-11-27
119925,2016-11-24
119926,2016-11-24
119927,2016-05-23
119928,2016-11-24
119929,2015-09-29
119930,2015-11-17
119931,2015-08-13
119932,2014-12-24
119933,2014-10-09
119934,2014-10-09
119935,2014-10-09
119936,2015-11-17
119937,2013-10-25
119938,2013-10-25
119939,2014-10-09
119940,2014-10-09
119941,2014-10-09
119942,2014-10-09
119943,2014-10-09
119944,2018-06-01
119945,2018-06-01
119946,2017-10-27
119947,2016-03-03
119948,2016-03-03
119951,2014-01-21
119952,2015-11-17
119955,2017-03-17
119956,2016-06-28
119961,2014-10-09
119962,2014-10-09
119963,2014-10-09
119964,2014-10-09
119965,2015-08-28
119966,2014-10-09
119967,2014-10-09
119968,2014-10-09
119969,2013-03-25
119970,2014-10-09
119971,2015-08-28
119972,2014-10-09
119973,2014-10-09
119974,2014-10-09
119975,2014-10-09
119976,2014-10-09
119977,2015-08-28
119978,2015-08-28
119979,2014-10-09
119980,2014-10-09
119981,2014-10-09
119982,2014-10-09
119983,2022-03-13
119984,2022-03-13
119985,2022-03-13
119986,2022-03-13
119987,2022-03-13
119988,2022-03-13
119989,2014-05-23
119990,2014-05-23
119991,2022-03-13
119992,2022-03-13
119993,2022-03-13
119994,2022-03-13
119995,2022-03-13
119996,2022-03-13
119997,2014-10-09
119998,2014-10-09
119999,2015-10-30
120000,2015-10-30
120001,2022-03-13
120002,2022-03-13
120003,2014-05-23
120004,2014-05-23
120005,2014-10-09
120006,2014-05-09
120007,2022-03-13
120008,2022-03-13
120009,2022-03-13
120010,2022-03-13
120013,2014-10-09
120014,2014-10-09
120015,2014-10-09
120016,2014-10-09
120017,2014-10-09
120018,2014-10-09
120019,2014-10-09
120020,2014-10-09
120021,2014-10-08
120022,2014-10-09
120023,2014-10-09
120024,2014-10-09
120025,2014-10-09
120026,2014-10-09
120027,2014-10-08
120028,2014-10-09
120031,2014-05-23
120032,2014-03-18
120041,2018-12-28
120042,2018-12-28
120047,2015-12-16
120048,2022-11-25
120049,2022-11-24
120050,2022-11-16
120051,2022-11-25
120052,2016-05-24
120053,2013-08-01
120054,2016-05-24
120055,2016-05-24
120056,2013-05-10
120057,2015-12-01
120058,2013-06-26
120060,2022-11-25
120061,2022-11-25
120062,2022-11-25
120063,2022-11-25
120065,2022-11-21
120066,2022-11-25
120067,2022-11-24
120070,2014-03-07
120072,2016-10-07
120080,2017-06-30
120081,2017-06-30
120082,2022-03-13
120083,2022-03-13
120085,2021-03-05
120087,2016-03-03
120088,2016-03-03
120089,2018-04-10
120090,2018-04-10
120091,2018-04-10
120092,2018-04-10
120093,2018-04-10
120094,2018-04-10
120095,2018-04-10
120096,2018-04-10
120097,2015-12-11
120098,2016-03-03
120099,2016-03-03
120100,2016-03-03
120102,2016-03-07
120104,2016-03-07
120105,2016-03-07
120106,2016-03-07
120107,2016-03-03
120108,2016-03-03
120109,2015-01-07
120110,2014-05-26
120111,2022-03-13
120112,2014-06-25
120113,2016-03-03
120114,2015-09-03
120115,2013-10-28
120116,2014-06-10
120117,2015-12-02
120119,2016-03-03
120120,2013-06-19
120121,2015-01-29
120122,2014-06-27
120123,2014-06-27
120124,2014-06-27
120125,2014-06-27
120127,2016-03-03
120128,2016-03-03
120129,2016-03-03
120130,2016-03-03
120131,2022-03-13
120132,2022-03-13
120133,2022-03-13
120134,2022-03-13
120135,2022-03-13
120138,2014-04-15
120139,2014-04-15
120140,2014-04-15
120141,2014-04-15
120142,2014-04-15
120144,2014-04-15
120145,2014-04-15
120146,2022-03-13
120147,2022-03-13
120148,2014-04-30
120149,2014-04-30
120150,2014-04-30
120151,2014-04-30
120156,2021-09-17
120159,2017-09-15
120160,2017-10-11
120161,2016-05-17
120162,2017-10-11
120167,2015-03-12
120168,2015-12-10
120169,2014-03-18
120170,2016-04-04
120171,2015-02-23
120172,2016-04-04
120173,2014-06-11
120174,2015-12-09
120175,2016-01-19
120176,2016-01-19
120177,2014-01-16
120179,2014-01-16
120180,2014-01-16
120181,2014-01-16
120182,2014-01-16
120187,2022-09-16
120189,2022-09-16
120196,2022-09-16
120198,2022-09-16
120199,2014-07-03
120200,2014-07-03
120201,2014-07-03
120202,2014-07-03
120203,2014-07-03
120204,2014-07-03
120205,2014-07-03
120206,2014-07-03
120207,2014-07-03
120208,2014-07-03
120210,2022-09-16
120213,2022-09-16
120218,2016-01-25
120219,2016-01-25
120221,2016-01-25
120222,2015-01-19
120224,2015-08-11
120225,2016-04-04
120228,2016-04-04
120229,2014-05-22
120230,2015-12-09
120233,2016-04-04
120238,2015-07-09
120241,2015-12-14
120246,2015-12-14
120253,2020-03-26
120255,2022-09-16
120257,2022-09-16
120262,2020-03-26
120265,2020-03-26
120266,2020-03-26
120271,2020-03-26
120272,2020-03-26
120273,2020-03-26
120280,2020-03-26
120281,2015-12-14
120284,2015-12-14
120288,2020-03-26
120289,2020-03-26
120290,2020-04-03
120291,2020-04-03
120293,2015-09-24
120294,2015-09-24
120295,2020-04-03
120296,2020-04-03
120297,2020-04-03
120298,2020-04-03
120300,2016-10-06
120301,2016-10-06
120302,2016-10-06
120303,2016-10-06
120305,2015-08-07
120306,2015-08-07
120310,2016-04-21
120311,2016-04-21
120319,2014-03-03
120320,2014-03-03
120321,2014-03-03
120324,2013-10-31
120325,2013-10-31
120326,2013-10-31
120327,2013-10-31
120328,2013-05-06
120329,2013-05-06
120330,2013-05-06
120331,2013-05-06
120340,2020-03-26
120341,2020-03-26
120342,2013-05-06
120343,2013-05-06
120344,2020-03-26
120345,2020-03-26
120346,2013-05-06
120347,2013-05-06
120352,2020-04-03
120353,2020-04-03
120354,2020-04-03
120355,2020-04-03
120358,2017-11-27
120359,2017-11-27
120360,2020-03-26
120361,2020-03-26
120362,2017-11-28
120363,2017-11-28
120366,2017-11-30
120367,2017-05-24
120368,2015-12-14
120369,2015-12-14
120370,2020-03-26
120371,2020-03-26
120372,2017-11-29
120373,2020-03-26
120374,2020-03-26
120375,2017-11-29
120378,2015-12-14
120379,2015-12-14
120382,2020-03-26
120383,2020-03-26
120386,2020-03-26
120387,2020-03-26
120409,2013-01-01
120414,2017-04-27
120415,2017-04-27
120419,2019-09-07
120420,2019-09-07
120421,2019-09-07
120427,2022-09-16
120440,2017-04-28
120441,2017-04-28
120442,2017-04-28
120446,2017-04-28
120453,2018-05-24
120454,2020-09-25
120455,2020-09-25
120456,2018-05-24
120457,2020-09-25
120458,2020-09-25
120459,2018-05-24
120460,2018-05-24
120461,2018-05-24
120462,2018-05-24
120463,2018-05-24
120464,2018-05-24
120469,2020-09-25
120470,2020-09-25
120471,2020-09-25
120498,2016-01-29
120525,2015-12-22
120526,2015-12-11
120527,2015-12-11
120528,2016-02-05
120529,2016-02-05
120532,2018-06-01
120533,2018-06-01
120547,2013-04-05
120548,2013-04-05
120549,2018-06-01
120551,2013-04-05
120552,2016-01-29
120553,2016-01-29
120554,2019-04-24
120555,2019-04-24
120556,2016-04-12
120557,2016-04-12
120569,2022-10-18
120572,2018-06-01
120573,2018-06-01
120574,2018-06-01
120580,2018-05-24
120581,2018-05-24
120582,2018-05-24
120583,2018-05-24
120584,2018-05-24
120605,2018-05-24
120606,2018-05-24
120607,2018-05-24
120608,2018-05-24
120609,2017-10-05
120610,2018-05-24
120611,2018-05-24
120612,2018-05-24
120623,2017-10-26
120624,2017-10-26
120625,2017-09-25
120626,2013-01-07
120627,2017-11-13
120629,2017-11-20
120631,2017-12-04
120633,2016-11-21
120635,2014-06-27
120636,2017-08-28
120637,2017-09-19
120638,2017-09-19
120639,2017-10-23
120641,2017-09-04
120642,2017-09-04
120643,2017-09-13
120644,2017-09-13
120646,2017-09-22
120647,2017-03-22
120648,2014-12-10
120649,2017-10-06
120650,2016-09-30
120651,2017-10-06
120652,2017-08-14
120653,2014-07-30
120654,2017-08-24
120655,2017-08-24
120658,2014-07-10
120659,2014-07-10
120660,2017-08-14
120661,2017-08-14
120666,2018-05-24
120667,2018-05-24
120668,2018-05-24
120669,2018-05-24
120672,2022-09-16
120678,2022-09-16
120691,2018-05-24
120693,2022-09-16
120695,2022-09-16
120696,2022-09-16
120698,2014-03-26
120699,2014-03-26
120704,2018-06-01
120706,2018-06-01
120707,2015-06-30
120708,2017-12-28
120710,2022-09-16
120738,2021-03-01
120748,2022-09-16
120753,2022-09-16
120756,2018-05-02
120757,2018-05-02
120758,2014-08-22
120759,2014-08-22
120767,2014-08-22
120768,2014-08-22
120769,2016-03-03
120770,2016-03-03
120773,2018-05-02
120774,2018-05-02
120775,2018-05-02
120776,2018-05-02
120787,2018-05-02
120788,2018-05-02
120797,2016-02-10
120798,2021-02-23
120799,2021-02-23
120800,2021-02-23
120802,2021-02-23
120804,2014-06-11
120805,2014-06-11
120806,2014-06-11
120807,2014-06-11
120808,2016-02-10
120809,2016-02-10
120811,2015-04-13
120812,2018-02-02
120813,2018-02-02
120814,2018-02-02
120815,2018-02-02
120816,2016-04-04
120817,2016-01-05
120829,2021-02-12
120830,2021-02-12
120831,2021-02-12
120844,2021-02-12
120845,2021-02-12
120848,2017-01-31
120849,2017-01-31
120850,2017-01-31
120851,2017-01-31
120860,2014-01-28
120861,2014-01-28
120862,2014-01-28
120863,2014-01-28
120864,2014-01-28
120865,2014-01-28
120866,2014-01-28
120867,2014-01-28
120868,2014-07-16
120869,2015-01-21
120873,2014-07-03
120874,2014-07-03
120875,2014-07-03
120876,2022-05-11
120877,2022-05-11
120886,2014-02-03
120887,2014-02-03
120888,2014-02-03
120889,2014-02-03
120890,2014-02-03
120891,2014-02-03
120898,2018-01-23
120899,2018-01-23
120900,2018-01-23
120901,2018-01-23
120902,2022-05-11
120903,2022-05-11
120904,2016-03-02
120905,2016-03-02
120906,2016-03-02
120907,2016-03-02
120908,2016-01-25
120909,2016-01-25
120910,2016-01-25
120911,2016-01-25
120920,2014-08-05
120921,2014-08-05
120922,2014-06-12
120923,2014-06-12
120924,2014-04-23
120925,2014-04-23
120926,2014-04-23
120927,2014-04-23
120928,2014-07-16
120929,2014-07-16
120930,2014-07-16
120931,2015-01-21
120932,2015-01-21
120933,2015-01-21
120934,2014-06-11
120935,2014-06-11
120936,2014-06-11
120937,2014-06-11
120938,2016-04-28
120939,2016-04-28
120940,2016-04-28
120941,2016-04-28
120942,2016-04-28
120943,2016-04-28
120954,2018-03-05
120955,2018-03-05
120956,2018-03-05
120957,2018-03-05
120958,2014-04-08
120959,2014-04-08
120960,2014-04-08
120961,2014-04-08
120962,2014-06-12
120963,2014-06-12
120964,2014-04-17
120965,2014-04-17
120966,2014-04-17
120967,2014-04-17
120968,2014-08-05
120969,2014-08-05
120970,2022-05-11
120971,2014-04-02
120972,2014-04-02
120973,2014-04-02
120974,2014-04-02
120975,2022-05-11
120976,2014-02-11
120977,2014-02-11
120978,2014-02-11
120979,2014-02-11
120980,2014-02-11
120981,2014-02-11
120982,2014-02-11
120983,2014-02-11
120984,2021-03-08
120985,2021-03-08
120986,2021-03-08
120988,2014-02-10
120989,2014-02-10
120990,2014-02-10
120991,2014-02-10
120992,2016-05-25
120993,2016-05-25
120994,2016-05-25
120995,2016-05-25
120996,2016-05-25
120997,2016-05-25
120998,2016-05-25
120999,2016-05-25
121006,2014-02-06
121007,2014-02-06
121008,2014-02-06
121009,2014-02-06
121010,2014-02-06
121011,2014-02-06
121018,2014-02-13
121019,2014-02-13
121020,2014-02-13
121021,2014-02-13
121022,2014-02-13
121023,2014-02-13
121024,2015-02-23
121025,2015-02-23
121027,2015-02-23
121028,2014-02-18
121029,2016-03-23
121030,2016-03-23
121031,2016-03-23
121032,2016-03-23
121033,2022-05-11
121034,2022-05-11
121035,2014-02-13
121036,2014-02-13
121037,2014-02-13
121038,2014-02-13
121039,2014-02-13
121040,2014-02-13
121041,2014-02-13
121042,2014-02-13
121043,2014-02-20
121044,2014-02-20
121045,2014-02-20
121046,2014-02-20
121047,2014-02-20
121048,2014-02-20
121049,2014-08-26
121050,2014-08-26
121051,2014-08-26
121052,2014-08-26
121054,2014-04-07
121055,2014-04-07
121061,2014-04-07
121062,2014-04-07
121063,2017-03-02
121064,2017-03-02
121065,2017-03-02
121066,2015-02-26
121067,2014-02-17
121068,2014-02-17
121069,2014-02-17
121070,2014-02-17
121071,2014-04-16
121072,2014-04-16
121073,2014-04-16
121074,2014-04-16
121076,2014-05-12
121077,2014-05-12
121080,2014-07-14
121081,2014-07-14
121083,2016-03-21
121084,2016-03-21
121085,2016-03-21
121086,2016-03-21
121087,2016-03-02
121088,2016-03-02
121089,2016-03-02
121090,2016-03-02
121091,2016-04-04
121092,2016-04-04
121093,2016-01-05
121094,2016-04-04
121095,2016-04-07
121096,2016-01-05
121097,2016-04-07
121098,2016-04-07
121099,2014-04-09
121100,2014-04-09
121101,2014-04-09
121102,2014-04-09
121103,2013-05-15
121104,2013-05-15
121105,2013-05-15
121106,2013-05-15
121107,2013-05-15
121108,2013-05-15
121110,2014-02-18
121111,2014-02-18
121112,2014-02-18
121113,2014-02-18
121114,2014-02-18
121115,2014-02-18
121116,2014-02-18
121117,2014-02-18
121118,2014-03-04
121119,2014-03-04
121120,2014-03-04
121121,2014-03-04
121122,2014-03-04
121123,2014-03-04
121124,2014-03-04
121125,2014-03-04
121126,2014-02-24
121127,2017-03-14
121129,2017-03-14
121130,2014-04-03
121131,2014-04-03
121132,2014-04-03
121133,2014-04-03
121134,2014-03-28
121135,2014-03-28
121136,2014-03-28
121137,2014-03-28
121138,2014-02-24
121139,2014-02-24
121140,2014-02-24
121143,2018-03-01
121144,2018-03-01
121145,2018-03-01
121147,2014-03-03
121148,2014-03-03
121149,2014-03-03
121150,2014-03-03
121151,2014-03-03
121152,2014-03-03
121153,2021-03-31
121154,2021-03-31
121155,2021-03-31
121156,2021-03-31
121157,2021-03-31
121158,2021-03-31
121159,2021-03-31
121160,2021-03-31
121161,2014-02-20
121162,2014-02-20
121163,2014-02-20
121164,2014-02-20
121165,2014-03-04
121166,2014-03-04
121167,2014-03-04
121168,2014-03-04
121173,2016-03-21
121174,2016-03-21
121175,2016-03-21
121176,2016-03-21
121177,2017-03-15
121178,2017-03-15
121180,2017-03-15
121183,2015-02-26
121184,2015-02-26
121185,2016-03-11
121186,2016-03-11
121187,2014-02-24
121188,2014-02-24
121189,2014-02-24
121190,2014-02-24
121191,2014-03-03
121192,2014-03-03
121193,2014-03-03
121194,2014-03-03
121195,2014-02-28
121196,2014-02-28
121197,2014-02-28
121198,2014-02-28
121199,2014-02-28
121200,2014-02-28
121201,2014-02-28
121202,2014-02-28
121203,2014-04-07
121204,2014-04-07
121209,2014-04-07
121211,2014-04-07
121213,2014-04-16
121214,2014-04-16
121215,2014-04-16
121221,2014-05-12
121223,2014-02-24
121224,2014-02-24
121225,2014-02-24
121226,2014-02-24
121233,2014-02-24
121234,2014-02-24
121235,2014-02-24
121237,2014-02-24
121238,2014-02-24
121247,2014-04-22
121248,2014-04-22
121249,2014-04-22
121250,2014-04-22
121251,2016-03-17
121252,2016-03-17
121253,2016-03-17
121254,2016-03-17
121255,2014-03-06
121256,2014-03-06
121257,2014-03-06
121258,2014-03-06
121259,2016-05-30
121260,2016-05-30
121261,2016-05-30
121262,2016-05-30
121263,2016-03-21
121264,2016-03-21
121265,2016-03-21
121266,2016-03-21
121267,2016-03-02
121268,2016-03-02
121269,2016-03-02
121270,2016-03-02
121271,2016-11-24
121272,2016-11-24
121273,2016-11-24
121274,2016-11-24
121275,2014-04-15
121276,2014-04-15
121277,2014-04-15
121278,2014-04-15
121285,2017-03-17
121286,2017-03-17
121287,2017-03-17
121288,2017-03-17
121289,2014-03-06
121290,2014-03-06
121291,2014-03-06
121292,2014-03-06
121293,2014-03-10
121294,2014-03-10
121295,2014-03-10
121296,2014-03-10
121297,2014-03-10
121298,2014-03-10
121299,2014-04-02
121301,2014-04-02
121303,2014-04-25
121304,2014-04-25
121305,2014-04-25
121306,2014-04-25
121309,2014-02-27
121310,2014-02-27
121311,2014-04-03
121316,2014-02-27
121317,2014-02-27
121318,2014-02-27
121319,2014-02-27
121320,2014-04-03
121321,2014-04-03
121322,2014-04-03
121323,2014-04-03
121324,2014-04-03
121325,2015-03-05
121327,2015-03-09
121328,2013-03-07
121329,2015-03-09
121330,2015-03-09
121347,2015-02-23
121348,2014-04-09
121350,2014-04-09
121352,2016-03-23
121354,2016-03-23
121356,2016-03-23
121357,2016-03-23
121358,2014-04-15
121359,2014-04-15
121360,2014-04-15
121361,2014-04-15
121362,2018-04-06
121364,2018-04-06
121368,2014-03-10
121369,2014-03-10
121370,2014-03-10
121371,2014-04-07
121378,2014-04-07
121380,2014-04-07
121381,2014-03-10
121387,2014-03-10
121389,2014-03-10
121391,2014-04-03
121392,2014-04-03
121393,2014-04-03
121394,2014-04-03
121395,2013-03-19
121396,2014-02-26
121397,2014-02-26
121398,2014-02-26
121399,2016-03-02
121401,2016-03-02
121402,2016-03-02
121405,2014-04-03
121406,2014-04-03
121407,2014-04-03
121409,2014-04-03
121412,2022-05-11
121413,2022-05-11
121414,2014-04-03
121415,2014-04-03
121416,2014-04-03
121417,2014-04-03
121418,2014-04-02
121419,2014-04-02
121420,2014-04-02
121421,2014-04-02
121422,2014-04-09
121423,2014-04-09
121424,2014-04-09
121425,2014-04-09
121426,2014-04-09
121427,2014-04-09
121429,2014-04-07
121430,2014-04-07
121431,2014-04-07
121432,2014-03-10
121433,2014-03-10
121434,2014-03-10
121435,2014-03-10
121436,2014-03-06
121438,2014-03-06
121439,2014-03-06
121440,2018-04-09
121441,2018-04-09
121442,2015-03-20
121445,2014-04-09
121447,2014-04-09
121448,2014-04-03
121449,2014-04-03
121450,2014-04-03
121451,2014-04-03
121458,2013-06-05
121459,2013-06-05
121460,2013-06-05
121461,2013-06-05
121462,2014-04-09
121463,2014-04-09
121464,2014-04-09
121465,2014-04-09
121469,2014-04-04
121470,2014-04-04
121471,2014-04-04
121473,2014-03-18
121477,2014-03-18
121479,2014-03-18
121484,2014-04-15
121485,2014-04-15
121491,2014-04-15
121492,2014-04-03
121493,2014-04-03
121494,2014-04-03
121495,2014-04-03
121496,2014-04-03
121497,2014-04-03
121498,2014-04-21
121499,2014-04-21
121500,2014-04-21
121501,2014-04-21
121502,2014-03-19
121504,2014-03-19
121505,2014-03-19
121506,2014-03-19
121508,2014-03-19
121510,2016-03-30
121511,2016-03-30
121512,2016-03-30
121513,2016-03-30
121514,2014-04-10
121515,2014-04-10
121516,2014-04-10
121517,2014-04-10
121518,2014-04-10
121519,2014-04-10
121528,2014-04-02
121529,2014-04-02
121530,2014-04-02
121531,2014-04-02
121532,2014-03-10
121533,2014-03-10
121535,2014-03-10
121536,2018-04-26
121537,2018-04-26
121538,2014-11-07
121540,2014-11-07
121541,2018-04-26
121542,2014-11-07
121544,2014-11-07
121545,2018-04-26
121546,2017-04-26
121547,2017-04-26
121549,2017-04-26
121550,2014-11-07
121552,2017-04-26
121553,2017-04-26
121554,2017-04-26
121555,2014-11-07
121556,2014-04-09
121557,2014-04-09
121558,2013-03-14
121559,2014-04-09
121560,2014-04-09
121561,2014-04-09
121562,2014-04-09
121563,2014-04-09
121564,2014-04-15
121565,2014-04-15
121566,2014-04-15
121567,2014-04-15
121568,2014-04-15
121569,2013-03-14
121570,2014-04-15
121571,2013-03-14
121572,2014-04-15
121573,2014-04-15
121574,2014-04-15
121575,2014-04-15
121576,2014-04-15
121577,2014-04-15
121578,2014-04-15
121579,2014-04-15
121580,2014-04-03
121581,2014-04-03
121582,2014-04-03
121583,2014-04-03
121586,2014-02-28
121587,2014-02-28
121588,2014-02-28
121590,2014-02-28
121591,2014-02-28
121592,2014-02-28
121593,2014-02-28
121594,2014-04-10
121598,2014-04-10
121599,2014-04-10
121600,2014-04-10
121601,2014-04-10
121602,2014-04-16
121604,2014-04-16
121605,2014-04-16
121606,2014-04-16
121607,2014-04-16
121608,2014-04-16
121609,2014-04-16
121610,2018-08-09
121611,2018-08-09
121612,2015-08-10
121613,2018-08-09
121614,2014-04-07
121615,2014-04-07
121617,2014-04-07
121618,2014-03-18
121620,2014-03-18
121621,2014-03-18
121622,2014-06-26
121623,2014-06-26
121624,2014-06-26
121625,2014-06-06
121626,2014-04-10
121628,2014-04-10
121629,2014-04-10
121630,2014-04-21
121631,2014-04-21
121632,2014-04-21
121634,2016-04-05
121635,2016-01-15
121636,2016-01-15
121637,2016-04-05
121642,2014-04-10
121643,2014-04-10
121644,2014-04-10
121645,2014-03-24
121646,2014-03-24
121647,2014-03-24
121648,2014-03-24
121649,2014-04-10
121651,2014-04-03
121655,2014-04-03
121656,2014-04-03
121657,2014-03-06
121658,2014-03-06
121659,2014-03-06
121660,2014-03-06
121661,2015-12-14
121662,2015-12-14
121663,2014-04-02
121665,2014-04-02
121666,2014-04-02
121677,2014-04-21
121678,2014-04-21
121679,2014-04-21
121680,2014-04-21
121681,2014-04-21
121687,2014-04-02
121688,2014-04-02
121689,2014-04-02
121691,2014-04-02
121692,2014-04-02
121693,2014-04-02
121694,2014-04-02
121695,2014-04-11
121696,2014-04-11
121697,2014-04-11
121698,2014-04-11
121699,2017-04-06
121701,2017-04-06
121704,2014-04-21
121705,2014-04-21
121706,2014-04-21
121711,2014-03-24
121712,2014-03-24
121713,2014-03-24
121714,2014-03-24
121716,2014-03-24
121717,2014-04-02
121718,2014-04-02
121719,2014-04-02
121720,2014-04-02
121723,2014-03-20
121724,2014-03-20
121725,2014-03-20
121726,2014-03-20
121727,2014-03-27
121729,2014-03-27
121730,2014-03-27
121731,2014-04-02
121732,2014-04-02
121733,2014-04-02
121734,2014-04-02
121735,2014-03-13
121736,2014-03-13
121737,2014-03-13
121738,2014-03-13
121739,2014-04-02
121740,2014-04-02
121741,2014-04-02
121743,2014-04-09
121744,2014-04-09
121745,2014-04-09
121746,2014-04-09
121748,2016-03-02
121749,2016-03-02
121750,2016-03-02
121751,2014-04-03
121752,2014-04-03
121753,2014-04-03
121755,2017-04-07
121756,2016-04-04
121757,2016-04-04
121758,2017-04-07
121759,2014-03-13
121760,2014-03-13
121761,2014-03-13
121762,2014-03-13
121765,2014-04-03
121767,2014-04-03
121768,2014-04-03
121770,2014-04-03
121771,2014-04-02
121772,2014-04-02
121773,2014-04-02
121774,2014-04-02
121777,2014-03-27
121780,2014-03-27
121782,2014-03-27
121785,2014-03-27
121786,2014-03-27
121787,2014-03-27
121790,2014-03-27
121793,2018-04-06
121794,2018-04-06
121795,2018-04-06
121796,2018-04-06
121797,2014-04-03
121798,2014-04-03
121799,2014-04-03
121800,2014-04-03
121801,2014-04-03
121802,2014-04-03
121809,2014-04-03
121811,2014-04-03
121812,2014-04-03
121813,2014-04-03
121815,2017-11-13
121816,2017-11-13
121820,2017-11-13
121821,2014-03-26
121822,2014-03-26
121823,2014-03-26
121824,2014-03-26
121825,2014-04-09
121826,2014-04-09
121827,2014-04-09
121828,2014-04-09
121830,2014-04-09
121837,2014-04-02
121838,2014-04-02
121839,2014-04-02
121840,2014-04-02
121845,2014-03-18
121846,2014-03-18
121848,2014-03-18
121853,2014-04-09
121855,2014-04-09
121856,2014-04-09
121857,2014-04-09
121858,2014-04-09
121859,2016-04-11
121861,2016-04-11
121862,2016-04-11
121864,2014-04-09
121865,2014-04-09
121867,2016-04-27
121869,2016-04-27
121870,2016-04-27
121871,2014-03-24
121873,2014-03-24
121874,2014-03-24
121875,2016-04-07
121876,2016-04-07
121877,2016-04-07
121878,2016-04-07
121879,2014-03-26
121880,2014-03-26
121881,2014-03-26
121882,2014-03-26
121887,2014-04-02
121889,2014-04-02
121890,2014-04-02
121893,2014-04-07
121894,2014-04-07
121895,2014-04-07
121896,2014-04-07
121898,2016-04-06
121899,2015-07-27
121900,2016-04-06
121901,2014-03-12
121902,2014-03-12
121906,2014-03-12
121909,2014-03-20
121910,2014-03-20
121911,2014-03-20
121912,2014-03-20
121913,2014-03-20
121914,2014-03-20
121915,2014-03-20
121916,2014-03-20
121917,2014-04-07
121918,2014-04-07
121919,2014-04-07
121920,2014-04-07
121921,2014-04-07
121922,2014-04-07
121923,2014-03-18
121924,2014-03-18
121925,2014-03-18
121926,2014-03-18
121928,2014-04-03
121929,2014-04-03
121930,2014-04-03
121939,2014-04-15
121941,2014-04-15
121942,2014-04-15
121945,2014-04-22
121946,2014-04-22
121947,2014-04-22
121948,2014-04-22
121949,2014-04-03
121950,2014-04-03
121951,2014-04-03
121952,2014-04-03
121953,2016-04-13
121954,2017-05-23
121955,2017-05-23
121956,2017-05-23
121958,2014-03-27
121959,2014-03-27
121960,2014-03-27
121965,2014-04-03
121967,2014-04-03
121968,2014-04-03
121969,2014-04-02
121971,2014-04-02
121972,2014-04-02
121973,2014-03-27
121975,2014-03-27
121981,2014-03-26
121983,2014-03-26
121985,2014-03-27
121987,2014-03-27
121988,2014-03-27
121989,2014-03-27
121990,2014-03-27
121991,2013-09-26
121992,2014-04-04
121993,2014-04-04
121994,2014-04-04
121995,2013-09-26
121996,2014-04-04
121997,2014-04-04
121998,2014-04-04
121999,2014-04-28
122000,2014-04-28
122001,2014-04-28
122002,2013-06-28
122003,2014-04-28
122004,2014-04-28
122005,2014-04-28
122006,2014-04-28
122007,2014-04-03
122008,2014-04-03
122010,2014-04-03
122011,2014-03-21
122012,2014-03-21
122013,2014-03-21
122014,2014-03-21
122015,2014-05-22
122016,2014-05-22
122017,2014-05-22
122018,2014-05-22
122019,2014-04-03
122020,2014-04-03
122021,2014-04-03
122025,2014-04-03
122026,2014-04-03
122028,2014-04-03
122033,2014-04-03
122036,2014-03-27
122038,2014-03-27
122039,2014-03-27
122044,2014-04-09
122045,2014-04-09
122047,2014-04-09
122050,2014-04-09
122054,2014-04-03
122055,2014-04-03
122056,2014-04-03
122057,2014-04-03
122058,2014-04-03
122061,2014-04-03
122062,2014-04-02
122064,2014-04-02
122070,2016-03-02
122072,2013-04-02
122073,2016-03-02
122074,2016-03-02
122076,2016-04-18
122077,2016-04-18
122078,2016-03-21
122079,2017-04-24
122080,2017-04-24
122081,2017-04-24
122084,2014-04-07
122086,2014-04-07
122087,2014-04-07
122088,2014-04-03
122090,2014-04-03
122091,2014-04-03
122092,2014-04-25
122093,2014-04-25
122094,2014-04-25
122095,2014-04-25
122096,2014-03-24
122097,2014-03-24
122099,2014-03-24
122100,2014-03-24
122101,2014-03-24
122108,2014-04-08
122109,2014-04-08
122110,2014-04-08
122111,2014-04-08
122112,2014-04-15
122113,2014-04-15
122114,2014-04-15
122115,2014-04-15
122116,2014-04-15
122117,2014-04-15
122118,2014-04-03
122119,2014-04-03
122121,2014-04-03
122122,2014-04-03
122123,2014-04-03
122124,2014-04-03
122132,2014-03-27
122133,2014-03-27
122134,2014-03-27
122135,2014-03-27
122138,2014-03-25
122139,2014-03-25
122140,2014-07-02
122141,2014-07-02
122142,2014-07-02
122143,2014-07-02
122144,2014-04-02
122145,2014-04-02
122146,2014-04-02
122147,2014-04-02
122153,2014-03-25
122154,2014-03-25
122155,2014-03-21
122156,2014-03-21
122157,2013-09-26
122158,2014-03-21
122159,2016-05-03
122160,2016-05-03
122161,2016-05-03
122162,2016-05-03
122163,2016-03-02
122164,2016-03-02
122169,2014-04-09
122170,2014-04-09
122171,2014-04-09
122172,2014-04-09
122173,2014-04-09
122174,2014-04-09
122175,2014-04-09
122176,2014-04-09
122177,2014-04-16
122178,2014-04-16
122179,2014-04-16
122180,2014-04-16
122181,2014-04-16
122182,2014-04-16
122183,2014-04-16
122184,2014-04-16
122185,2014-04-22
122186,2014-04-22
122187,2014-04-22
122188,2014-04-22
122189,2014-04-22
122190,2014-04-22
122191,2014-04-22
122192,2014-04-22
122193,2014-04-23
122194,2014-04-23
122195,2014-04-23
122196,2014-04-23
122197,2014-04-23
122198,2014-04-23
122199,2014-04-23
122200,2014-04-23
122205,2016-03-04
122206,2016-03-04
122207,2016-03-02
122208,2016-03-02
122209,2016-03-04
122210,2016-03-04
122211,2016-03-02
122212,2016-03-02
122213,2016-03-02
122214,2016-03-02
122215,2015-09-03
122216,2015-09-03
122217,2016-03-02
122218,2016-03-02
122219,2016-03-02
122220,2016-03-02
122221,2016-03-02
122222,2016-03-02
122223,2016-03-02
122224,2016-03-02
122225,2017-05-11
122226,2017-05-11
122227,2017-05-11
122228,2017-05-11
122229,2014-04-16
122230,2014-04-16
122231,2014-04-16
122232,2014-04-16
122233,2014-04-16
122234,2014-04-16
122235,2022-11-25
122237,2016-05-18
122238,2016-05-18
122239,2016-05-18
122240,2016-05-18
122245,2014-04-30
122246,2014-04-30
122247,2014-04-30
122248,2014-04-30
122249,2016-05-06
122250,2016-05-06
122251,2016-05-06
122252,2016-05-06
122253,2014-04-15
122254,2014-04-15
122255,2014-04-15
122256,2014-04-15
122257,2016-03-07
122258,2014-12-17
122259,2015-06-16
122260,2017-06-20
122261,2014-12-17
122262,2016-03-03
122263,2016-03-03
122264,2015-06-16
122265,2014-12-17
122267,2015-08-06
122268,2015-06-16
122269,2015-01-29
122270,2015-02-26
122271,2014-07-02
122272,2013-05-15
122273,2016-05-17
122274,2016-05-17
122275,2016-05-17
122276,2016-05-17
122285,2016-07-07
122286,2016-07-07
122288,2016-07-07
122289,2018-02-14
122290,2018-02-14
122291,2018-02-14
122293,2018-02-14
122314,2017-04-27
122316,2020-09-25
122317,2020-09-25
122318,2018-05-24
122319,2018-05-24
122320,2018-05-24
122321,2018-05-24
122322,2017-04-27
122324,2016-05-06
122326,2016-05-06
122327,2016-05-06
122332,2014-06-03
122333,2014-06-03
122334,2014-06-03
122335,2014-06-03
122336,2014-06-03
122337,2014-06-03
122338,2014-06-03
122339,2014-06-03
122344,2014-04-29
122345,2014-04-29
122346,2014-04-22
122347,2014-04-22
122348,2014-04-22
122349,2014-04-22
122350,2014-05-05
122351,2014-05-05
122352,2014-05-05
122353,2014-05-05
122354,2014-05-05
122356,2014-04-28
122357,2014-04-28
122358,2014-04-28
122359,2014-04-28
122360,2014-04-28
122361,2014-05-02
122362,2014-04-21
122363,2014-04-21
122364,2014-04-21
122365,2014-04-21
122366,2014-04-21
122367,2014-04-21
122368,2014-04-21
122369,2014-04-21
122370,2014-05-30
122371,2014-05-30
122372,2014-05-30
122373,2014-05-30
122374,2018-02-14
122376,2018-02-14
122379,2015-07-07
122380,2015-07-07
122381,2015-07-07
122382,2013-05-13
122383,2016-11-24
122384,2016-11-24
122385,2016-11-24
122386,2016-11-24
122393,2018-02-14
122400,2018-02-14
122401,2016-05-23
122402,2019-04-12
122403,2019-04-12
122404,2016-05-23
122405,2014-04-23
122406,2014-04-23
122407,2014-04-23
122408,2014-04-23
122418,2014-04-29
122426,2014-05-15
122427,2014-05-15
122428,2014-05-15
122429,2014-05-15
122430,2014-05-15
122431,2014-05-15
122433,2014-05-08
122434,2014-05-08
122435,2014-05-08
122437,2014-05-08
122438,2014-05-08
122439,2019-04-12
122440,2019-04-12
122441,2019-04-12
122442,2019-04-12
122448,2016-03-02
122450,2016-03-02
122451,2016-03-02
122452,2016-02-03
122455,2016-05-30
122457,2016-05-30
122458,2016-05-30
122459,2014-05-28
122460,2014-05-28
122461,2014-05-28
122462,2014-05-28
122463,2014-05-12
122464,2014-05-12
122465,2014-05-12
122466,2014-05-12
122467,2014-05-12
122468,2014-05-12
122469,2014-05-12
122470,2014-05-12
122471,2014-05-15
122472,2014-05-15
122473,2014-05-15
122474,2014-05-15
122475,2014-05-15
122476,2014-05-15
122477,2014-05-15
122478,2014-05-15
122479,2014-05-28
122480,2014-05-28
122481,2014-05-28
122482,2014-05-28
122483,2014-05-28
122484,2014-05-28
122485,2014-05-28
122486,2014-05-28
122487,2016-07-04
122488,2016-07-04
122489,2016-07-04
122490,2016-07-04
122509,2019-07-29
122510,2019-07-29
122511,2019-07-29
122512,2019-07-29
122513,2014-05-02
122514,2014-05-02
122515,2014-05-02
122516,2014-05-02
122517,2014-05-02
122518,2014-05-02
122519,2014-05-02
122520,2014-05-02
122532,2018-06-01
122533,2018-06-01
122534,2018-06-01
122535,2018-06-01
122536,2014-06-02
122537,2014-06-02
122539,2014-06-02
122540,2016-05-16
122541,2016-05-16
122542,2016-05-16
122543,2015-05-13
122544,2014-06-02
122545,2014-06-02
122546,2014-06-02
122547,2014-06-02
122554,2014-05-16
122555,2014-05-16
122556,2014-05-16
122557,2014-05-16
122558,2014-05-16
122561,2014-05-16
122582,2016-06-02
122583,2016-06-02
122584,2016-06-02
122585,2016-06-02
122586,2016-06-02
122587,2016-06-02
122588,2016-06-02
122589,2016-06-02
122590,2014-05-22
122591,2014-05-22
122592,2014-05-22
122594,2016-03-02
122595,2016-03-02
122596,2016-03-02
122606,2022-09-16
122607,2022-09-16
122608,2016-06-24
122609,2015-06-23
122610,2016-06-24
122611,2016-06-24
122613,2018-05-24
122614,2017-07-14
122615,2017-07-14
122617,2016-06-28
122620,2014-06-03
122621,2014-06-03
122622,2014-06-03
122624,2014-05-26
122626,2014-05-26
122627,2013-06-03
122628,2014-05-26
122629,2014-05-26
122630,2014-05-26
122631,2014-06-10
122632,2014-06-10
122633,2014-06-10
122634,2014-06-10
122635,2014-06-10
122636,2014-06-10
122637,2014-06-10
122638,2014-06-10
122641,2022-05-11
122642,2022-05-11
122652,2017-06-27
122653,2017-06-27
122654,2014-06-16
122655,2017-06-27
122657,2018-06-29
122658,2018-06-29
122659,2018-06-29
122660,2018-06-29
122661,2016-07-05
122662,2016-07-05
122663,2016-07-05
122664,2016-07-05
122673,2020-04-24
122674,2020-04-24
122675,2016-03-04
122676,2016-03-04
122677,2016-03-02
122678,2016-03-02
122679,2015-02-18
122680,2014-06-18
122683,2016-03-02
122684,2016-03-02
122688,2016-03-02
122691,2014-06-26
122692,2014-06-26
122693,2014-06-26
122694,2014-06-26
122695,2016-07-04
122696,2016-07-04
122698,2016-07-04
122699,2016-08-02
122700,2016-08-02
122701,2016-08-02
122702,2016-08-02
122703,2014-06-17
122704,2014-06-17
122705,2014-06-17
122706,2014-06-17
122722,2015-01-08
122726,2017-07-13
122727,2017-07-13
122729,2017-07-13
122730,2014-06-26
122731,2014-06-26
122732,2014-06-26
122736,2014-06-26
122737,2014-06-26
122740,2014-07-02
122741,2014-07-02
122742,2014-07-02
122743,2014-07-02
122744,2016-07-19
122745,2016-07-19
122746,2016-07-19
122747,2016-07-19
122749,2014-06-16
122750,2014-06-16
122751,2014-06-16
122752,2014-06-16
122753,2018-07-02
122754,2018-07-02
122755,2018-07-02
122756,2018-07-02
122757,2014-06-11
122758,2014-06-11
122759,2014-06-11
122760,2014-06-11
122761,2014-06-11
122762,2014-06-11
122763,2014-06-11
122764,2014-06-11
122768,2014-06-24
122769,2014-06-24
122770,2014-06-24
122771,2014-06-24
122772,2014-06-30
122773,2014-06-30
122774,2014-06-30
122775,2014-06-30
122776,2016-09-19
122777,2016-09-19
122778,2016-09-19
122779,2016-09-19
122780,2014-07-02
122781,2014-07-02
122782,2014-07-02
122783,2014-07-02
122784,2018-12-20
122785,2021-06-09
122787,2015-11-19
122788,2014-06-20
122789,2014-06-20
122790,2014-06-20
122791,2014-06-20
122792,2016-01-24
122793,2016-01-14
122794,2015-12-03
122795,2016-03-30
122796,2014-01-07
122797,2016-03-30
122798,2015-06-08
122799,2017-01-06
122800,2015-12-22
122801,2015-12-22
122802,2017-01-06
122803,2016-01-29
122805,2016-01-29
122806,2017-01-06
122812,2014-06-24
122813,2014-06-24
122814,2014-06-24
122815,2014-06-24
122816,2016-07-21
122817,2016-07-21
122818,2016-07-21
122819,2016-07-21
122820,2014-06-30
122821,2014-06-30
122822,2013-06-28
122823,2014-06-30
122824,2014-06-30
122825,2014-06-30
122826,2013-12-19
122827,2013-06-28
122828,2014-06-30
122829,2014-06-30
122830,2014-06-30
122831,2014-06-30
122832,2014-06-30
122833,2014-06-30
122834,2014-06-30
122835,2014-06-30
122836,2014-07-15
122838,2014-07-15
122839,2014-07-15
122840,2014-07-10
122841,2014-07-10
122842,2014-07-10
122843,2014-07-10
122844,2014-07-10
122845,2014-07-10
122846,2014-07-14
122847,2014-07-14
122848,2014-07-14
122850,2016-07-27
122851,2016-07-27
122852,2016-07-27
122853,2016-07-27
122854,2016-07-04
122855,2016-08-03
122856,2016-08-03
122857,2016-07-04
122858,2016-07-13
122863,2016-07-13
122864,2016-07-13
122865,2016-07-13
122866,2016-07-13
122869,2014-07-14
122870,2014-07-14
122871,2014-07-14
122872,2014-07-14
122873,2014-07-14
122874,2014-07-14
122875,2014-07-14
122876,2014-07-14
122891,2022-09-16
122892,2016-08-01
122893,2016-08-01
122894,2014-07-21
122895,2014-07-21
122896,2017-09-29
122898,2017-09-29
122900,2019-09-13
122901,2016-08-09
122902,2019-09-13
122903,2019-09-13
122905,2014-07-15
122906,2014-07-15
122907,2014-07-15
122908,2014-07-15
122909,2019-05-27
122910,2019-07-30
122911,2016-08-09
122912,2016-08-09
122913,2019-07-30
122914,2014-07-07
122915,2014-07-07
122917,2014-07-07
122918,2014-07-07
122919,2014-07-07
122920,2014-07-07
122921,2014-07-07
122922,2016-05-06
122923,2016-05-24
122924,2014-07-21
122925,2014-07-21
122926,2014-07-21
122927,2014-07-21
122928,2014-07-21
122929,2014-07-21
122930,2014-07-21
122931,2014-07-21
122933,2014-07-15
122934,2014-07-15
122936,2014-07-15
122938,2016-07-28
122939,2014-07-28
122940,2016-07-28
122941,2016-07-28
122942,2016-07-28
122943,2014-07-28
122944,2014-07-17
122945,2014-07-17
122946,2014-07-17
122947,2014-07-17
122948,2014-07-17
122949,2014-07-17
122950,2020-09-30
122951,2020-09-30
122952,2017-01-24
122953,2020-09-30
122954,2018-08-03
122956,2018-08-03
122957,2018-08-03
122958,2015-07-28
122960,2015-07-28
122961,2016-03-02
122962,2015-07-28
122963,2016-03-02
122966,2016-03-02
122967,2016-03-02
122968,2016-07-27
122971,2015-07-28
122975,2015-07-28
122976,2016-07-27
122978,2016-03-02
122979,2016-03-02
122980,2016-03-02
122981,2016-03-02
122983,2017-08-31
122984,2017-08-31
122985,2017-08-31
122986,2017-08-31
122987,2016-08-31
122988,2016-08-31
122989,2017-08-31
122990,2014-11-07
122991,2014-07-23
122992,2014-07-23
122993,2014-07-23
122994,2014-07-23
122996,2017-09-29
122998,2017-09-29
122999,2017-09-29
123000,2016-08-01
123001,2014-07-28
123002,2016-08-01
123003,2016-08-01
123005,2016-07-26
123006,2016-07-26
123007,2016-07-26
123008,2015-04-06
123009,2016-07-26
123010,2016-07-26
123011,2016-11-23
123012,2016-11-23
123013,2016-08-02
123015,2016-08-02
123016,2014-08-04
123017,2014-08-04
123018,2016-08-02
123020,2014-08-04
123028,2016-08-09
123030,2016-08-09
123031,2016-08-04
123032,2014-08-05
123033,2014-08-05
123034,2016-08-04
123035,2014-08-05
123036,2014-08-05
123037,2014-08-04
123040,2014-08-04
123043,2014-08-04
123045,2013-11-05
123046,2013-11-05
123047,2013-11-05
123048,2013-11-05
123049,2013-11-05
123050,2013-11-05
123051,2018-06-22
123052,2018-06-22
123053,2016-08-09
123054,2016-08-09
123055,2014-01-17
123062,2017-02-15
123063,2020-09-30
123064,2020-09-30
123065,2020-09-30
123066,2013-10-31
123067,2013-10-31
123068,2013-10-31
123069,2013-10-31
123070,2018-07-02
123071,2016-09-12
123072,2018-07-02
123073,2016-09-12
123074,2017-10-16
123075,2014-08-04
123076,2017-10-16
123077,2014-08-04
123078,2016-08-22
123079,2016-08-22
123080,2016-08-22
123081,2016-08-22
123082,2016-08-01
123083,2016-08-01
123084,2014-08-01
123085,2014-08-01
123086,2014-03-13
123087,2014-03-13
123088,2014-03-13
123089,2014-03-13
123090,2014-08-06
123092,2014-08-06
123098,2014-08-05
123099,2014-08-05
123101,2014-08-05
123102,2016-09-02
123104,2016-09-02
123105,2016-09-02
123106,2017-08-07
123107,2017-08-07
123108,2017-08-07
123109,2014-08-01
123110,2016-09-19
123111,2016-09-19
123112,2016-09-19
123113,2016-09-19
123114,2018-08-23
123115,2018-08-23
123116,2018-08-23
123117,2018-08-23
123118,2014-08-05
123119,2017-08-14
123120,2014-06-26
123121,2016-08-09
123122,2016-08-09
123123,2016-08-09
123124,2016-08-09
123125,2014-07-30
123126,2014-07-30
123127,2014-07-30
123128,2016-08-09
123129,2014-07-25
123130,2014-07-25
123131,2014-07-25
123132,2014-07-25
123133,2014-07-25
123134,2014-07-25
123135,2014-07-25
123136,2014-07-25
123137,2014-06-26
123138,2014-06-26
123139,2014-06-26
123140,2014-06-23
123141,2014-06-26
123142,2014-06-24
123143,2014-06-26
123144,2016-08-11
123145,2014-08-11
123146,2014-08-11
123147,2014-08-11
123148,2016-08-11
123149,2016-08-11
123150,2016-08-22
123151,2016-08-22
123152,2016-08-22
123153,2015-08-17
123154,2014-08-12
123155,2016-08-17
123156,2016-08-17
123157,2016-08-17
123158,2016-09-01
123159,2016-09-01
123160,2016-09-01
123161,2016-09-01
123162,2016-08-01
123163,2013-10-28
123164,2013-10-28
123165,2013-10-28
123166,2013-10-28
123167,2014-07-31
123168,2016-08-04
123169,2016-08-04
123170,2016-08-04
123171,2017-08-31
123172,2016-08-31
123173,2016-08-31
123174,2017-08-31
123175,2017-08-31
123176,2014-11-07
123177,2014-11-07
123178,2017-08-31
123179,2014-08-07
123180,2014-08-07
123181,2014-08-07
123182,2014-08-07
123183,2020-04-24
123184,2017-10-16
123185,2014-08-07
123186,2017-10-16
123187,2014-08-07
123188,2014-08-05
123189,2017-08-08
123190,2017-08-08
123191,2014-08-05
123192,2017-08-18
123193,2017-08-18
123194,2017-08-21
123195,2016-08-05
123196,2017-09-21
123197,2016-09-21
123198,2016-09-21
123199,2016-09-21
123200,2017-09-21
123201,2017-09-21
123202,2017-09-21
123203,2017-09-21
123205,2016-09-19
123206,2016-09-19
123207,2015-05-12
123208,2016-09-19
123209,2014-07-31
123210,2016-08-01
123211,2016-09-01
123212,2016-09-01
123213,2016-09-01
123214,2016-09-01
123215,2016-08-08
123216,2016-08-08
123217,2016-08-08
123218,2016-08-08
123220,2016-08-08
123230,2014-07-31
123231,2014-08-07
123232,2014-08-07
123233,2016-08-08
123235,2016-08-08
123236,2016-08-08
123238,2014-08-14
123239,2014-08-14
123242,2016-03-02
123244,2014-08-14
123245,2016-03-02
123247,2016-08-23
123248,2016-08-23
123249,2016-08-23
123250,2016-08-23
123251,2016-09-29
123252,2014-08-04
123253,2016-09-29
123254,2016-09-29
123255,2014-03-20
123256,2014-03-20
123257,2014-03-20
123258,2014-03-20
123259,2017-09-22
123261,2017-09-22
123262,2016-09-19
123263,2014-03-18
123264,2014-03-18
123265,2014-03-18
123266,2014-03-18
123271,2016-08-09
123273,2016-08-18
123274,2016-08-18
123275,2016-08-18
123276,2014-08-19
123278,2016-08-18
123279,2016-09-19
123280,2016-09-19
123281,2016-09-19
123282,2016-09-19
123284,2016-10-10
123285,2016-10-10
123286,2016-10-10
123289,2014-03-10
123290,2014-03-10
123291,2014-03-10
123292,2014-03-10
123293,2016-08-12
123294,2014-08-04
123295,2013-11-05
123296,2013-11-05
123297,2013-11-05
123298,2013-11-05
123299,2016-08-18
123300,2014-08-19
123301,2016-08-18
123302,2016-08-18
123305,2014-08-25
123306,2014-08-25
123308,2014-08-25
123309,2014-08-19
123312,2014-08-19
123313,2014-08-19
123314,2014-08-19
123315,2014-08-19
123317,2013-10-29
123318,2013-10-29
123319,2013-10-29
123320,2013-10-29
123321,2014-08-03
123322,2016-08-04
123323,2014-08-03
123324,2016-08-04
123326,2018-08-10
123327,2018-08-10
123328,2018-08-10
123331,2014-08-12
123332,2014-08-12
123333,2013-11-06
123334,2013-11-06
123335,2013-11-06
123336,2013-11-06
123341,2016-08-31
123342,2016-08-31
123344,2016-08-31
123345,2017-08-31
123346,2013-12-13
123347,2016-08-31
123348,2014-08-25
123349,2017-08-31
123350,2017-08-31
123351,2017-08-31
123352,2017-08-31
123353,2016-09-28
123357,2016-09-28
123359,2016-09-28
123360,2016-09-28
123363,2016-10-19
123364,2016-10-19
123366,2016-10-19
123367,2016-11-29
123368,2016-11-29
123370,2016-11-29
123371,2014-08-25
123372,2016-09-12
123373,2016-09-12
123374,2016-09-12
123375,2016-08-22
123376,2016-08-22
123378,2016-08-22
123383,2016-03-02
123385,2016-03-02
123390,2016-03-02
123391,2015-07-03
123393,2017-08-31
123394,2016-08-31
123395,2017-08-31
123396,2014-08-25
123397,2014-08-25
123398,2013-12-13
123399,2014-08-25
123400,2017-08-31
123401,2022-09-29
123402,2022-09-29
123403,2022-09-29
123404,2013-12-13
123405,2018-09-03
123406,2022-09-29
123407,2018-09-03
123408,2018-09-03
123409,2016-08-26
123410,2016-08-25
123411,2016-08-25
123412,2016-08-25
123413,2013-12-13
123414,2016-08-25
123415,2016-08-25
123416,2016-08-25
123417,2014-08-04
123418,2014-08-04
123419,2014-08-04
123420,2014-08-20
123421,2014-08-20
123422,2014-08-20
123423,2014-08-20
123424,2014-08-13
123426,2016-08-18
123427,2016-08-18
123428,2014-08-19
123429,2016-08-18
123430,2016-08-18
123431,2016-08-18
123433,2016-08-16
123434,2014-08-13
123436,2014-08-13
123437,2016-08-16
123438,2016-08-16
123439,2016-08-16
123440,2014-08-11
123441,2014-08-11
123442,2016-08-16
123443,2016-08-16
123444,2016-08-29
123445,2016-08-29
123446,2016-08-29
123447,2014-08-27
123448,2014-08-27
123449,2014-08-27
123451,2016-09-09
123452,2016-09-09
123453,2016-09-09
123454,2016-09-02
123455,2015-09-01
123456,2015-09-01
123457,2016-09-02
123458,2018-07-02
123459,2018-07-02
123460,2014-08-26
123461,2014-08-25
123462,2015-08-14
123463,2016-08-29
123464,2016-08-29
123465,2016-08-29
123468,2014-08-08
123471,2016-08-11
123473,2016-08-11
123474,2014-02-03
123475,2014-02-03
123476,2014-02-03
123477,2014-02-03
123478,2016-09-06
123479,2014-08-21
123480,2016-09-06
123481,2016-09-06
123482,2018-08-27
123484,2018-08-27
123485,2018-08-27
123486,2014-08-13
123487,2014-08-13
123488,2014-08-13
123489,2014-08-13
123490,2013-11-11
123491,2013-11-11
123492,2013-11-11
123493,2013-11-11
123494,2016-08-16
123495,2016-08-16
123496,2016-08-16
123497,2014-08-13
123498,2013-09-16
123499,2013-09-16
123500,2013-09-16
123501,2013-09-16
123502,2014-03-03
123503,2014-03-03
123504,2014-03-03
123505,2014-03-03
123507,2014-08-25
123508,2014-08-25
123509,2017-08-23
123510,2014-08-25
123513,2017-08-23
123514,2017-08-23
123516,2016-09-29
123517,2016-09-29
123518,2014-09-01
123519,2016-09-29
123520,2016-09-29
123521,2014-09-01
123522,2013-11-19
123523,2013-11-19
123524,2013-11-19
123525,2013-11-19
123526,2016-08-31
123527,2014-08-25
123528,2017-08-31
123529,2017-08-31
123530,2017-08-31
123531,2016-08-31
123532,2014-08-25
123533,2017-08-31
123534,2016-09-14
123535,2016-09-14
123536,2016-09-14
123537,2016-09-14
123538,2014-08-19
123539,2014-08-19
123540,2016-08-16
123541,2016-08-16
123542,2016-10-06
123543,2018-08-29
123544,2018-08-29
123545,2018-08-29
123546,2018-08-29
123547,2016-09-19
123548,2014-08-25
123549,2016-09-19
123550,2016-09-19
123551,2016-09-27
123552,2014-09-01
123553,2016-09-27
123554,2016-09-27
123555,2014-08-19
123556,2014-08-19
123557,2014-08-19
123558,2014-08-19
123559,2018-09-03
123560,2018-09-03
123561,2018-09-03
123562,2018-09-03
123567,2016-10-04
123568,2016-10-04
123569,2016-10-04
123571,2016-09-02
123572,2016-09-02
123573,2016-09-02
123574,2016-09-02
123579,2016-08-22
123581,2014-08-21
123582,2016-08-22
123583,2016-09-01
123585,2016-09-01
123586,2016-09-01
123587,2016-09-01
123589,2013-09-02
123591,2016-09-01
123593,2013-11-28
123594,2013-11-28
123595,2013-11-28
123596,2013-11-28
123597,2014-05-13
123598,2016-08-12
123599,2016-08-12
123600,2016-08-12
123601,2017-08-22
123602,2017-08-22
123603,2017-08-22
123604,2014-08-21
123605,2017-08-22
123606,2014-08-21
123609,2018-09-11
123610,2018-09-11
123611,2018-09-11
123612,2018-09-11
123613,2016-09-20
123614,2016-09-20
123615,2016-09-20
123616,2017-09-20
123617,2017-09-20
123618,2017-09-20
123619,2017-09-20
123620,2013-12-13
123621,2016-08-29
123622,2016-08-29
123623,2016-08-29
123625,2014-09-02
123626,2017-10-16
123627,2017-10-16
123628,2017-10-16
123629,2013-11-28
123630,2013-11-28
123631,2013-11-28
123632,2013-11-28
123633,2013-11-28
123634,2013-11-28
123645,2017-09-04
123647,2016-09-06
123648,2016-08-22
123649,2016-09-06
123650,2016-09-06
123655,2013-11-26
123656,2013-11-26
123657,2013-11-26
123658,2013-11-26
123664,2014-08-11
123665,2016-08-23
123666,2016-08-23
123667,2016-08-23
123668,2014-08-11
123669,2014-08-11
123670,2014-08-11
123671,2016-08-23
123673,2016-09-29
123674,2014-09-04
123675,2016-09-29
123676,2016-09-29
123677,2014-09-04
123678,2013-12-03
123679,2013-12-03
123680,2013-12-03
123681,2013-12-03
123682,2013-12-03
123683,2013-12-03
123684,2013-11-12
123685,2013-11-12
123686,2013-11-12
123687,2013-11-12
123688,2017-09-15
123689,2017-09-15
123694,2016-09-28
123697,2016-09-28
123702,2016-09-28
123712,2014-08-26
123714,2014-08-26
123715,2014-08-26
123716,2018-07-16
123717,2018-07-16
123718,2016-10-26
123721,2016-09-27
123722,2016-09-27
123723,2016-09-27
123724,2013-11-19
123725,2013-11-19
123726,2013-11-19
123727,2013-11-19
123728,2016-08-30
123729,2016-08-30
123730,2016-08-30
123731,2016-08-30
123732,2018-10-22
123733,2018-10-22
123734,2018-10-22
123735,2018-10-22
123736,2018-10-22
123737,2018-10-22
123738,2018-10-22
123739,2013-12-13
123740,2018-07-02
123741,2016-09-12
123742,2018-07-02
123743,2014-09-04
123744,2013-11-20
123745,2013-11-20
123746,2013-11-20
123747,2013-11-20
123748,2014-08-22
123750,2014-08-22
123755,2014-08-25
123756,2016-09-07
123757,2016-09-07
123759,2016-09-07
123760,2016-09-14
123761,2016-09-14
123763,2016-09-14
123764,2016-09-14
123765,2016-09-14
123772,2013-12-03
123773,2013-12-03
123775,2013-12-03
123777,2013-12-03
123778,2013-12-03
123779,2013-12-03
123780,2016-08-30
123782,2014-09-01
123785,2013-09-02
123786,2014-09-01
123788,2016-08-30
123789,2016-08-30
123790,2017-10-11
123791,2016-09-06
123792,2017-10-11
123793,2017-10-11
123794,2013-11-27
123795,2013-11-27
123796,2013-11-27
123797,2013-11-27
123802,2016-08-29
123803,2016-08-29
123804,2014-08-28
123805,2016-08-29
123806,2016-08-29
123807,2016-08-29
123808,2014-03-13
123810,2014-03-13
123812,2014-03-13
123813,2014-03-13
123814,2013-11-28
123816,2013-11-28
123817,2013-11-28
123819,2013-11-28
123820,2013-09-26
123821,2013-09-26
123823,2013-09-26
123824,2013-09-26
123826,2014-09-01
123827,2016-08-31
123828,2016-08-31
123829,2016-08-31
123830,2014-09-01
123831,2016-08-31
123832,2016-09-14
123834,2016-09-14
123835,2016-09-14
123836,2014-08-19
123838,2014-08-19
123839,2014-08-19
123840,2014-08-19
123841,2014-08-19
123842,2014-09-01
123845,2014-09-01
123846,2014-09-01
123850,2014-09-05
123851,2014-03-25
123852,2014-03-25
123853,2014-03-25
123854,2014-03-25
123855,2016-03-02
123856,2016-03-02
123857,2016-03-02
123858,2017-09-15
123859,2017-09-15
123860,2015-12-11
123861,2015-12-11
123862,2015-12-11
123863,2015-12-11
123864,2015-10-30
123866,2014-09-16
123869,2014-09-16
123871,2014-09-16
123873,2014-09-16
123875,2014-09-08
123879,2016-09-06
123880,2016-09-06
123881,2014-09-08
123883,2014-09-08
123886,2014-09-02
123887,2014-09-02
123888,2016-08-29
123889,2014-08-21
123890,2014-08-21
123891,2014-08-21
123892,2014-08-21
123894,2014-08-21
123895,2014-08-21
123896,2016-08-29
123897,2014-08-21
123898,2013-11-26
123899,2013-11-26
123900,2013-11-26
123901,2013-11-26
123902,2016-11-24
123903,2016-11-24
123905,2016-11-24
123907,2015-02-20
123908,2016-09-06
123909,2016-09-06
123910,2016-09-06
123911,2016-09-06
123916,2016-08-31
123917,2016-08-31
123918,2016-08-31
123919,2016-08-31
123922,2016-08-31
123923,2016-08-31
123924,2016-08-31
123925,2013-09-19
123926,2014-09-01
123927,2016-09-14
123928,2016-09-14
123930,2016-09-14
123931,2016-09-14
123932,2016-09-14
123933,2014-09-03
123934,2016-09-14
123935,2016-09-14
123940,2013-10-03
123941,2013-10-03
123942,2013-10-03
123943,2013-10-03
123944,2016-09-19
123945,2014-09-11
123946,2016-09-19
123947,2016-09-19
123948,2016-11-24
123949,2016-11-24
123951,2016-11-24
123952,2016-11-24
123953,2016-01-04
123954,2016-10-05
123955,2014-11-07
123956,2014-11-07
123957,2014-11-07
123958,2016-10-05
123959,2017-10-05
123960,2016-10-05
123961,2017-10-05
123962,2014-08-25
123963,2016-10-03
123964,2014-08-25
123965,2016-10-03
123966,2016-09-01
123967,2014-09-02
123968,2016-09-01
123969,2014-09-02
123970,2017-10-11
123971,2017-10-11
123972,2014-09-05
123973,2017-10-11
123974,2014-09-08
123975,2014-09-08
123976,2014-09-08
123977,2014-09-08
123978,2020-09-30
123979,2017-03-06
123980,2017-03-06
123981,2017-03-06
123982,2016-09-26
123983,2014-09-15
123984,2014-09-15
123985,2016-09-26
123986,2014-03-11
123987,2014-09-16
123988,2016-11-01
123990,2016-11-01
123991,2016-11-01
123992,2016-12-14
123993,2016-12-14
123994,2016-12-14
123995,2016-09-07
123996,2014-09-02
123997,2016-09-06
123998,2016-09-06
123999,2016-09-06
124001,2016-09-19
124002,2016-09-19
124003,2016-09-19
124004,2014-03-11
124005,2014-03-11
124006,2014-03-11
124007,2014-09-16
124008,2014-09-16
124009,2014-09-16
124010,2016-10-26
124012,2018-07-16
124013,2018-07-16
124018,2016-09-27
124019,2014-09-16
124020,2016-09-27
124021,2013-10-25
124022,2016-10-12
124023,2016-10-12
124024,2016-10-12
124025,2016-10-12
124030,2013-12-04
124031,2013-12-04
124032,2013-12-04
124033,2013-12-04
124034,2014-09-08
124035,2017-10-11
124036,2017-10-11
124037,2014-09-08
124038,2016-09-14
124039,2016-09-14
124040,2016-09-14
124041,2014-09-15
124042,2014-12-22
124043,2016-09-06
124044,2016-09-06
124045,2016-09-06
124046,2016-09-06
124047,2016-09-06
124048,2016-09-06
124049,2014-09-04
124050,2014-09-04
124051,2017-09-07
124052,2017-09-07
124053,2017-09-07
124054,2016-09-06
124055,2013-12-05
124056,2013-12-05
124057,2013-12-05
124058,2013-12-05
124059,2013-10-03
124060,2013-10-03
124061,2013-10-03
124062,2013-10-03
124063,2016-09-07
124064,2016-09-07
124065,2016-09-07
124066,2016-09-07
124068,2014-09-08
124069,2015-09-10
124071,2016-09-14
124072,2016-09-14
124073,2016-09-14
124074,2015-09-10
124075,2013-12-12
124076,2013-12-12
124077,2013-12-12
124078,2013-12-12
124079,2016-09-19
124080,2014-09-15
124081,2016-09-19
124082,2016-09-19
124088,2014-12-22
124090,2014-12-22
124091,2014-12-22
124093,2014-12-22
124096,2016-09-26
124097,2016-09-26
124098,2016-09-26
124099,2016-09-26
124100,2016-09-29
124101,2016-09-29
124102,2014-09-15
124103,2016-09-29
124104,2014-09-15
124105,2016-09-29
124106,2013-12-11
124107,2013-12-11
124108,2013-12-11
124109,2013-12-11
124110,2013-12-11
124111,2013-12-11
124112,2015-09-21
124113,2016-09-21
124114,2016-09-21
124115,2016-09-21
124116,2016-10-10
124117,2016-10-10
124118,2016-10-10
124119,2016-07-04
124120,2014-09-05
124121,2014-09-05
124122,2016-09-19
124123,2016-09-19
124124,2014-09-05
124125,2016-09-19
124126,2016-09-19
124127,2014-09-04
124128,2014-09-04
124130,2016-09-19
124133,2016-09-28
124134,2014-09-15
124136,2016-09-28
124138,2016-09-26
124139,2016-09-26
124140,2016-09-26
124141,2016-09-26
124142,2016-09-19
124143,2016-09-19
124145,2016-09-19
124150,2014-09-10
124151,2014-09-10
124152,2014-09-10
124153,2014-09-10
124155,2016-03-02
124156,2016-03-02
124157,2016-03-02
124158,2017-10-05
124159,2017-10-05
124160,2016-10-05
124161,2013-12-13
124162,2017-10-05
124163,2016-10-05
124164,2014-11-07
124165,2014-11-07
124166,2016-09-29
124167,2016-09-29
124168,2016-09-29
124169,2014-09-22
124170,2016-09-29
124171,2016-09-29
124184,2016-10-03
124185,2016-10-03
124186,2016-10-03
124187,2016-10-03
124188,2016-09-14
124189,2014-09-16
124190,2014-09-16
124192,2014-09-16
124194,2016-09-14
124197,2014-09-16
124198,2014-09-17
124199,2014-09-17
124200,2014-09-17
124201,2014-09-17
124203,2014-09-17
124205,2014-09-17
124210,2016-09-26
124211,2016-09-26
124213,2016-09-26
124214,2014-06-03
124215,2017-10-16
124216,2016-09-27
124217,2017-10-16
124218,2016-09-27
124219,2016-11-01
124220,2015-09-29
124221,2016-11-01
124222,2016-11-01
124223,2013-12-19
124224,2013-12-19
124225,2013-12-19
124226,2013-12-19
124227,2016-09-29
124230,2016-09-29
124231,2016-09-29
124232,2016-09-29
124235,2016-09-29
124236,2016-09-29
124237,2014-09-29
124238,2014-09-29
124239,2016-09-29
124240,2016-09-29
124241,2014-09-17
124242,2014-09-17
124243,2014-09-17
124244,2014-09-17
124245,2016-09-19
124246,2016-09-19
124247,2014-09-17
124248,2016-09-19
124249,2016-10-28
124250,2016-10-28
124251,2016-10-28
124252,2016-10-28
124257,2014-10-01
124258,2014-10-01
124259,2014-10-01
124260,2014-10-01
124261,2014-09-29
124262,2014-09-29
124263,2014-09-29
124264,2014-09-29
124267,2013-10-17
124268,2013-10-17
124269,2013-10-17
124270,2013-10-17
124271,2016-09-19
124273,2014-09-22
124277,2014-09-22
124279,2016-09-19
124281,2014-03-12
124282,2014-03-12
124283,2014-03-12
124284,2014-03-12
124291,2016-10-13
124292,2014-09-29
124293,2016-10-13
124294,2016-10-13
124295,2014-09-29
124296,2016-10-13
124297,2016-10-13
124298,2016-10-13
124299,2015-09-28
124300,2016-10-13
124301,2016-10-13
124302,2016-10-13
124317,2016-11-09
124318,2015-10-07
124319,2016-11-09
124320,2016-11-09
124321,2016-03-02
124323,2016-03-02
124324,2016-03-02
124325,2016-03-02
124329,2016-10-04
124330,2016-10-04
124332,2014-09-04
124333,2014-09-24
124334,2014-09-24
124335,2014-09-24
124336,2014-09-24
124337,2016-10-10
124338,2016-10-10
124339,2016-10-10
124340,2016-10-10
124341,2017-10-05
124342,2014-11-07
124343,2017-10-05
124344,2013-12-13
124345,2017-10-05
124346,2013-12-13
124347,2017-10-05
124348,2016-10-05
124349,2016-10-19
124350,2016-10-19
124351,2016-10-19
124352,2016-10-19
124353,2016-12-01
124354,2016-12-01
124355,2016-12-01
124356,2016-12-01
124357,2013-12-10
124358,2013-12-10
124359,2013-12-10
124360,2013-12-10
124361,2016-09-27
124362,2016-09-27
124363,2014-09-22
124364,2014-09-22
124365,2016-10-03
124366,2016-10-03
124367,2016-10-03
124368,2016-10-03
124369,2016-09-14
124370,2016-09-14
124371,2014-09-11
124372,2016-09-14
124373,2016-09-15
124374,2016-09-30
124375,2016-09-30
124376,2016-09-30
124377,2014-09-25
124378,2016-09-26
124380,2014-09-25
124381,2014-09-25
124384,2016-09-26
124385,2014-09-25
124388,2013-12-26
124390,2013-12-26
124391,2013-12-26
124392,2013-12-26
124393,2016-09-22
124394,2014-09-23
124395,2014-09-23
124396,2016-09-22
124397,2016-09-30
124398,2016-09-30
124399,2016-09-30
124400,2016-09-30
124401,2013-12-11
124402,2013-12-11
124403,2013-12-11
124404,2013-12-11
124405,2016-09-14
124406,2016-09-14
124407,2016-09-14
124408,2016-09-14
124410,2016-09-14
124427,2014-03-10
124429,2014-03-10
124430,2014-03-10
124431,2014-03-10
124433,2014-03-10
124434,2014-03-10
124435,2013-12-19
124436,2013-12-19
124437,2013-12-19
124438,2013-12-19
124440,2016-09-28
124441,2015-05-11
124442,2016-09-28
124446,2015-05-11
124449,2014-09-23
124450,2014-09-23
124451,2014-09-23
124452,2014-09-23
124459,2014-09-17
124460,2014-09-17
124461,2014-09-17
124462,2014-09-17
124463,2013-12-17
124464,2013-12-17
124465,2013-12-17
124466,2013-12-17
124467,2018-10-04
124468,2018-10-04
124469,2018-10-04
124470,2018-10-04
124475,2014-09-29
124476,2014-09-29
124478,2014-09-29
124479,2016-09-21
124481,2016-09-21
124482,2016-09-21
124483,2016-09-21
124484,2016-09-21
124485,2016-10-13
124486,2016-10-13
124487,2016-10-13
124489,2016-10-13
124490,2016-10-13
124491,2013-12-26
124492,2013-12-26
124493,2013-12-26
124494,2013-12-26
124495,2016-09-27
124496,2016-09-27
124497,2016-09-27
124498,2014-09-25
124499,2013-12-12
124500,2013-12-12
124501,2013-12-12
124502,2013-12-12
124503,2013-12-13
124504,2016-10-24
124505,2016-10-24
124506,2016-10-24
124507,2014-11-07
124508,2016-10-24
124509,2016-10-24
124510,2014-11-07
124511,2013-12-13
124512,2016-10-24
124513,2013-12-13
124514,2014-11-07
124515,2016-10-24
124516,2014-11-07
124517,2016-10-24
124518,2014-11-07
124521,2014-10-07
124522,2014-10-07
124523,2014-10-07
124524,2014-10-07
124525,2016-09-21
124526,2014-09-18
124527,2014-09-18
124528,2016-09-21
124529,2015-04-07
124530,2015-04-07
124532,2015-04-07
124534,2015-04-07
124535,2013-12-23
124536,2013-12-23
124537,2013-12-23
124538,2013-12-23
124539,2015-10-06
124540,2016-10-10
124541,2015-10-06
124542,2016-10-10
124543,2015-10-06
124544,2013-12-13
124545,2016-10-10
124546,2015-10-06
124547,2014-09-29
124548,2014-09-29
124549,2014-09-29
124550,2014-09-29
124551,2014-09-29
124552,2014-09-29
124553,2014-09-29
124554,2013-12-13
124555,2016-09-29
124556,2014-09-16
124557,2014-09-15
124558,2016-09-29
124560,2016-09-29
124561,2014-09-15
124562,2014-09-15
124563,2016-09-29
124564,2016-09-29
124569,2016-10-05
124571,2016-10-05
124572,2016-10-05
124573,2016-10-13
124574,2016-10-13
124575,2016-10-13
124576,2014-09-22
124577,2016-03-02
124578,2013-12-16
124579,2013-12-16
124580,2013-12-16
124581,2013-12-16
124582,2016-10-17
124583,2014-09-29
124584,2016-10-17
124585,2014-09-29
124586,2016-03-02
124587,2016-03-02
124591,2016-10-17
124592,2014-10-07
124593,2016-10-17
124594,2016-10-17
124595,2021-11-01
124596,2022-05-11
124601,2014-10-07
124602,2014-10-07
124604,2016-10-05
124605,2014-10-07
124608,2016-10-05
124610,2014-10-07
124615,2018-04-09
124616,2018-04-09
124617,2015-04-06
124647,2016-12-02
124649,2016-12-02
124650,2016-12-02
124651,2016-10-17
124652,2016-10-17
124653,2016-10-17
124654,2014-10-07
124655,2016-10-13
124656,2014-10-13
124657,2016-10-13
124658,2016-10-13
124671,2015-09-14
124672,2016-09-15
124673,2016-09-15
124674,2016-09-15
124675,2016-09-15
124676,2016-09-15
124677,2016-09-15
124678,2016-10-14
124679,2016-10-14
124681,2016-10-14
124686,2016-12-28
124687,2015-06-11
124689,2016-12-28
124706,2017-07-21
124707,2017-07-21
124708,2017-07-21
124709,2017-07-21
124710,2014-09-30
124711,2013-12-13
124712,2014-09-30
124713,2013-12-13
124714,2014-09-30
124715,2013-12-13
124716,2014-09-30
124717,2013-12-13
124718,2017-10-18
124719,2014-10-09
124720,2017-10-18
124721,2014-10-09
124722,2014-10-13
124723,2014-10-13
124724,2014-10-13
124725,2014-10-13
124726,2014-09-24
124727,2014-09-24
124728,2016-09-27
124729,2016-09-27
124730,2014-10-08
124731,2014-10-08
124732,2014-10-08
124733,2014-10-08
124735,2016-10-13
124737,2016-10-13
124738,2014-10-13
124743,2016-10-13
124748,2016-10-26
124749,2016-10-26
124750,2016-10-26
124751,2016-10-26
124752,2016-10-28
124753,2016-10-28
124754,2016-10-28
124755,2016-10-28
124765,2016-09-28
124766,2014-09-29
124767,2014-09-29
124768,2016-09-28
124769,2014-09-29
124770,2016-10-24
124771,2016-10-24
124772,2014-11-07
124773,2016-10-24
124774,2016-10-24
124775,2013-12-13
124776,2016-10-24
124777,2016-10-24
124784,2016-10-24
124786,2014-10-27
124787,2014-10-27
124788,2016-10-24
124791,2014-10-27
124794,2016-10-27
124795,2016-10-27
124796,2016-10-27
124797,2016-10-27
124804,2016-11-01
124805,2016-11-01
124806,2016-11-01
124807,2014-10-27
124812,2016-11-28
124813,2014-11-24
124814,2016-11-28
124815,2016-11-28
124816,2014-07-21
124817,2014-07-21
124818,2014-10-07
124820,2014-10-07
124821,2014-10-07
124822,2014-10-07
124823,2014-10-07
124824,2014-01-02
124825,2014-01-02
124826,2014-01-02
124827,2014-01-02
124828,2016-11-10
124829,2016-11-10
124830,2016-11-10
124831,2016-11-10
124838,2016-10-13
124839,2016-10-13
124841,2016-10-13
124842,2018-12-28
124843,2018-12-28
124844,2014-10-09
124845,2014-10-09
124846,2014-10-09
124847,2014-10-09
124848,2014-10-09
124849,2014-10-09
124854,2016-10-13
124855,2014-10-13
124856,2016-10-13
124857,2014-10-13
124858,2016-10-13
124859,2016-10-13
124860,2014-09-29
124861,2014-09-29
124862,2014-09-29
124863,2014-09-29
124864,2014-09-29
124865,2014-09-29
124866,2014-09-29
124867,2014-09-29
124868,2014-09-29
124869,2014-09-29
124870,2014-11-11
124872,2014-11-11
124873,2014-11-11
124874,2017-11-09
124876,2017-11-09
124877,2017-11-09
124878,2016-10-24
124879,2016-10-24
124880,2016-10-24
124881,2016-10-24
124882,2014-11-07
124883,2014-11-07
124884,2016-10-24
124885,2013-12-13
124886,2014-01-06
124887,2014-01-06
124888,2014-01-06
124889,2014-01-06
124898,2016-03-02
124899,2016-03-02
124900,2016-03-02
124912,2016-11-08
124913,2016-11-08
124914,2016-11-08
124915,2016-11-08
124916,2014-10-07
124917,2014-10-07
124918,2014-10-07
124920,2018-07-09
124921,2015-04-16
124922,2018-07-09
124923,2015-04-16
124924,2016-10-17
124925,2016-10-17
124926,2014-10-01
124928,2014-10-01
124929,2016-10-17
124930,2014-10-01
124931,2016-10-17
124932,2016-10-17
124933,2014-10-01
124938,2014-10-10
124939,2016-10-13
124940,2016-10-13
124941,2016-10-13
124942,2016-10-25
124943,2014-10-13
124944,2014-10-13
124945,2016-10-25
124946,2014-10-13
124947,2014-10-13
124949,2016-10-25
124950,2014-10-13
124963,2016-11-08
124964,2014-11-07
124965,2016-11-08
124966,2016-11-08
124967,2014-11-07
124968,2016-11-08
124969,2013-12-13
124970,2014-11-07
124981,2017-06-01
124982,2017-06-01
124983,2017-06-01
124984,2017-06-01
124985,2017-06-01
124986,2017-06-01
124987,2017-06-01
124988,2017-06-01
124994,2016-10-26
124995,2016-10-26
124996,2018-07-16
124997,2013-12-13
124998,2013-12-13
124999,2013-12-13
125000,2013-12-13
125001,2013-12-13
125002,2016-10-26
125003,2015-10-21
125004,2016-10-26
125005,2016-10-21
125006,2016-10-21
125007,2016-10-21
125008,2015-04-20
125009,2016-11-07
125010,2016-11-07
125011,2016-11-07
125012,2016-11-07
125013,2017-04-27
125014,2017-04-27
125015,2015-05-06
125017,2017-04-27
125019,2016-11-15
125020,2016-11-15
125021,2016-11-15
125022,2016-11-15
125023,2017-05-12
125024,2017-05-12
125025,2017-05-12
125026,2017-05-12
125027,2016-11-08
125028,2013-12-13
125029,2016-11-08
125030,2014-11-07
125031,2016-11-08
125032,2014-11-07
125033,2016-11-08
125034,2016-11-08
125035,2016-11-15
125036,2016-11-15
125037,2016-11-15
125038,2016-11-15
125050,2014-10-20
125051,2014-10-20
125052,2014-10-20
125053,2016-10-18
125055,2016-10-18
125056,2016-11-15
125057,2016-11-15
125058,2016-11-07
125061,2016-11-07
125062,2016-11-07
125063,2016-11-07
125071,2016-06-28
125072,2016-06-28
125073,2016-10-26
125074,2016-06-28
125076,2016-10-26
125089,2016-11-10
125090,2016-11-10
125091,2014-10-27
125093,2016-11-10
125094,2014-10-27
125095,2014-10-27
125096,2014-10-27
125098,2014-10-27
125110,2022-03-13
125111,2022-03-13
125112,2016-12-27
125114,2019-03-01
125115,2015-09-01
125128,2015-11-03
125129,2018-06-11
125136,2019-09-25
125137,2017-05-30
125138,2014-10-27
125139,2014-10-27
125140,2014-10-27
125141,2014-10-29
125142,2014-11-07
125143,2014-11-07
125144,2014-11-07
125145,2016-11-08
125146,2016-11-08
125147,2014-11-07
125148,2016-11-08
125149,2016-11-08
125150,2018-11-12
125151,2018-11-12
125152,2018-11-12
125153,2018-11-12
125154,2014-11-10
125155,2014-11-10
125156,2014-11-10
125157,2014-11-10
125158,2014-11-10
125159,2014-11-10
125162,2014-10-30
125163,2014-10-30
125164,2014-10-30
125165,2014-10-30
125166,2014-10-30
125168,2015-04-15
125170,2016-11-07
125171,2016-11-07
125172,2016-11-07
125173,2016-11-07
125174,2015-01-28
125179,2015-01-28
125184,2018-11-22
125185,2018-11-22
125186,2018-11-22
125187,2018-11-22
125189,2014-10-28
125190,2014-10-28
125191,2014-10-28
125192,2018-07-02
125193,2018-07-02
125194,2018-07-02
125195,2018-07-02
125202,2016-11-28
125203,2016-11-28
125204,2016-11-28
125205,2016-11-28
125206,2016-11-28
125207,2016-11-28
125208,2014-11-10
125209,2014-11-10
125210,2014-11-10
125211,2014-11-10
125212,2016-12-13
125213,2016-12-13
125214,2017-01-23
125215,2015-05-12
125216,2022-09-16
125217,2016-12-13
125218,2016-12-13
125219,2015-05-12
125220,2017-01-23
125231,2016-11-08
125232,2016-11-08
125233,2016-11-08
125234,2016-11-08
125235,2014-11-07
125236,2013-12-13
125237,2013-12-13
125238,2013-12-13
125239,2014-01-27
125240,2014-01-27
125241,2014-01-27
125242,2014-01-27
125243,2014-10-30
125244,2016-11-02
125245,2016-11-02
125246,2016-11-02
125247,2014-11-13
125249,2014-11-13
125250,2014-11-13
125251,2014-11-13
125252,2014-11-13
125253,2021-09-17
125254,2021-09-17
125255,2017-07-21
125256,2015-07-01
125257,2017-07-21
125258,2015-07-01
125260,2016-12-06
125261,2016-12-06
125262,2016-12-06
125263,2016-12-06
125270,2018-12-03
125271,2018-12-03
125272,2018-12-03
125273,2018-12-03
125274,2016-11-04
125275,2014-11-20
125276,2014-11-20
125277,2014-11-20
125278,2014-11-20
125279,2014-11-20
125280,2014-11-20
125281,2016-12-28
125283,2015-05-07
125284,2016-12-28
125286,2016-12-28
125289,2015-05-07
125291,2014-02-13
125292,2014-02-13
125293,2014-02-13
125294,2014-02-13
125309,2016-12-05
125310,2016-12-05
125311,2016-12-05
125312,2016-12-05
125313,2015-05-12
125314,2017-07-21
125315,2017-07-21
125316,2017-07-21
125317,2014-11-20
125318,2016-11-28
125319,2016-11-28
125320,2016-11-28
125321,2016-11-29
125322,2016-11-29
125323,2016-11-29
125324,2016-11-29
125325,2016-11-29
125326,2013-12-13
125327,2016-11-29
125328,2014-11-11
125329,2017-06-01
125330,2017-06-01
125331,2017-06-01
125332,2017-06-01
125333,2017-06-01
125334,2017-06-01
125335,2017-06-01
125336,2017-06-01
125338,2014-07-16
125339,2014-04-21
125341,2013-12-08
125348,2014-07-16
125356,2017-07-21
125357,2017-07-21
125358,2017-07-21
125359,2015-06-26
125360,2016-11-29
125361,2016-11-29
125362,2014-11-18
125363,2016-11-29
125364,2013-12-13
125365,2016-11-29
125366,2016-11-29
125367,2014-11-18
125368,2017-01-09
125369,2017-01-09
125371,2017-01-09
125372,2016-11-29
125373,2014-11-17
125374,2014-11-17
125375,2014-11-17
125376,2014-11-17
125377,2016-11-29
125378,2016-11-29
125380,2014-11-17
125381,2014-11-17
125382,2015-01-28
125383,2015-01-28
125384,2015-01-28
125385,2015-01-28
125386,2017-09-14
125387,2017-09-14
125388,2017-09-14
125389,2017-09-14
125390,2016-12-14
125391,2014-12-02
125392,2016-12-14
125393,2016-12-14
125394,2014-03-03
125395,2014-03-03
125396,2014-03-03
125397,2014-03-03
125398,2019-04-08
125399,2019-04-08
125400,2019-04-08
125401,2019-04-08
125403,2014-11-13
125404,2014-11-13
125405,2014-11-13
125406,2014-11-13
125407,2016-11-16
125408,2016-11-16
125409,2016-11-16
125410,2018-12-28
125411,2018-12-28
125413,2016-12-01
125414,2016-12-01
125415,2016-12-01
125416,2016-12-01
125417,2018-01-02
125419,2015-05-28
125420,2018-01-02
125421,2018-01-02
125422,2015-05-28
125423,2016-03-02
125424,2016-03-02
125425,2016-03-02
125426,2017-04-27
125427,2015-05-05
125428,2015-05-05
125429,2017-04-27
125430,2015-05-05
125431,2015-05-05
125432,2017-07-14
125433,2015-05-05
125434,2017-07-14
125435,2017-07-14
125436,2016-12-09
125437,2016-12-09
125438,2016-12-09
125439,2016-12-09
125441,2015-04-09
125442,2018-04-12
125443,2018-04-12
125444,2018-04-12
125445,2018-04-12
125447,2016-12-07
125448,2016-11-24
125449,2016-11-24
125450,2016-12-07
125451,2016-12-07
125452,2017-04-10
125453,2017-04-10
125454,2017-04-10
125455,2017-04-10
125456,2017-04-10
125457,2017-04-10
125458,2016-05-31
125459,2017-04-10
125461,2016-11-24
125462,2015-05-19
125463,2016-11-24
125464,2014-02-26
125465,2014-02-26
125466,2014-02-26
125467,2014-02-26
125468,2016-11-29
125470,2014-12-01
125471,2014-12-01
125472,2016-11-29
125475,2016-11-29
125506,2015-12-17
125508,2015-12-17
125509,2015-12-17
125510,2015-12-17
125517,2016-12-13
125518,2016-12-13
125519,2014-11-21
125520,2016-11-24
125521,2016-11-24
125522,2016-11-24
125523,2016-12-13
125524,2016-12-13
125525,2016-12-13
125526,2016-12-13
125527,2017-07-21
125528,2017-07-21
125529,2015-06-26
125530,2015-06-26
125531,2016-07-07
125532,2016-07-07
125533,2016-07-07
125534,2016-07-07
125535,2015-05-19
125536,2017-06-01
125537,2017-06-01
125538,2015-05-19
125539,2017-06-01
125540,2013-12-13
125541,2017-06-01
125542,2017-06-01
125543,2014-12-01
125544,2016-12-13
125545,2016-12-13
125546,2016-12-13
125547,2016-12-13
125548,2013-12-13
125549,2016-12-13
125550,2016-12-13
125551,2016-12-13
125552,2016-12-13
125553,2014-12-01
125554,2016-12-13
125555,2016-12-13
125556,2016-12-13
125558,2016-12-13
125560,2014-12-01
125561,2014-11-27
125562,2016-12-13
125563,2014-11-27
125564,2016-12-13
125565,2016-12-19
125566,2016-12-19
125567,2016-12-19
125568,2014-12-11
125575,2018-12-17
125576,2018-12-17
125577,2018-12-17
125578,2018-12-17
125580,2014-11-27
125581,2017-11-29
125584,2016-11-28
125585,2014-02-27
125587,2014-02-27
125588,2014-02-27
125590,2014-02-27
125591,2014-12-08
125592,2014-12-08
125593,2014-12-08
125594,2014-12-08
125600,2014-12-08
125602,2016-12-06
125604,2016-12-06
125605,2014-12-08
125607,2014-12-08
125608,2014-12-08
125609,2016-12-28
125612,2015-05-11
125613,2015-05-11
125615,2016-12-28
125616,2016-12-28
125617,2015-05-11
125619,2014-12-01
125621,2016-11-29
125622,2016-11-29
125645,2016-12-29
125646,2014-12-18
125647,2014-12-18
125648,2016-12-29
125649,2014-12-18
125650,2014-12-18
125651,2016-12-23
125652,2016-12-23
125653,2016-12-23
125654,2016-12-23
125655,2016-12-23
125656,2016-12-23
125657,2016-11-30
125658,2016-11-30
125659,2016-11-30
125660,2016-11-30
125661,2014-12-11
125662,2014-12-11
125663,2014-12-11
125664,2014-12-11
125665,2014-12-16
125666,2014-12-16
125667,2014-12-16
125668,2014-12-16
125675,2014-02-28
125676,2014-02-28
125677,2014-02-28
125678,2014-02-28
125680,2014-12-03
125681,2014-12-03
125682,2014-12-03
125683,2017-07-14
125684,2017-07-14
125685,2015-05-05
125686,2017-07-14
125688,2014-12-09
125689,2014-12-09
125694,2014-12-09
125699,2014-03-06
125700,2014-03-06
125701,2014-03-06
125702,2014-03-06
125703,2016-12-20
125704,2016-12-20
125705,2016-12-20
125706,2014-12-09
125707,2013-12-13
125708,2014-12-09
125709,2016-12-20
125710,2014-12-09
125715,2016-12-29
125716,2016-12-29
125717,2016-12-29
125718,2016-12-29
125719,2016-12-08
125720,2016-12-23
125721,2016-12-23
125722,2016-12-23
125723,2016-12-14
125726,2016-12-14
125727,2016-12-14
125732,2014-12-17
125733,2016-12-28
125734,2016-12-28
125735,2016-12-28
125736,2016-12-28
125737,2017-02-22
125738,2017-02-22
125739,2017-02-22
125740,2015-06-02
125741,2017-02-22
125742,2017-02-22
125743,2017-02-22
125744,2017-02-22
125755,2014-12-08
125756,2014-12-08
125757,2014-12-08
125758,2014-12-08
125759,2014-12-08
125761,2014-12-08
125763,2014-12-08
125764,2014-12-08
125766,2014-12-08
125767,2014-12-08
125768,2014-12-08
125769,2017-01-03
125771,2017-01-03
125772,2014-12-22
125773,2017-01-03
125774,2014-12-22
125775,2019-01-03
125776,2019-01-03
125777,2019-01-03
125778,2019-01-03
125779,2014-12-22
125780,2014-12-22
125783,2014-12-08
125785,2014-12-08
125786,2014-12-08
125787,2014-12-08
125788,2014-12-08
125789,2014-03-10
125790,2014-03-10
125791,2014-03-10
125792,2014-03-10
125793,2016-12-19
125794,2016-12-19
125795,2016-12-19
125796,2016-12-19
125797,2014-01-23
125798,2014-01-23
125799,2014-01-23
125800,2014-01-23
125801,2016-12-13
125802,2017-04-12
125803,2017-04-12
125804,2017-04-12
125809,2015-05-12
125811,2017-01-23
125812,2017-01-23
125817,2016-12-30
125818,2016-12-30
125819,2016-12-30
125820,2016-12-30
125821,2014-03-12
125822,2014-03-12
125823,2014-03-12
125824,2014-03-12
125831,2016-12-13
125832,2016-12-13
125833,2014-12-15
125835,2016-12-19
125836,2016-12-19
125837,2016-12-19
125839,2015-04-06
125840,2018-04-09
125841,2015-04-06
125842,2018-04-09
125843,2017-01-04
125844,2017-01-04
125845,2017-01-04
125847,2014-12-23
125848,2014-12-23
125849,2014-12-23
125850,2014-12-23
125851,2016-12-20
125852,2016-12-20
125853,2016-12-20
125855,2014-12-29
125856,2014-12-29
125857,2014-12-29
125858,2014-12-29
125859,2014-12-29
125860,2014-12-29
125865,2017-04-07
125866,2017-04-07
125867,2017-04-07
125868,2017-04-07
125869,2016-12-20
125870,2016-12-20
125871,2014-12-16
125872,2016-12-20
125873,2016-12-20
125874,2014-12-16
125875,2016-12-20
125876,2016-12-20
125883,2015-01-05
125884,2015-01-05
125885,2015-01-05
125886,2015-01-05
125887,2018-12-31
125888,2018-12-31
125889,2018-12-31
125890,2018-12-31
125897,2014-12-22
125898,2014-12-22
125899,2014-12-22
125900,2014-12-22
125901,2016-12-19
125910,2016-12-19
125921,2016-12-13
125922,2016-12-13
125923,2016-12-13
125924,2016-12-13
125925,2014-12-18
125926,2014-12-18
125927,2014-12-18
125928,2014-12-18
125933,2017-04-26
125934,2017-04-26
125942,2014-12-15
125943,2014-12-15
125944,2014-12-15
125945,2014-12-15
125946,2014-12-15
125947,2014-12-15
125952,2022-05-11
125953,2022-05-11
125954,2017-04-26
125956,2017-04-26
125957,2017-04-26
125965,2014-03-18
125966,2014-03-18
125967,2014-03-18
125968,2014-03-18
125969,2018-07-09
125970,2015-04-23
125971,2018-07-09
125972,2018-07-09
125973,2014-12-29
125974,2014-12-29
125975,2014-12-29
125976,2014-12-29
125981,2017-02-22
125982,2017-02-22
125983,2017-02-22
125984,2017-02-22
125985,2014-03-25
125986,2017-02-22
125987,2017-02-22
125988,2014-03-25
125989,2017-01-11
125990,2014-12-22
125991,2017-01-11
125992,2014-12-22
125993,2017-01-11
125994,2017-01-11
125995,2017-01-11
125996,2014-12-22
126013,2016-12-19
126015,2016-12-29
126016,2016-12-19
126017,2016-12-29
126018,2016-12-29
126020,2017-01-03
126021,2017-01-03
126023,2017-01-03
126024,2017-01-03
126030,2022-05-11
126031,2022-05-11
126042,2016-12-28
126044,2015-05-14
126045,2015-05-14
126049,2015-05-14
126050,2016-12-28
126052,2016-11-18
126053,2017-04-13
126054,2016-11-18
126063,2014-12-22
126065,2014-12-22
126066,2014-12-22
126067,2016-12-22
126068,2016-12-22
126070,2015-04-06
126071,2017-04-06
126073,2017-04-06
126086,2019-01-04
126087,2019-01-04
126088,2019-01-04
126089,2014-12-23
126090,2016-12-28
126091,2016-12-28
126092,2014-12-23
126093,2016-12-22
126094,2016-12-22
126095,2016-12-22
126096,2016-12-22
126097,2014-12-17
126098,2014-12-17
126099,2014-12-17
126100,2014-12-17
126101,2014-12-17
126102,2014-12-17
126104,2014-12-17
126105,2014-12-17
126107,2016-12-28
126108,2016-12-28
126110,2016-12-28
126111,2016-12-28
126112,2016-12-28
126113,2017-01-31
126114,2017-01-31
126115,2017-01-31
126116,2017-01-31
126125,2017-04-28
126126,2017-01-18
126127,2017-04-28
126128,2017-04-28
126130,2014-12-29
126131,2014-12-29
126132,2014-12-29
126133,2014-12-29
126134,2014-12-29
126139,2017-06-01
126140,2015-05-14
126141,2017-06-01
126142,2017-06-01
126143,2017-06-01
126144,2017-06-01
126145,2017-06-01
126146,2017-06-01
126147,2017-01-11
126148,2017-01-11
126149,2017-01-11
126150,2014-12-30
126151,2014-12-30
126152,2014-03-25
126153,2017-01-11
126154,2017-01-11
126163,2023-07-09
126164,2019-07-15
126165,2023-07-12
126166,2022-01-07
126167,2017-07-27
126169,2017-07-27
126170,2017-07-27
126171,2017-01-02
126173,2015-01-05
126175,2017-01-02
126180,2015-01-05
126181,2017-02-20
126182,2015-05-19
126183,2015-05-19
126187,2015-05-19
126188,2017-02-20
126192,2014-12-29
126193,2014-12-29
126194,2014-12-29
126196,2017-01-23
126197,2017-01-23
126198,2017-01-23
126200,2017-04-27
126201,2015-05-12
126202,2017-04-27
126203,2017-04-27
126205,2017-01-09
126206,2017-01-09
126207,2017-01-09
126208,2017-01-09
126209,2018-04-09
126210,2018-04-09
126211,2018-04-09
126212,2017-04-10
126219,2015-01-05
126221,2015-01-05
126222,2015-01-05
126223,2015-01-05
126224,2015-01-05
126225,2017-04-05
126228,2017-04-05
126229,2017-04-05
126230,2015-05-12
126231,2019-01-18
126232,2019-01-18
126233,2019-01-18
126234,2019-01-18
126239,2016-11-21
126240,2017-01-17
126241,2017-01-17
126242,2017-01-17
126243,2015-01-06
126244,2017-01-17
126245,2017-01-17
126246,2017-01-17
126247,2017-01-17
126248,2017-02-15
126249,2017-01-16
126250,2017-01-16
126251,2017-02-15
126252,2017-01-16
126254,2017-04-26
126255,2017-04-26
126256,2017-04-26
126259,2015-01-14
126260,2017-01-10
126261,2017-01-10
126266,2017-01-24
126267,2017-01-24
126268,2017-01-24
126269,2017-01-24
126270,2017-01-30
126272,2017-01-30
126273,2015-01-29
126280,2017-04-03
126281,2017-04-05
126282,2017-04-03
126283,2015-07-07
126294,2017-02-20
126296,2017-02-20
126297,2017-02-20
126299,2017-02-20
126304,2015-01-01
126305,2015-01-01
126306,2015-01-01
126307,2015-01-01
126308,2015-01-01
126309,2015-01-01
126310,2015-01-01
126311,2015-01-01
126312,2015-01-01
126314,2016-12-28
126315,2016-12-28
126317,2016-12-28
126319,2016-12-28
126320,2016-12-28
126321,2016-12-28
126323,2016-12-28
126324,2017-04-28
126325,2017-04-28
126326,2015-01-15
126327,2017-01-30
126332,2017-04-28
126333,2015-01-19
126334,2017-04-28
126335,2017-04-28
126346,2017-02-06
126347,2017-02-06
126348,2017-02-06
126349,2017-02-06
126354,2017-07-25
126355,2017-07-25
126356,2017-07-25
126357,2017-07-25
126358,2015-01-08
126359,2015-01-08
126360,2015-01-08
126361,2015-01-08
126362,2015-01-08
126365,2017-01-12
126366,2015-01-12
126367,2017-01-12
126368,2017-01-12
126369,2017-01-12
126370,2015-01-20
126371,2017-01-23
126372,2017-01-23
126373,2015-01-20
126374,2017-04-27
126375,2015-04-20
126376,2017-04-27
126377,2015-04-20
126380,2018-04-05
126381,2018-04-05
126382,2018-04-05
126390,2014-11-25
126395,2015-06-03
126396,2017-07-27
126397,2017-07-27
126399,2015-01-13
126400,2017-01-17
126401,2017-01-17
126402,2017-01-17
126403,2017-01-17
126404,2015-01-13
126405,2017-01-17
126406,2015-01-13
126407,2019-01-28
126408,2019-01-28
126409,2019-01-28
126410,2019-01-28
126413,2017-02-07
126414,2017-02-07
126415,2017-02-07
126416,2017-02-07
126428,2015-04-08
126429,2015-04-08
126432,2015-04-08
126435,2015-04-08
126437,2017-02-06
126438,2017-02-06
126439,2017-02-06
126440,2017-02-06
126447,2016-03-02
126448,2015-05-25
126449,2017-03-27
126450,2017-04-05
126451,2015-05-25
126452,2017-03-27
126453,2017-04-05
126455,2016-03-02
126456,2015-03-03
126457,2016-03-02
126458,2016-03-02
126459,2016-03-02
126460,2016-03-02
126461,2016-03-02
126462,2016-03-02
126463,2017-01-27
126464,2017-01-27
126465,2017-01-27
126466,2017-01-27
126467,2017-01-27
126468,2017-01-27
126469,2017-01-27
126470,2017-01-27
126471,2017-01-31
126472,2017-01-31
126473,2017-04-28
126474,2017-04-28
126475,2017-04-28
126476,2017-04-28
126477,2020-08-17
126478,2018-06-12
126479,2016-05-02
126480,2020-08-17
126481,2015-11-30
126482,2015-11-30
126483,2015-04-15
126484,2017-04-24
126485,2017-04-24
126486,2015-04-15
126487,2017-06-01
126488,2017-06-01
126489,2017-06-01
126490,2014-03-25
126491,2017-06-01
126492,2017-06-01
126493,2015-05-14
126494,2017-06-01
126495,2017-01-27
126496,2017-01-27
126497,2017-01-27
126498,2017-01-27
126499,2017-09-29
126500,2017-09-29
126501,2017-09-29
126502,2017-09-29
126503,2017-04-25
126504,2017-04-25
126505,2017-01-24
126506,2017-01-24
126507,2017-01-24
126508,2017-04-25
126509,2017-04-25
126510,2015-01-19
126511,2015-01-09
126512,2015-01-09
126513,2015-01-09
126514,2015-01-09
126515,2014-04-16
126522,2016-02-18
126524,2014-07-06
126529,2016-03-01
126530,2014-05-15
126532,2014-07-04
126533,2017-01-30
126535,2015-02-02
126536,2017-01-30
126538,2015-02-02
126542,2015-02-02
126546,2018-06-21
126552,2018-06-21
126560,2017-06-14
126561,2017-02-14
126562,2017-06-14
126563,2017-02-14
126564,2017-02-07
126565,2017-02-07
126566,2017-02-07
126567,2017-02-07
126568,2015-01-22
126569,2015-01-22
126571,2015-01-22
126572,2017-02-02
126573,2017-02-02
126574,2017-02-02
126575,2017-02-02
126580,2017-04-05
126581,2017-04-05
126582,2017-04-05
126583,2017-04-05
126590,2015-01-29
126591,2015-01-29
126592,2015-01-29
126593,2015-01-29
126594,2015-01-21
126595,2015-01-21
126597,2015-01-21
126598,2017-04-05
126599,2017-04-05
126600,2017-04-05
126601,2017-04-05
126602,2017-02-13
126603,2017-02-13
126604,2017-02-13
126605,2015-01-27
126606,2017-02-13
126607,2017-02-13
126608,2017-02-13
126609,2017-02-13
126610,2017-02-09
126611,2017-02-09
126612,2015-01-19
126613,2015-01-19
126614,2015-01-19
126615,2015-01-19
126616,2015-01-19
126618,2016-11-24
126619,2016-11-24
126620,2017-06-01
126621,2015-05-18
126622,2017-06-01
126623,2017-06-01
126624,2015-05-18
126625,2015-05-18
126626,2017-06-01
126627,2015-05-18
126628,2015-01-08
126629,2015-01-08
126630,2015-01-08
126631,2015-01-08
126632,2015-01-08
126633,2015-01-08
126634,2015-01-08
126635,2015-01-08
126636,2015-01-08
126637,2017-02-23
126638,2017-02-23
126639,2017-02-23
126640,2017-02-23
126641,2017-07-27
126642,2017-07-27
126643,2015-05-27
126644,2015-05-27
126645,2018-05-15
126646,2018-05-15
126647,2017-05-04
126648,2015-04-30
126649,2015-04-30
126650,2015-04-30
126651,2015-04-30
126652,2017-05-04
126653,2015-04-30
126654,2018-05-15
126655,2017-01-23
126656,2017-01-23
126657,2017-01-23
126658,2017-01-23
126659,2017-01-23
126660,2017-01-23
126661,2017-01-23
126662,2017-01-23
126663,2017-01-23
126664,2017-01-23
126665,2017-04-03
126666,2017-04-05
126671,2015-01-22
126672,2015-01-22
126673,2015-01-22
126674,2015-01-22
126675,2017-02-21
126676,2017-02-21
126677,2017-02-21
126678,2017-02-21
126679,2015-02-09
126680,2015-02-09
126681,2015-02-09
126682,2015-02-09
126683,2017-02-20
126684,2017-02-20
126691,2017-04-25
126692,2017-04-25
126693,2014-11-05
126694,2014-11-05
126695,2014-11-05
126696,2014-11-05
126697,2018-04-09
126698,2018-04-09
126699,2018-04-09
126701,2017-04-24
126702,2017-04-24
126703,2015-04-15
126705,2014-03-25
126706,2017-02-13
126707,2014-03-25
126708,2015-01-28
126709,2017-02-13
126710,2014-03-25
126711,2014-03-25
126712,2015-01-28
126713,2017-02-07
126719,2017-02-07
126720,2017-02-07
126722,2017-02-07
126733,2015-01-27
126735,2015-01-27
126736,2015-01-27
126737,2015-01-27
126738,2015-01-27
126743,2017-04-12
126744,2017-04-12
126745,2017-04-12
126746,2017-04-12
126747,2015-01-21
126748,2017-01-24
126749,2017-01-24
126750,2015-01-21
126756,2018-04-17
126757,2018-04-17
126758,2015-04-15
126759,2018-04-17
126765,2014-03-25
126766,2019-06-03
126767,2019-06-03
126768,2019-06-03
126769,2019-06-03
126770,2019-06-03
126771,2019-06-03
126772,2019-06-03
126773,2015-05-14
126774,2015-05-14
126775,2017-06-01
126776,2014-03-25
126777,2015-05-14
126778,2017-06-01
126779,2017-06-01
126780,2017-06-01
126782,2017-05-15
126783,2017-05-15
126784,2017-05-15
126786,2015-05-11
126787,2017-05-15
126788,2017-05-15
126789,2015-05-11
126790,2015-05-11
126791,2017-02-20
126796,2017-02-20
126798,2015-02-23
126799,2017-02-20
126801,2017-05-19
126802,2018-07-09
126803,2017-05-19
126804,2018-07-09
126805,2018-06-20
126807,2015-04-08
126808,2018-06-20
126810,2018-06-20
126815,2017-06-14
126816,2017-02-20
126817,2018-09-24
126818,2015-02-05
126819,2017-02-07
126820,2017-02-07
126823,2017-02-07
126829,2017-05-15
126830,2017-05-15
126831,2017-05-15
126832,2017-05-15
126833,2015-02-09
126836,2015-02-09
126839,2015-04-07
126840,2015-04-07
126843,2015-04-07
126844,2015-04-07
126845,2019-02-18
126846,2019-02-18
126847,2019-02-18
126848,2019-02-18
126849,2016-03-02
126853,2016-03-02
126854,2015-04-13
126855,2015-04-13
126865,2015-02-03
126866,2015-02-03
126867,2014-05-01
126869,2014-05-01
126870,2014-05-01
126872,2014-05-01
126873,2017-02-06
126874,2017-02-06
126877,2017-04-17
126878,2014-03-25
126879,2017-04-17
126880,2015-02-03
126881,2015-02-03
126882,2015-02-03
126883,2017-04-17
126884,2017-04-17
126885,2014-04-29
126886,2014-04-29
126887,2014-04-29
126888,2014-04-29
126889,2017-05-05
126890,2015-02-10
126891,2017-05-05
126892,2015-02-10
126893,2017-03-14
126894,2017-03-14
126895,2017-03-14
126896,2017-03-14
126898,2017-03-01
126899,2017-03-01
126900,2017-03-01
126901,2017-03-01
126902,2019-02-18
126903,2019-02-18
126904,2019-02-18
126905,2019-02-18
126908,2018-04-09
126909,2015-04-06
126911,2018-04-09
126912,2017-04-05
126914,2017-04-05
126915,2017-04-05
126917,2015-01-28
126918,2015-01-28
126919,2015-01-28
126922,2015-02-10
126926,2015-02-10
126927,2017-06-14
126928,2017-06-14
126929,2017-06-14
126930,2015-02-12
126931,2015-04-10
126932,2015-04-10
126934,2015-04-10
126935,2018-04-25
126936,2018-04-25
126943,2015-04-08
126946,2015-04-08
126949,2015-04-08
126955,2017-08-18
126956,2017-08-18
126957,2017-08-18
126958,2017-08-18
126959,2015-02-09
126960,2017-02-06
126961,2017-02-06
126962,2017-02-06
126963,2017-02-13
126964,2017-02-13
126965,2017-02-13
126967,2018-04-10
126968,2018-04-10
126969,2018-04-10
126970,2018-04-10
126971,2018-04-09
126972,2018-04-09
126973,2018-04-09
126974,2015-04-06
126975,2018-08-16
126976,2018-08-16
126977,2018-08-16
126978,2018-08-16
126983,2017-04-10
126984,2017-04-10
126985,2017-02-06
126986,2017-04-10
126987,2017-04-10
126988,2015-02-05
126989,2017-04-10
126990,2017-04-10
126991,2017-04-10
126992,2017-04-10
126993,2014-03-25
126994,2017-04-10
126995,2017-04-10
126996,2014-03-25
126997,2015-02-18
126998,2015-02-18
126999,2015-02-18
127000,2015-02-18
127001,2017-04-27
127002,2015-04-20
127003,2015-04-20
127004,2017-04-27
127005,2015-05-05
127006,2014-03-25
127007,2017-06-13
127008,2017-06-13
127009,2017-06-13
127010,2017-06-13
127011,2017-06-13
127012,2017-06-13
127014,2015-02-16
127015,2015-02-16
127016,2015-02-16
127017,2015-02-16
127018,2015-02-16
127019,2017-04-17
127020,2017-04-17
127021,2015-02-10
127022,2015-02-10
127023,2017-04-17
127024,2017-04-17
127025,2017-04-17
127026,2017-04-17
127027,2014-04-29
127028,2014-04-29
127029,2014-04-29
127030,2014-04-29
127031,2018-07-09
127032,2018-07-09
127033,2018-07-09
127035,2014-05-13
127036,2014-05-13
127038,2014-05-13
127041,2014-03-13
127043,2014-03-13
127045,2014-04-03
127046,2014-04-03
127047,2014-04-03
127048,2014-04-03
127049,2017-03-10
127050,2017-03-10
127051,2017-03-10
127052,2017-03-10
127054,2015-02-09
127055,2015-02-09
127056,2015-02-09
127057,2015-02-09
127058,2015-02-09
127060,2015-04-06
127062,2017-04-10
127063,2017-04-10
127064,2017-04-10
127066,2017-04-24
127067,2017-04-24
127068,2015-04-17
127069,2017-04-24
127074,2017-03-23
127075,2017-03-23
127076,2015-02-09
127078,2015-02-09
127080,2017-04-24
127081,2015-04-16
127082,2017-04-24
127083,2017-04-24
127085,2015-02-23
127086,2015-02-23
127087,2015-02-23
127088,2015-02-23
127093,2016-03-02
127095,2016-03-02
127097,2015-04-13
127099,2015-02-20
127101,2015-02-20
127102,2015-02-20
127111,2017-04-11
127112,2015-04-07
127113,2017-04-11
127114,2017-04-11
127115,2018-04-17
127116,2018-04-17
127118,2017-04-05
127119,2017-04-05
127120,2015-02-09
127121,2015-02-09
127122,2015-02-09
127124,2015-02-09
127126,2017-05-16
127127,2017-05-16
127128,2015-02-20
127129,2017-02-27
127131,2017-02-27
127132,2017-02-27
127134,2017-04-11
127135,2015-05-11
127136,2017-04-11
127145,2015-02-26
127146,2017-06-06
127148,2015-02-26
127149,2017-06-06
127150,2015-02-26
127151,2016-11-24
127152,2016-11-24
127155,2016-11-24
127157,2016-11-24
127158,2015-12-30
127161,2016-11-24
127164,2016-11-24
127165,2018-06-20
127166,2015-04-08
127167,2015-04-08
127168,2015-04-08
127170,2015-04-08
127172,2018-06-20
127173,2015-04-09
127174,2015-04-09
127175,2015-04-09
127177,2015-02-18
127178,2015-02-18
127179,2015-02-18
127185,2017-04-11
127187,2017-04-11
127188,2017-04-11
127197,2015-02-16
127198,2015-02-16
127199,2015-02-16
127200,2015-02-16
127201,2015-02-10
127202,2017-04-17
127203,2017-04-17
127204,2015-02-10
127205,2014-03-25
127206,2015-02-10
127207,2017-04-17
127208,2014-03-25
127209,2017-04-05
127210,2017-04-05
127213,2015-04-16
127214,2015-04-16
127216,2017-04-05
127219,2017-06-13
127220,2014-03-25
127221,2017-06-13
127222,2017-06-13
127223,2017-06-13
127224,2015-05-05
127225,2017-06-13
127226,2017-06-13
127227,2017-05-03
127228,2017-05-03
127229,2017-05-03
127230,2017-05-03
127231,2017-06-14
127232,2015-02-20
127233,2017-06-14
127234,2015-02-20
127235,2016-02-26
127236,2018-03-12
127238,2018-03-12
127239,2017-08-04
127240,2017-08-04
127241,2016-06-06
127242,2017-08-04
127245,2015-02-12
127246,2015-02-12
127247,2015-02-12
127249,2014-05-19
127250,2014-05-19
127251,2014-05-19
127252,2014-05-19
127253,2014-05-19
127254,2014-05-19
127255,2017-02-20
127256,2017-02-20
127257,2015-02-20
127258,2015-02-20
127259,2018-05-23
127260,2018-05-23
127261,2018-05-23
127262,2018-05-23
127264,2017-04-07
127265,2015-02-26
127266,2017-04-07
127268,2017-04-07
127269,2017-04-07
127270,2017-04-07
127271,2017-04-07
127272,2018-04-18
127273,2015-04-16
127274,2018-04-18
127276,2018-04-18
127278,2017-04-06
127279,2017-04-06
127280,2017-04-06
127291,2015-04-06
127292,2015-04-06
127293,2015-04-06
127294,2015-04-06
127296,2018-04-09
127298,2015-04-06
127299,2018-04-09
127300,2017-02-27
127301,2017-02-27
127302,2017-02-27
127303,2015-03-04
127304,2022-03-13
127305,2022-03-13
127307,2022-03-13
127308,2022-03-13
127310,2022-03-13
127311,2022-03-13
127313,2022-03-13
127315,2022-03-13
127319,2022-03-13
127320,2022-03-13
127323,2016-03-02
127324,2015-03-31
127326,2016-03-02
127327,2015-03-31
127328,2015-03-31
127333,2014-05-19
127334,2014-05-19
127335,2014-05-19
127336,2014-05-19
127337,2018-04-16
127338,2017-04-17
127339,2018-04-16
127340,2017-04-17
127341,2015-02-13
127342,2017-02-16
127343,2017-02-16
127344,2017-02-16
127346,2015-02-16
127347,2017-04-17
127348,2015-02-16
127349,2017-04-17
127350,2015-02-16
127351,2017-03-10
127352,2017-03-10
127353,2015-02-26
127354,2017-03-10
127359,2017-04-21
127360,2017-04-21
127361,2017-04-21
127362,2017-04-21
127363,2017-04-17
127364,2015-02-18
127365,2017-04-17
127366,2015-02-18
127367,2017-04-17
127368,2015-02-18
127369,2017-04-17
127370,2015-02-18
127371,2017-04-17
127372,2014-03-25
127373,2015-02-18
127374,2014-03-25
127375,2017-04-17
127376,2017-04-17
127377,2015-02-18
127378,2014-03-25
127379,2017-03-14
127380,2017-03-14
127381,2017-03-14
127382,2017-03-14
127383,2015-02-25
127384,2015-02-25
127386,2015-02-25
127387,2017-05-26
127388,2017-05-26
127389,2017-02-27
127390,2017-02-27
127392,2016-03-02
127393,2015-04-07
127394,2015-04-07
127395,2018-04-10
127396,2015-04-07
127397,2015-04-07
127398,2018-04-10
127399,2017-08-24
127400,2017-05-29
127401,2017-05-29
127402,2017-02-27
127403,2015-05-19
127404,2017-04-05
127405,2017-04-05
127406,2017-04-05
127407,2017-04-05
127409,2015-02-23
127411,2015-02-23
127412,2015-02-23
127416,2015-02-26
127418,2015-02-26
127422,2016-03-02
127423,2016-03-02
127424,2016-03-02
127425,2015-02-23
127426,2015-02-23
127428,2015-04-06
127429,2015-04-06
127431,2015-04-06
127432,2017-06-13
127433,2015-05-05
127434,2017-06-13
127435,2015-05-05
127436,2017-06-13
127437,2017-06-13
127438,2017-06-13
127439,2017-06-13
127440,2015-03-02
127441,2015-03-02
127442,2015-03-02
127444,2018-04-17
127445,2018-04-17
127446,2017-04-13
127447,2017-04-13
127452,2018-04-17
127453,2017-04-13
127456,2017-06-06
127457,2015-03-03
127459,2017-06-06
127460,2018-04-24
127461,2018-04-24
127465,2015-02-18
127466,2015-02-18
127467,2017-04-19
127469,2015-02-18
127472,2017-04-17
127473,2017-04-17
127474,2017-04-17
127475,2017-04-17
127477,2015-02-23
127478,2015-02-23
127479,2015-02-23
127480,2017-05-02
127481,2017-05-02
127483,2015-04-27
127484,2015-02-20
127486,2017-04-05
127487,2015-02-20
127488,2015-02-20
127489,2017-04-05
127490,2018-06-21
127494,2018-06-21
127498,2017-03-06
127499,2017-03-06
127500,2017-03-06
127501,2015-03-09
127502,2015-02-23
127503,2015-02-23
127504,2015-02-23
127507,2015-03-09
127509,2015-03-09
127514,2017-04-11
127515,2018-04-10
127516,2018-04-10
127517,2015-04-07
127518,2014-05-21
127519,2014-05-21
127520,2014-05-21
127521,2014-05-21
127522,2017-04-21
127523,2017-04-21
127525,2017-04-21
127529,2015-04-06
127530,2015-04-06
127532,2015-04-06
127534,2017-04-05
127535,2017-04-05
127536,2015-03-09
127537,2018-07-16
127538,2018-07-16
127539,2015-03-09
127540,2018-06-08
127541,2018-06-08
127542,2015-04-06
127543,2015-04-06
127544,2018-06-08
127545,2015-04-06
127546,2018-06-08
127547,2018-06-08
127548,2015-02-24
127549,2015-02-24
127550,2017-04-17
127551,2015-02-24
127552,2017-04-17
127553,2017-04-17
127554,2017-04-17
127555,2015-02-24
127556,2020-05-26
127557,2020-05-26
127558,2016-04-28
127559,2017-05-03
127560,2020-05-26
127561,2016-04-28
127562,2017-05-03
127563,2020-05-26
127564,2015-03-05
127565,2015-03-05
127566,2015-03-05
127567,2015-03-05
127568,2015-04-06
127569,2015-04-06
127570,2015-04-06
127571,2015-04-06
127574,2017-03-21
127575,2017-03-21
127576,2017-03-21
127577,2017-03-21
127578,2014-06-06
127579,2014-06-06
127580,2014-06-06
127581,2014-06-06
127589,2017-04-05
127590,2015-02-23
127591,2015-02-23
127592,2017-04-05
127593,2015-02-26
127594,2017-04-05
127596,2017-04-05
127597,2017-04-05
127598,2015-02-26
127599,2015-04-07
127600,2015-04-07
127601,2018-04-10
127603,2018-04-10
127604,2018-04-10
127606,2015-03-09
127607,2017-06-19
127608,2015-03-09
127609,2015-03-09
127610,2017-06-19
127611,2015-02-26
127613,2015-02-26
127614,2015-02-26
127616,2015-03-03
127617,2017-04-07
127618,2017-04-07
127619,2017-04-07
127621,2015-02-23
127622,2015-02-23
127623,2015-02-23
127624,2015-02-25
127625,2015-02-25
127626,2015-02-25
127627,2015-02-25
127628,2019-03-22
127629,2019-03-22
127630,2018-04-24
127631,2018-04-24
127633,2015-04-20
127634,2017-04-18
127637,2015-04-20
127640,2019-02-27
127641,2019-02-27
127642,2019-02-27
127644,2019-02-27
127645,2019-02-27
127646,2019-02-27
127648,2019-02-27
127650,2017-04-03
127651,2017-04-03
127652,2015-04-24
127663,2015-04-06
127664,2017-04-11
127665,2017-04-11
127667,2017-04-11
127668,2019-03-11
127669,2019-03-11
127670,2019-03-11
127671,2019-03-11
127672,2015-03-05
127673,2015-03-05
127676,2015-03-05
127678,2015-03-05
127684,2018-06-21
127687,2018-06-21
127690,2017-03-14
127692,2017-03-14
127695,2015-03-02
127697,2015-03-02
127698,2015-03-02
127706,2015-04-07
127708,2018-04-11
127709,2015-04-07
127710,2018-04-11
127711,2018-04-11
127712,2017-04-07
127713,2015-03-05
127714,2017-04-07
127715,2015-03-05
127716,2018-06-25
127717,2018-06-25
127718,2018-06-25
127719,2015-03-09
127720,2018-07-09
127721,2017-04-26
127722,2018-07-09
127724,2020-05-14
127725,2017-04-28
127726,2020-05-14
127727,2020-05-14
127728,2015-04-06
127729,2015-04-06
127730,2015-04-06
127732,2018-06-08
127733,2018-06-08
127734,2018-06-08
127735,2018-06-08
127737,2015-03-12
127740,2015-03-12
127754,2014-03-25
127755,2014-03-25
127756,2017-06-28
127757,2014-03-25
127758,2017-06-28
127759,2014-03-25
127760,2015-03-03
127761,2015-03-03
127762,2017-06-13
127763,2015-05-05
127764,2014-03-25
127765,2017-06-13
127766,2015-05-05
127767,2017-06-13
127768,2014-03-25
127769,2014-03-25
127778,2015-03-09
127779,2015-03-09
127782,2015-03-09
127784,2015-03-09
127792,2015-04-06
127793,2015-04-06
127796,2015-04-06
127797,2015-04-06
127798,2014-06-05
127799,2014-06-05
127800,2014-06-05
127801,2014-06-05
127803,2015-03-02
127804,2015-03-02
127805,2015-03-02
127806,2017-03-08
127807,2017-03-08
127808,2017-03-08
127810,2018-04-09
127811,2018-04-09
127812,2015-03-02
127813,2018-04-09
127815,2018-04-17
127816,2018-04-17
127817,2017-04-13
127818,2015-03-05
127819,2017-04-13
127820,2015-03-05
127821,2015-03-05
127822,2015-03-05
127823,2015-03-05
127824,2015-03-05
127825,2015-03-02
127827,2017-04-05
127829,2017-03-02
127830,2017-04-05
127833,2018-04-11
127834,2015-04-08
127835,2018-04-11
127836,2018-04-11
127837,2015-04-06
127839,2015-04-06
127840,2015-04-06
127841,2015-04-06
127843,2017-04-21
127844,2017-04-21
127845,2015-02-26
127846,2015-02-26
127847,2015-02-26
127848,2015-02-26
127854,2017-03-20
127855,2017-06-19
127856,2015-03-18
127857,2015-03-18
127858,2017-06-19
127859,2018-05-02
127860,2015-04-06
127861,2018-05-02
127862,2018-05-02
127863,2018-03-12
127864,2018-03-12
127871,2018-04-09
127872,2018-04-09
127873,2018-04-09
127874,2018-04-09
127875,2015-03-05
127877,2015-03-05
127878,2015-03-05
127880,2015-04-09
127881,2015-04-09
127882,2015-04-09
127886,2015-03-09
127887,2015-03-09
127890,2015-03-09
127891,2015-03-09
127892,2015-04-06
127893,2015-04-06
127894,2015-04-06
127897,2015-04-06
127898,2017-03-20
127899,2017-03-20
127900,2017-03-21
127901,2017-03-20
127906,2015-04-06
127907,2015-04-06
127908,2015-04-06
127909,2015-04-06
127910,2018-08-16
127911,2018-08-16
127912,2018-08-16
127913,2018-08-16
127914,2015-04-06
127915,2015-04-06
127916,2015-04-06
127917,2015-04-06
127918,2017-03-27
127919,2017-03-27
127920,2017-03-27
127921,2017-03-27
127922,2020-05-26
127923,2015-03-09
127924,2020-05-26
127925,2015-03-09
127926,2015-03-09
127927,2015-03-09
127928,2020-05-26
127929,2015-03-09
127930,2017-06-01
127931,2017-06-01
127932,2017-06-01
127933,2017-06-01
127934,2017-06-01
127935,2017-06-01
127936,2017-06-01
127937,2017-06-01
127938,2018-06-21
127939,2015-04-08
127940,2018-06-21
127944,2018-06-21
127945,2015-04-08
127947,2017-03-14
127950,2017-03-14
127955,2015-03-09
127956,2015-03-09
127957,2015-03-09
127958,2015-04-06
127959,2017-04-06
127960,2015-04-06
127961,2017-04-06
127962,2017-04-25
127963,2017-04-25
127965,2017-04-25
127967,2016-03-03
127968,2014-09-18
127969,2016-03-03
127970,2014-04-21
127971,2015-08-10
127972,2017-04-26
127973,2017-04-26
127974,2017-04-26
127975,2017-04-26
127978,2016-03-02
127980,2016-03-02
127981,2015-04-06
127985,2015-04-06
127986,2015-04-06
127987,2017-04-11
127988,2017-04-11
127989,2015-04-06
127990,2017-04-05
127992,2017-04-05
127993,2017-04-05
127994,2017-03-06
127996,2014-04-03
127997,2014-04-03
127998,2014-04-03
127999,2014-04-03
128000,2015-03-09
128002,2017-04-05
128003,2017-03-09
128004,2015-03-09
128005,2017-04-05
128007,2021-09-17
128008,2021-09-17
128010,2018-06-20
128014,2018-06-20
128016,2015-04-06
128018,2014-06-09
128019,2014-06-09
128020,2014-06-09
128021,2014-06-09
128024,2016-03-02
128026,2016-03-02
128027,2015-04-30
128029,2015-04-30
128038,2018-04-04
128039,2018-04-04
128040,2018-04-04
128041,2015-04-06
128042,2017-04-19
128043,2015-04-06
128044,2017-04-19
128045,2015-04-06
128054,2016-02-02
128055,2016-02-02
128056,2015-04-07
128057,2016-02-02
128058,2017-04-13
128059,2015-03-16
128060,2017-04-13
128061,2015-03-16
128062,2015-03-16
128063,2015-03-16
128064,2015-03-16
128067,2015-03-23
128068,2015-03-23
128072,2015-03-23
128074,2015-04-13
128075,2018-07-09
128076,2018-07-09
128077,2017-04-26
128081,2018-07-16
128082,2018-07-16
128084,2015-04-06
128085,2015-03-16
128086,2015-03-16
128088,2015-03-16
128094,2016-03-02
128096,2016-03-02
128098,2016-03-02
128099,2016-03-02
128105,2015-03-23
128106,2017-06-27
128107,2017-03-27
128108,2017-06-27
128109,2017-06-27
128110,2020-04-24
128111,2017-08-04
128112,2017-08-04
128113,2017-08-04
128114,2017-08-04
128123,2015-04-06
128124,2015-04-06
128126,2015-04-06
128127,2017-04-13
128129,2015-04-06
128130,2017-04-13
128131,2015-04-06
128132,2017-04-13
128133,2015-04-06
128134,2015-04-06
128135,2015-04-06
128136,2015-04-06
128137,2018-06-05
128138,2018-06-05
128139,2014-03-24
128140,2018-06-05
128147,2017-04-17
128148,2017-04-17
128149,2017-04-17
128151,2017-04-17
128157,2017-04-03
128158,2017-04-03
128160,2017-04-03
128161,2017-03-14
128162,2017-03-14
128163,2017-03-14
128164,2017-03-14
128165,2018-04-04
128166,2018-04-04
128167,2018-04-04
128168,2018-04-04
128169,2017-03-14
128171,2017-04-05
128172,2015-03-12
128173,2015-03-12
128174,2017-04-05
128175,2017-04-07
128176,2017-04-07
128177,2017-04-07
128178,2017-04-07
128179,2015-03-23
128180,2017-04-26
128181,2017-04-26
128183,2017-04-24
128184,2017-04-24
128185,2017-04-24
128187,2018-04-18
128188,2015-04-15
128190,2018-04-18
128191,2015-04-15
128193,2014-06-09
128194,2014-06-09
128195,2014-06-09
128196,2014-06-09
128197,2015-03-25
128198,2017-04-26
128199,2017-04-26
128201,2018-07-09
128202,2015-04-06
128203,2018-07-09
128204,2017-04-24
128205,2017-04-21
128206,2017-04-21
128207,2017-04-21
128208,2017-04-21
128209,2017-03-31
128210,2017-03-31
128211,2017-03-31
128212,2017-03-31
128213,2017-04-05
128214,2017-04-05
128221,2018-06-20
128223,2015-04-06
128225,2015-04-06
128226,2018-06-20
128227,2015-04-06
128228,2015-04-06
128229,2014-06-16
128230,2014-06-16
128231,2014-06-16
128232,2014-06-16
128237,2017-05-02
128238,2015-03-10
128239,2014-03-25
128240,2017-05-02
128241,2015-03-10
128242,2015-03-10
128243,2014-03-25
128244,2017-05-02
128245,2017-04-11
128246,2017-04-11
128247,2017-04-11
128253,2015-03-13
128254,2015-03-13
128257,2016-11-24
128258,2016-11-24
128259,2016-11-24
128265,2018-04-09
128266,2018-04-09
128267,2018-04-09
128268,2015-03-31
128269,2017-05-23
128270,2014-03-25
128271,2017-06-28
128272,2015-04-15
128273,2017-06-28
128274,2017-05-23
128275,2017-06-28
128276,2015-04-15
128277,2017-04-05
128279,2015-04-13
128281,2015-04-13
128282,2017-04-05
128286,2017-04-05
128287,2017-04-05
128288,2015-03-17
128290,2017-04-05
128292,2015-03-17
128294,2015-03-17
128295,2017-04-05
128296,2015-03-17
128297,2019-06-26
128298,2019-06-26
128299,2018-04-09
128300,2018-04-09
128301,2018-04-09
128302,2018-04-09
128303,2018-04-16
128304,2018-04-16
128305,2018-04-16
128306,2015-04-13
128308,2018-04-16
128309,2017-04-10
128310,2015-03-16
128311,2017-04-10
128312,2017-04-10
128313,2014-04-09
128314,2014-04-09
128315,2014-04-09
128316,2014-04-09
128317,2019-03-29
128318,2019-03-29
128319,2019-03-29
128320,2019-03-29
128321,2018-04-03
128323,2018-04-03
128324,2015-03-10
128325,2017-04-05
128326,2017-04-05
128327,2017-04-05
128328,2017-04-05
128341,2015-04-06
128342,2017-04-11
128343,2015-04-06
128344,2015-04-06
128345,2017-04-11
128346,2015-03-25
128347,2015-03-25
128350,2017-04-19
128352,2017-04-19
128353,2015-04-06
128354,2017-04-03
128356,2017-04-03
128357,2017-04-03
128358,2017-04-18
128359,2017-04-18
128360,2017-04-18
128361,2017-04-18
128362,2015-03-31
128364,2018-04-09
128365,2018-04-09
128366,2015-04-13
128367,2015-04-13
128368,2015-04-13
128369,2015-04-13
128375,2015-03-30
128376,2017-04-03
128377,2015-03-30
128378,2017-04-03
128379,2017-04-03
128380,2015-03-30
128384,2016-03-02
128385,2016-03-02
128388,2018-04-09
128389,2015-04-06
128390,2018-04-09
128391,2015-04-06
128392,2017-04-10
128393,2015-03-23
128394,2017-04-10
128395,2017-04-10
128396,2018-04-09
128397,2018-04-09
128398,2018-04-09
128399,2018-04-09
128400,2018-04-09
128401,2018-04-09
128402,2018-04-09
128403,2018-04-09
128404,2015-03-30
128405,2015-03-30
128406,2015-03-30
128407,2015-03-30
128408,2017-04-06
128409,2015-04-06
128410,2017-04-06
128411,2017-04-06
128412,2015-04-07
128413,2015-04-07
128414,2015-04-07
128415,2015-04-07
128417,2015-04-07
128418,2015-03-26
128419,2015-03-26
128421,2015-03-26
128423,2015-03-26
128424,2019-04-04
128425,2019-04-04
128426,2019-04-04
128427,2019-04-04
128428,2019-04-04
128429,2019-04-04
128448,2014-06-25
128449,2014-06-25
128450,2014-06-25
128451,2014-06-25
128452,2015-03-16
128453,2015-03-16
128454,2017-04-05
128455,2015-03-16
128456,2017-04-05
128457,2015-03-16
128458,2017-04-21
128459,2017-03-23
128460,2017-04-21
128461,2017-03-23
128474,2018-06-20
128475,2018-06-20
128478,2015-04-06
128479,2015-04-06
128486,2017-04-10
128487,2015-04-06
128488,2015-04-06
128489,2017-04-10
128490,2017-04-10
128492,2019-04-04
128493,2019-04-04
128494,2019-04-04
128495,2019-04-04
128496,2018-07-09
128497,2017-04-24
128498,2018-07-09
128499,2017-04-24
128504,2015-03-23
128506,2017-04-05
128507,2017-03-23
128508,2015-03-23
128509,2017-04-05
128510,2015-04-07
128511,2018-05-02
128512,2015-04-07
128513,2018-05-02
128514,2015-04-08
128515,2018-05-02
128516,2018-05-02
128517,2015-04-08
128518,2017-04-25
128520,2017-04-25
128521,2015-04-13
128535,2015-03-09
128537,2015-03-09
128538,2023-06-06
128539,2023-06-06
128540,2023-06-06
128541,2023-06-06
128542,2023-06-06
128543,2023-06-06
128544,2023-06-06
128545,2023-06-06
128546,2017-04-05
128549,2017-04-05
128550,2017-04-05
128551,2016-04-07
128553,2016-04-07
128554,2017-04-25
128555,2015-04-23
128556,2015-04-23
128557,2018-05-03
128558,2018-05-03
128559,2017-04-25
128560,2015-04-23
128564,2019-03-19
128565,2019-03-19
128567,2019-03-19
128568,2019-03-19
128569,2019-03-19
128570,2019-03-19
128571,2019-03-19
128573,2019-03-19
128574,2018-04-11
128575,2018-04-11
128576,2015-04-07
128578,2017-04-03
128579,2017-04-03
128580,2015-04-15
128582,2018-05-02
128583,2015-04-08
128584,2018-05-02
128585,2018-05-02
128586,2015-04-06
128587,2018-05-03
128588,2018-05-03
128589,2015-04-06
128590,2015-03-31
128591,2015-03-31
128592,2015-03-31
128594,2015-03-19
128595,2015-03-19
128596,2015-03-19
128597,2015-03-19
128598,2017-05-16
128599,2017-05-16
128600,2017-06-28
128601,2015-04-07
128602,2017-06-28
128603,2017-05-16
128604,2017-06-28
128605,2015-04-07
128606,2017-05-02
128607,2017-05-02
128608,2017-05-02
128609,2015-03-16
128610,2014-03-25
128611,2017-05-02
128612,2015-03-16
128613,2017-05-02
128614,2016-03-02
128615,2016-03-02
128618,2016-03-02
128619,2016-03-02
128621,2016-03-02
128635,2018-07-16
128636,2014-04-09
128637,2018-07-16
128638,2017-04-26
128642,2017-04-10
128643,2015-04-06
128644,2017-04-10
128645,2017-04-10
128646,2018-07-09
128648,2018-07-09
128649,2017-04-24
128650,2017-04-17
128651,2015-03-30
128652,2017-04-17
128653,2017-04-17
128657,2016-03-02
128659,2016-03-02
128660,2015-03-31
128661,2017-04-18
128662,2017-04-18
128663,2015-03-23
128665,2015-03-23
128667,2017-04-18
128668,2015-03-23
128669,2015-03-23
128670,2015-03-23
128671,2018-05-11
128673,2017-05-02
128674,2018-05-11
128675,2015-04-06
128676,2015-04-06
128677,2015-04-06
128678,2015-04-06
128685,2017-04-18
128686,2017-04-18
128687,2017-04-18
128688,2017-04-18
128689,2017-05-05
128690,2017-05-05
128691,2017-05-05
128692,2017-05-05
128693,2018-04-10
128694,2017-04-11
128695,2018-04-10
128696,2015-04-07
128697,2015-03-30
128700,2015-03-30
128701,2017-04-06
128702,2017-04-06
128703,2017-04-06
128704,2017-04-06
128706,2016-03-02
128707,2017-05-02
128708,2015-03-19
128709,2015-03-19
128710,2017-05-02
128711,2015-03-19
128712,2017-05-02
128713,2017-05-02
128714,2017-05-02
128716,2016-03-02
128718,2016-03-02
128719,2016-03-02
128724,2015-04-06
128725,2015-04-06
128726,2015-04-06
128727,2015-04-06
128729,2016-03-02
128730,2016-03-02
128735,2014-11-07
128736,2017-03-24
128737,2017-04-10
128738,2017-04-10
128739,2017-04-10
128740,2017-04-10
128741,2017-04-10
128742,2017-04-10
128743,2014-06-19
128744,2014-06-19
128745,2014-06-19
128746,2014-06-19
128747,2015-04-06
128748,2015-04-06
128749,2015-04-06
128751,2016-11-03
128752,2017-04-05
128753,2017-04-05
128754,2017-04-05
128755,2017-04-05
128756,2017-04-03
128758,2017-04-05
128759,2015-04-15
128760,2015-04-06
128761,2015-04-06
128764,2015-04-06
128765,2015-04-06
128767,2015-04-06
128769,2015-04-06
128770,2015-03-25
128772,2015-03-25
128774,2015-03-25
128775,2015-03-25
128776,2017-05-16
128777,2014-11-07
128778,2017-05-16
128779,2017-06-28
128780,2017-05-16
128781,2017-06-28
128782,2017-05-16
128783,2015-04-07
128784,2014-03-25
128785,2014-03-25
128786,2017-05-16
128787,2014-03-25
128788,2017-05-16
128789,2015-04-07
128790,2017-05-16
128791,2017-05-16
128792,2017-05-02
128793,2015-03-24
128794,2017-05-02
128795,2014-03-25
128796,2015-03-24
128797,2014-03-25
128798,2017-05-02
128799,2015-03-24
128800,2017-04-24
128801,2014-11-07
128802,2017-04-24
128803,2017-04-24
128804,2017-04-24
128805,2017-04-24
128806,2017-04-24
128807,2017-04-24
128808,2018-07-09
128809,2015-04-06
128810,2017-04-24
128811,2018-07-09
128812,2017-04-17
128814,2017-04-17
128815,2015-03-30
128816,2018-07-09
128817,2015-04-07
128818,2018-07-09
128819,2017-04-26
128822,2015-04-06
128823,2018-04-09
128824,2018-04-09
128826,2018-04-09
128827,2015-04-06
128828,2018-04-18
128829,2018-04-18
128830,2018-04-18
128831,2015-04-15
128836,2015-04-06
128837,2015-04-06
128838,2015-04-06
128839,2015-04-06
128840,2015-04-06
128841,2018-07-16
128843,2018-07-16
128848,2014-07-14
128849,2014-07-14
128850,2014-07-14
128851,2014-07-14
128852,2017-04-11
128853,2017-04-11
128854,2017-04-11
128856,2015-04-06
128857,2015-04-06
128858,2015-04-06
128859,2015-04-06
128860,2015-04-07
128861,2016-02-02
128862,2016-02-02
128868,2017-04-03
128869,2017-04-03
128871,2017-04-03
128872,2015-03-30
128873,2015-03-30
128876,2018-05-03
128877,2015-03-26
128878,2017-04-25
128879,2015-03-26
128880,2015-03-26
128881,2015-03-26
128882,2015-03-26
128883,2015-03-26
128885,2018-05-03
128886,2018-05-03
128887,2018-05-03
128888,2017-04-25
128889,2015-04-27
128890,2015-04-06
128892,2018-04-09
128893,2018-04-09
128894,2015-04-06
128895,2018-04-09
128896,2015-03-30
128897,2015-03-30
128901,2015-03-30
128902,2017-05-26
128904,2017-05-26
128905,2017-05-26
128906,2017-04-05
128907,2017-04-05
128908,2015-04-23
128909,2017-04-05
128910,2015-04-06
128911,2015-04-06
128913,2015-04-06
128914,2017-06-28
128915,2017-06-28
128916,2014-11-07
128917,2014-11-07
128918,2015-03-26
128919,2014-11-07
128920,2014-11-07
128921,2014-11-07
128922,2017-06-28
128923,2017-05-16
128924,2015-04-07
128925,2017-06-28
128926,2015-04-07
128927,2015-04-07
128928,2015-04-07
128929,2017-06-28
128931,2018-05-14
128932,2015-03-29
128933,2018-05-14
128934,2017-04-11
128936,2017-04-11
128937,2016-04-07
128938,2016-04-07
128940,2017-04-11
128941,2017-04-11
128942,2017-04-27
128943,2017-04-27
128944,2015-04-20
128945,2017-04-27
128946,2015-04-20
128947,2017-04-27
128950,2020-05-04
128952,2017-06-13
128953,2015-05-15
128954,2020-05-05
128957,2016-10-05
128958,2015-01-29
128961,2017-04-07
128962,2014-10-09
128963,2014-10-09
128964,2017-04-24
128965,2015-04-13
128966,2017-04-24
128967,2015-04-13
128968,2015-04-06
128969,2017-04-10
128970,2017-04-10
128971,2017-04-10
128972,2017-04-10
128973,2017-04-10
128974,2015-04-20
128975,2017-04-27
128976,2015-04-20
128977,2017-04-27
128978,2017-04-27
128979,2015-04-20
128980,2018-04-09
128981,2018-04-09
128982,2018-04-09
128983,2018-04-09
128984,2017-05-08
128985,2017-05-08
128986,2017-05-08
128987,2017-05-08
128989,2017-05-29
128991,2017-05-29
128993,2017-04-25
128994,2017-04-25
128995,2017-04-25
128996,2017-04-27
128997,2017-04-27
128998,2015-04-23
128999,2017-04-27
129000,2015-04-23
129001,2017-04-27
129010,2015-04-20
129011,2018-06-21
129015,2018-06-21
129016,2015-04-20
129017,2015-04-20
129018,2017-04-24
129019,2015-04-17
129020,2017-04-24
129021,2015-04-17
129022,2018-07-09
129023,2017-04-26
129024,2018-07-09
129025,2017-04-26
129026,2018-07-09
129027,2018-07-09
129028,2018-07-09
129029,2018-07-09
129030,2015-04-09
129032,2015-04-09
129033,2015-04-09
129034,2017-04-17
129035,2017-04-17
129036,2017-04-17
129037,2017-04-17
129042,2018-04-23
129043,2018-04-23
129044,2018-04-23
129045,2015-04-20
129055,2018-05-03
129056,2018-05-03
129057,2015-04-15
129058,2018-05-03
129059,2017-04-11
129060,2017-04-11
129061,2015-04-09
129064,2017-04-11
129066,2017-04-28
129067,2017-04-28
129068,2017-04-28
129069,2017-04-28
129070,2017-05-05
129071,2017-05-05
129072,2017-05-05
129075,2015-04-13
129076,2015-04-13
129077,2015-04-13
129078,2015-04-13
129080,2015-04-13
129082,2015-04-06
129083,2015-04-06
129084,2015-04-06
129085,2017-06-28
129086,2017-06-28
129087,2017-06-28
129088,2015-04-15
129089,2017-06-28
129090,2017-05-23
129091,2017-05-23
129092,2017-05-23
129093,2015-04-07
129094,2017-05-16
129095,2017-05-16
129096,2014-11-07
129097,2017-06-28
129098,2015-04-07
129099,2015-04-07
129100,2017-06-28
129102,2017-04-27
129104,2017-04-27
129105,2017-04-27
129106,2017-04-27
129113,2018-08-16
129114,2018-08-16
129115,2016-06-14
129116,2018-08-16
129117,2018-04-18
129118,2018-04-18
129119,2018-04-18
129120,2018-04-18
129121,2017-04-19
129122,2017-04-19
129124,2015-04-20
129125,2017-04-19
129126,2015-04-20
129128,2017-04-24
129129,2017-04-24
129130,2017-04-24
129131,2016-04-13
129132,2017-04-24
129141,2016-03-02
129142,2016-03-02
129145,2016-03-02
129146,2016-03-02
129147,2017-05-23
129148,2017-05-23
129149,2017-05-23
129150,2016-05-17
129154,2016-03-02
129156,2016-03-02
129157,2016-03-02
129158,2016-03-02
129159,2016-03-02
129161,2016-03-02
129163,2016-03-02
129164,2016-03-02
129165,2016-03-02
129166,2016-03-02
129167,2017-04-25
129168,2017-04-25
129169,2017-04-25
129170,2017-04-25
129171,2017-04-25
129172,2017-04-25
129173,2017-04-25
129174,2017-04-25
129175,2015-04-27
129176,2017-05-02
129178,2017-05-02
129179,2015-04-16
129180,2015-04-16
129181,2015-04-16
129182,2015-04-16
129183,2017-05-05
129184,2017-04-26
129185,2017-05-05
129186,2017-05-05
129206,2016-11-24
129208,2016-11-24
129209,2016-11-24
129214,2017-05-08
129215,2017-05-08
129216,2018-05-08
129217,2018-05-08
129218,2018-05-08
129219,2015-05-05
129220,2022-11-25
129221,2022-11-25
129222,2022-11-25
129223,2022-11-25
129224,2016-11-24
129225,2016-11-24
129226,2016-11-24
129228,2019-05-07
129229,2019-05-07
129230,2019-05-03
129231,2019-05-03
129232,2019-05-03
129233,2019-05-03
129234,2019-05-07
129235,2019-05-07
129236,2017-08-04
129237,2017-08-04
129238,2017-08-04
129239,2017-08-04
129240,2018-07-09
129241,2017-04-26
129243,2018-07-09
129244,2017-07-14
129245,2017-07-14
129246,2017-07-14
129247,2015-05-05
129248,2018-07-09
129249,2018-07-09
129251,2015-04-28
129252,2017-07-21
129253,2017-07-21
129254,2017-07-21
129255,2017-07-21
129256,2018-04-24
129257,2018-04-24
129258,2017-04-13
129259,2018-04-24
129260,2017-04-13
129261,2017-04-13
129262,2015-04-09
129264,2015-04-09
129266,2017-04-18
129267,2017-04-18
129268,2015-04-13
129269,2017-04-18
129270,2015-04-13
129271,2017-04-18
129272,2017-04-18
129273,2015-04-13
129274,2017-04-18
129276,2018-05-15
129277,2017-05-04
129279,2017-05-04
129280,2015-04-20
129281,2017-05-04
129282,2015-04-20
129283,2018-05-15
129284,2015-04-20
129285,2017-05-04
129286,2021-03-31
129287,2018-09-28
129289,2017-05-23
129290,2015-04-30
129291,2017-05-23
129293,2017-05-23
129294,2017-05-23
129295,2017-05-23
129296,2017-05-23
129297,2017-04-20
129298,2017-04-20
129299,2017-04-20
129300,2017-04-20
129305,2015-04-28
129306,2015-04-28
129307,2015-04-28
129308,2015-04-28
129313,2017-06-08
129314,2017-06-08
129315,2017-06-08
129316,2017-06-08
129317,2017-05-22
129318,2017-05-22
129319,2015-05-07
129320,2017-05-22
129323,2015-04-20
129324,2014-11-07
129325,2017-06-01
129326,2014-11-07
129327,2017-06-01
129328,2014-11-07
129329,2017-06-01
129330,2014-11-07
129331,2017-06-01
129332,2015-04-20
129333,2017-06-01
129334,2015-04-20
129335,2017-06-01
129336,2017-06-01
129337,2015-04-20
129338,2017-06-01
129339,2017-04-21
129340,2017-04-21
129341,2015-04-21
129343,2015-04-27
129344,2014-11-07
129345,2017-06-01
129346,2015-04-27
129347,2017-06-01
129348,2015-04-27
129349,2017-06-01
129350,2015-04-27
129351,2017-04-28
129352,2017-04-28
129353,2017-04-28
129354,2015-04-30
129363,2017-04-26
129364,2017-04-26
129365,2017-04-26
129366,2015-04-22
129367,2015-04-23
129368,2015-04-23
129369,2015-04-23
129370,2015-04-23
129377,2017-05-09
129378,2017-05-09
129379,2017-05-09
129380,2017-05-09
129381,2019-06-12
129382,2016-04-06
129383,2019-06-12
129384,2016-04-06
129386,2019-06-12
129387,2017-11-08
129388,2017-11-08
129389,2017-11-08
129390,2017-11-08
129391,2018-05-11
129392,2018-05-11
129393,2017-05-02
129394,2018-05-11
129395,2015-04-30
129396,2015-04-30
129397,2017-05-02
129398,2017-05-02
129399,2017-05-02
129400,2015-04-30
129401,2017-05-08
129402,2017-05-08
129403,2017-05-08
129404,2017-05-08
129405,2017-05-04
129406,2017-05-04
129408,2017-05-04
129409,2017-07-14
129410,2017-07-14
129412,2017-07-14
129413,2017-05-03
129414,2017-04-27
129415,2017-05-03
129416,2017-04-27
129417,2015-05-08
129418,2017-05-23
129420,2017-05-23
129421,2017-05-08
129422,2017-05-08
129423,2017-05-08
129424,2017-05-08
129426,2017-05-08
129428,2017-05-08
129432,2017-06-29
129433,2015-05-05
129434,2015-05-05
129435,2017-06-29
129442,2015-04-28
129443,2018-05-11
129444,2018-05-11
129445,2017-05-02
129446,2017-06-12
129447,2015-04-30
129448,2017-06-12
129449,2017-06-12
129450,2017-06-12
129451,2015-04-30
129452,2015-04-30
129453,2017-06-12
129454,2014-11-07
129455,2017-06-13
129456,2017-06-13
129457,2014-11-07
129458,2014-11-07
129459,2015-05-05
129460,2017-06-13
129461,2017-06-13
129462,2017-05-15
129463,2017-05-15
129464,2015-05-11
129465,2017-05-15
129470,2017-07-21
129471,2015-05-11
129472,2017-07-21
129473,2017-07-21
129474,2017-05-16
129475,2017-05-16
129476,2017-05-16
129477,2017-05-16
129478,2017-05-16
129479,2017-05-16
129480,2017-05-16
129481,2016-05-11
129488,2017-07-20
129489,2015-05-05
129490,2017-07-20
129491,2015-05-05
129492,2017-07-20
129493,2017-07-20
129494,2015-05-14
129495,2017-05-16
129496,2017-05-16
129497,2017-05-16
129498,2015-05-14
129501,2017-05-15
129502,2015-05-14
129503,2015-05-14
129505,2017-05-15
129506,2015-05-14
129508,2017-05-23
129509,2015-05-18
129510,2017-05-23
129519,2017-05-29
129520,2017-05-29
129521,2017-05-29
129523,2015-05-13
129534,2015-05-07
129535,2017-06-29
129536,2017-06-29
129537,2015-05-07
129538,2017-06-29
129539,2017-06-29
129540,2017-06-20
129541,2017-06-20
129542,2017-06-20
129543,2017-03-17
129544,2017-05-04
129545,2015-04-23
129546,2015-04-23
129547,2017-05-04
129549,2018-05-15
129550,2018-05-15
129551,2015-04-23
129552,2015-04-23
129554,2017-05-08
129556,2015-04-27
129557,2017-05-08
129558,2017-05-08
129559,2017-05-08
129560,2017-05-23
129561,2015-05-20
129562,2017-05-23
129563,2017-05-23
129565,2016-03-02
129567,2016-03-02
129568,2016-03-02
129569,2016-03-02
129570,2016-03-02
129571,2019-05-27
129572,2019-05-27
129573,2019-05-27
129574,2019-05-27
129575,2016-03-02
129577,2016-03-02
129578,2016-03-02
129580,2016-03-02
129581,2016-03-02
129582,2017-06-20
129583,2017-06-20
129584,2017-06-20
129585,2017-06-20
129586,2017-06-20
129587,2017-06-20
129588,2017-06-20
129589,2015-05-07
129590,2016-05-09
129591,2018-06-05
129592,2018-06-05
129593,2018-06-05
129594,2017-05-25
129596,2018-06-05
129598,2016-05-09
129600,2017-05-15
129601,2018-05-29
129602,2017-05-15
129603,2018-05-29
129604,2017-05-15
129605,2015-05-06
129608,2015-05-06
129624,2014-11-07
129625,2017-06-20
129626,2014-11-07
129627,2017-06-20
129628,2017-06-20
129629,2015-05-13
129630,2017-06-20
129631,2015-05-13
129632,2015-05-12
129634,2017-06-29
129635,2017-06-29
129636,2015-05-12
129637,2015-05-12
129638,2017-05-19
129639,2017-05-19
129640,2017-05-19
129641,2017-05-19
129642,2017-07-21
129643,2017-07-21
129644,2017-07-21
129645,2017-07-21
129658,2018-05-11
129659,2017-05-12
129660,2018-05-11
129661,2018-05-11
129662,2017-05-15
129663,2018-05-14
129664,2018-05-14
129665,2018-05-14
129666,2016-05-23
129667,2017-05-29
129668,2017-05-29
129669,2017-05-29
129671,2017-05-29
129679,2018-08-16
129680,2018-08-16
129681,2018-08-16
129682,2018-08-16
129683,2017-05-30
129684,2015-05-25
129685,2015-05-25
129686,2017-05-30
129693,2017-06-06
129694,2017-06-06
129695,2017-06-06
129696,2017-06-06
129701,2017-05-23
129702,2015-05-25
129703,2017-05-23
129704,2017-05-23
129706,2015-05-13
129707,2017-05-17
129708,2018-05-11
129709,2017-05-17
129710,2018-05-11
129715,2017-07-27
129716,2017-07-27
129717,2015-05-25
129718,2017-07-27
129719,2017-05-15
129721,2017-05-15
129722,2017-05-15
129725,2017-06-09
129726,2017-06-09
129727,2017-06-09
129728,2017-06-09
129729,2017-07-21
129730,2017-07-21
129731,2017-07-21
129732,2015-06-01
129733,2017-06-16
129734,2017-06-16
129735,2017-06-16
129736,2017-06-16
129737,2017-06-06
129738,2017-06-06
129739,2017-06-06
129740,2017-06-06
129741,2017-05-31
129742,2017-05-31
129743,2017-05-31
129744,2017-05-31
129747,2016-03-02
129748,2016-03-02
129749,2016-03-02
129750,2016-03-02
129751,2016-03-02
129752,2016-03-02
129753,2017-11-28
129754,2017-11-28
129755,2017-11-28
129756,2017-11-28
129761,2015-06-19
129762,2015-06-19
129764,2015-06-19
129765,2017-05-31
129766,2017-05-31
129767,2015-06-01
129768,2017-05-31
129769,2017-06-20
129770,2017-06-20
129771,2017-06-20
129772,2017-06-20
129773,2017-06-20
129774,2017-06-20
129775,2015-05-20
129776,2015-05-20
129777,2017-06-20
129778,2017-06-20
129779,2015-05-14
129780,2017-06-20
129781,2017-06-20
129782,2017-06-20
129783,2015-05-14
129784,2017-06-20
129785,2015-05-13
129787,2019-05-06
129788,2019-05-06
129790,2019-05-06
129791,2019-05-06
129792,2019-05-06
129797,2017-08-24
129798,2017-08-24
129799,2017-08-24
129800,2017-08-24
129813,2017-06-12
129814,2017-06-12
129815,2017-06-12
129816,2017-06-12
129817,2018-05-29
129818,2018-05-29
129819,2017-05-15
129820,2017-05-15
129821,2018-05-29
129822,2017-05-15
129823,2017-05-15
129827,2018-05-29
129828,2015-05-20
129829,2015-05-20
129830,2015-05-20
129831,2015-05-20
129832,2015-05-20
129833,2017-05-23
129834,2018-05-29
129835,2015-05-20
129837,2017-06-12
129838,2017-06-12
129839,2017-06-12
129840,2017-06-12
129841,2017-06-06
129842,2017-06-06
129843,2017-06-06
129844,2015-06-08
129845,2015-05-20
129846,2018-05-14
129847,2018-05-14
129848,2018-05-14
129849,2014-08-20
129850,2014-08-20
129851,2014-08-20
129852,2014-08-20
129853,2017-07-27
129854,2017-07-27
129855,2017-07-27
129856,2017-07-27
129857,2019-06-03
129858,2019-06-03
129859,2019-06-03
129860,2019-06-03
129869,2018-05-14
129870,2016-04-06
129871,2018-05-14
129873,2015-05-19
129874,2017-06-20
129875,2017-06-20
129882,2017-06-05
129883,2017-06-05
129884,2017-06-05
129885,2017-06-05
129886,2017-06-27
129887,2017-06-27
129888,2017-06-27
129889,2017-06-27
129891,2017-06-19
129892,2017-06-19
129894,2015-06-04
129895,2017-06-19
129896,2015-05-26
129897,2015-05-26
129898,2017-06-20
129899,2017-06-20
129900,2017-06-20
129901,2015-05-26
129902,2015-05-26
129903,2017-06-20
129904,2017-08-01
129905,2017-08-01
129906,2017-08-01
129907,2017-08-01
129908,2014-11-07
129909,2017-08-01
129910,2017-08-01
129911,2017-08-01
129912,2015-06-01
129913,2017-07-27
129914,2015-05-29
129915,2017-07-27
129916,2017-07-27
129921,2017-06-15
129922,2017-06-15
129923,2014-12-29
129924,2017-11-19
129925,2022-11-25
129926,2022-11-25
129927,2015-06-04
129929,2017-07-31
129930,2015-06-04
129932,2015-06-04
129933,2015-06-04
129934,2017-07-31
129939,2017-06-12
129940,2017-06-12
129954,2017-07-20
129956,2015-06-08
129957,2017-07-20
129958,2017-07-20
129959,2017-07-20
129967,2017-07-27
129968,2017-07-27
129969,2017-07-27
129970,2017-07-27
129971,2017-06-01
129972,2018-06-11
129973,2017-06-01
129974,2018-06-11
129979,2017-07-31
129980,2015-06-15
129981,2015-06-15
129983,2015-06-15
129984,2015-06-15
129985,2017-07-31
129987,2016-11-24
129988,2016-11-24
129989,2016-11-24
129990,2016-11-24
129991,2017-08-01
129992,2015-06-03
129993,2017-08-01
129994,2015-06-03
129995,2017-08-01
129996,2017-08-01
129997,2017-08-01
129998,2017-08-01
129999,2015-06-08
130000,2017-07-27
130001,2017-07-27
130002,2017-07-27
130003,2020-12-31
130004,2020-12-31
130005,2017-07-27
130006,2017-07-27
130007,2017-07-27
130008,2017-07-27
130009,2017-07-21
130010,2017-07-21
130012,2017-07-21
130014,2016-03-02
130016,2016-03-02
130017,2016-03-02
130018,2016-03-02
130019,2016-03-02
130021,2018-06-20
130022,2018-06-20
130023,2018-06-20
130024,2018-06-20
130025,2018-06-12
130026,2018-06-12
130027,2015-06-05
130028,2017-06-07
130032,2016-03-02
130033,2016-03-02
130034,2016-03-02
130035,2016-03-02
130036,2016-03-02
130044,2017-10-04
130045,2017-10-04
130047,2017-10-04
130051,2020-11-11
130057,2017-12-13
130058,2017-12-13
130059,2017-12-13
130060,2017-12-13
130061,2023-06-14
130062,2023-06-14
130063,2023-06-14
130064,2023-06-14
130065,2018-06-05
130066,2018-06-05
130067,2015-05-28
130068,2018-06-05
130069,2015-05-28
130070,2018-06-05
130072,2017-05-31
130074,2015-05-28
130075,2017-06-05
130077,2015-06-01
130079,2017-06-05
130080,2017-06-05
130081,2017-06-05
130085,2017-07-27
130086,2017-07-27
130087,2017-07-27
130088,2017-07-27
130089,2017-06-05
130090,2017-06-05
130091,2017-06-05
130092,2015-06-03
130093,2017-06-05
130094,2015-06-03
130096,2015-06-03
130097,2015-06-03
130098,2015-06-03
130111,2016-03-02
130112,2016-03-02
130113,2016-03-02
130114,2016-03-02
130115,2016-03-02
130125,2018-06-26
130126,2015-06-08
130127,2015-06-08
130128,2017-06-12
130129,2017-06-12
130130,2015-06-08
130131,2018-06-26
130132,2015-06-08
130135,2017-06-12
130136,2017-06-12
130137,2015-06-12
130138,2015-06-12
130139,2015-06-12
130140,2015-06-12
130141,2015-06-12
130143,2015-06-12
130145,2017-06-27
130146,2017-06-27
130147,2017-06-27
130148,2017-06-27
130149,2015-06-16
130150,2014-11-07
130151,2017-08-01
130152,2017-08-01
130153,2017-08-01
130154,2015-06-16
130155,2015-06-16
130156,2017-08-01
130157,2014-09-08
130158,2014-09-08
130159,2014-09-08
130160,2014-09-08
130161,2017-06-27
130162,2017-06-27
130163,2017-06-27
130164,2017-06-27
130165,2017-06-27
130166,2017-06-27
130167,2017-06-27
130168,2017-06-27
130169,2017-08-01
130170,2017-08-01
130171,2017-08-01
130172,2017-08-01
130173,2017-08-01
130174,2015-06-09
130175,2014-11-07
130176,2015-06-09
130177,2017-07-27
130178,2017-07-27
130179,2017-07-27
130180,2017-07-27
130181,2017-07-04
130182,2017-07-04
130183,2017-07-04
130184,2017-07-04
130189,2017-07-21
130190,2017-07-21
130191,2017-07-21
130192,2017-07-21
130193,2018-08-16
130194,2018-08-16
130195,2018-08-16
130196,2018-08-16
130201,2017-07-03
130202,2017-07-03
130203,2017-07-03
130204,2017-07-03
130211,2017-08-01
130212,2015-06-23
130213,2014-11-07
130214,2017-08-01
130215,2017-08-01
130216,2017-08-01
130217,2015-06-23
130218,2017-08-01
130219,2019-07-01
130220,2019-07-01
130221,2019-07-01
130222,2019-07-01
130227,2017-07-21
130228,2017-07-21
130229,2017-07-21
130230,2017-07-21
130231,2014-09-15
130232,2014-09-15
130233,2014-09-15
130234,2014-09-15
130235,2015-06-18
130236,2015-06-18
130237,2018-06-11
130238,2018-06-11
130240,2018-06-26
130241,2017-06-19
130242,2015-06-15
130243,2015-06-15
130244,2015-06-16
130245,2015-06-15
130247,2015-06-15
130249,2018-06-26
130250,2018-06-26
130251,2017-06-19
130252,2015-06-18
130253,2018-06-26
130254,2017-06-19
130255,2015-06-18
130256,2015-06-18
130257,2017-06-19
130259,2017-06-19
130260,2017-07-06
130261,2017-07-06
130262,2017-07-06
130263,2017-07-10
130264,2017-07-21
130265,2017-06-30
130266,2017-07-21
130268,2016-11-24
130269,2016-11-24
130275,2016-03-02
130277,2016-03-02
130278,2016-03-02
130279,2016-03-02
130280,2016-03-02
130281,2018-06-12
130282,2017-06-27
130283,2018-06-12
130284,2018-06-12
130285,2017-06-27
130286,2017-06-27
130287,2017-06-27
130288,2017-06-27
130295,2019-04-03
130296,2019-04-03
130297,2019-04-03
130298,2019-04-03
130299,2016-06-23
130300,2016-06-23
130301,2017-06-27
130302,2017-06-27
130303,2019-07-04
130304,2019-07-04
130305,2019-07-04
130306,2019-07-04
130307,2019-07-04
130308,2019-07-04
130315,2017-08-24
130316,2017-08-24
130317,2015-07-03
130318,2017-08-24
130319,2014-09-29
130320,2014-09-25
130321,2015-06-26
130322,2018-06-13
130323,2018-06-13
130324,2017-06-28
130329,2017-08-24
130330,2017-08-24
130331,2017-08-24
130333,2017-07-17
130334,2017-07-17
130335,2017-07-17
130336,2017-07-17
130337,2017-08-01
130338,2014-11-07
130339,2017-08-01
130340,2015-06-29
130341,2017-08-01
130342,2015-06-29
130343,2017-08-01
130344,2015-06-29
130345,2017-07-31
130346,2017-07-31
130347,2017-07-31
130348,2017-07-31
130350,2017-07-17
130351,2017-07-17
130352,2017-07-17
130353,2017-07-10
130354,2015-07-08
130355,2017-07-10
130356,2017-07-10
130357,2018-07-03
130359,2017-09-13
130360,2018-07-03
130361,2017-07-10
130362,2017-07-10
130363,2018-07-03
130364,2017-09-13
130365,2017-09-13
130366,2015-06-29
130367,2017-06-28
130370,2018-07-03
130371,2015-06-29
130372,2015-06-29
130373,2015-06-29
130375,2018-07-03
130376,2017-06-29
130377,2017-06-29
130378,2017-06-22
130379,2017-06-22
130380,2017-06-22
130381,2017-06-22
130383,2017-06-22
130384,2015-06-25
130385,2017-06-28
130387,2018-07-03
130388,2015-06-25
130389,2015-06-25
130390,2017-06-28
130391,2015-06-25
130393,2017-07-10
130395,2017-07-03
130396,2017-07-03
130397,2017-07-03
130398,2017-07-03
130402,2017-08-24
130403,2017-08-24
130404,2017-08-24
130405,2017-08-24
130413,2017-07-21
130414,2017-07-21
130415,2017-07-21
130416,2017-07-21
130421,2014-11-07
130422,2017-07-27
130423,2016-07-27
130424,2017-07-27
130425,2017-07-27
130426,2017-07-27
130427,2017-07-27
130428,2017-07-27
130430,2017-08-08
130431,2017-08-08
130432,2017-08-08
130433,2017-08-08
130434,2017-08-08
130435,2014-11-07
130436,2017-08-08
130437,2017-08-08
130438,2019-07-19
130439,2019-07-19
130440,2019-07-19
130441,2019-07-19
130442,2018-07-11
130443,2017-07-06
130445,2018-07-11
130446,2022-11-25
130447,2022-11-25
130448,2022-11-25
130449,2022-11-25
130450,2022-11-25
130451,2018-02-20
130452,2022-11-25
130453,2017-11-09
130458,2017-07-06
130459,2022-03-13
130460,2015-07-06
130461,2015-07-06
130462,2017-07-06
130463,2017-07-06
130464,2017-07-06
130465,2022-03-13
130466,2015-07-06
130468,2017-07-06
130469,2015-07-06
130471,2018-10-17
130472,2022-03-13
130473,2022-03-13
130474,2022-03-13
130476,2022-03-13
130479,2022-03-13
130486,2022-03-13
130487,2022-03-13
130489,2022-03-13
130553,2015-12-04
130554,2015-12-04
130555,2015-12-04
130556,2015-12-04
130565,2018-09-28
130566,2021-03-31
130568,2015-07-06
130569,2017-07-20
130570,2017-07-20
130572,2015-07-06
130573,2017-07-20
130580,2015-12-04
130581,2014-11-07
130582,2017-07-06
130593,2021-02-01
130594,2021-02-01
130599,2018-07-11
130600,2018-07-11
130601,2018-07-11
130602,2018-07-11
130629,2017-08-04
130630,2017-08-04
130631,2017-08-04
130632,2017-08-04
130633,2017-08-07
130634,2017-08-07
130635,2017-08-07
130636,2017-08-07
130641,2017-08-04
130642,2017-08-04
130643,2017-08-04
130646,2017-07-31
130647,2017-07-31
130648,2017-07-31
130649,2017-07-31
130650,2017-08-04
130651,2017-08-04
130652,2017-08-04
130653,2017-08-04
130662,2017-07-31
130663,2017-07-31
130664,2017-07-31
130665,2017-07-31
130668,2017-07-12
130669,2017-07-12
130670,2017-07-12
130671,2015-07-09
130672,2015-07-09
130673,2015-07-09
130674,2017-07-12
130678,2017-07-18
130679,2017-07-18
130681,2015-07-15
130682,2015-07-15
130685,2017-07-18
130686,2015-07-15
130692,2017-07-06
130693,2017-07-06
130696,2015-07-06
130697,2015-07-06
130698,2017-07-06
130727,2019-08-07
130728,2019-08-07
130729,2019-08-07
130730,2019-08-07
130777,2018-04-20
130778,2018-04-20
130779,2018-04-20
130780,2018-04-20
130785,2019-08-19
130786,2019-08-19
130788,2019-01-25
130789,2017-09-04
130790,2017-09-04
130791,2017-09-04
130792,2017-09-04
130794,2019-11-29
130795,2017-08-31
130796,2017-08-31
130797,2017-08-31
130798,2017-08-31
130799,2014-11-07
130800,2017-08-31
130801,2017-08-31
130802,2017-08-31
130803,2017-08-14
130804,2017-08-14
130805,2017-08-14
130806,2017-08-14
130808,2017-08-16
130811,2016-03-02
130813,2016-03-02
130814,2016-03-02
130815,2016-03-02
130818,2016-03-02
130819,2016-03-02
130823,2016-03-02
130824,2016-03-02
130825,2022-11-25
130826,2022-11-25
130827,2022-11-25
130828,2022-11-25
130830,2017-08-04
130831,2017-08-04
130832,2017-08-04
130833,2017-08-04
130834,2017-08-24
130835,2017-08-24
130836,2017-08-24
130837,2017-08-24
130838,2017-08-31
130839,2017-08-31
130840,2017-08-31
130841,2017-08-31
130842,2017-08-31
130843,2017-08-31
130844,2017-08-31
130845,2017-08-31
130846,2016-03-02
130848,2016-03-02
130850,2016-03-02
130851,2016-03-02
130852,2016-03-02
130853,2016-03-02
130866,2014-11-03
130867,2014-11-03
130868,2014-11-03
130869,2014-11-03
130870,2017-09-01
130871,2017-09-01
130872,2017-09-01
130873,2017-09-01
130874,2017-09-08
130875,2017-09-08
130876,2017-09-08
130877,2017-09-08
130878,2017-09-01
130879,2017-09-01
130880,2017-09-01
130881,2017-09-01
130882,2017-09-07
130883,2017-09-07
130884,2017-09-07
130885,2017-09-07
130886,2018-02-26
130887,2018-02-26
130888,2018-02-26
130889,2018-02-26
130890,2017-08-21
130891,2017-08-21
130892,2017-08-21
130893,2017-08-21
130894,2017-08-21
130895,2017-08-21
130897,2020-04-24
130898,2017-01-16
130899,2020-04-24
130900,2020-04-24
130901,2018-05-24
130902,2015-05-11
130903,2016-08-16
130905,2018-05-24
130912,2017-08-28
130913,2017-08-28
130914,2017-08-28
130915,2017-08-28
130916,2017-08-28
130917,2017-08-28
130932,2018-06-29
130933,2017-03-07
130934,2020-04-24
130935,2020-04-24
130936,2020-04-24
130937,2020-04-24
130938,2020-04-24
130940,2018-05-24
130942,2020-04-24
130943,2020-04-24
130944,2019-02-05
130945,2016-11-21
130946,2020-04-24
130947,2020-04-24
130948,2015-01-29
130949,2015-10-09
130950,2018-04-09
130951,2020-04-24
130952,2017-03-14
130953,2014-09-24
130954,2018-05-24
130955,2020-04-24
130956,2018-03-26
130958,2017-09-25
130979,2017-08-23
130980,2017-08-23
130981,2017-08-18
130982,2017-08-18
130983,2017-08-18
130984,2017-08-18
130985,2019-02-11
130986,2019-02-11
130987,2019-02-11
130988,2019-02-11
130989,2019-08-30
130990,2019-08-30
130991,2019-08-30
130992,2019-08-30
130994,2016-03-02
131002,2018-03-05
131003,2018-03-05
131004,2018-03-05
131005,2018-03-05
131006,2017-09-12
131007,2017-09-12
131008,2017-09-12
131009,2017-09-12
131010,2017-10-23
131011,2017-10-23
131012,2017-10-23
131013,2017-10-23
131014,2017-08-29
131016,2017-08-29
131017,2017-08-29
131018,2020-09-07
131019,2020-09-07
131020,2020-09-07
131021,2020-09-07
131022,2016-03-02
131023,2016-03-02
131024,2016-03-02
131025,2016-03-02
131026,2016-03-02
131029,2016-03-02
131030,2016-03-02
131031,2016-03-02
131033,2016-03-02
131035,2017-09-12
131036,2014-11-07
131037,2017-09-12
131038,2017-09-12
131039,2017-09-12
131040,2017-09-12
131041,2017-09-12
131042,2017-09-12
131043,2017-10-17
131044,2017-10-17
131045,2017-10-17
131046,2017-10-17
131047,2017-09-12
131048,2017-09-12
131049,2017-09-12
131050,2017-09-12
131053,2022-09-16
131055,2022-09-16
131056,2022-09-16
131058,2022-09-16
131059,2022-09-16
131062,2022-09-16
131063,2016-11-24
131064,2016-11-24
131066,2016-11-24
131067,2017-08-16
131068,2017-08-16
131070,2017-08-16
131071,2017-08-16
131072,2017-08-16
131073,2017-08-16
131074,2017-08-16
131076,2017-09-13
131077,2017-09-13
131078,2017-09-13
131080,2017-08-31
131081,2017-09-07
131082,2018-03-14
131083,2018-03-14
131084,2018-03-14
131085,2018-03-14
131086,2017-09-08
131087,2017-09-08
131088,2017-09-06
131090,2017-09-06
131091,2017-09-06
131092,2017-09-06
131093,2017-09-06
131096,2017-09-04
131097,2017-09-04
131098,2017-09-04
131100,2017-09-07
131105,2017-09-07
131107,2017-09-07
131108,2017-09-07
131109,2017-09-12
131110,2017-09-12
131111,2017-09-12
131112,2017-09-12
131114,2016-03-02
131116,2016-03-02
131117,2016-03-02
131118,2016-03-02
131119,2016-03-02
131127,2017-08-31
131128,2017-08-31
131130,2017-08-31
131131,2017-09-25
131132,2017-09-25
131133,2017-09-25
131134,2017-09-25
131135,2016-03-02
131136,2016-03-02
131138,2016-03-02
131141,2016-03-02
131143,2016-03-02
131144,2016-03-02
131145,2016-03-02
131146,2016-03-02
131147,2022-09-16
131148,2022-09-16
131149,2016-10-06
131151,2022-09-16
131152,2022-09-16
131153,2017-08-23
131154,2017-08-23
131155,2017-08-23
131156,2017-08-23
131157,2017-08-23
131159,2017-08-23
131161,2018-05-02
131162,2018-05-02
131163,2018-05-02
131164,2018-05-02
131165,2017-09-20
131166,2017-09-20
131167,2017-09-27
131168,2017-09-27
131169,2017-09-27
131171,2017-09-18
131172,2017-09-18
131174,2017-09-18
131175,2017-09-20
131176,2017-09-20
131177,2017-09-20
131178,2017-09-20
131179,2018-01-08
131180,2018-01-08
131182,2018-01-08
131183,2014-11-07
131184,2017-09-07
131185,2017-09-07
131186,2017-09-07
131187,2017-09-07
131188,2017-09-07
131189,2017-09-07
131190,2017-09-07
131195,2017-09-25
131196,2017-09-25
131197,2017-09-25
131198,2017-09-25
131199,2018-05-24
131200,2017-10-11
131201,2017-10-11
131203,2017-10-11
131205,2017-10-11
131206,2017-08-31
131207,2017-08-31
131208,2017-08-31
131209,2017-08-31
131210,2017-08-31
131211,2017-08-31
131213,2017-08-31
131216,2017-09-27
131218,2017-09-27
131219,2016-11-24
131220,2016-11-24
131221,2016-10-17
131222,2016-11-24
131223,2016-11-24
131245,2017-09-21
131246,2017-09-21
131248,2017-09-21
131249,2017-09-21
131250,2017-09-21
131253,2017-09-21
131261,2018-05-28
131262,2018-05-28
131263,2018-05-28
131264,2018-05-28
131265,2017-09-28
131266,2017-09-28
131267,2017-09-28
131268,2017-09-28
131269,2017-10-06
131270,2017-10-06
131271,2017-10-06
131272,2017-10-06
131273,2017-09-25
131274,2017-09-25
131276,2017-09-25
131277,2017-10-26
131278,2017-10-26
131279,2017-10-26
131280,2017-10-26
131281,2017-10-26
131282,2017-10-26
131283,2017-10-26
131284,2017-10-26
131291,2015-01-27
131293,2016-11-24
131294,2016-11-24
131295,2016-11-24
131296,2016-11-24
131305,2017-10-17
131306,2017-10-17
131307,2017-10-17
131308,2017-10-17
131309,2017-09-27
131310,2017-09-27
131311,2017-09-27
131312,2017-09-27
131313,2019-10-04
131314,2019-10-04
131315,2019-10-04
131316,2019-10-04
131317,2021-05-03
131318,2021-05-03
131332,2018-04-03
131333,2018-04-03
131334,2018-04-03
131335,2018-04-03
131336,2020-10-14
131337,2020-10-14
131338,2020-10-14
131339,2020-10-14
131340,2017-10-03
131341,2017-10-03
131342,2017-10-25
131343,2017-10-25
131344,2017-10-25
131345,2017-10-25
131346,2017-09-27
131347,2017-09-27
131348,2017-09-27
131350,2017-10-11
131351,2017-10-11
131352,2017-10-11
131353,2017-10-11
131359,2017-09-27
131360,2017-09-27
131361,2017-09-27
131362,2017-09-27
131364,2017-09-27
131366,2016-03-02
131368,2016-03-02
131370,2016-03-02
131376,2021-09-17
131377,2021-09-17
131379,2017-10-05
131381,2017-10-05
131392,2018-05-04
131393,2018-05-04
131400,2017-10-11
131401,2017-10-11
131402,2017-10-11
131403,2017-10-11
131404,2017-11-30
131405,2017-11-30
131406,2017-11-30
131407,2017-11-30
131412,2016-11-24
131413,2016-11-24
131414,2016-11-24
131415,2016-11-24
131416,2016-11-24
131417,2016-11-24
131426,2017-10-26
131427,2017-10-26
131428,2017-10-26
131429,2017-10-26
131430,2017-10-26
131431,2017-10-26
131432,2014-11-07
131433,2017-10-26
131440,2016-09-20
131441,2016-09-20
131442,2016-09-20
131443,2016-09-20
131446,2017-10-03
131447,2017-10-11
131448,2017-10-11
131449,2016-03-02
131450,2022-09-09
131451,2022-09-09
131454,2018-05-02
131455,2018-05-02
131456,2018-05-02
131457,2018-05-02
131458,2017-10-18
131459,2017-10-18
131460,2017-10-18
131461,2017-10-18
131462,2017-11-07
131463,2017-11-07
131464,2017-11-07
131466,2017-10-23
131467,2017-10-23
131468,2017-10-23
131469,2017-10-23
131478,2022-09-16
131479,2022-09-16
131482,2021-01-04
131483,2021-01-04
131484,2021-01-04
131485,2021-01-04
131491,2016-03-02
131493,2016-03-02
131499,2016-03-02
131501,2016-03-02
131502,2016-03-02
131503,2016-03-02
131504,2016-03-02
131513,2017-10-31
131514,2017-10-31
131515,2017-11-01
131516,2017-11-01
131517,2014-11-07
131518,2017-11-07
131519,2017-11-07
131520,2017-11-07
131521,2017-11-07
131522,2017-11-07
131523,2017-11-07
131524,2017-11-07
131525,2017-11-01
131526,2017-11-01
131527,2017-11-01
131528,2017-11-01
131537,2017-10-18
131538,2017-10-18
131539,2017-10-18
131542,2017-10-23
131543,2017-10-23
131544,2017-10-23
131545,2018-04-30
131546,2018-04-30
131549,2017-10-18
131550,2017-10-18
131551,2017-10-18
131552,2017-10-18
131553,2017-10-18
131554,2017-10-18
131555,2018-08-31
131556,2018-08-31
131557,2018-08-31
131558,2018-08-31
131559,2017-10-03
131560,2017-10-03
131565,2017-10-03
131566,2017-10-03
131567,2017-10-03
131568,2017-10-03
131569,2017-10-03
131572,2017-10-03
131573,2017-10-03
131574,2019-11-06
131575,2019-11-06
131576,2019-11-06
131577,2019-11-06
131590,2017-11-14
131591,2017-11-14
131592,2017-11-14
131593,2017-11-14
131594,2017-10-31
131595,2017-10-31
131596,2017-10-31
131597,2017-10-31
131599,2017-11-01
131600,2017-11-01
131601,2017-11-01
131602,2017-10-24
131603,2017-10-24
131604,2017-10-24
131620,2018-05-24
131621,2018-05-24
131622,2022-09-16
131623,2022-09-16
131736,2018-05-18
131737,2018-05-18
131738,2018-05-18
131739,2018-05-18
131740,2018-05-18
131741,2018-04-10
131899,2016-02-05
131900,2016-02-05
131901,2016-02-05
131902,2016-01-14
132117,2016-02-05
132118,2016-02-05
132120,2016-02-05
132121,2016-02-05
132762,2017-11-17
132763,2017-11-17
132764,2017-11-17
132765,2017-11-17
132774,2017-10-11
132777,2017-10-11
132779,2017-10-11
132780,2017-10-11
132781,2017-10-11
132783,2015-12-30
132784,2015-12-30
132785,2015-12-30
132787,2015-12-30
132788,2017-11-07
132789,2017-11-07
132790,2014-11-07
132791,2017-11-07
132792,2017-11-07
132793,2017-11-07
132794,2017-11-07
132795,2017-11-07
132800,2017-11-01
132803,2017-11-01
132810,2017-10-23
132811,2017-10-23
132812,2017-10-23
132813,2017-10-23
132814,2017-10-23
132815,2017-10-23
132816,2017-10-23
132817,2017-10-23
132818,2017-10-23
132819,2017-10-23
132820,2017-11-02
132821,2017-11-02
132822,2017-11-02
132823,2017-11-02
132824,2017-11-02
132825,2017-11-02
132826,2017-11-02
132827,2017-11-02
132828,2017-11-02
132830,2017-11-17
132831,2017-11-17
132832,2017-11-17
132833,2017-11-17
132834,2017-11-15
132835,2017-11-15
132836,2017-11-15
132837,2017-11-15
132850,2018-05-08
132851,2018-05-08
132855,2017-11-13
132856,2017-11-13
132857,2017-11-13
132858,2017-11-13
132859,2017-11-28
132860,2017-11-28
132861,2017-11-28
132875,2018-05-30
132876,2018-05-30
132877,2018-05-30
132878,2018-05-30
132900,2017-11-15
132901,2017-11-15
132902,2017-11-15
132903,2017-11-15
132905,2017-11-15
132906,2017-11-15
132907,2017-11-15
132908,2017-11-15
132909,2017-11-16
132910,2017-11-16
132911,2017-11-16
132912,2017-11-16
132913,2017-12-04
132914,2017-12-04
132915,2017-12-04
132916,2017-12-04
132919,2017-12-04
132920,2017-12-04
132921,2017-12-04
132922,2017-12-04
132925,2017-11-21
132926,2017-11-21
132927,2017-11-21
132928,2017-11-21
132930,2017-11-21
132931,2017-11-21
132932,2017-11-21
132936,2016-03-02
132939,2016-03-02
132940,2016-03-02
132941,2016-03-02
132942,2016-03-02
132951,2017-11-30
132952,2017-11-30
132953,2017-11-30
132954,2017-11-30
132959,2017-12-05
132960,2017-12-05
132961,2017-12-05
132962,2017-12-05
132963,2017-11-20
132964,2017-11-20
132965,2017-11-20
132966,2017-11-20
132972,2017-11-20
132973,2017-12-05
132974,2017-12-05
132975,2017-12-05
132976,2017-12-05
132977,2018-04-04
132978,2018-04-04
132979,2016-10-06
132981,2022-09-16
132982,2022-09-16
132983,2018-09-21
132984,2018-09-21
132985,2018-09-21
132986,2018-09-21
132991,2017-11-24
132992,2017-11-24
132993,2017-11-24
132994,2017-11-24
133003,2017-11-22
133005,2017-11-22
133006,2017-11-22
133007,2017-12-07
133009,2016-03-02
133014,2016-03-02
133015,2016-03-02
133016,2017-12-07
133017,2017-12-07
133018,2017-12-07
133020,2017-11-20
133026,2017-11-20
133027,2017-11-20
133033,2021-09-17
133034,2021-09-17
133041,2018-04-25
133042,2018-04-25
133043,2018-04-25
133044,2018-04-25
133045,2018-01-03
133046,2018-01-03
133047,2018-01-03
133048,2018-01-03
133049,2022-09-16
133050,2022-09-16
133056,2022-09-16
133057,2022-09-16
133060,2018-01-04
133061,2018-01-04
133062,2018-01-04
133063,2018-01-04
133070,2017-11-27
133071,2017-11-27
133072,2017-11-27
133073,2017-11-27
133074,2017-11-27
133076,2017-11-27
133078,2017-11-27
133080,2017-12-12
133081,2017-12-12
133082,2017-12-13
133083,2017-12-12
133084,2017-12-12
133085,2017-12-12
133086,2017-12-13
133087,2017-12-12
133092,2017-11-27
133093,2017-11-27
133094,2017-11-27
133100,2017-11-27
133102,2017-12-21
133103,2017-12-21
133104,2017-12-21
133105,2017-12-21
133106,2017-12-04
133107,2017-12-04
133108,2017-12-04
133109,2017-12-04
133110,2019-12-11
133111,2019-12-11
133112,2019-12-11
133113,2019-12-11
133114,2017-12-14
133115,2017-12-14
133116,2017-12-14
133117,2017-12-14
133118,2019-11-14
133119,2019-11-14
133120,2019-11-14
133121,2019-11-14
133128,2018-06-18
133129,2018-06-18
133131,2017-12-28
133132,2017-12-28
133133,2017-12-28
133134,2017-12-28
133143,2016-03-02
133144,2016-03-02
133145,2016-03-02
133146,2016-03-02
133149,2017-12-06
133150,2017-12-06
133151,2017-12-06
133152,2017-12-06
133153,2017-12-06
133156,2017-12-06
133157,2017-12-06
133159,2017-12-06
133172,2017-12-22
133173,2017-12-22
133174,2017-12-22
133182,2017-02-28
133185,2017-02-28
133188,2017-12-19
133189,2017-12-19
133190,2017-12-19
133191,2017-12-19
133192,2017-12-19
133193,2017-12-19
133194,2017-12-19
133195,2017-12-18
133196,2017-12-18
133197,2017-12-18
133198,2017-12-18
133199,2018-04-04
133200,2018-04-04
133201,2018-04-04
133202,2018-04-04
133216,2018-07-04
133217,2018-07-04
133218,2018-07-04
133219,2018-07-04
133225,2017-12-13
133226,2017-12-13
133227,2017-12-13
133240,2019-12-23
133241,2019-12-23
133242,2019-12-23
133243,2019-12-23
133244,2017-12-22
133245,2017-12-22
133246,2017-12-22
133247,2017-12-22
133252,2018-04-12
133253,2018-04-12
133254,2018-04-12
133255,2018-04-12
133256,2018-01-01
133257,2018-01-01
133258,2018-01-01
133259,2018-01-01
133260,2017-12-28
133261,2017-12-28
133262,2017-12-28
133263,2017-12-28
133264,2018-10-09
133274,2018-07-06
133275,2018-07-06
133281,2018-01-15
133282,2018-01-15
133283,2018-01-15
133284,2018-01-15
133293,2020-01-01
133294,2020-01-01
133295,2020-01-01
133296,2020-01-01
133297,2018-01-02
133298,2018-01-02
133299,2018-01-02
133300,2018-01-02
133301,2015-07-27
133303,2018-01-12
133304,2018-01-12
133305,2018-01-12
133306,2018-01-12
133308,2019-04-26
133309,2019-04-26
133310,2019-04-26
133311,2019-04-26
133318,2018-01-01
133319,2018-01-01
133320,2018-01-01
133321,2018-01-01
133326,2018-04-13
133327,2018-04-13
133328,2018-04-13
133329,2018-04-13
133330,2018-01-15
133331,2018-01-15
133332,2018-01-15
133333,2018-01-15
133334,2017-12-18
133335,2017-12-18
133336,2017-12-18
133337,2017-12-18
133338,2017-12-18
133339,2017-12-18
133340,2017-12-18
133341,2017-12-18
133342,2017-12-18
133345,2016-03-02
133348,2016-03-02
133349,2016-03-02
133350,2016-03-02
133351,2016-03-02
133352,2016-03-02
133353,2018-01-30
133354,2018-01-30
133355,2018-01-30
133356,2018-01-30
133371,2018-01-16
133373,2018-01-16
133374,2018-01-16
133375,2018-01-16
133376,2018-01-16
133377,2018-01-16
133378,2018-01-16
133379,2018-07-25
133380,2018-07-25
133381,2018-07-25
133382,2018-07-25
133391,2017-04-27
133392,2017-04-27
133393,2017-04-27
133413,2017-04-27
133415,2017-04-28
133416,2017-04-28
133417,2018-01-10
133418,2018-01-10
133419,2018-01-10
133420,2018-01-10
133421,2018-01-16
133422,2018-01-16
133423,2018-01-16
133424,2018-01-16
133425,2018-07-24
133426,2018-07-24
133427,2018-07-19
133428,2018-07-19
133429,2018-07-19
133430,2018-07-19
133431,2018-01-25
133432,2018-01-25
133433,2018-01-25
133434,2018-01-25
133435,2018-08-07
133436,2018-08-07
133438,2018-08-07
133439,2018-06-01
133440,2018-06-01
133447,2017-12-26
133448,2017-12-26
133449,2017-12-26
133450,2017-12-26
133451,2017-12-26
133452,2017-12-26
133453,2017-12-26
133454,2017-12-26
133456,2018-01-30
133457,2018-01-30
133458,2018-01-30
133460,2018-02-01
133461,2018-02-01
133462,2018-02-01
133463,2018-02-01
133464,2018-02-01
133465,2018-02-01
133466,2018-02-01
133467,2018-01-25
133468,2018-01-25
133470,2018-01-23
133471,2018-01-23
133472,2018-01-23
133473,2018-01-23
133474,2018-01-01
133475,2018-01-01
133476,2018-01-01
133478,2018-01-01
133482,2018-01-01
133483,2018-01-01
133489,2016-11-24
133490,2016-11-24
133491,2016-11-24
133492,2016-11-24
133493,2018-06-29
133494,2018-06-29
133495,2018-06-29
133496,2018-06-29
133501,2018-04-27
133502,2018-04-27
133503,2018-04-27
133504,2018-04-27
133505,2018-02-06
133506,2018-02-06
133507,2018-02-06
133508,2018-02-06
133509,2018-02-07
133510,2018-02-07
133511,2018-02-07
133512,2018-02-07
133525,2016-02-22
133526,2018-02-26
133527,2018-02-26
133528,2018-02-26
133529,2018-02-26
133530,2018-02-09
133531,2018-02-09
133532,2018-02-09
133533,2018-02-09
133540,2018-01-09
133541,2018-01-09
133542,2018-01-09
133543,2018-01-09
133544,2018-01-09
133545,2018-01-09
133546,2018-01-09
133547,2018-01-09
133550,2018-02-05
133552,2018-02-14
133555,2018-02-14
133556,2018-02-14
133557,2020-02-05
133558,2020-02-05
133559,2020-02-05
133560,2020-02-05
133561,2018-08-01
133562,2018-08-01
133563,2018-08-01
133564,2018-08-01
133573,2018-04-05
133574,2018-04-05
133575,2018-04-05
133576,2018-04-05
133577,2018-02-16
133578,2018-02-16
133579,2018-02-16
133580,2018-02-16
133581,2018-02-05
133582,2018-02-05
133583,2018-02-05
133588,2018-03-26
133589,2018-03-26
133590,2018-03-26
133591,2018-03-26
133596,2018-04-26
133597,2018-04-26
133598,2018-04-26
133599,2018-04-26
133600,2018-04-26
133601,2018-04-26
133602,2018-04-26
133604,2022-11-25
133605,2022-11-25
133606,2022-11-25
133607,2022-11-25
133621,2016-03-02
133624,2016-03-02
133625,2016-03-02
133626,2016-03-02
133627,2016-03-02
133632,2018-05-02
133633,2018-05-02
133634,2018-05-02
133635,2018-05-02
133636,2018-08-29
133637,2018-08-29
133639,2018-08-29
133648,2018-01-23
133649,2018-01-23
133650,2018-01-23
133652,2018-01-23
133654,2018-01-23
133655,2018-01-23
133656,2018-01-23
133657,2018-01-23
133662,2018-02-06
133663,2018-02-06
133666,2018-02-26
133667,2018-02-26
133668,2018-02-26
133669,2018-02-26
133670,2018-04-11
133672,2018-04-11
133673,2018-04-11
133678,2018-07-05
133683,2018-04-03
133684,2018-04-03
133685,2018-04-03
133686,2018-04-03
133687,2018-04-03
133692,2018-04-03
133693,2018-04-03
133694,2018-04-03
133695,2018-04-03
133696,2018-04-03
133697,2018-04-03
133698,2018-04-03
133699,2018-04-03
133700,2018-04-03
133701,2018-04-03
133713,2021-05-12
133714,2021-05-12
133715,2018-03-06
133716,2018-03-06
133717,2018-03-06
133718,2018-03-06
133726,2016-03-02
133727,2016-03-02
133729,2016-03-02
133730,2016-03-02
133731,2016-03-02
133732,2016-03-02
133734,2018-04-10
133735,2018-04-10
133736,2018-04-10
133737,2018-04-10
133770,2016-10-20
133771,2016-10-20
133772,2016-10-20
133776,2016-10-20
133777,2017-09-15
133779,2016-10-20
133783,2016-10-20
133786,2016-10-20
133802,2016-10-21
133804,2016-10-21
133807,2021-09-17
133808,2016-10-21
133811,2021-09-17
133813,2016-01-19
133814,2020-02-24
133815,2020-02-24
133816,2020-02-24
133817,2020-02-24
133830,2020-02-24
133831,2020-02-24
133832,2020-02-24
133833,2020-02-24
133834,2018-01-09
133835,2018-01-09
133840,2018-03-01
133841,2018-03-01
133842,2018-03-01
133854,2018-04-19
133855,2018-04-19
133856,2018-04-19
133861,2018-09-12
133862,2018-09-12
133863,2018-09-12
133864,2018-09-12
133870,2022-11-25
133871,2022-11-25
133874,2018-04-11
133875,2018-04-11
133876,2018-04-11
133877,2018-04-11
133879,2018-04-05
133880,2018-04-05
133881,2018-04-05
133882,2018-03-23
133883,2018-03-23
133884,2018-03-23
133885,2018-03-23
133896,2018-03-27
133897,2018-03-27
133898,2018-03-27
133899,2018-03-27
133900,2018-04-26
133901,2018-04-26
133902,2018-04-26
133903,2018-04-26
133904,2018-04-26
133906,2018-04-26
133907,2018-04-26
133915,2018-03-20
133916,2018-03-20
133917,2018-03-20
133918,2018-03-20
133931,2016-03-02
133932,2016-03-02
133934,2016-03-02
133935,2016-03-02
133936,2016-03-02
133945,2018-04-24
133946,2018-04-24
133947,2018-04-24
133948,2018-04-24
133949,2015-05-26
133950,2015-05-26
133951,2015-05-26
133952,2015-05-26
133965,2018-10-01
133966,2018-10-01
133984,2018-03-28
133985,2018-03-28
133986,2018-03-28
133987,2018-03-28
134000,2016-03-02
134001,2016-03-02
134002,2016-03-02
134003,2016-03-02
134005,2018-04-13
134007,2018-04-13
134009,2018-04-02
134010,2018-04-02
134011,2018-04-02
134012,2018-04-02
134018,2018-10-15
134020,2018-10-15
134021,2018-10-15
134022,2018-04-25
134024,2018-04-25
134025,2018-04-25
134027,2018-04-10
134028,2018-04-10
134029,2018-04-10
134031,2018-04-10
134032,2018-04-10
134034,2018-04-10
134035,2018-04-10
134038,2018-03-23
134039,2018-03-23
134040,2018-03-23
134041,2018-03-23
134042,2018-10-08
134043,2018-10-08
134044,2022-03-13
134045,2022-03-13
134052,2018-04-03
134054,2018-04-03
134055,2018-04-03
134056,2018-04-03
134057,2018-04-03
134059,2018-04-25
134061,2018-04-25
134074,2018-04-06
134075,2018-04-06
134084,2018-04-18
134085,2018-04-18
134088,2018-04-18
134090,2018-04-18
134091,2018-04-18
134092,2018-04-18
134094,2018-04-18
134095,2018-04-18
134096,2018-04-18
134100,2018-04-18
134101,2018-04-18
134103,2018-04-18
134108,2021-07-02
134109,2021-07-02
134110,2021-07-02
134111,2021-07-02
134120,2018-04-10
134121,2018-04-10
134122,2018-04-10
134123,2018-04-10
134132,2016-03-02
134133,2016-03-02
134134,2016-03-02
134135,2016-03-02
134142,2016-03-02
134143,2016-03-02
134144,2016-03-02
134145,2016-03-02
134146,2016-03-02
134148,2018-04-03
134149,2018-04-03
134150,2016-11-24
134152,2016-11-24
134153,2016-11-24
134154,2016-11-24
134155,2016-11-24
134156,2018-07-27
134157,2018-07-27
134158,2018-07-27
134159,2018-07-27
134160,2018-03-26
134162,2018-03-26
134163,2018-03-26
134164,2018-04-10
134165,2018-04-10
134166,2018-04-10
134167,2018-04-10
134169,2018-04-03
134170,2018-04-03
134171,2018-04-03
134176,2018-04-25
134177,2018-04-25
134178,2018-04-25
134179,2018-04-25
134180,2018-04-25
134181,2018-04-25
134182,2018-04-25
134183,2018-04-25
134184,2018-07-02
134186,2018-04-17
134187,2018-04-17
134188,2018-04-17
134189,2018-06-27
134190,2018-06-27
134191,2018-06-27
134192,2018-06-27
134193,2018-04-20
134194,2018-04-20
134195,2018-04-20
134196,2018-04-20
134197,2018-04-26
134198,2018-04-26
134199,2018-04-26
134200,2018-04-26
134201,2018-04-26
134203,2018-04-26
134204,2018-04-26
134207,2018-04-24
134208,2018-04-24
134209,2018-05-08
134210,2018-05-08
134211,2018-04-03
134212,2018-04-03
134213,2018-04-03
134214,2018-04-03
134215,2018-04-03
134216,2018-04-03
134217,2018-04-03
134218,2018-04-03
134220,2016-03-02
134223,2016-03-02
134226,2016-03-02
134230,2016-03-02
134234,2016-03-02
134259,2018-05-21
134260,2018-05-21
134261,2018-05-21
134262,2018-05-21
134263,2018-07-02
134266,2018-04-03
134267,2018-04-03
134268,2018-04-03
134269,2018-04-03
134274,2018-04-03
134275,2018-04-03
134277,2018-04-03
134278,2018-04-03
134281,2018-04-03
134287,2018-04-26
134289,2018-04-26
134290,2018-04-26
134292,2018-04-26
134293,2018-04-26
134294,2018-04-26
134295,2020-03-31
134296,2020-03-31
134297,2020-03-31
134298,2020-03-31
134299,2018-04-03
134300,2018-04-03
134301,2018-04-03
134302,2018-04-03
134303,2018-04-03
134305,2018-04-09
134307,2018-04-09
134308,2018-04-09
134309,2018-05-04
134310,2018-05-04
134311,2018-05-04
134312,2018-05-04
134313,2018-04-04
134314,2018-04-04
134315,2018-04-04
134316,2018-04-04
134317,2018-04-09
134318,2018-04-09
134319,2018-04-09
134320,2018-04-09
134321,2018-04-03
134322,2018-04-03
134327,2018-04-03
134328,2018-04-03
134329,2018-04-03
134330,2018-04-03
134331,2022-11-25
134332,2022-11-25
134333,2018-05-09
134334,2018-05-09
134335,2018-05-09
134336,2018-05-09
134341,2022-09-16
134342,2022-09-16
134347,2018-04-27
134348,2018-04-27
134349,2018-04-27
134350,2018-04-27
134355,2017-02-16
134356,2017-03-16
134358,2017-03-16
134359,2017-03-16
134360,2017-03-16
134361,2016-08-12
134362,2017-03-16
134363,2017-03-16
134370,2017-03-16
134371,2020-04-17
134372,2020-04-17
134373,2020-04-17
134374,2020-04-17
134375,2018-04-26
134376,2018-04-26
134377,2018-04-26
134378,2018-04-26
134379,2018-04-26
134380,2018-04-26
134381,2018-04-26
134382,2018-04-26
134384,2023-05-23
134389,2018-10-16
134390,2018-10-16
134391,2018-10-16
134392,2018-10-16
134397,2018-05-23
134399,2018-05-23
134400,2018-05-23
134405,2016-03-02
134408,2016-03-02
134409,2018-05-11
134410,2018-05-11
134411,2018-05-11
134412,2018-05-11
134413,2016-03-02
134414,2016-03-02
134415,2016-03-02
134416,2016-03-02
134417,2022-11-25
134418,2022-11-25
134419,2022-11-25
134420,2022-11-25
134421,2022-11-25
134422,2022-11-25
134423,2022-11-25
134424,2022-11-25
134425,2022-11-25
134426,2022-11-25
134434,2018-04-03
134436,2018-04-03
134437,2018-04-03
134438,2018-04-03
134441,2018-04-03
134458,2018-05-29
134459,2018-05-29
134460,2018-05-29
134461,2018-05-29
134462,2018-07-02
134463,2018-07-02
134466,2017-04-10
134467,2017-04-10
134468,2017-04-10
134472,2017-04-10
134473,2017-04-10
134474,2018-04-17
134475,2018-04-17
134476,2018-04-17
134477,2018-04-17
134478,2018-04-17
134479,2018-04-17
134481,2018-04-17
134482,2018-04-17
134483,2018-04-17
134507,2018-04-27
134509,2018-04-27
134510,2018-04-27
134511,2018-04-27
134518,2018-05-03
134519,2018-05-03
134520,2018-05-03
134521,2018-05-03
134522,2018-04-24
134523,2018-04-24
134524,2018-04-24
134525,2018-04-24
134526,2018-04-24
134527,2018-04-24
134528,2018-04-24
134530,2018-04-24
134531,2018-04-24
134532,2018-11-09
134533,2018-11-09
134534,2018-11-09
134535,2018-11-09
134536,2021-10-06
134537,2018-06-08
134538,2018-06-08
134539,2018-06-08
134540,2018-06-08
134541,2018-05-18
134542,2018-05-18
134543,2018-05-18
134544,2018-05-18
134546,2018-02-01
134565,2018-05-04
134566,2018-05-04
134567,2018-05-04
134568,2018-05-04
134573,2019-05-24
134574,2019-05-24
134575,2019-05-24
134576,2019-05-24
134583,2018-06-25
134585,2018-06-25
134588,2018-06-25
134589,2018-06-12
134590,2018-06-12
134591,2018-06-12
134592,2018-06-12
134603,2018-05-29
134604,2018-05-29
134605,2018-05-29
134606,2018-05-29
134607,2018-05-29
134608,2018-05-29
134609,2018-05-29
134610,2018-05-29
134611,2018-06-04
134612,2018-06-04
134613,2018-06-04
134614,2018-06-04
134619,2018-11-22
134620,2018-11-22
134621,2018-11-22
134622,2018-11-22
134623,2018-05-15
134624,2018-05-15
134625,2018-05-15
134626,2018-05-15
134628,2018-06-20
134629,2018-06-20
134630,2018-06-20
134635,2018-06-19
134636,2018-06-19
134637,2018-06-19
134645,2018-05-08
134646,2018-05-08
134647,2018-05-08
134648,2018-05-08
134649,2018-05-08
134650,2018-05-08
134651,2017-12-21
134652,2018-05-08
134654,2018-05-08
134656,2018-06-08
134657,2018-06-08
134659,2019-09-07
134660,2019-09-07
134661,2019-09-07
134662,2019-09-07
134663,2019-09-07
134664,2019-09-07
134669,2018-05-22
134670,2018-05-22
134671,2018-05-22
134672,2018-05-22
134673,2018-12-24
134674,2018-12-24
134675,2018-12-24
134676,2018-12-24
134677,2018-12-24
134678,2018-12-24
134687,2018-05-29
134688,2018-05-29
134689,2018-05-29
134690,2018-05-29
134691,2018-07-09
134692,2018-07-09
134694,2018-07-09
134695,2018-07-09
134697,2016-03-02
134699,2016-03-02
134700,2016-02-25
134701,2016-03-02
134702,2016-03-02
134703,2016-03-02
134704,2016-03-02
134705,2016-08-26
134710,2019-01-07
134711,2019-01-07
134712,2019-01-07
134713,2019-01-07
134714,2019-01-07
134715,2019-01-07
134716,2018-06-25
134717,2018-06-25
134718,2018-06-25
134719,2018-06-25
134720,2018-08-13
134721,2018-08-13
134722,2018-08-13
134723,2018-08-13
134724,2018-08-13
134725,2018-08-13
134726,2019-01-14
134727,2019-01-14
134728,2019-01-14
134729,2019-01-14
134730,2018-07-13
134731,2018-07-13
134733,2018-07-13
134734,2018-07-30
134735,2018-07-30
134736,2018-07-30
134737,2018-07-30
134738,2018-07-30
134740,2018-12-13
134741,2018-12-13
134742,2018-12-13
134743,2018-12-13
134744,2018-05-24
134745,2018-05-24
134746,2018-05-24
134747,2018-05-24
134748,2018-05-24
134750,2018-05-24
134751,2018-05-24
134752,2018-05-24
134753,2018-05-24
134754,2016-03-02
134755,2018-07-10
134756,2018-07-10
134757,2018-07-10
134758,2018-07-10
134759,2018-07-10
134760,2018-07-10
134761,2018-07-10
134762,2018-07-10
134768,2018-06-12
134769,2018-06-12
134770,2018-06-12
134771,2018-06-12
134772,2018-06-28
134773,2018-06-28
134774,2018-06-28
134775,2018-06-28
134776,2018-06-18
134777,2018-06-18
134778,2018-06-18
134779,2018-06-18
134780,2016-03-02
134789,2018-05-31
134790,2018-05-31
134792,2018-05-31
134793,2018-05-31
134795,2018-05-31
134796,2018-05-31
134797,2018-05-31
134798,2018-05-31
134808,2018-06-19
134809,2018-06-19
134810,2018-06-19
134811,2018-06-19
134838,2018-06-25
134839,2018-06-25
134841,2018-06-25
134842,2018-07-19
134843,2018-07-19
134844,2018-07-19
134845,2018-07-19
134848,2016-03-02
134851,2016-03-02
134852,2016-03-02
134853,2016-03-02
134854,2016-03-02
134855,2016-03-02
134888,2018-07-30
134889,2018-07-30
134890,2018-07-30
134891,2018-07-30
134892,2018-06-14
134894,2018-06-14
134895,2018-06-14
134896,2018-06-14
134897,2018-06-14
134898,2018-06-14
134899,2018-06-14
134926,2018-07-16
134927,2018-07-16
134928,2018-07-16
134929,2018-07-16
134930,2018-07-23
134931,2018-07-23
134932,2018-07-23
134933,2018-07-23
134934,2018-07-17
134935,2018-07-17
134936,2018-07-17
134937,2018-07-17
134938,2018-07-17
134939,2018-07-17
134940,2018-07-17
134941,2018-07-17
134942,2018-08-14
134943,2018-08-14
134944,2018-08-14
134945,2018-08-14
134946,2018-07-23
134947,2018-07-23
134948,2018-08-06
134949,2018-08-06
134950,2018-08-06
134951,2018-08-06
134952,2018-08-06
134953,2018-08-06
134963,2017-04-11
134964,2020-12-29
134965,2017-01-02
134966,2020-01-13
134967,2020-12-29
134968,2020-07-13
134969,2020-12-29
134970,2018-10-22
134971,2020-12-29
134978,2018-06-28
134979,2018-06-28
134980,2018-06-28
134981,2018-06-28
134983,2018-06-28
134984,2018-06-28
134985,2018-06-28
134988,2018-06-28
134989,2018-06-28
134990,2018-06-28
134991,2018-06-28
134992,2018-06-28
134993,2018-06-28
134994,2018-06-28
134999,2018-07-31
135000,2018-07-31
135001,2018-07-31
135002,2018-07-31
135004,2018-08-21
135005,2018-08-21
135007,2018-08-21
135008,2018-08-21
135009,2018-08-21
135010,2018-08-21
135011,2018-07-24
135012,2018-07-24
135013,2018-07-24
135015,2018-07-13
135016,2018-07-13
135017,2018-07-13
135019,2018-07-13
135020,2018-07-13
135022,2018-07-13
135023,2018-07-13
135024,2017-12-21
135025,2018-07-02
135026,2018-07-02
135029,2018-07-02
135032,2018-07-02
135035,2020-08-24
135036,2020-08-24
135044,2018-07-05
135045,2018-07-05
135047,2018-07-18
135048,2018-07-18
135050,2018-07-18
135052,2018-07-23
135053,2018-07-23
135054,2018-07-23
135055,2018-07-23
135056,2018-07-26
135058,2018-07-26
135059,2018-07-26
135060,2018-07-26
135062,2018-07-19
135063,2018-07-19
135064,2018-07-19
135065,2018-07-19
135066,2018-07-12
135070,2018-07-12
135076,2016-03-02
135077,2016-03-02
135078,2016-03-02
135079,2016-03-02
135080,2016-03-02
135081,2016-03-02
135083,2016-03-02
135084,2018-08-16
135085,2018-08-16
135086,2018-08-16
135087,2018-08-16
135092,2018-08-21
135093,2018-08-21
135094,2018-08-21
135095,2018-08-21
135096,2018-08-21
135097,2018-08-21
135098,2018-08-21
135099,2018-08-21
135100,2018-08-21
135102,2018-07-26
135103,2018-07-26
135104,2018-07-26
135105,2018-07-26
135108,2018-08-14
135109,2018-08-14
135110,2018-08-14
135137,2018-09-19
135138,2018-09-19
135139,2018-09-19
135140,2018-09-19
135141,2018-09-19
135142,2018-09-19
135153,2018-08-28
135154,2018-08-28
135155,2018-08-28
135156,2018-08-28
135157,2018-09-03
135158,2018-09-03
135159,2018-09-03
135160,2018-09-03
135179,2018-08-28
135180,2018-08-28
135181,2018-08-28
135182,2018-08-28
135192,2019-03-06
135193,2019-03-06
135194,2019-03-06
135195,2019-03-06
135202,2018-07-31
135203,2018-07-31
135204,2018-07-31
135205,2018-07-31
135206,2018-07-31
135207,2018-07-31
135208,2018-07-31
135209,2018-07-31
135212,2018-09-17
135213,2018-09-17
135214,2018-09-17
135215,2018-09-17
135216,2018-08-30
135217,2018-08-30
135218,2019-03-06
135219,2019-03-06
135220,2019-03-06
135221,2019-03-06
135228,2018-09-06
135229,2018-09-06
135230,2018-09-06
135231,2018-09-06
135232,2019-02-22
135233,2019-02-22
135234,2019-02-22
135235,2019-02-22
135236,2018-08-21
135237,2018-08-21
135239,2018-08-21
135254,2018-08-28
135255,2018-08-28
135256,2018-08-28
135257,2018-08-28
135258,2018-08-16
135259,2018-08-16
135260,2018-08-16
135261,2018-08-16
135262,2018-08-16
135263,2018-08-16
135264,2018-08-16
135266,2018-08-16
135267,2018-08-16
135268,2018-08-16
135269,2018-08-16
135271,2018-08-16
135278,2018-09-11
135279,2018-09-11
135280,2018-09-11
135281,2018-09-11
135282,2019-03-08
135283,2019-03-08
135284,2019-03-08
135285,2019-03-08
135286,2018-10-24
135287,2018-10-24
135288,2018-10-24
135289,2018-10-24
135301,2021-02-18
135302,2021-02-18
135303,2021-02-18
135304,2021-02-18
135306,2018-08-30
135307,2018-08-30
135308,2018-08-30
135309,2018-08-30
135310,2018-08-30
135313,2017-12-21
135315,2018-08-30
135316,2018-10-24
135318,2018-10-24
135319,2018-10-24
135322,2018-08-30
135323,2018-08-30
135324,2018-08-31
135325,2018-08-31
135326,2018-08-31
135327,2018-08-31
135328,2018-10-01
135329,2018-10-03
135330,2018-10-01
135331,2018-10-01
135332,2018-09-27
135333,2018-09-27
135334,2018-09-27
135337,2018-10-03
135338,2018-10-03
135339,2018-10-03
135340,2018-10-03
135345,2019-05-06
135346,2019-05-06
135347,2019-05-06
135348,2019-05-06
135349,2018-10-19
135350,2018-10-19
135351,2018-10-19
135352,2018-10-19
135357,2021-03-05
135358,2021-03-05
135359,2021-03-05
135360,2021-03-05
135361,2018-09-14
135362,2018-09-14
135363,2018-09-14
135364,2018-09-14
135365,2018-09-14
135366,2018-09-14
135367,2018-09-14
135368,2018-09-14
135369,2018-09-14
135370,2018-09-14
135372,2018-09-25
135373,2018-09-25
135374,2018-09-25
135375,2018-09-25
135376,2018-10-08
135377,2018-10-08
135378,2018-10-08
135379,2018-10-08
135384,2018-09-14
135385,2018-09-14
135392,2018-10-26
135393,2018-10-26
135395,2018-10-26
135400,2018-10-25
135401,2018-10-25
135403,2018-10-25
135404,2019-04-08
135405,2019-04-08
135406,2019-04-08
135407,2019-04-08
135408,2018-10-04
135409,2018-10-04
135410,2018-10-04
135411,2018-10-04
135412,2018-10-04
135413,2018-10-04
135414,2018-10-10
135415,2018-10-10
135417,2018-10-10
135432,2018-10-22
135433,2018-10-22
135434,2018-10-22
135435,2018-10-22
135437,2018-10-03
135439,2018-10-03
135440,2018-10-25
135441,2018-10-25
135442,2018-10-25
135445,2018-10-29
135446,2018-10-29
135448,2018-10-29
135449,2018-10-29
135450,2016-11-11
135451,2016-11-11
135452,2018-10-03
135453,2018-10-03
135454,2018-10-03
135455,2018-10-03
135456,2018-10-03
135457,2018-10-03
135459,2018-10-03
135460,2018-10-03
135461,2018-10-03
135462,2018-10-05
135463,2018-10-05
135464,2018-10-05
135465,2018-10-05
135481,2018-10-26
135482,2018-10-26
135483,2018-10-26
135484,2018-10-12
135485,2018-10-12
135488,2018-10-12
135489,2020-10-21
135490,2020-10-21
135491,2020-10-21
135492,2020-10-21
135493,2018-10-31
135494,2018-10-31
135495,2018-10-31
135496,2018-10-31
135498,2017-09-15
135506,2021-10-25
135507,2021-10-25
135508,2021-10-25
135509,2021-10-25
135510,2021-04-08
135511,2021-04-08
135512,2021-04-08
135513,2021-04-08
135514,2018-10-17
135516,2018-10-17
135517,2018-10-17
135518,2018-10-17
135519,2018-10-17
135520,2018-10-17
135522,2018-10-17
135523,2018-10-17
135524,2018-12-27
135525,2018-12-27
135526,2019-07-10
135527,2019-07-10
135528,2019-07-10
135529,2019-07-10
135530,2018-10-23
135531,2018-10-23
135532,2018-10-23
135533,2018-10-23
135534,2018-10-23
135535,2018-10-23
135537,2018-10-25
135538,2018-10-25
135539,2018-10-25
135540,2018-10-25
135541,2018-10-25
135543,2018-11-09
135544,2018-11-09
135545,2018-11-09
135546,2018-11-09
135547,2019-02-21
135548,2019-02-21
135549,2019-02-21
135550,2019-02-21
135559,2018-11-26
135560,2018-11-26
135561,2018-11-26
135562,2018-11-26
135563,2018-10-23
135564,2018-10-23
135565,2018-10-23
135566,2018-10-23
135567,2020-11-05
135568,2020-11-05
135569,2020-11-05
135570,2020-11-05
135571,2018-10-25
135572,2018-10-25
135573,2018-10-25
135574,2018-10-25
135576,2018-10-25
135577,2018-10-25
135580,2018-10-25
135588,2019-05-20
135589,2019-05-20
135590,2019-05-20
135591,2019-05-20
135602,2018-11-01
135603,2018-11-01
135604,2018-11-01
135605,2018-11-01
135608,2019-04-03
135609,2019-04-03
135610,2019-04-03
135611,2019-04-03
135618,2019-07-10
135619,2019-07-10
135620,2019-07-10
135621,2019-07-10
135634,2018-11-29
135635,2018-11-29
135636,2018-11-29
135637,2018-11-29
135638,2018-11-09
135639,2018-11-09
135641,2018-11-09
135642,2018-11-09
135643,2018-11-09
135645,2018-11-09
135647,2018-11-09
135656,2022-07-15
135657,2022-07-15
135658,2022-07-15
135659,2022-07-15
135660,2022-07-15
135661,2022-07-15
135668,2018-10-29
135670,2018-10-29
135673,2019-04-04
135674,2019-04-04
135675,2019-04-04
135676,2019-04-04
135689,2021-09-13
135690,2021-09-13
135691,2021-09-13
135692,2021-09-13
135697,2018-11-27
135698,2018-11-27
135699,2018-11-27
135700,2018-11-27
135701,2018-11-27
135702,2018-11-27
135703,2018-11-27
135704,2018-11-27
135705,2018-11-27
135707,2018-11-20
135708,2018-11-20
135709,2018-11-20
135710,2018-11-20
135711,2018-12-07
135714,2018-12-07
135715,2018-12-07
135716,2018-12-07
135717,2020-10-16
135718,2020-10-16
135719,2020-10-16
135720,2020-10-16
135739,2016-03-02
135741,2016-03-02
135742,2016-03-02
135745,2018-12-10
135746,2018-12-10
135747,2018-12-10
135748,2018-12-10
135749,2020-12-24
135750,2020-12-24
135751,2020-12-24
135752,2020-12-24
135753,2020-12-24
135754,2020-12-24
135755,2018-12-03
135756,2018-12-03
135757,2018-12-03
135758,2018-12-03
135767,2019-04-08
135768,2019-04-08
135770,2019-04-08
135771,2020-12-07
135772,2020-12-07
135773,2020-12-07
135774,2020-12-07
135775,2019-06-11
135776,2019-06-11
135777,2019-04-11
135778,2019-04-11
135779,2019-04-11
135780,2019-04-11
135785,2018-11-30
135786,2018-11-30
135787,2018-11-30
135788,2018-11-30
135823,2018-12-12
135824,2018-12-12
135825,2018-12-12
135827,2018-12-12
135828,2018-12-12
135829,2018-12-12
135830,2018-12-12
135831,2018-12-12
135832,2018-12-12
135833,2018-12-17
135836,2018-12-17
135839,2018-12-17
135840,2018-12-17
135841,2018-12-17
135842,2018-12-17
135843,2018-12-17
135844,2018-12-17
135845,2019-04-02
135846,2019-04-02
135847,2019-04-02
135848,2019-04-02
135849,2019-04-05
135850,2019-04-05
135851,2019-04-05
135852,2019-04-05
135856,2018-12-31
135857,2018-12-31
135858,2018-12-31
135860,2021-06-10
135861,2021-06-10
135862,2021-06-10
135863,2021-06-10
135864,2019-06-04
135865,2019-06-04
135866,2019-06-04
135867,2019-06-04
135868,2018-12-19
135870,2018-12-19
135872,2018-12-19
135874,2018-12-26
135875,2018-12-26
135876,2018-12-26
135877,2018-12-26
135879,2018-12-26
135880,2018-12-26
135881,2018-12-26
135882,2018-12-26
135883,2018-12-26
135884,2019-04-08
135885,2019-04-08
135886,2019-04-08
135887,2019-04-08
135902,2019-04-04
135903,2019-04-04
135904,2019-04-04
135905,2019-04-04
135906,2019-04-10
135907,2019-04-10
135909,2019-04-10
135918,2019-04-22
135919,2019-04-22
135920,2019-04-22
135921,2019-04-22
135924,2021-01-11
135925,2021-01-11
135926,2021-01-11
135927,2021-01-11
135928,2019-03-29
135929,2019-03-29
135930,2019-03-29
135931,2019-03-29
135932,2019-01-10
135933,2019-01-10
135934,2019-01-10
135935,2019-01-10
135936,2019-01-10
135937,2019-01-10
135938,2019-04-08
135939,2019-04-08
135941,2019-04-08
135942,2018-12-26
135944,2018-12-26
135947,2018-12-26
135948,2018-12-26
135952,2019-01-07
135953,2019-01-07
135954,2019-01-07
135955,2019-01-07
135956,2019-01-07
135957,2019-01-07
135962,2021-09-24
135963,2021-09-24
135964,2021-09-24
135965,2021-09-24
135966,2019-01-21
135967,2019-01-21
135968,2019-01-21
135969,2019-01-21
135970,2019-01-21
135971,2019-01-21
135972,2019-10-25
135973,2019-10-25
135974,2019-10-25
135975,2019-10-25
135992,2019-04-22
135993,2019-04-22
135994,2019-04-22
135995,2019-04-22
135996,2019-02-22
135997,2019-02-22
135998,2019-02-22
135999,2019-02-22
136000,2019-04-08
136001,2019-04-08
136002,2019-04-08
136003,2019-04-08
136008,2019-01-16
136009,2019-01-16
136011,2019-01-16
136012,2019-01-16
136013,2019-01-16
136014,2019-01-16
136016,2019-01-16
136017,2019-01-16
136018,2019-01-15
136019,2019-01-15
136020,2019-01-15
136021,2019-01-15
136022,2019-04-08
136023,2019-04-08
136024,2019-04-08
136025,2019-04-08
136026,2019-04-08
136027,2019-04-08
136028,2019-04-08
136029,2019-04-08
136030,2019-04-08
136031,2019-04-08
136032,2019-07-29
136033,2019-07-29
136035,2019-07-29
136036,2019-01-17
136037,2019-01-17
136038,2019-01-17
136039,2019-01-17
136040,2019-01-17
136042,2019-04-05
136043,2019-04-05
136044,2019-04-05
136045,2019-04-05
136046,2019-04-18
136047,2019-04-18
136048,2019-04-18
136049,2019-04-18
136056,2019-06-07
136057,2019-06-07
136058,2019-06-07
136059,2019-06-07
136060,2019-01-22
136063,2019-01-22
136076,2019-04-08
136077,2019-04-08
136078,2019-04-08
136079,2019-04-08
136080,2019-04-08
136081,2019-04-08
136082,2019-04-08
136083,2019-04-08
136084,2019-04-08
136086,2021-02-05
136087,2021-02-05
136088,2021-02-05
136089,2021-02-05
136096,2019-02-01
136097,2019-02-01
136099,2019-02-01
136100,2019-02-01
136101,2019-02-01
136102,2019-02-01
136103,2019-02-01
136104,2019-02-01
136106,2019-04-08
136107,2019-04-08
136108,2019-04-08
136109,2019-04-08
136115,2019-04-08
136116,2019-04-08
136117,2019-04-08
136118,2019-04-08
136119,2019-04-08
136120,2019-04-08
136121,2021-07-23
136122,2021-07-23
136123,2021-07-23
136124,2021-07-23
136125,2019-04-08
136126,2019-04-08
136127,2019-04-08
136128,2019-04-08
136130,2019-08-30
136131,2019-08-30
136132,2019-08-30
136133,2019-04-22
136134,2019-04-24
136135,2019-04-24
136141,2019-05-22
136142,2019-05-22
136143,2019-05-22
136144,2019-05-22
136145,2019-04-11
136146,2019-04-11
136148,2019-04-11
136150,2019-04-11
136159,2019-04-08
136160,2019-04-08
136161,2019-04-08
136162,2019-04-08
136163,2019-04-08
136164,2019-04-08
136170,2019-04-08
136171,2019-04-08
136172,2019-04-08
136173,2019-04-08
136174,2020-04-29
136175,2020-04-29
136176,2020-04-29
136179,2020-04-29
136180,2019-02-26
136181,2019-02-26
136182,2019-02-26
136183,2019-02-26
136188,2019-04-18
136189,2019-04-18
136190,2019-04-18
136192,2019-04-18
136193,2019-04-18
136194,2019-08-26
136195,2019-08-26
136196,2019-08-26
136197,2019-08-26
136199,2019-04-03
136200,2019-04-03
136201,2019-04-03
136202,2019-04-03
136203,2019-04-03
136205,2019-04-03
136206,2019-04-03
136207,2019-04-03
136208,2019-04-03
136213,2019-04-25
136214,2019-04-25
136220,2016-08-16
136221,2016-08-16
136222,2016-05-13
136223,2016-05-13
136224,2019-05-08
136225,2019-05-08
136226,2019-05-08
136227,2019-05-08
136228,2019-05-07
136229,2019-05-07
136230,2019-05-07
136231,2019-05-07
136233,2019-04-12
136234,2019-04-12
136235,2019-04-12
136236,2016-08-26
136237,2016-08-26
136238,2016-08-26
136239,2016-08-26
136242,2019-04-18
136243,2019-04-18
136245,2019-04-18
136246,2019-07-12
136247,2019-07-12
136248,2019-07-12
136249,2019-07-12
136250,2019-04-10
136251,2019-04-10
136252,2019-04-10
136253,2019-04-10
136254,2019-04-10
136255,2019-04-10
136262,2019-04-15
136263,2019-04-15
136264,2019-04-15
136265,2019-04-15
136266,2019-04-15
136267,2019-04-15
136270,2019-04-15
136271,2019-04-15
136273,2019-04-15
136284,2019-04-24
136286,2019-04-24
136287,2019-04-24
136288,2019-04-30
136289,2019-04-30
136290,2019-04-30
136291,2019-04-30
136292,2019-04-30
136293,2019-04-30
136294,2019-04-24
136295,2019-04-24
136296,2019-04-24
136297,2019-04-24
136298,2016-05-27
136299,2016-05-27
136300,2016-05-27
136301,2016-05-27
136305,2019-04-22
136306,2019-04-22
136307,2019-04-22
136308,2019-04-22
136309,2019-04-12
136311,2019-04-12
136313,2019-06-04
136314,2019-06-04
136315,2019-06-04
136316,2019-06-04
136321,2019-05-28
136322,2019-05-28
136324,2019-05-28
136327,2016-05-25
136328,2016-05-25
136329,2016-05-25
136330,2016-05-25
136331,2021-03-08
136332,2021-03-08
136333,2021-03-08
136334,2021-03-08
136336,2019-05-06
136337,2019-05-06
136339,2019-09-30
136340,2019-09-30
136341,2019-09-30
136342,2019-09-30
136343,2019-09-30
136344,2019-09-30
136347,2019-04-16
136349,2019-04-16
136351,2019-04-16
136353,2019-04-16
136355,2019-04-16
136356,2019-09-03
136357,2019-09-03
136358,2019-04-08
136359,2019-04-08
136360,2019-04-08
136361,2019-04-08
136362,2019-04-16
136363,2019-04-16
136364,2019-04-16
136365,2019-04-17
136370,2019-10-29
136371,2019-10-29
136372,2019-10-29
136373,2019-10-29
136384,2019-04-25
136385,2019-04-25
136387,2019-04-25
136388,2019-04-25
136389,2019-04-25
136404,2016-04-25
136405,2016-04-25
136406,2016-04-25
136407,2016-04-25
136408,2019-04-30
136409,2019-04-30
136410,2019-04-30
136411,2019-04-30
136412,2019-04-30
136413,2019-04-30
136414,2019-04-22
136415,2019-04-22
136417,2021-08-23
136418,2021-08-23
136419,2021-08-23
136420,2021-08-23
136431,2019-04-05
136432,2019-04-05
136433,2019-04-05
136434,2019-04-05
136435,2019-04-12
136436,2019-04-12
136438,2019-04-12
136439,2019-04-08
136441,2019-04-08
136442,2019-04-08
136443,2019-04-08
136444,2019-04-08
136449,2019-06-04
136450,2019-06-04
136451,2019-06-04
136452,2019-06-04
136453,2019-04-12
136454,2019-04-12
136455,2019-04-12
136456,2019-04-12
136458,2016-03-02
136459,2019-04-16
136460,2019-04-16
136461,2019-04-16
136462,2019-04-16
136474,2019-04-15
136475,2019-04-15
136476,2019-04-15
136477,2019-04-15
136478,2016-06-01
136479,2016-06-01
136480,2016-06-01
136481,2016-06-01
136488,2019-04-22
136489,2019-04-22
136492,2019-04-22
136493,2019-04-22
136495,2019-04-22
136496,2019-04-22
136497,2019-04-22
136499,2019-05-27
136501,2019-09-16
136502,2019-09-16
136503,2019-09-16
136504,2019-09-16
136509,2019-04-12
136510,2019-04-12
136511,2019-04-12
136512,2019-04-12
136519,2019-07-12
136520,2019-07-12
136521,2019-07-12
136522,2019-07-12
136539,2019-10-22
136540,2019-10-22
136541,2019-10-22
136542,2019-10-22
136543,2019-10-22
136544,2019-10-22
136545,2019-04-22
136546,2019-04-22
136547,2019-04-22
136548,2019-04-22
136558,2019-05-27
138218,2019-06-17
138220,2019-06-17
138224,2019-06-04
138225,2019-06-04
138226,2019-06-04
138227,2019-06-04
138232,2019-09-03
138233,2019-09-03
138244,2019-06-04
138247,2019-06-04
138255,2019-07-28
138257,2018-10-22
138260,2018-09-17
138261,2019-07-28
138262,2018-07-04
138264,2019-07-28
138266,2019-04-16
138272,2019-07-28
138273,2017-12-26
138274,2022-01-21
138275,2016-06-30
138276,2019-04-03
138277,2022-01-21
138278,2019-07-27
138279,2018-07-29
138280,2019-07-27
138281,2019-07-27
138282,2019-07-27
138283,2019-07-27
138284,2018-09-10
138286,2022-01-21
138292,2019-07-27
138294,2019-07-27
138296,2019-07-27
138300,2019-07-27
138302,2016-07-31
138303,2016-07-31
138304,2019-07-27
138305,2019-06-10
138306,2019-05-07
138309,2019-07-27
138310,2019-07-27
138311,2019-07-27
138314,2019-07-27
138323,2022-01-21
138324,2016-07-29
138333,2016-07-29
138334,2019-05-23
138336,2016-07-29
138337,2022-01-21
138338,2019-07-27
138339,2022-01-21
138340,2019-07-27
138345,2018-07-06
138346,2019-01-30
138349,2019-07-27
138353,2019-07-27
138354,2019-06-14
138357,2019-07-27
138360,2019-07-27
138363,2019-07-27
138364,2019-07-27
138365,2019-03-29
138366,2018-03-28
138367,2019-04-11
138368,2018-02-23
138370,2021-03-05
138378,2021-03-05
138383,2019-07-27
138384,2019-07-27
138385,2016-07-22
138391,2019-07-28
138392,2019-07-28
138393,2018-02-02
138394,2019-07-28
138395,2019-07-28
138396,2019-07-28
138426,2019-07-28
138427,2022-01-21
138429,2022-01-21
138431,2022-01-21
138432,2022-01-21
138435,2019-07-28
138436,2019-07-28
138437,2019-07-28
138438,2019-07-28
138442,2019-07-28
138444,2019-07-28
138445,2019-07-28
138447,2018-09-10
138448,2019-07-28
138449,2018-01-03
138450,2020-04-29
138452,2019-07-28
138454,2023-01-20
138457,2023-01-20
138459,2019-07-28
138460,2019-07-28
138463,2019-07-28
138464,2019-07-28
138471,2016-07-29
138475,2018-07-04
138476,2018-03-28
138481,2019-06-22
138482,2017-01-03
138483,2016-03-30
138484,2019-06-22
138491,2019-06-22
138492,2019-06-22
138496,2019-06-22
138499,2019-02-20
138500,2017-10-06
138508,2016-09-20
138509,2019-06-22
138510,2019-06-22
138511,2017-11-23
138512,2019-06-22
138513,2019-06-22
138514,2016-12-08
138517,2016-08-01
138518,2018-11-29
138521,2019-06-22
138522,2018-09-05
138524,2023-01-20
138525,2017-01-03
138527,2023-01-20
138533,2018-04-10
138534,2018-04-10
138535,2018-04-09
138536,2018-04-09
138537,2018-11-05
138538,2018-11-05
138539,2019-01-07
138540,2019-01-07
138541,2019-01-07
138542,2019-01-07
138543,2016-04-07
138544,2016-04-07
138545,2016-04-07
138546,2016-04-07
138547,2016-04-28
138548,2016-04-28
138549,2016-04-28
138550,2016-04-28
138551,2016-04-28
138552,2016-04-28
138553,2016-04-28
138554,2016-04-28
138555,2017-10-03
138556,2017-10-03
138557,2017-10-03
138558,2017-10-03
138559,2019-08-09
138560,2019-08-09
138561,2019-08-09
138562,2016-05-09
138563,2021-03-05
138565,2021-03-05
138568,2021-03-05
138569,2019-07-28
138570,2019-07-28
138573,2016-08-01
138574,2018-06-19
138575,2016-08-01
138576,2016-08-01
138581,2019-08-23
138583,2019-08-23
138584,2019-08-23
138586,2018-04-09
138587,2018-04-09
138588,2018-04-09
138592,2017-07-27
138594,2017-07-27
138595,2017-07-27
138599,2017-07-05
138600,2017-07-05
138601,2017-07-05
138606,2016-08-02
138608,2016-08-02
138611,2016-08-02
138612,2016-08-02
138618,2016-08-30
138621,2016-08-30
138623,2016-09-20
138625,2016-09-20
138630,2016-09-20
138634,2016-09-12
138635,2016-09-12
138636,2016-09-12
138638,2016-09-20
138639,2016-09-20
138640,2016-09-20
138641,2017-04-10
138642,2018-04-10
138643,2018-04-10
138644,2017-04-10
138645,2016-10-24
138646,2016-10-24
138647,2016-10-24
138650,2018-04-06
138651,2017-04-06
138652,2017-04-06
138654,2016-04-11
138655,2017-04-11
138656,2017-04-11
138657,2018-10-09
138658,2018-10-09
138659,2018-10-09
138661,2018-10-09
138662,2018-10-09
138663,2018-10-09
138664,2018-10-09
138665,2018-10-09
138666,2018-10-09
138667,2018-04-19
138671,2018-04-19
138677,2018-04-19
138679,2018-04-19
138685,2017-04-10
138688,2017-04-10
138691,2019-06-22
138692,2019-06-22
138693,2019-06-22
138694,2019-06-22
138695,2019-05-14
138696,2019-06-22
138697,2019-06-22
138700,2019-06-22
138709,2018-04-18
138711,2018-04-18
138717,2017-04-10
138719,2017-04-10
138725,2017-05-02
138727,2018-05-02
138729,2018-05-02
138730,2016-04-25
138735,2018-04-10
138736,2018-04-10
138739,2017-04-25
138740,2017-04-25
138743,2017-04-25
138744,2017-04-25
138746,2017-04-25
138751,2018-04-18
138753,2018-04-18
138757,2018-04-10
138759,2018-04-10
138760,2017-04-10
138763,2018-04-18
138765,2018-04-18
138766,2018-04-18
138773,2018-05-15
138774,2016-05-09
138777,2018-05-15
138778,2017-05-15
138781,2017-08-07
138783,2017-08-07
138784,2017-08-07
138785,2017-08-07
138786,2017-08-07
138789,2017-08-07
138791,2017-08-07
138792,2017-08-07
138793,2017-08-07
138794,2017-08-07
138797,2018-05-22
138799,2018-05-22
138800,2017-05-22
138801,2018-05-22
138802,2016-05-16
138804,2018-05-29
138806,2017-05-29
138807,2016-05-23
138809,2017-05-29
138810,2018-05-29
138813,2017-10-04
138814,2017-10-04
138815,2017-10-04
138816,2017-10-04
138817,2017-10-04
138818,2017-10-04
138820,2018-06-25
138822,2018-06-25
138823,2016-06-15
138824,2017-06-20
138825,2017-06-20
138830,2016-06-27
138831,2017-07-04
138832,2016-06-27
138833,2017-07-03
138834,2017-07-03
138837,2018-07-09
138838,2017-07-03
138839,2017-07-03
138840,2017-07-03
138841,2018-07-09
138845,2017-07-06
138847,2017-07-06
138848,2017-07-06
138849,2017-07-06
138850,2017-07-06
138853,2017-08-16
138855,2017-08-16
138856,2017-08-16
138857,2017-08-16
138860,2017-09-13
138861,2017-09-13
138865,2017-09-13
138866,2017-09-13
138867,2017-09-11
138869,2017-09-11
138871,2017-09-11
138872,2017-09-11
138873,2017-09-11
138874,2017-09-11
138879,2021-03-05
138880,2021-03-05
138884,2021-03-05
138885,2021-03-05
138891,2018-01-18
138893,2018-01-18
138894,2018-01-18
138895,2018-01-18
138896,2018-01-18
138897,2021-03-05
138898,2022-01-21
138899,2021-03-05
138900,2022-01-21
138902,2017-01-02
138903,2022-01-21
138905,2022-01-21
138906,2021-03-05
138907,2021-03-05
138908,2019-07-28
138911,2017-10-04
138913,2017-10-04
138915,2017-10-04
138917,2017-10-23
138919,2017-10-23
138921,2017-10-23
138927,2017-10-25
138929,2017-10-25
138930,2017-10-25
138931,2017-10-25
138932,2017-10-25
138934,2017-12-04
138937,2017-12-04
138938,2017-12-04
138939,2017-12-04
138940,2017-12-04
138942,2017-11-21
138947,2017-11-21
138948,2017-11-21
138949,2017-12-18
138950,2017-12-18
138951,2017-12-18
138952,2017-12-18
138953,2018-02-05
138956,2018-02-05
138957,2018-02-05
138958,2018-02-05
138959,2018-02-05
138960,2018-02-05
138962,2018-07-16
138965,2018-07-16
138966,2018-07-16
138967,2018-07-16
138968,2018-07-16
138970,2018-03-14
138971,2018-03-14
138973,2018-03-14
138974,2018-03-14
138975,2018-03-14
138976,2018-03-14
138979,2018-03-21
138980,2018-03-21
138982,2018-03-21
138983,2018-03-21
138984,2018-03-21
138985,2018-09-24
138986,2018-09-24
138987,2018-09-24
138988,2018-09-24
138989,2020-04-07
138990,2020-04-07
138991,2020-04-07
138992,2020-04-07
138995,2018-10-03
138996,2018-10-03
138997,2018-10-03
138998,2018-10-03
138999,2018-10-03
139002,2018-04-09
139005,2018-04-09
139008,2018-04-09
139012,2018-04-11
139016,2018-04-11
139017,2018-10-29
139018,2018-10-29
139019,2018-10-29
139020,2018-10-29
139021,2018-06-20
139023,2018-06-20
139025,2018-06-20
139026,2018-06-20
139027,2018-06-20
139028,2018-06-20
139029,2018-06-12
139030,2018-06-12
139045,2018-07-16
139048,2018-07-16
139049,2018-07-16
139050,2018-07-16
139051,2018-07-16
139052,2018-07-16
139053,2018-08-13
139054,2018-08-13
139055,2018-08-13
139056,2018-08-13
139057,2018-08-13
139058,2018-08-13
139060,2018-08-13
139072,2018-12-11
139074,2018-12-11
139075,2018-12-11
139078,2019-04-18
139079,2019-04-18
139080,2019-04-18
139081,2019-04-03
139083,2019-04-03
139084,2019-04-03
139085,2019-04-30
139086,2019-04-30
139087,2019-04-30
139088,2019-04-30
139089,2019-04-30
139090,2019-04-30
139091,2019-04-16
139092,2019-04-16
139093,2019-04-16
139095,2021-04-06
139096,2021-04-06
139097,2021-04-06
139098,2021-04-06
139099,2019-05-28
139101,2019-05-28
139102,2019-05-28
139103,2019-04-24
139104,2019-04-24
139107,2019-04-24
139109,2019-04-24
139110,2019-04-24
139111,2019-09-30
139112,2019-09-30
139113,2019-09-30
139114,2019-09-30
139115,2019-04-15
139116,2019-04-23
139117,2019-04-23
139119,2019-04-23
139120,2019-04-03
139121,2019-04-03
139122,2019-04-03
139123,2019-04-03
139128,2019-04-15
139129,2019-04-15
139130,2019-04-15
139131,2019-04-09
139132,2019-04-09
139133,2019-04-09
139134,2019-04-09
139135,2019-04-09
139137,2019-04-09
139138,2019-04-09
139139,2019-04-09
139141,2019-04-09
139143,2019-04-12
139144,2019-04-12
139145,2019-04-12
139146,2019-04-12
139163,2019-05-28
139164,2019-05-28
139165,2019-05-28
139166,2019-05-28
139168,2019-05-28
139169,2019-06-13
139170,2019-06-13
139171,2019-06-25
139172,2019-06-25
139173,2019-06-25
139174,2019-06-25
139175,2019-06-25
139176,2019-06-25
139178,2019-04-16
139179,2019-04-16
139180,2019-04-16
139192,2019-04-09
139193,2019-04-09
139194,2019-04-09
139195,2019-04-09
139196,2019-04-09
139197,2019-04-09
139206,2019-06-13
139207,2019-04-22
139209,2019-04-22
139210,2019-04-22
139211,2019-04-22
139215,2019-04-22
139216,2019-04-22
139217,2019-04-22
139219,2021-12-31
139221,2021-12-31
139222,2021-12-31
139224,2021-12-31
139225,2019-05-06
139226,2019-05-06
139227,2019-05-06
139228,2019-05-06
139229,2019-07-01
139230,2019-07-01
139231,2019-07-01
139232,2019-07-01
139233,2019-06-25
139234,2019-06-25
139237,2022-07-24
139238,2022-07-24
139239,2022-07-24
139240,2022-07-24
139245,2019-06-04
139246,2019-06-04
139247,2019-06-04
139248,2019-06-04
139249,2019-07-12
139250,2019-07-12
139251,2019-07-12
139252,2019-07-12
139253,2019-05-03
139254,2019-05-03
139255,2019-05-03
139256,2019-05-03
139257,2022-01-24
139258,2022-01-24
139259,2022-01-24
139260,2022-01-24
139261,2019-05-14
139262,2019-05-14
139263,2019-05-14
139264,2019-05-14
139265,2019-05-29
139266,2019-05-29
139267,2019-05-29
139268,2019-05-29
139269,2019-04-30
139271,2019-04-30
139272,2019-04-30
139273,2019-04-25
139274,2019-04-25
139275,2019-04-25
139276,2019-04-25
139277,2019-04-25
139279,2019-04-25
139280,2019-04-25
139282,2019-04-25
139283,2019-04-30
139284,2019-04-30
139285,2019-04-30
139286,2019-04-30
139287,2019-04-30
139288,2019-04-30
139295,2019-09-03
139296,2019-09-03
139297,2019-09-03
139298,2019-09-03
139299,2019-11-05
139300,2019-11-05
139301,2019-11-05
139302,2019-11-05
139303,2021-10-29
139304,2021-10-29
139305,2021-10-29
139306,2021-10-29
139307,2019-05-27
139308,2019-05-27
139309,2019-05-27
139310,2019-05-27
139311,2019-07-01
139312,2019-07-01
139313,2019-07-01
139314,2019-07-01
139315,2019-07-01
139316,2019-07-01
139317,2019-05-14
139318,2019-05-14
139319,2019-05-14
139320,2019-05-14
139322,2019-05-14
139323,2019-05-14
139324,2019-05-14
139325,2019-05-14
139326,2019-05-14
139327,2019-07-01
139328,2019-07-01
139329,2019-07-01
139330,2019-07-01
139331,2019-05-14
139332,2019-05-14
139333,2019-05-14
139335,2019-12-20
139336,2019-12-20
139337,2019-12-20
139338,2019-12-20
139340,2019-05-27
139341,2019-05-27
139342,2019-05-27
139343,2019-05-27
139344,2022-03-14
139345,2019-06-10
139346,2019-06-10
139347,2019-06-10
139348,2019-06-10
139349,2019-05-28
139350,2019-05-28
139351,2019-05-28
139352,2019-05-28
139354,2019-05-28
139355,2019-05-28
139356,2019-05-28
139357,2019-05-28
139358,2019-05-28
139359,2019-06-07
139360,2019-06-07
139361,2019-06-07
139362,2019-06-07
139363,2019-06-28
139365,2019-06-28
139366,2019-06-28
139367,2021-10-06
139368,2019-10-24
139369,2019-10-24
139370,2019-10-24
139371,2019-10-24
139372,2019-12-03
139373,2019-12-03
139374,2019-12-03
139375,2019-12-03
139376,2019-06-21
139378,2019-06-21
139379,2019-06-21
139380,2019-07-01
139382,2019-07-01
139383,2019-07-01
139384,2019-07-01
139385,2019-07-01
139393,2021-06-07
139395,2021-06-07
139397,2021-06-07
139398,2021-06-07
139399,2021-06-07
139400,2021-06-07
139401,2021-06-07
139402,2021-06-07
139403,2019-06-11
139404,2019-06-11
139405,2019-06-11
139406,2019-06-11
139408,2019-06-25
139409,2019-06-25
139410,2019-07-12
139411,2019-07-12
139412,2019-07-12
139413,2019-07-12
139414,2019-06-25
139415,2019-06-25
139416,2019-06-25
139417,2019-06-25
139418,2019-06-25
139419,2019-06-25
139420,2019-06-18
139421,2019-06-18
139422,2019-06-18
139423,2019-06-18
139425,2019-06-18
139426,2019-06-18
139427,2019-06-18
139428,2019-06-18
139429,2019-06-18
139431,2021-11-30
139432,2021-11-30
139433,2021-11-30
139434,2021-11-30
139439,2019-07-29
139440,2019-07-29
139441,2019-07-29
139442,2019-07-29
139451,2019-08-09
139452,2019-08-09
139453,2019-08-09
139454,2019-08-09
139456,2019-07-22
139457,2019-07-22
139458,2019-07-22
139459,2019-07-22
139460,2019-07-22
139461,2019-07-22
139462,2019-07-12
139463,2019-07-12
139464,2019-07-12
139465,2019-07-12
139466,2019-07-15
139467,2019-07-15
139468,2019-07-15
139470,2020-04-15
139471,2020-04-15
139472,2020-04-15
139473,2020-04-15
139474,2019-07-31
139475,2019-07-31
139476,2019-07-31
139477,2019-07-31
139478,2019-07-02
139479,2019-07-02
139480,2019-07-02
139481,2019-07-02
139482,2019-07-02
139483,2019-07-02
139484,2019-07-02
139486,2019-07-02
139487,2019-07-02
139493,2019-07-02
139494,2019-07-02
139495,2019-07-02
139497,2019-07-31
139498,2019-07-31
139499,2019-07-31
139500,2019-07-31
139501,2019-07-31
139502,2019-07-31
139503,2020-01-07
139504,2020-01-07
139505,2020-01-07
139506,2020-01-07
139507,2019-08-01
139510,2019-08-01
139511,2019-08-01
139512,2019-08-01
139513,2019-07-23
139515,2019-07-23
139516,2019-07-23
139518,2019-07-23
139522,2020-04-29
139523,2020-04-29
139524,2020-04-29
139525,2020-04-29
139526,2019-07-23
139531,2019-07-23
139532,2019-07-23
139533,2019-07-23
139539,2021-11-30
139540,2021-11-30
139542,2019-07-26
139544,2019-07-26
139545,2019-07-26
139550,2019-07-23
139552,2019-07-23
139553,2019-07-23
139554,2019-07-23
139555,2019-07-23
139556,2019-07-23
139557,2019-07-23
139558,2019-07-23
139559,2019-07-23
139560,2022-03-13
139561,2022-03-13
139562,2022-03-13
139563,2022-03-13
139564,2019-07-19
139565,2019-07-19
139566,2019-07-19
139567,2019-07-19
139569,2019-09-27
139570,2019-09-27
139571,2019-09-27
139572,2019-09-27
139573,2019-09-18
139574,2019-09-18
139575,2019-09-18
139576,2019-09-18
139578,2019-07-26
139579,2019-07-26
139580,2019-07-26
139590,2020-07-01
139591,2020-07-01
139592,2020-07-01
139593,2020-07-01
139594,2019-07-30
139595,2019-07-30
139596,2019-07-30
139597,2019-07-30
139598,2019-09-27
139599,2019-09-27
139600,2019-09-27
139601,2019-09-27
139602,2021-11-28
139603,2021-11-28
139604,2021-11-28
139605,2021-11-28
139606,2019-09-30
139607,2019-09-30
139608,2019-09-30
139609,2019-09-30
139610,2019-09-30
139611,2019-09-30
139612,2020-05-06
139613,2020-05-06
139614,2020-05-06
139615,2020-05-06
139620,2016-11-25
139621,2016-11-25
139624,2019-08-06
139625,2019-08-06
139626,2019-08-06
139627,2019-08-06
139628,2019-08-06
139629,2019-08-06
139630,2019-08-06
139631,2019-08-06
139632,2019-08-06
139633,2019-08-06
139642,2019-08-26
139643,2019-08-26
139645,2019-08-26
139647,2019-08-05
139648,2019-08-05
139649,2019-08-05
139650,2019-08-05
139651,2020-07-01
139652,2020-07-01
139653,2020-07-01
139654,2020-07-01
139655,2019-08-19
139657,2019-08-19
139658,2019-08-19
139663,2019-08-27
139665,2019-08-27
139666,2019-08-27
139687,2019-08-13
139688,2019-08-13
139689,2019-08-13
139690,2019-08-13
139691,2019-08-13
139692,2019-08-13
139693,2020-02-18
139694,2020-02-18
139695,2020-02-18
139696,2020-02-18
139701,2019-08-30
139702,2019-08-30
139703,2019-08-30
139704,2019-08-30
139705,2019-08-19
139706,2019-08-19
139707,2019-08-19
139708,2019-08-19
139713,2019-09-13
139714,2019-09-13
139715,2019-09-13
139716,2019-09-13
139717,2019-08-27
139718,2019-08-27
139719,2019-08-27
139720,2019-08-27
139721,2019-08-27
139722,2019-08-27
139723,2019-08-27
139724,2019-08-27
139725,2019-08-27
139726,2019-08-27
139733,2019-09-27
139734,2019-09-27
139735,2019-09-27
139736,2019-09-27
139741,2019-08-26
139742,2019-08-26
139743,2019-08-26
139744,2019-08-26
139745,2019-08-26
139746,2019-08-26
139747,2019-08-30
139748,2019-08-30
139749,2019-08-30
139750,2019-08-30
139755,2020-04-07
139756,2020-04-07
139757,2020-04-07
139758,2020-04-07
139759,2019-09-13
139760,2019-09-13
139761,2019-09-13
139762,2019-09-13
139763,2020-07-03
139764,2020-07-03
139765,2020-07-03
139766,2020-07-03
139767,2018-12-20
139768,2022-11-25
139775,2020-05-28
139776,2020-05-28
139777,2020-05-28
139778,2020-05-28
139784,2020-03-11
139785,2020-03-11
139786,2020-03-11
139787,2020-03-11
139788,2019-09-03
139789,2019-09-03
139790,2019-09-03
139791,2019-09-03
139792,2019-09-12
139793,2019-09-12
139794,2019-09-12
139795,2019-09-12
139796,2019-09-20
139797,2019-09-20
139798,2019-09-20
139799,2019-09-20
139800,2019-09-12
139801,2019-09-12
139802,2019-09-12
139803,2019-09-12
139804,2019-09-12
139805,2019-09-12
139806,2019-09-12
139808,2019-09-12
139809,2019-09-12
139810,2019-08-30
139811,2019-08-30
139812,2019-08-30
139815,2019-08-30
139817,2019-08-30
139819,2019-08-30
139822,2021-03-05
139823,2021-03-05
139841,2019-09-13
139842,2019-09-13
139843,2019-09-13
139844,2019-09-13
139849,2019-10-18
139850,2019-10-18
139851,2019-10-18
139852,2019-10-18
139859,2021-09-28
139860,2021-09-28
139861,2021-09-28
139862,2021-09-28
139893,2019-09-30
139894,2019-09-30
139895,2019-09-30
139896,2019-09-30
139897,2019-09-30
139898,2019-09-30
139903,2019-09-24
139904,2019-09-24
139905,2019-09-24
139906,2019-09-24
139907,2019-09-24
139908,2019-09-24
139910,2019-09-24
139911,2019-09-24
139941,2020-07-27
139943,2020-07-27
139944,2020-07-27
139945,2016-09-21
139946,2016-09-21
139947,2016-09-21
139948,2016-09-21
139949,2016-09-21
139950,2016-09-21
139951,2020-04-20
139952,2020-04-20
139953,2020-04-20
139954,2020-04-20
139955,2020-04-20
139956,2020-04-20
139963,2020-08-17
139964,2020-08-17
139965,2020-08-17
139966,2020-08-17
139975,2019-10-09
139976,2019-10-09
139977,2019-10-09
139978,2019-10-09
139979,2019-10-09
139980,2019-10-09
139981,2019-10-09
139982,2019-10-09
139983,2019-10-09
139984,2019-10-09
139985,2020-04-13
139986,2020-04-13
139987,2020-04-13
139988,2020-04-13
139993,2020-08-03
139994,2020-08-03
139995,2020-08-03
139996,2020-08-03
139997,2020-04-21
139998,2020-04-21
139999,2020-04-21
140000,2020-04-21
140001,2020-04-21
140002,2020-04-21
140003,2021-12-31
140004,2021-12-31
140005,2021-12-31
140006,2021-12-31
140011,2019-10-17
140012,2019-10-17
140013,2019-10-17
140014,2019-10-17
140015,2020-04-13
140016,2020-04-13
140017,2020-04-13
140018,2020-04-13
140019,2019-10-24
140020,2019-10-24
140021,2019-10-24
140022,2019-10-24
140029,2019-10-31
140030,2019-10-31
140031,2019-10-31
140032,2019-10-31
140033,2019-10-29
140034,2019-10-29
140036,2019-10-29
140037,2019-10-29
140038,2019-10-29
140039,2019-10-29
140040,2019-10-29
140041,2019-10-29
140042,2019-10-29
140043,2021-09-24
140044,2021-09-24
140045,2021-09-24
140046,2021-09-24
140053,2020-08-13
140054,2020-08-13
140055,2020-08-13
140056,2020-08-13
140057,2020-07-30
140058,2020-07-30
140059,2020-07-30
140060,2020-07-30
140061,2020-05-14
140062,2020-05-14
140063,2020-05-14
140065,2022-04-28
140066,2022-04-28
140067,2022-04-28
140068,2022-04-28
140069,2019-11-13
140070,2019-11-13
140072,2019-11-13
140073,2019-11-13
140074,2019-11-13
140075,2019-11-13
140076,2019-11-13
140077,2019-11-13
140078,2019-11-13
140079,2020-11-03
140108,2020-04-22
140109,2020-04-22
140111,2020-04-22
140112,2020-08-20
140114,2020-08-20
140115,2020-08-20
140117,2020-05-26
140118,2020-05-26
140119,2020-05-26
140120,2020-05-26
140121,2020-04-07
140123,2020-04-07
140124,2020-04-07
140125,2020-04-07
140126,2020-04-07
140128,2020-04-07
140129,2020-04-07
140130,2020-04-07
140136,2020-05-04
140139,2020-05-04
140140,2022-08-01
140141,2022-08-01
140142,2022-08-01
140143,2022-08-01
140144,2020-04-13
140145,2020-04-13
140146,2020-04-13
140147,2020-04-13
140148,2020-08-17
140149,2020-08-17
140150,2020-08-17
140151,2020-08-17
140152,2020-11-04
140153,2020-11-04
140154,2020-11-04
140155,2020-11-04
140156,2020-11-06
140157,2020-11-06
140158,2020-11-06
140159,2020-11-06
140164,2020-10-19
140165,2020-10-19
140166,2020-10-19
140167,2020-10-19
140168,2020-06-09
140169,2020-06-09
140170,2020-06-09
140171,2020-06-09
140200,2021-02-12
140201,2021-02-12
140202,2021-02-12
140204,2021-02-12
140205,2021-02-12
140206,2021-02-12
140207,2021-02-12
140208,2021-02-12
140209,2021-02-12
140214,2021-02-12
140216,2021-02-12
140217,2021-02-12
140218,2021-02-12
140219,2021-02-12
140220,2021-02-12
140222,2021-02-12
140223,2021-02-12
140231,2018-04-10
140238,2020-02-26
140239,2020-02-26
140240,2020-02-26
140241,2020-02-26
140244,2020-07-01
140245,2020-07-01
140246,2020-07-01
140247,2020-07-01
140248,2020-07-01
140249,2020-07-01
140251,2020-07-01
140252,2020-07-01
140257,2017-07-31
140258,2017-07-31
140259,2017-10-09
140260,2017-10-09
140261,2018-03-05
140262,2018-03-05
140263,2018-03-05
140264,2018-03-05
140269,2018-05-07
140270,2018-05-07
140271,2018-05-07
140272,2018-05-07
140311,2019-04-02
140312,2019-04-02
140313,2019-04-02
140315,2017-05-08
140317,2017-04-28
140318,2017-05-08
140319,2019-04-30
140320,2019-04-30
140321,2019-04-30
140329,2017-08-30
140330,2017-08-30
140332,2017-08-30
140333,2021-05-20
140334,2021-05-20
140336,2021-05-20
140337,2021-05-20
140339,2021-05-20
140341,2020-08-03
140343,2021-05-20
140344,2021-05-20
140345,2021-05-20
140346,2021-05-20
140357,2017-09-20
140359,2017-09-20
140360,2017-09-20
140361,2017-09-20
140362,2017-09-20
140363,2020-04-27
140364,2020-04-27
140365,2020-04-27
140366,2020-04-27
140367,2020-04-07
140368,2020-04-07
140369,2020-04-07
140370,2020-04-07
140371,2020-04-07
140372,2020-04-07
140373,2020-04-07
140374,2020-04-07
140375,2020-04-07
140376,2020-04-07
140377,2020-05-04
140378,2020-05-04
140379,2020-05-04
140385,2022-03-13
140386,2022-03-13
140387,2022-03-13
140388,2022-03-13
140389,2020-12-28
140390,2020-12-28
140391,2020-12-28
140392,2020-12-28
140393,2020-04-16
140394,2020-04-16
140395,2020-04-16
140396,2020-04-16
140397,2020-10-28
140398,2020-10-28
140399,2020-10-28
140400,2020-10-28
140407,2020-08-17
140408,2020-08-17
140409,2020-08-17
140410,2020-08-17
140413,2021-09-17
140414,2021-09-17
140415,2020-04-07
140416,2020-04-07
140417,2020-04-07
140418,2020-04-07
140419,2020-04-07
140420,2020-04-07
140421,2020-04-07
140423,2020-04-07
140424,2020-04-07
140425,2020-08-19
140426,2020-08-19
140427,2020-08-19
140428,2020-08-19
140429,2020-08-17
140430,2020-08-17
140431,2020-08-17
140432,2020-08-17
140433,2020-01-10
140434,2020-01-10
140435,2020-01-10
140436,2020-01-10
140438,2020-01-27
140439,2020-01-27
140440,2020-01-27
140441,2020-01-27
140448,2021-12-31
140449,2021-12-31
140450,2021-12-31
140451,2021-12-31
140452,2021-12-31
140453,2021-12-31
140454,2021-09-24
140455,2021-09-24
140456,2021-09-24
140457,2021-09-24
140466,2020-04-07
140467,2020-04-07
140468,2020-04-07
140469,2020-04-07
140470,2020-04-07
140471,2020-04-07
140472,2020-04-07
140473,2020-04-07
140474,2020-04-07
140475,2020-04-07
140476,2020-05-13
140477,2020-05-13
140478,2020-05-13
140479,2020-05-13
140480,2020-05-13
140481,2020-05-13
140490,2020-05-15
140491,2020-05-15
140492,2020-05-15
140500,2020-01-28
140501,2020-01-28
140502,2020-01-28
140503,2020-01-28
140505,2020-07-28
140506,2020-07-28
140507,2020-07-28
140508,2020-07-28
140509,2020-11-06
140510,2020-11-06
140511,2020-11-06
140512,2020-11-06
140513,2020-10-23
140514,2020-10-23
140515,2020-10-23
140516,2020-10-23
140518,2020-04-21
140519,2020-04-21
140520,2020-04-21
140521,2020-04-21
140522,2020-04-21
140523,2020-04-21
140524,2020-04-21
140525,2020-04-21
140526,2020-04-21
140527,2020-04-21
140528,2021-02-08
140529,2021-02-08
140531,2021-02-08
140532,2021-02-08
140534,2020-08-17
140535,2020-08-17
140536,2020-08-17
140537,2020-05-04
140538,2020-05-04
140539,2020-05-04
140540,2020-05-04
140541,2020-08-11
140542,2020-08-11
140543,2020-08-11
140544,2020-08-11
140545,2020-05-04
140546,2020-05-04
140547,2020-05-04
140548,2020-05-04
140549,2020-05-13
140550,2020-05-13
140551,2020-05-13
140552,2020-05-13
140553,2020-05-13
140554,2020-05-13
140555,2020-03-03
140556,2020-03-03
140557,2020-03-03
140558,2020-03-03
140559,2020-08-21
140560,2020-08-21
140561,2020-08-21
140562,2020-08-21
140563,2020-07-01
140564,2020-07-01
140565,2020-07-01
140567,2020-07-01
140569,2020-07-01
140575,2020-03-11
140576,2020-03-11
140577,2020-03-11
140578,2020-03-11
140585,2020-04-16
140586,2020-04-16
140587,2020-04-16
140588,2020-04-16
140589,2020-04-16
140590,2020-04-16
140591,2020-12-28
140592,2020-12-28
140593,2020-12-28
140594,2020-12-28
140595,2020-04-16
140596,2020-04-16
140597,2020-04-16
140598,2020-04-16
140599,2020-04-27
140600,2020-04-27
140601,2020-04-27
140602,2020-04-27
140605,2020-08-25
140621,2020-05-12
140622,2020-05-12
140623,2020-05-12
140624,2020-05-12
140631,2020-04-06
140632,2020-04-06
140634,2020-04-06
140635,2020-05-06
140636,2020-05-06
140640,2020-05-06
140641,2020-05-06
140642,2020-05-06
140643,2020-05-06
140644,2020-05-06
140645,2020-08-06
140646,2020-08-06
140647,2020-08-06
140648,2020-08-06
140649,2020-08-05
140650,2020-08-05
140651,2020-08-05
140652,2020-08-05
140653,2021-12-07
140654,2022-08-18
140655,2022-08-18
140656,2022-08-18
140657,2022-08-18
140658,2021-12-07
140659,2021-12-07
140660,2021-12-07
140661,2020-07-29
140662,2020-07-29
140663,2020-07-29
140665,2020-05-14
140666,2020-05-14
140667,2020-05-14
140668,2020-05-14
140669,2020-05-14
140670,2020-05-14
140671,2020-05-06
140672,2020-05-06
140673,2020-05-06
140674,2020-05-06
140675,2020-05-06
140676,2020-05-06
140678,2020-05-06
140687,2020-04-07
140688,2020-04-07
140690,2020-04-07
140692,2020-04-07
140693,2020-05-13
140694,2020-05-13
140695,2020-05-13
140696,2020-05-13
140697,2020-05-13
140698,2020-05-13
140699,2020-04-16
140700,2020-04-16
140701,2020-04-16
140702,2020-04-16
140703,2020-04-16
140704,2020-04-16
140715,2020-04-15
140716,2020-04-15
140717,2020-04-15
140718,2020-04-15
140719,2020-04-15
140720,2020-04-15
140733,2020-04-22
140734,2020-04-22
140735,2020-04-22
140736,2020-04-22
140737,2020-07-08
140738,2020-07-08
140739,2020-07-08
140741,2020-10-22
140742,2020-10-22
140743,2020-10-22
140744,2020-10-22
140749,2020-03-30
140750,2020-03-30
140751,2020-03-30
140752,2020-03-30
140761,2020-05-20
140762,2020-05-20
140763,2020-05-20
140764,2020-05-20
140773,2020-05-08
140774,2020-05-08
140775,2020-05-08
140776,2020-05-08
140777,2020-08-05
140778,2020-08-05
140779,2020-08-05
140780,2020-08-05
140785,2020-04-20
140788,2020-04-20
140791,2020-04-30
140792,2020-04-30
140793,2020-04-30
140794,2020-04-30
140795,2020-04-30
140796,2020-04-30
140797,2020-09-09
140798,2020-09-09
140799,2020-09-09
140800,2020-09-09
140821,2021-06-23
140822,2021-06-23
140823,2021-06-23
140824,2021-06-23
140825,2021-06-23
140826,2021-06-23
140828,2021-06-23
140829,2020-04-29
140831,2020-04-29
140832,2020-04-29
140833,2020-04-29
140834,2020-04-29
140845,2020-04-29
140846,2020-04-29
140848,2020-04-29
140850,2020-04-29
140853,2020-05-12
140854,2020-05-12
140855,2020-05-12
140856,2020-05-12
140857,2020-05-12
140858,2020-05-12
140859,2020-05-12
140860,2020-05-12
140861,2020-05-12
140863,2020-07-13
140864,2020-07-13
140865,2020-07-13
140867,2020-05-05
140868,2020-05-05
140869,2020-05-05
140870,2020-05-05
140871,2020-05-05
140872,2020-05-05
140873,2020-05-05
140874,2020-05-05
140875,2020-04-20
140876,2020-04-20
140877,2020-04-20
140878,2020-04-20
140879,2020-04-20
140881,2020-05-14
140883,2020-05-14
140884,2020-05-14
140885,2020-04-03
140886,2020-04-03
140887,2020-04-03
140888,2020-04-03
140889,2020-04-03
140890,2020-04-03
140905,2020-05-15
140906,2020-05-15
140907,2020-05-15
140908,2020-05-15
140909,2020-05-11
140910,2020-05-11
140911,2020-05-11
140912,2020-05-11
140914,2020-07-08
140917,2020-07-08
140918,2020-04-09
140919,2020-04-09
140920,2020-04-09
140922,2020-04-09
140923,2020-04-09
140924,2020-10-16
140925,2020-10-16
140926,2020-10-16
140927,2020-10-16
140928,2020-07-29
140929,2020-07-29
140931,2020-07-29
140932,2020-07-29
140934,2020-07-29
140935,2020-07-29
140936,2020-04-21
140938,2020-04-21
140939,2020-04-21
140940,2020-04-21
140941,2020-04-21
140942,2020-07-29
140944,2020-07-29
140945,2020-07-29
140947,2020-04-15
140949,2020-04-15
140950,2020-04-15
140951,2020-04-15
140952,2020-04-15
140954,2020-05-11
140955,2020-05-11
140956,2020-05-11
140957,2020-05-11
140958,2020-07-17
140959,2020-07-17
140960,2020-07-17
140961,2020-07-17
140962,2020-07-17
140963,2020-07-17
140964,2020-05-05
140966,2020-05-05
140967,2020-05-05
140968,2020-05-05
140969,2020-05-05
140970,2020-05-05
140971,2020-05-05
140973,2020-05-05
140974,2020-07-08
140975,2020-07-08
140976,2020-07-08
140977,2020-07-08
140978,2020-08-03
140979,2020-08-03
140980,2020-08-03
140981,2020-08-03
140982,2020-05-08
140983,2020-05-08
140984,2020-05-08
140985,2020-05-08
140986,2020-05-08
140987,2020-05-08
140992,2020-04-16
140994,2020-04-16
140998,2020-04-30
140999,2020-04-30
141000,2020-04-30
141001,2020-04-30
141002,2020-04-30
141003,2020-04-30
141004,2022-03-13
141005,2022-03-13
141006,2022-03-13
141007,2022-03-13
141008,2020-05-12
141010,2020-05-12
141011,2020-05-12
141012,2020-05-12
141013,2020-05-12
141014,2020-05-12
141015,2020-05-12
141016,2020-05-12
141017,2020-05-12
141018,2020-04-29
141020,2020-04-29
141021,2020-04-29
141022,2020-04-29
141028,2020-05-12
141029,2020-05-12
141030,2020-05-12
141031,2020-05-12
141034,2020-05-12
141036,2020-07-09
141037,2020-07-09
141038,2020-07-09
141040,2020-04-09
141041,2020-04-09
141042,2017-03-27
141043,2020-04-09
141044,2017-03-27
141045,2017-03-27
141046,2020-05-14
141047,2020-05-14
141048,2020-05-14
141049,2020-05-14
141056,2020-04-07
141057,2020-04-07
141058,2020-04-07
141059,2020-04-07
141089,2020-04-27
141090,2020-04-27
141091,2020-04-27
141092,2020-04-27
141097,2020-07-27
141098,2020-07-27
141099,2020-07-27
141100,2020-07-27
141101,2020-04-29
141102,2020-04-29
141103,2020-04-29
141104,2020-04-29
141105,2020-04-29
141106,2020-04-29
141108,2021-01-05
141110,2021-01-05
141111,2020-05-26
141112,2020-05-26
141113,2020-05-26
141114,2020-05-26
141115,2020-05-26
141116,2020-05-26
141117,2020-05-26
141119,2020-05-26
141120,2020-05-26
141121,2020-05-19
141123,2020-05-19
141127,2020-06-29
141128,2020-06-29
141129,2020-06-29
141130,2020-06-29
141131,2020-06-29
141132,2020-06-29
141133,2020-05-26
141134,2020-05-26
141135,2020-05-26
141136,2020-05-26
141137,2020-05-26
141138,2020-05-26
141143,2022-04-28
141144,2022-04-28
141145,2022-04-28
141146,2022-04-28
141151,2020-07-08
141152,2020-07-08
141153,2020-07-08
141154,2020-07-08
141155,2020-07-08
141156,2020-07-08
141157,2020-07-08
141158,2020-07-08
141159,2021-11-30
141160,2021-11-30
141161,2021-11-30
141162,2021-11-30
141163,2020-08-04
141164,2020-08-04
141165,2020-08-04
141166,2020-08-04
141167,2020-04-28
141168,2020-04-28
141169,2020-04-28
141170,2020-04-28
141171,2020-04-28
141173,2020-04-28
141174,2020-04-28
141175,2020-04-28
141176,2020-04-28
141177,2020-10-20
141178,2020-10-20
141179,2020-10-20
141180,2020-10-20
141181,2020-08-11
141182,2020-08-11
141183,2020-08-11
141184,2020-08-11
141185,2020-07-15
141186,2020-07-15
141187,2020-07-15
141188,2020-07-15
141189,2020-08-10
141190,2020-08-10
141191,2020-08-10
141192,2020-08-10
141193,2020-04-28
141194,2020-04-28
141195,2020-04-28
141196,2020-04-28
141197,2020-04-28
141198,2020-04-28
141199,2020-04-28
141200,2020-04-28
141201,2020-04-28
141204,2020-04-29
141205,2020-04-29
141206,2020-04-29
141207,2022-03-13
141208,2022-03-13
141209,2022-03-13
141210,2022-03-13
141211,2020-04-29
141212,2020-04-29
141213,2020-04-29
141214,2020-04-29
141215,2020-04-29
141216,2020-04-29
141217,2020-06-25
141218,2020-06-25
141219,2020-06-25
141220,2020-06-25
141221,2020-06-25
141222,2020-06-25
141227,2020-06-25
141228,2020-06-25
141229,2020-06-25
141230,2020-06-25
141231,2020-06-25
141232,2020-06-25
141233,2020-04-28
141234,2020-04-28
141235,2020-04-28
141236,2020-04-28
141237,2020-04-28
141238,2020-04-28
141239,2020-04-28
141240,2020-04-28
141241,2020-04-28
141242,2020-04-28
141243,2021-05-04
141244,2021-05-04
141245,2021-05-04
141246,2021-05-04
141251,2020-10-28
141252,2020-10-28
141253,2020-10-28
141254,2020-10-28
141255,2020-10-28
141261,2020-05-04
141262,2020-05-04
141263,2020-05-04
141264,2020-05-04
141269,2020-08-04
141271,2020-08-04
141272,2020-08-04
141281,2020-05-07
141282,2020-05-07
141283,2020-05-07
141284,2020-05-07
141285,2021-01-04
141286,2021-01-04
141287,2020-04-28
141288,2020-04-28
141289,2020-04-28
141290,2020-04-28
141291,2020-04-28
141292,2020-04-28
141293,2020-04-28
141295,2020-04-28
141296,2020-04-28
141303,2020-07-16
141304,2020-07-16
141305,2020-07-16
141306,2020-07-16
141307,2020-06-02
141308,2020-06-02
141309,2020-06-02
141311,2020-06-02
141312,2020-06-02
141313,2020-06-02
141314,2020-06-02
141315,2020-06-02
141316,2020-06-02
141317,2020-06-30
141318,2020-06-30
141319,2020-06-30
141320,2020-06-30
141321,2020-06-30
141322,2020-06-30
141329,2020-05-18
141330,2020-05-18
141331,2020-05-18
141332,2020-05-18
141333,2020-05-21
141334,2020-05-21
141335,2020-05-21
141336,2020-05-21
141337,2020-05-21
141338,2020-05-21
141339,2021-05-19
141340,2021-05-19
141341,2021-05-19
141342,2021-05-19
141343,2020-08-06
141345,2020-08-06
141346,2020-08-06
141347,2020-05-27
141348,2020-05-27
141349,2020-05-27
141350,2020-05-27
141351,2020-08-10
141352,2020-08-10
141354,2020-08-10
141355,2020-08-12
141356,2020-08-12
141357,2020-08-12
141358,2020-08-12
141365,2020-07-06
141366,2020-07-06
141367,2020-07-06
141368,2020-07-06
141369,2021-09-30
141370,2021-09-30
141371,2020-06-01
141373,2020-06-01
141374,2020-06-01
141376,2020-08-05
141377,2020-08-05
141378,2020-08-05
141379,2020-08-05
141380,2020-07-17
141381,2020-07-17
141382,2020-07-17
141383,2020-07-17
141384,2020-07-17
141385,2020-07-17
141386,2020-10-21
141387,2020-10-21
141388,2020-10-21
141389,2020-10-21
141390,2020-07-08
141391,2020-07-08
141392,2020-07-08
141393,2020-07-08
141394,2020-06-02
141395,2020-06-02
141396,2020-06-02
141397,2020-06-02
141398,2020-06-02
141399,2020-06-02
141400,2020-06-02
141401,2020-06-02
141402,2020-06-02
141403,2020-06-02
141404,2022-05-31
141405,2022-05-31
141406,2022-05-31
141407,2022-05-31
141416,2020-07-13
141417,2020-07-13
141418,2020-07-13
141419,2020-07-13
141426,2021-02-02
141427,2021-02-02
141428,2022-01-14
141429,2022-01-14
141430,2022-01-14
141431,2022-01-14
141432,2020-07-08
141433,2020-07-08
141434,2020-07-08
141435,2020-07-08
141449,2020-06-02
141450,2020-06-02
141451,2020-06-02
141452,2020-06-02
141453,2020-06-02
141454,2020-06-02
141455,2020-06-02
141456,2020-06-02
141457,2020-06-02
141458,2020-07-13
141459,2020-07-13
141460,2020-07-13
141461,2020-07-13
141463,2021-06-08
141464,2021-06-08
141465,2021-06-08
141466,2021-06-08
141467,2020-06-30
141468,2020-06-30
141469,2020-06-30
141471,2020-08-05
141472,2020-08-05
141473,2020-08-05
141474,2020-08-05
141478,2020-07-07
141479,2020-07-07
141480,2020-07-07
141481,2020-07-07
141482,2020-07-07
141483,2020-07-07
141484,2020-07-07
141485,2020-07-07
141486,2020-07-07
141487,2020-07-07
141492,2020-07-17
141493,2020-07-17
141494,2020-07-17
141495,2020-07-17
141496,2020-07-17
141497,2020-07-17
141498,2021-06-23
141499,2021-06-23
141500,2021-06-23
141501,2021-06-23
141514,2020-08-13
141515,2020-08-13
141516,2020-08-13
141517,2020-08-13
141518,2020-10-20
141519,2020-10-20
141520,2020-10-20
141521,2020-10-20
141522,2020-06-26
141523,2020-06-26
141524,2020-06-26
141525,2020-06-26
141531,2020-09-02
141532,2020-09-02
141534,2020-09-02
141536,2020-09-02
141537,2020-09-02
141538,2020-09-02
141539,2020-09-02
141540,2020-09-02
141550,2020-07-08
141551,2020-07-08
141552,2020-07-08
141553,2020-07-08
141558,2021-02-02
141559,2021-02-02
141560,2021-07-19
141561,2021-07-19
141562,2021-07-19
141563,2021-07-19
141569,2020-07-07
141570,2020-07-07
141571,2020-07-07
141572,2020-07-07
141573,2020-07-07
141574,2020-07-07
141576,2020-07-07
141577,2020-07-07
141578,2022-01-20
141579,2022-01-20
141580,2022-01-20
141581,2022-01-20
141582,2021-04-19
141583,2021-04-19
141584,2021-04-19
141585,2021-04-19
141597,2020-07-17
141598,2020-07-17
141599,2020-07-17
141600,2020-07-17
141601,2021-02-04
141602,2021-02-04
141603,2021-02-04
141604,2021-02-04
141607,2021-01-06
141608,2021-01-06
141609,2021-01-06
141610,2021-01-06
141611,2020-10-20
141612,2020-10-20
141613,2020-10-20
141614,2020-10-20
141616,2020-08-20
141617,2020-08-20
141618,2020-08-20
141619,2020-08-20
141620,2020-08-11
141621,2020-08-11
141622,2020-08-11
141623,2020-08-11
141624,2020-08-11
141625,2020-08-11
141626,2020-08-11
141627,2020-08-11
141628,2020-08-11
141629,2020-08-11
141631,2020-08-03
141632,2020-08-03
141633,2020-08-03
141634,2020-08-03
141635,2020-07-28
141636,2020-07-28
141637,2020-07-28
141638,2020-07-28
141639,2020-07-28
141640,2020-07-28
141657,2020-10-20
141658,2020-10-20
141659,2020-10-20
141660,2020-10-20
141666,2021-02-02
141667,2021-02-02
141668,2020-09-22
141669,2020-09-22
141670,2020-09-22
141671,2020-09-22
141676,2021-03-02
141677,2021-03-02
141678,2021-03-02
141679,2021-03-02
141686,2020-10-05
141687,2020-10-05
141688,2020-10-05
141689,2020-10-05
141690,2021-04-22
141691,2021-04-22
141692,2021-04-22
141693,2021-04-22
141694,2020-08-19
141695,2020-08-19
141696,2020-08-19
141697,2020-08-19
141698,2021-06-03
141699,2021-06-03
141700,2021-06-03
141701,2021-06-03
141702,2021-09-17
141703,2021-09-17
141710,2020-08-11
141711,2020-08-11
141712,2020-08-11
141713,2020-08-11
141714,2020-08-11
141715,2020-08-11
141716,2020-08-11
141717,2020-08-11
141718,2020-08-11
141719,2020-08-11
141720,2020-08-17
141721,2020-08-17
141722,2020-08-17
141723,2020-08-17
141724,2020-08-17
141725,2020-08-17
141727,2020-09-11
141728,2020-09-11
141729,2020-09-11
141730,2021-06-30
141731,2021-06-30
141732,2021-06-30
141733,2021-06-30
141734,2021-06-30
141735,2021-06-30
141740,2022-08-30
141741,2022-08-30
141742,2022-08-30
141743,2022-08-30
141744,2020-08-24
141745,2020-08-24
141746,2020-08-24
141747,2020-08-24
141748,2020-09-15
141749,2020-09-15
141750,2020-09-15
141751,2020-09-15
141752,2020-09-15
141753,2020-09-15
141754,2020-09-15
141755,2020-09-15
141756,2020-09-15
141757,2020-09-15
141769,2020-09-15
141770,2020-09-15
141771,2020-09-15
141773,2020-09-15
141774,2020-09-15
141775,2020-09-15
141776,2020-09-15
141777,2020-09-15
141778,2020-09-15
141779,2020-09-21
141780,2020-09-21
141781,2020-09-21
141782,2020-09-21
141787,2021-04-09
141788,2021-04-09
141789,2021-04-09
141790,2021-04-09
141791,2020-11-02
141792,2020-11-02
141793,2020-11-02
141794,2020-11-02
141799,2021-04-19
141800,2021-04-19
141801,2021-04-19
141802,2021-04-19
141811,2022-03-13
141812,2022-03-13
141813,2022-03-13
141814,2022-03-13
141815,2020-10-13
141816,2020-10-13
141818,2020-10-13
141819,2020-10-13
141820,2020-10-13
141821,2020-10-13
141822,2020-10-13
141823,2020-10-13
141824,2020-10-13
141825,2020-10-06
141826,2020-10-06
141827,2020-10-06
141828,2020-10-06
141829,2021-12-31
141830,2021-12-31
141831,2020-10-06
141832,2020-10-06
141833,2020-10-06
141834,2020-10-06
141835,2020-10-22
141836,2020-10-22
141837,2020-10-22
141838,2020-10-22
141843,2020-11-24
141845,2020-11-24
141850,2020-11-24
141853,2020-10-15
141854,2020-10-15
141855,2020-10-15
141856,2020-10-15
141857,2021-04-05
141858,2021-04-05
141859,2021-04-05
141860,2021-04-05
141863,2021-04-05
141864,2021-04-05
141865,2021-04-05
141866,2021-04-05
141867,2020-10-22
141868,2020-10-22
141869,2020-10-22
141870,2020-10-22
141871,2022-10-13
141872,2022-10-13
141873,2022-10-13
141874,2022-10-13
141879,2021-05-17
141880,2021-05-17
141881,2021-05-17
141882,2021-05-17
141883,2020-10-22
141884,2020-10-22
141885,2020-10-22
141886,2020-10-22
141887,2021-11-30
141888,2021-11-30
141889,2021-11-30
141890,2021-11-30
141891,2021-09-24
141892,2021-09-24
141893,2021-09-24
141894,2021-09-24
141895,2023-01-06
141896,2023-01-06
141897,2023-01-06
141898,2023-01-06
141899,2020-11-24
141900,2020-11-24
141901,2020-11-24
141902,2020-11-24
141903,2020-11-24
141904,2020-11-24
141905,2020-11-24
141906,2020-11-24
141907,2020-11-24
141909,2021-04-20
141910,2021-04-20
141911,2021-04-20
141912,2021-04-20
141913,2021-11-10
141914,2021-11-10
141915,2021-11-10
141916,2021-11-10
141929,2021-11-23
141930,2021-11-23
141931,2021-11-23
141932,2021-11-23
141935,2021-05-02
141936,2021-05-02
141937,2021-05-02
141938,2021-05-02
141939,2021-04-06
141940,2021-04-06
141942,2021-04-06
141943,2021-04-06
141944,2021-04-06
141945,2021-04-06
141947,2021-04-06
141948,2021-04-06
141955,2021-05-12
141956,2021-05-12
141959,2021-04-08
141960,2021-04-08
141961,2021-04-08
141962,2021-04-08
141969,2021-01-04
141970,2021-01-04
141971,2021-01-04
141972,2021-01-04
141987,2020-12-14
141988,2020-12-14
141989,2020-12-14
141990,2020-12-14
141991,2021-08-20
141992,2021-08-20
141993,2021-08-20
141994,2021-08-20
141999,2021-04-07
142000,2021-04-07
142001,2021-04-07
142002,2021-04-07
142003,2021-04-07
142004,2021-04-07
142005,2021-03-22
142006,2021-03-22
142007,2021-03-22
142008,2021-03-22
142009,2021-05-05
142010,2021-05-05
142011,2021-05-05
142012,2021-05-05
142013,2021-05-05
142014,2021-05-05
142015,2021-09-13
142016,2021-09-13
142017,2021-04-26
142020,2021-04-26
142021,2021-05-10
142022,2021-05-10
142023,2021-05-10
142024,2021-05-10
142025,2021-04-06
142026,2021-04-06
142027,2021-04-06
142028,2021-04-06
142029,2021-04-06
142030,2021-04-06
142031,2021-04-06
142032,2021-04-06
142033,2021-04-06
142034,2021-04-06
142039,2021-01-04
142040,2021-01-04
142041,2021-01-04
142042,2021-01-04
142067,2021-04-26
142068,2021-04-26
142069,2021-04-26
142070,2021-04-26
142071,2021-06-24
142072,2021-06-24
142073,2021-06-24
142074,2021-06-24
142075,2021-04-28
142076,2021-04-28
142077,2021-04-28
142078,2021-04-28
142079,2021-04-29
142080,2021-04-29
142081,2021-04-29
142082,2021-04-29
142083,2021-04-29
142084,2021-04-29
142085,2021-04-08
142086,2021-04-08
142087,2021-04-08
142089,2021-04-27
142090,2021-04-27
142091,2021-04-27
142092,2021-04-27
142093,2021-04-15
142094,2021-04-15
142095,2021-04-15
142096,2021-04-15
142097,2021-04-15
142098,2021-04-15
142099,2021-04-15
142100,2021-04-15
142101,2021-04-15
142102,2021-04-15
142103,2021-05-11
142104,2021-05-11
142105,2021-05-11
142106,2021-05-11
142111,2017-12-20
142112,2021-04-28
142113,2021-04-28
142114,2017-12-20
142115,2021-04-28
142116,2021-04-28
142117,2021-05-10
142118,2021-05-10
142120,2021-05-10
142121,2021-05-10
142122,2021-05-10
142123,2021-05-10
142124,2021-05-10
142125,2021-05-04
142126,2021-05-04
142129,2021-05-04
142130,2021-05-04
142131,2021-05-04
142132,2021-05-04
142141,2021-04-30
142142,2021-04-30
142143,2021-04-30
142144,2021-04-30
142145,2021-04-30
142146,2018-01-10
142147,2021-01-18
142148,2021-01-18
142149,2021-01-18
142150,2021-01-18
142155,2021-05-04
142156,2021-05-04
142158,2021-05-04
142159,2021-05-04
142161,2021-05-04
142162,2021-05-04
142163,2021-04-28
142164,2021-04-28
142165,2021-04-28
142166,2021-04-28
142167,2021-04-28
142168,2021-04-28
142169,2021-09-24
142170,2021-09-24
142171,2021-09-24
142172,2021-09-24
142173,2021-04-27
142174,2021-04-27
142175,2021-04-27
142176,2021-04-27
142177,2021-04-06
142178,2021-04-06
142179,2021-04-06
142180,2021-04-06
142181,2021-05-10
142182,2021-05-10
142183,2021-05-10
142184,2021-05-10
142185,2021-04-28
142186,2021-04-28
142187,2021-04-28
142188,2021-04-28
142189,2021-04-28
142190,2021-04-28
142191,2021-05-10
142192,2021-05-10
142193,2021-05-10
142194,2021-05-10
142195,2021-09-15
142196,2021-09-15
142197,2021-09-15
142198,2021-09-15
142201,2021-04-15
142208,2021-04-15
142213,2021-04-05
142214,2021-04-05
142215,2021-04-05
142216,2021-04-05
142217,2021-04-05
142218,2021-04-05
142219,2021-04-15
142220,2021-04-15
142222,2021-04-15
142223,2021-04-15
142224,2021-04-15
142225,2021-04-15
142226,2021-04-15
142227,2021-04-15
142229,2021-04-29
142230,2021-04-29
142231,2021-04-29
142232,2021-04-29
142233,2021-05-14
142234,2021-05-14
142236,2021-05-14
142237,2021-05-14
142238,2021-05-14
142241,2021-06-03
142242,2021-06-03
142243,2021-06-03
142244,2021-06-03
142245,2022-03-14
142246,2022-03-14
142247,2022-03-14
142248,2022-03-14
142250,2021-04-28
142251,2021-04-28
142252,2021-04-28
142253,2021-04-28
142254,2021-04-28
142255,2021-04-28
142256,2021-04-20
142257,2021-04-20
142258,2021-04-20
142259,2021-04-20
142261,2021-05-24
142262,2021-05-24
142264,2021-05-24
142265,2021-05-24
142266,2021-05-24
142267,2021-05-24
142268,2021-04-15
142269,2021-04-15
142272,2021-04-15
142275,2021-04-15
142277,2021-04-15
142284,2021-04-07
142285,2021-04-07
142286,2021-04-07
142287,2021-04-07
142288,2021-07-22
142289,2021-07-22
142290,2021-07-22
142291,2021-07-22
142294,2021-04-30
142295,2021-04-30
142297,2021-04-30
142298,2021-04-30
142299,2021-04-30
142300,2021-04-06
142301,2021-04-06
142302,2021-04-06
142303,2021-04-06
142304,2021-04-06
142305,2021-04-06
142306,2021-04-28
142307,2021-04-28
142308,2021-04-28
142309,2021-04-28
142310,2021-04-28
142311,2021-04-28
142312,2021-06-17
142313,2021-06-17
142314,2021-06-17
142315,2021-06-17
142320,2021-04-15
142321,2021-04-15
142322,2021-04-15
142323,2021-04-15
142324,2021-04-15
142325,2021-04-15
142326,2021-04-15
142327,2021-04-15
142328,2021-04-15
142329,2021-04-15
142330,2021-04-12
142331,2021-04-12
142332,2021-04-12
142333,2021-04-12
142334,2021-05-31
142336,2021-05-31
142337,2021-05-31
142339,2021-05-31
142340,2021-05-31
142341,2021-05-31
142342,2021-11-30
142343,2021-11-30
142344,2021-11-30
142345,2021-11-30
142346,2021-04-28
142347,2021-04-28
142348,2021-04-28
142349,2021-04-28
142350,2021-04-28
142351,2021-04-28
142352,2021-05-31
142355,2021-05-31
142357,2021-05-31
142358,2021-05-31
142359,2021-05-31
142361,2021-04-15
142362,2021-04-15
142365,2021-04-15
142366,2021-04-15
142367,2021-04-15
142371,2021-04-12
142372,2021-04-12
142373,2021-04-12
142374,2021-04-12
142375,2021-04-27
142377,2021-04-27
142378,2021-04-27
142379,2021-07-02
142380,2021-07-02
142381,2021-07-02
142382,2021-07-02
142389,2021-04-19
142390,2021-04-19
142391,2021-04-19
142392,2021-04-19
142393,2021-04-19
142394,2021-04-19
142395,2021-04-16
142397,2021-04-16
142399,2021-05-31
142400,2021-05-31
142401,2021-05-31
142402,2021-05-31
142403,2021-07-06
142404,2021-07-06
142405,2021-07-06
142406,2021-07-06
142412,2021-05-05
142413,2021-05-05
142421,2021-03-05
142422,2021-03-05
142424,2019-08-05
142426,2021-03-05
142427,2021-03-05
142428,2021-03-05
142429,2021-04-29
142430,2021-04-29
142431,2021-04-29
142432,2021-04-29
142433,2021-04-29
142434,2021-04-29
142435,2021-05-17
142437,2021-05-17
142438,2021-05-17
142443,2021-04-30
142445,2021-04-30
142446,2021-04-30
142447,2021-04-30
142448,2021-04-30
142450,2021-04-30
142451,2021-05-10
142452,2021-05-10
142453,2021-05-10
142454,2021-05-10
142455,2021-12-15
142456,2021-12-15
142457,2021-12-15
142458,2021-12-15
142459,2021-05-10
142460,2021-05-10
142461,2021-05-10
142462,2021-05-10
142463,2021-06-01
142465,2021-06-01
142467,2021-06-01
142468,2021-06-01
142469,2021-06-01
142471,2021-05-27
142472,2021-05-27
142474,2021-05-27
142475,2021-05-27
142477,2021-06-03
142478,2021-06-03
142481,2021-06-03
142483,2021-06-03
142485,2021-04-09
142486,2021-04-09
142487,2021-04-09
142488,2021-04-09
142489,2022-05-25
142490,2022-05-25
142491,2022-05-25
142492,2022-05-25
142493,2021-03-15
142494,2021-03-15
142495,2021-03-15
142496,2021-03-15
142497,2021-06-28
142498,2021-06-28
142499,2021-06-28
142500,2021-06-28
142501,2021-05-27
142502,2021-05-27
142503,2021-05-27
142504,2021-05-27
142505,2021-05-27
142506,2021-05-27
142508,2021-04-23
142509,2021-04-23
142510,2021-04-23
142511,2021-04-23
142512,2021-04-23
142513,2018-09-03
142514,2018-09-03
142515,2018-05-30
142516,2018-09-03
142519,2021-05-04
142525,2021-05-04
142526,2021-05-04
142527,2021-07-15
142528,2021-07-15
142529,2021-07-15
142530,2021-07-15
142531,2023-03-09
142532,2023-03-09
142533,2023-03-09
142534,2023-03-09
142535,2021-04-30
142536,2018-02-27
142537,2021-04-30
142538,2021-04-30
142539,2018-02-27
142540,2018-02-27
142541,2021-05-27
142542,2021-05-27
142543,2021-05-27
142544,2021-05-27
142548,2021-05-27
142549,2021-09-06
142550,2021-04-15
142551,2021-04-15
142552,2021-04-15
142553,2021-04-15
142554,2021-09-06
142555,2021-09-06
142556,2021-09-06
142557,2021-04-19
142561,2021-04-19
142562,2021-04-19
142563,2021-09-30
142564,2021-09-30
142565,2021-09-30
142566,2021-09-30
142567,2021-05-10
142568,2021-05-10
142569,2021-05-10
142570,2021-05-10
142572,2021-05-04
142573,2021-05-04
142574,2021-05-04
142576,2021-05-04
142577,2021-05-04
142578,2021-05-04
142579,2021-05-04
142580,2021-05-04
142581,2021-06-04
142582,2021-06-04
142585,2021-06-04
142586,2021-06-04
142587,2021-06-04
142588,2021-06-04
142594,2018-05-31
142595,2018-05-31
142596,2018-05-31
142597,2018-05-31
142598,2018-05-31
142599,2018-05-31
142600,2021-04-19
142601,2021-04-19
142602,2021-04-19
142604,2021-04-19
142605,2021-04-19
142607,2021-04-19
142610,2021-04-19
142611,2021-04-19
142612,2021-04-26
142613,2021-04-26
142614,2021-04-26
142616,2021-04-26
142618,2021-04-26
142619,2021-04-26
142620,2021-04-26
142621,2021-04-26
142625,2021-04-26
142626,2018-05-30
142627,2018-05-30
142628,2018-05-30
142630,2018-05-30
142634,2018-06-15
142635,2018-06-15
142637,2018-06-15
142638,2018-06-15
142644,2021-05-10
142645,2021-05-10
142646,2021-05-10
142647,2021-05-10
142648,2018-06-04
142649,2018-06-04
142650,2018-06-04
142651,2018-06-04
142652,2021-04-22
142653,2021-04-22
142654,2021-04-22
142655,2021-04-22
142656,2021-04-22
142657,2021-04-22
142658,2021-04-29
142659,2021-04-29
142660,2021-04-29
142661,2021-04-29
142662,2021-04-29
142663,2021-04-29
142664,2021-04-20
142665,2021-04-20
142666,2018-03-07
142667,2021-04-20
142668,2021-04-20
142669,2018-03-07
142670,2018-06-12
142671,2018-06-12
142672,2018-06-12
142673,2018-06-12
142680,2021-04-22
142681,2021-04-22
142683,2021-04-22
142685,2021-04-22
142686,2021-04-26
142687,2021-04-26
142689,2021-04-26
142691,2021-04-26
142692,2021-05-31
142695,2021-05-31
142696,2021-05-31
142697,2021-05-31
142698,2021-05-31
142699,2021-05-31
142700,2022-12-31
142701,2022-12-31
142702,2022-12-31
142703,2021-04-29
142704,2021-04-29
142705,2021-04-29
142706,2021-04-29
142707,2021-04-29
142708,2021-04-29
142709,2021-04-20
142710,2021-04-20
142711,2021-04-20
142712,2021-04-20
142713,2021-04-20
142714,2021-04-20
142715,2021-04-20
142716,2021-04-20
142717,2021-04-20
142718,2021-04-20
142719,2021-04-20
142720,2021-04-20
142721,2021-05-05
142722,2021-05-05
142723,2021-05-05
142724,2021-05-05
142725,2021-07-05
142726,2021-07-05
142727,2021-07-05
142728,2021-07-05
142729,2021-07-05
142730,2021-07-05
142731,2021-04-26
142732,2021-04-26
142733,2021-04-26
142735,2021-04-26
142736,2021-04-26
142737,2021-04-26
142739,2021-05-03
142740,2021-05-03
142741,2021-05-03
142742,2021-05-03
142743,2021-04-20
142744,2021-04-20
142745,2021-04-20
142746,2021-04-20
142748,2021-04-20
142749,2021-04-06
142750,2021-04-06
142751,2021-04-06
142752,2021-04-06
142759,2021-04-30
142760,2021-04-30
142761,2021-04-30
142762,2021-04-30
142763,2021-04-30
142764,2021-04-30
142765,2021-05-26
142766,2021-05-26
142767,2021-05-26
142768,2021-05-26
142769,2021-04-28
142770,2021-04-28
142771,2021-04-28
142772,2021-04-28
142774,2021-04-28
142783,2021-05-27
142784,2021-05-27
142785,2021-05-27
142786,2021-05-27
142788,2021-05-27
142789,2021-05-10
142790,2021-05-10
142792,2021-05-10
142794,2021-05-10
142795,2021-05-10
142796,2021-05-10
142798,2021-05-10
142799,2021-04-19
142800,2021-04-19
142802,2021-04-19
142803,2021-04-19
142807,2021-05-10
142808,2021-05-10
142811,2021-05-10
142812,2021-05-10
142813,2021-05-10
142814,2021-05-10
142815,2021-05-04
142816,2021-11-01
142817,2021-11-01
142818,2021-11-01
142819,2021-11-01
142820,2021-04-19
142821,2021-04-19
142822,2021-04-19
142823,2021-04-19
142824,2021-04-19
142825,2021-04-19
142834,2021-05-27
142835,2021-05-27
142836,2021-05-27
142837,2021-05-27
142839,2021-05-27
142844,2021-05-04
142845,2021-05-04
142846,2021-05-04
142847,2021-05-04
142848,2021-05-04
142849,2021-05-04
142850,2021-05-04
142851,2021-05-04
142852,2021-05-04
142853,2021-05-05
142855,2021-05-05
142856,2021-05-05
142857,2021-05-19
142858,2021-05-19
142859,2021-05-19
142860,2021-05-19
142861,2018-06-13
142862,2018-06-13
142863,2018-06-13
142864,2018-06-13
142865,2018-06-11
142866,2018-06-11
142867,2018-06-11
142868,2018-06-11
142869,2021-04-08
142870,2021-04-08
142871,2021-04-08
142872,2021-04-08
142873,2021-05-05
142876,2021-05-05
142877,2021-05-05
142878,2021-05-05
142882,2021-06-08
142883,2021-06-08
142885,2021-06-08
142887,2021-06-08
142888,2021-06-08
142889,2021-05-04
142890,2021-05-04
142891,2021-05-04
142892,2021-05-04
142899,2021-05-03
142900,2021-05-03
142901,2021-05-03
142902,2021-05-03
142903,2021-05-03
142904,2021-05-03
142907,2021-05-11
142908,2021-05-11
142909,2021-05-11
142910,2021-05-11
142911,2021-05-11
142912,2021-05-11
142913,2021-05-10
142915,2021-05-10
142916,2021-05-10
142917,2021-04-28
142918,2021-04-28
142919,2018-03-22
142920,2021-04-28
142921,2021-04-28
142922,2021-04-28
142923,2021-05-03
142924,2021-05-03
142925,2021-05-03
142926,2021-05-03
142927,2021-05-03
142928,2021-05-03
142935,2021-05-27
142936,2021-05-27
142937,2021-05-27
142938,2021-05-27
142939,2021-05-27
142941,2021-05-04
142942,2021-05-04
142943,2021-05-04
142944,2021-05-04
142949,2021-11-01
142950,2021-11-01
142951,2021-11-01
142952,2021-11-01
142953,2018-06-18
142954,2018-06-18
142955,2018-06-18
142956,2018-06-18
142957,2021-04-15
142958,2021-04-15
142959,2021-04-15
142960,2021-04-15
142961,2021-04-29
142963,2021-04-29
142964,2021-04-29
142965,2021-04-29
142969,2021-05-04
142970,2021-05-04
142971,2021-05-04
142972,2021-05-04
142973,2021-05-04
142974,2021-05-04
142975,2021-05-04
142976,2021-05-04
142977,2021-05-04
142979,2021-05-04
142982,2021-05-04
142983,2021-05-03
142984,2021-05-03
142987,2021-05-03
142988,2021-05-03
142989,2021-05-03
142990,2021-05-03
142991,2021-05-03
142997,2021-10-04
142998,2021-10-04
142999,2021-10-04
143000,2021-10-04
143001,2021-05-10
143002,2021-05-10
143003,2021-05-10
143004,2021-05-10
143005,2021-05-10
143006,2021-05-10
143007,2023-04-10
143008,2023-04-10
143009,2023-04-10
143010,2023-04-10
143022,2021-05-06
143023,2021-05-06
143024,2021-05-06
143029,2021-05-27
143030,2021-05-27
143031,2021-05-27
143032,2021-05-27
143033,2021-05-27
143034,2021-05-27
143036,2021-05-27
143037,2021-05-27
143038,2021-05-27
143039,2021-05-10
143044,2021-05-10
143047,2021-05-10
143049,2021-05-03
143050,2021-05-03
143051,2021-05-03
143052,2021-05-03
143053,2021-06-16
143054,2021-06-16
143055,2021-06-16
143056,2021-06-16
143057,2021-06-16
143058,2021-06-16
143059,2021-05-20
143060,2021-05-20
143061,2021-05-20
143067,2021-05-03
143073,2021-05-03
143075,2021-05-03
143081,2021-05-21
143082,2021-05-21
143083,2021-05-21
143084,2021-05-21
143085,2021-05-25
143086,2021-05-25
143087,2021-05-25
143088,2021-05-25
143099,2021-05-25
143100,2021-05-25
143101,2021-05-25
143102,2021-05-25
143103,2018-04-27
143104,2021-05-25
143105,2021-05-25
143106,2021-05-25
143107,2021-05-25
143108,2021-05-25
143127,2021-05-05
143128,2021-05-05
143129,2021-05-05
143132,2021-05-05
143133,2021-05-05
143144,2021-06-10
143145,2021-06-10
143149,2021-06-10
143150,2021-06-10
143151,2021-06-10
143152,2021-11-23
143153,2021-11-23
143154,2021-11-23
143155,2021-11-23
143156,2021-07-12
143157,2021-07-12
143158,2021-07-12
143159,2021-07-12
143160,2021-07-12
143161,2021-07-12
143168,2021-11-08
143169,2021-11-08
143170,2021-11-08
143171,2021-11-08
143172,2022-04-05
143173,2022-04-05
143174,2022-04-05
143180,2021-05-18
143181,2021-05-18
143182,2021-05-18
143183,2021-05-18
143200,2018-09-27
143201,2018-09-27
143202,2018-09-27
143203,2018-09-27
143209,2021-05-25
143210,2021-05-25
143211,2019-10-11
143212,2019-10-11
143213,2019-10-11
143214,2019-10-11
143215,2021-05-25
143216,2021-05-25
143217,2021-05-25
143218,2021-05-25
143219,2021-05-25
143220,2021-05-25
143221,2021-05-25
143223,2023-05-10
143224,2023-05-10
143225,2023-05-10
143226,2023-05-10
143227,2021-07-20
143228,2021-07-20
143229,2021-07-20
143230,2021-07-20
143231,2021-07-20
143232,2021-07-20
143233,2021-06-28
143234,2021-06-28
143235,2021-06-28
143236,2021-06-28
143237,2021-06-28
143238,2021-06-28
143243,2021-05-18
143244,2021-05-18
143245,2021-05-18
143246,2021-05-18
143248,2022-04-11
143249,2022-04-11
143250,2022-04-11
143251,2022-04-11
143252,2022-04-11
143253,2022-04-11
143254,2021-05-21
143255,2021-05-21
143256,2021-05-21
143257,2021-05-21
143270,2022-04-05
143271,2022-04-05
143272,2022-04-05
143273,2022-04-05
143274,2021-06-22
143275,2021-06-22
143276,2021-06-22
143277,2021-06-22
143278,2021-06-22
143279,2021-06-22
143280,2021-06-22
143282,2021-06-22
143283,2021-06-22
143284,2021-05-12
143285,2021-05-12
143286,2021-05-12
143287,2021-05-12
143288,2021-05-12
143289,2021-05-12
143290,2018-12-03
143291,2018-12-03
143292,2018-12-03
143293,2018-12-03
143294,2018-08-08
143295,2018-08-08
143296,2018-08-08
143297,2018-08-08
143298,2018-08-08
143299,2018-08-08
143300,2022-05-17
143301,2022-05-17
143302,2022-05-17
143303,2022-05-17
143304,2022-05-17
143305,2022-05-17
143306,2018-12-13
143307,2018-12-13
143308,2018-12-13
143309,2018-12-13
143312,2021-06-29
143313,2021-06-29
143314,2021-06-29
143315,2021-06-29
143316,2022-05-17
143317,2022-05-17
143318,2022-05-17
143319,2022-05-17
143320,2022-05-17
143321,2022-05-17
143322,2018-09-24
143323,2018-09-24
143324,2018-09-24
143325,2018-09-24
143342,2022-05-25
143343,2022-05-25
143344,2022-05-25
143345,2022-05-25
143346,2018-08-23
143347,2018-12-03
143348,2018-12-03
143349,2018-12-03
143354,2018-11-27
143355,2018-11-27
143357,2018-11-27
143358,2018-11-27
143360,2022-04-05
143361,2022-04-05
143362,2021-06-07
143363,2021-06-07
143364,2021-06-07
143365,2021-06-07
143370,2021-06-01
143371,2021-06-01
143372,2021-06-01
143373,2021-06-01
143374,2021-06-01
143375,2021-06-01
143376,2021-06-02
143377,2021-06-02
143379,2021-06-02
143380,2021-06-02
143381,2021-06-02
143382,2021-06-02
143384,2018-08-21
143385,2018-08-21
143386,2018-08-21
143387,2018-08-21
143389,2022-04-05
143392,2022-04-05
143393,2022-04-05
143394,2022-04-05
143395,2022-04-05
143398,2021-06-30
143399,2021-06-30
143400,2021-06-30
143401,2021-06-30
143402,2021-06-30
143403,2021-06-30
143404,2019-03-11
143405,2019-03-11
143406,2019-03-11
143407,2019-03-11
143408,2019-03-11
143409,2019-03-11
143410,2021-06-17
143411,2021-06-17
143412,2021-06-17
143413,2021-06-17
143414,2021-05-27
143415,2021-05-27
143416,2021-05-27
143417,2021-05-27
143418,2021-05-27
143419,2021-05-27
143422,2022-04-05
143425,2022-04-05
143428,2021-06-22
143429,2021-06-22
143430,2021-06-22
143431,2021-06-22
143432,2021-06-22
143433,2021-06-22
143434,2021-06-22
143435,2021-06-22
143436,2021-06-22
143437,2021-06-22
143438,2018-08-24
143439,2018-08-24
143440,2018-08-24
143441,2018-08-24
143442,2022-04-05
143443,2022-04-05
143445,2022-04-05
143447,2022-04-05
143450,2022-05-26
143451,2022-05-26
143452,2022-05-26
143453,2022-05-26
143454,2021-07-07
143456,2021-07-07
143457,2021-07-07
143465,2018-09-10
143466,2018-09-10
143468,2018-09-10
143470,2018-09-10
143471,2022-04-19
143476,2022-04-19
143477,2018-08-24
143478,2018-08-24
143479,2018-08-24
143480,2018-08-24
143481,2018-08-23
143482,2018-08-23
143483,2018-08-23
143484,2018-08-23
143485,2018-08-23
143486,2019-05-28
143487,2018-11-23
143488,2019-05-28
143489,2021-06-01
143490,2021-06-01
143491,2021-06-01
143492,2021-06-01
143503,2023-06-12
143504,2023-06-12
143505,2023-06-12
143506,2023-06-12
143512,2021-06-30
143513,2021-06-30
143514,2021-06-30
143515,2021-06-30
143516,2021-06-30
143519,2021-06-30
143520,2021-06-16
143521,2021-06-16
143523,2021-06-16
143524,2021-06-16
143527,2021-06-16
143528,2019-03-27
143529,2019-03-27
143530,2019-03-27
143531,2019-03-27
143538,2018-08-30
143539,2018-08-30
143540,2018-08-30
143541,2018-08-30
143542,2022-04-06
143545,2022-04-06
143546,2022-04-06
143547,2022-04-06
143548,2022-06-20
143549,2022-06-20
143550,2022-06-20
143552,2021-06-23
143553,2021-06-23
143554,2021-06-23
143555,2021-06-23
143556,2021-06-23
143557,2021-06-23
143558,2018-11-26
143559,2018-11-26
143560,2018-11-26
143561,2018-11-26
143562,2021-07-06
143563,2021-07-06
143567,2021-07-06
143568,2021-07-06
143572,2022-04-28
143573,2022-04-28
143574,2022-04-28
143575,2022-04-28
143577,2022-04-28
143579,2022-04-28
143580,2018-09-04
143581,2018-09-04
143583,2018-09-04
143584,2018-09-04
143586,2018-08-30
143589,2018-08-30
143590,2018-08-30
143591,2018-08-30
143592,2020-09-25
143594,2020-09-25
143595,2020-09-25
143596,2020-09-25
143597,2020-09-25
143598,2020-09-25
143599,2020-09-25
143600,2020-09-25
143601,2020-09-25
143602,2020-09-25
143622,2021-07-19
143623,2021-07-19
143624,2021-07-19
143625,2018-09-07
143626,2018-09-07
143627,2018-09-07
143628,2018-09-07
143629,2018-12-27
143631,2018-12-27
143632,2018-12-27
143633,2018-12-27
143635,2021-06-23
143636,2021-06-23
143637,2021-06-23
143638,2021-06-23
143639,2021-06-23
143640,2021-06-23
143641,2021-07-08
143642,2021-07-08
143643,2021-07-08
143645,2018-12-17
143646,2018-12-17
143647,2018-12-17
143648,2018-12-17
143653,2018-09-11
143654,2018-09-11
143655,2018-09-11
143656,2018-09-11
143661,2021-06-30
143662,2021-06-30
143663,2021-06-30
143664,2021-06-30
143665,2021-06-30
143666,2021-06-30
143667,2021-06-29
143668,2021-06-29
143669,2021-06-29
143670,2021-06-29
143677,2021-06-23
143681,2021-06-23
143682,2021-06-23
143683,2022-05-30
143686,2022-05-30
143687,2022-05-30
143688,2022-05-30
143689,2021-07-01
143690,2021-07-01
143691,2021-07-01
143692,2021-07-01
143693,2021-07-01
143694,2021-07-01
143696,2021-06-14
143697,2021-06-08
143698,2021-06-14
143700,2021-06-14
143714,2021-06-23
143715,2021-06-23
143716,2021-06-23
143717,2021-06-23
143718,2021-06-23
143725,2018-12-14
143726,2018-12-14
143727,2018-12-14
143730,2022-04-11
143731,2022-04-11
143732,2022-04-11
143733,2022-04-11
143734,2022-04-11
143735,2022-04-11
143737,2021-07-15
143740,2021-07-15
143741,2021-07-15
143744,2021-07-15
143745,2021-07-15
143747,2021-06-15
143748,2021-06-15
143749,2021-06-15
143750,2021-06-15
143751,2018-09-11
143752,2018-09-11
143753,2018-09-11
143754,2018-09-11
143755,2021-07-08
143757,2021-07-08
143758,2021-07-08
143760,2021-06-30
143761,2021-06-30
143762,2021-06-30
143763,2021-06-30
143764,2021-06-30
143769,2018-09-10
143770,2018-09-10
143771,2018-09-10
143772,2018-09-10
143773,2021-06-16
143774,2021-06-16
143775,2021-06-16
143776,2021-06-16
143777,2018-06-13
143778,2018-06-13
143779,2021-06-16
143780,2021-06-16
143781,2018-06-13
143782,2021-06-16
143799,2021-07-15
143800,2021-07-15
143801,2021-07-15
143802,2021-07-15
143803,2021-07-15
143804,2021-07-15
143805,2021-07-15
143806,2021-07-15
143808,2021-07-15
143809,2021-06-29
143810,2021-06-29
143811,2021-06-29
143812,2021-06-29
143813,2021-07-12
143814,2021-07-12
143815,2019-03-13
143817,2019-03-13
143818,2019-03-13
143819,2019-03-13
143821,2021-07-26
143822,2021-07-26
143823,2021-07-26
143824,2021-07-26
143825,2021-07-26
143826,2021-07-26
143827,2023-06-28
143828,2023-06-28
143829,2023-06-28
143830,2023-06-28
143831,2018-12-13
143832,2018-12-13
143833,2018-12-13
143835,2021-07-19
143836,2021-07-19
143837,2021-07-19
143838,2021-07-19
143845,2021-07-05
143846,2021-07-05
143848,2021-07-28
143849,2021-07-28
143850,2021-07-28
143851,2021-06-30
143852,2021-06-30
143853,2021-06-30
143854,2021-06-30
143863,2021-07-15
143865,2021-07-15
143866,2021-07-15
143867,2021-07-15
143868,2021-07-15
143870,2021-07-15
143871,2021-07-15
143872,2021-07-15
143877,2021-06-28
143878,2021-06-28
143885,2022-06-13
143886,2022-06-13
143892,2022-06-13
143893,2018-12-13
143895,2018-12-13
143896,2018-12-13
143897,2018-12-13
143898,2018-12-13
143899,2021-07-08
143901,2021-07-08
143902,2021-07-08
143915,2021-06-23
143918,2021-06-23
143920,2021-06-23
143921,2021-07-02
143922,2021-07-02
143923,2021-07-02
143924,2021-07-02
143925,2022-04-05
143926,2022-04-05
143927,2022-04-05
143928,2022-04-05
143930,2022-04-05
143931,2021-06-29
143935,2021-06-29
143938,2021-06-29
143939,2021-06-30
143940,2021-06-30
143943,2021-06-30
143944,2021-06-30
143945,2022-05-26
143946,2022-05-26
143947,2022-05-26
143948,2022-05-26
143949,2021-07-14
143950,2021-07-14
143951,2021-07-14
143952,2021-07-14
143953,2021-07-22
143954,2021-07-22
143956,2021-07-22
143960,2021-07-22
143961,2022-02-07
143962,2022-02-07
143963,2022-02-07
143964,2022-02-07
143973,2021-06-29
143974,2021-06-29
143975,2021-06-29
143976,2021-06-29
143977,2021-06-29
143978,2021-07-22
143979,2021-07-22
143980,2021-07-22
143981,2021-07-22
143982,2021-06-29
143983,2021-06-29
143985,2021-06-29
143986,2021-06-29
143987,2021-06-30
143988,2021-06-30
143989,2021-06-30
143990,2021-06-30
143991,2021-06-30
143992,2021-06-30
143993,2021-08-05
143994,2021-08-05
143995,2021-08-05
143997,2021-07-15
143999,2021-07-15
144003,2021-07-15
144006,2021-07-15
144007,2021-06-30
144008,2021-06-30
144009,2021-06-30
144010,2021-06-30
144011,2021-06-30
144012,2021-06-30
144013,2021-09-30
144015,2021-09-30
144016,2021-09-30
144017,2018-12-13
144018,2018-12-13
144019,2018-12-13
144029,2021-06-30
144030,2021-06-30
144031,2021-06-30
144032,2021-06-30
144033,2021-06-30
144034,2021-06-30
144035,2021-07-06
144036,2021-07-06
144037,2021-07-06
144038,2021-07-06
144039,2022-06-13
144040,2022-06-13
144041,2022-06-13
144042,2022-06-13
144043,2021-09-30
144045,2021-09-30
144046,2021-09-30
144047,2021-07-01
144048,2021-07-01
144049,2021-07-01
144050,2021-07-01
144052,2021-07-01
144061,2021-08-11
144063,2021-08-11
144064,2021-08-11
144065,2021-07-08
144072,2021-07-08
144075,2023-04-18
144077,2023-04-18
144078,2023-04-18
144079,2023-04-18
144080,2023-04-18
144081,2021-08-10
144082,2021-08-10
144083,2021-08-10
144084,2021-08-10
144095,2021-08-12
144096,2021-08-12
144097,2021-08-12
144098,2021-08-12
144099,2021-08-12
144100,2021-08-12
144102,2021-08-12
144103,2021-08-12
144104,2021-08-12
144105,2021-07-29
144106,2021-07-29
144107,2021-07-29
144108,2021-07-29
144109,2021-07-29
144110,2021-07-29
144111,2021-07-26
144112,2021-07-26
144113,2021-07-26
144114,2021-07-26
144115,2021-07-30
144116,2021-07-30
144117,2021-07-30
144118,2021-07-30
144119,2021-07-29
144120,2021-07-29
144122,2021-07-29
144123,2021-07-29
144124,2021-07-29
144125,2021-07-20
144128,2021-07-20
144129,2021-07-20
144130,2021-07-20
144131,2021-07-06
144132,2021-07-06
144133,2021-07-06
144135,2021-07-06
144141,2021-07-19
144142,2021-07-19
144144,2021-07-19
144148,2021-07-19
144149,2021-11-02
144150,2021-11-02
144151,2021-11-02
144152,2021-11-02
144153,2021-07-08
144154,2021-07-08
144157,2021-07-08
144158,2021-07-08
144159,2021-08-17
144160,2021-08-17
144161,2021-08-17
144162,2021-08-17
144163,2021-07-22
144164,2021-07-22
144183,2021-07-12
144184,2021-07-12
144185,2021-07-12
144186,2021-07-12
144188,2021-07-12
144201,2021-08-10
144202,2021-08-10
144206,2021-08-10
144209,2021-08-10
144211,2021-08-09
144212,2021-08-09
144213,2021-08-09
144214,2021-08-09
144215,2021-07-29
144217,2021-07-29
144218,2021-07-29
144219,2021-07-29
144220,2021-07-29
144221,2021-07-15
144222,2021-07-15
144223,2021-07-15
144224,2021-07-15
144225,2021-07-15
144226,2021-07-15
144227,2021-08-10
144231,2021-08-10
144237,2021-07-14
144238,2021-07-14
144239,2021-07-14
144240,2021-07-14
144241,2021-07-29
144242,2021-07-29
144243,2021-07-29
144245,2021-07-29
144246,2021-07-29
144247,2021-08-23
144248,2021-08-23
144249,2021-08-23
144250,2021-08-23
144251,2019-03-13
144252,2019-03-13
144253,2019-03-13
144254,2019-03-13
144265,2021-07-28
144266,2018-07-25
144267,2021-07-28
144268,2021-07-28
144269,2021-07-28
144270,2021-07-28
144271,2021-07-22
144273,2021-07-22
144274,2021-07-22
144275,2021-07-22
144279,2021-09-20
144281,2021-09-20
144282,2021-09-20
144283,2021-08-26
144284,2021-08-26
144286,2021-08-26
144287,2021-07-26
144288,2021-07-26
144289,2021-07-26
144290,2021-07-26
144291,2021-07-29
144292,2021-07-29
144293,2021-07-29
144294,2021-07-29
144295,2021-07-29
144296,2021-07-29
144299,2021-07-29
144301,2021-07-22
144302,2021-07-22
144308,2021-07-22
144317,2021-07-22
144319,2021-07-22
144320,2021-07-22
144322,2021-07-22
144323,2021-07-23
144324,2021-07-23
144325,2021-07-23
144326,2021-07-23
144328,2021-07-23
144330,2021-07-29
144331,2021-07-29
144332,2021-07-29
144347,2021-07-22
144348,2021-07-22
144349,2021-07-22
144350,2021-07-22
144351,2022-05-26
144352,2022-05-26
144353,2022-05-26
144354,2022-05-26
144355,2021-08-30
144356,2021-08-30
144357,2021-08-30
144358,2021-08-30
144359,2021-08-30
144360,2021-08-30
144365,2021-08-03
144366,2021-08-03
144367,2021-08-03
144368,2021-08-03
144369,2021-08-11
144371,2021-08-11
144372,2021-08-11
144373,2021-08-11
144374,2021-08-11
144375,2021-07-29
144376,2021-08-05
144377,2021-08-05
144378,2021-08-05
144379,2021-08-05
144380,2021-08-05
144382,2021-07-29
144383,2021-07-29
144384,2021-07-29
144385,2021-07-29
144386,2021-07-29
144387,2021-08-26
144388,2021-08-26
144389,2021-08-26
144407,2021-07-28
144410,2021-07-28
144412,2021-07-28
144415,2018-12-10
144420,2020-12-24
144445,2022-03-11
144446,2022-03-11
144447,2022-03-11
144448,2022-03-11
144457,2021-10-25
144459,2021-10-25
144460,2021-10-25
144480,2021-10-22
144481,2021-10-22
144482,2021-10-22
144483,2021-10-22
144492,2021-08-23
144493,2021-08-23
144494,2021-08-23
144495,2021-08-23
144496,2021-08-06
144497,2021-08-06
144500,2021-08-06
144501,2021-08-06
144502,2021-09-27
144503,2021-09-27
144504,2021-09-27
144505,2021-09-27
144506,2021-09-27
144507,2021-09-27
144508,2021-08-10
144509,2021-08-10
144510,2021-08-10
144511,2021-08-10
144512,2021-08-10
144513,2021-08-10
144516,2021-08-26
144517,2021-08-26
144518,2021-08-26
144519,2021-08-26
144520,2021-08-26
144521,2021-08-17
144522,2021-08-17
144523,2021-08-17
144524,2021-08-17
144525,2021-08-17
144526,2021-08-17
144527,2021-10-18
144528,2021-10-18
144529,2021-10-18
144530,2021-10-18
144531,2021-08-18
144534,2021-08-18
144535,2021-08-18
144537,2021-08-18
144539,2021-08-22
144540,2021-08-22
144541,2021-08-22
144542,2021-08-22
144549,2021-08-17
144550,2021-08-17
144551,2021-08-17
144552,2021-08-17
144553,2021-08-17
144554,2021-08-17
144555,2021-09-30
144556,2021-09-30
144557,2021-09-30
144558,2021-09-30
144559,2021-08-30
144560,2021-08-30
144561,2021-08-30
144562,2021-08-30
144563,2021-08-30
144564,2021-08-30
144565,2021-08-17
144566,2021-08-17
144567,2021-08-17
144568,2021-08-17
144569,2021-08-17
144570,2021-08-17
144571,2021-08-31
144572,2021-08-31
144573,2021-08-31
144574,2021-08-31
144575,2021-08-31
144576,2021-08-31
144577,2021-08-31
144579,2021-08-31
144581,2018-11-05
144583,2018-11-05
144584,2018-11-05
144585,2018-11-05
144586,2018-11-05
144588,2022-04-11
144589,2022-04-11
144590,2022-04-11
144591,2022-04-11
144592,2019-03-13
144593,2019-03-13
144594,2019-03-13
144595,2019-03-13
144596,2021-09-06
144598,2021-09-06
144599,2021-09-06
144601,2021-09-06
144602,2021-09-03
144603,2021-09-03
144604,2021-09-03
144605,2021-09-03
144606,2021-09-03
144607,2021-09-03
144608,2021-08-26
144609,2021-08-26
144610,2021-08-26
144611,2021-08-26
144612,2021-10-13
144614,2021-10-13
144615,2021-10-13
144620,2021-08-30
144621,2021-08-30
144622,2021-08-30
144623,2021-08-30
144624,2021-10-20
144625,2021-10-20
144626,2021-10-20
144627,2021-10-20
144628,2021-08-26
144629,2021-08-26
144630,2021-08-26
144631,2021-08-26
144632,2021-08-26
144633,2021-08-26
144634,2022-03-13
144635,2022-03-13
144636,2022-03-13
144637,2022-03-13
144638,2021-09-02
144639,2021-09-02
144640,2021-09-02
144641,2021-09-02
144652,2021-09-01
144653,2021-09-01
144654,2021-09-01
144655,2018-08-29
144656,2021-09-01
144657,2021-09-01
144658,2021-07-22
144659,2021-08-31
144661,2021-08-31
144663,2021-08-31
144666,2021-08-31
144669,2021-10-18
144670,2021-10-18
144671,2021-10-18
144672,2021-10-18
144673,2021-08-31
144674,2021-08-31
144675,2021-08-31
144676,2021-08-31
144682,2021-08-31
144683,2021-08-31
144684,2021-08-31
144685,2021-08-31
144686,2021-08-31
144687,2021-08-31
144688,2018-11-30
144689,2018-11-30
144690,2018-11-30
144691,2018-11-30
144692,2021-10-20
144693,2021-10-20
144694,2021-10-20
144695,2021-10-20
144696,2021-09-15
144697,2021-09-15
144698,2021-09-15
144699,2021-09-15
144700,2021-09-15
144701,2021-09-15
144702,2021-08-30
144703,2021-08-30
144704,2021-08-30
144705,2021-08-30
144706,2021-08-30
144707,2021-08-30
144708,2018-12-07
144709,2018-12-07
144710,2018-12-07
144711,2018-12-07
144720,2021-08-31
144722,2021-08-31
144725,2021-08-31
144731,2021-09-21
144732,2021-09-21
144733,2021-09-21
144734,2021-09-21
144735,2021-09-21
144736,2021-09-21
144737,2021-09-21
144738,2021-09-21
144739,2021-09-21
144740,2021-09-21
144741,2021-09-30
144742,2021-09-30
144743,2021-09-30
144744,2021-09-30
144745,2021-09-30
144746,2021-09-30
144747,2021-09-01
144748,2021-09-01
144749,2021-09-01
144750,2021-09-01
144751,2021-09-01
144752,2021-09-01
144763,2021-09-14
144764,2021-09-14
144765,2021-09-14
144766,2021-09-14
144767,2018-09-11
144768,2018-09-11
144769,2022-04-28
144770,2022-04-28
144771,2022-04-28
144772,2022-04-28
144773,2019-03-13
144774,2019-03-13
144775,2019-03-13
144776,2019-03-13
144778,2021-07-22
144779,2021-07-22
144781,2021-07-22
144783,2021-07-22
144784,2021-07-22
144787,2021-07-22
144796,2022-09-29
144797,2022-09-29
144798,2022-09-29
144800,2022-09-29
144801,2022-09-29
144802,2021-09-06
144803,2021-09-06
144804,2021-09-06
144805,2021-09-06
144806,2021-09-06
144807,2021-09-06
144808,2018-12-04
144810,2018-12-04
144812,2018-12-04
144813,2018-12-04
144814,2021-09-13
144815,2021-09-13
144816,2021-09-13
144817,2021-09-13
144819,2021-09-13
144820,2021-09-06
144822,2021-09-06
144823,2021-09-06
144824,2021-09-06
144825,2021-09-06
144826,2021-09-30
144830,2021-09-30
144831,2021-09-30
144832,2021-09-30
144833,2021-09-30
144840,2021-09-03
144841,2021-09-03
144842,2021-09-03
144843,2021-09-03
144848,2022-04-11
144849,2022-04-11
144850,2022-04-11
144851,2022-04-11
144856,2021-09-30
144857,2021-09-30
144858,2021-09-30
144859,2021-09-30
144860,2021-09-30
144861,2021-09-30
144868,2021-09-30
144869,2021-09-30
144872,2021-09-30
144874,2021-09-30
144875,2021-09-30
144876,2021-09-16
144877,2021-09-16
144878,2021-09-16
144879,2021-09-16
144880,2021-09-28
144881,2021-09-28
144882,2021-09-28
144883,2021-09-28
144884,2018-12-31
144885,2018-12-31
144886,2018-12-31
144887,2018-12-31
144888,2022-01-31
144889,2022-01-31
144890,2022-01-31
144891,2022-01-31
144892,2021-09-14
144893,2021-09-14
144894,2021-09-14
144895,2021-09-14
144896,2021-09-14
144897,2021-09-14
144898,2022-04-29
144899,2022-04-29
144900,2022-04-29
144901,2022-04-29
144908,2022-05-31
144909,2022-05-31
144910,2022-05-31
144911,2022-05-31
144912,2021-09-28
144913,2021-09-28
144914,2021-09-28
144915,2021-09-28
144917,2021-09-14
144918,2021-09-14
144919,2021-09-14
144920,2021-09-14
144929,2019-03-13
144930,2019-03-13
144931,2019-03-13
144932,2019-03-13
144933,2022-04-29
144934,2022-04-29
144937,2019-03-13
144938,2019-03-13
144939,2019-03-13
144941,2021-10-04
144942,2021-10-04
144944,2021-10-04
144945,2021-10-04
144946,2021-10-04
144948,2021-10-26
144949,2021-10-26
144950,2021-10-26
144951,2021-10-26
144952,2021-10-26
144953,2021-10-26
144954,2021-10-26
144955,2021-10-26
144956,2021-10-26
144957,2021-10-26
144958,2021-09-29
144959,2021-09-29
144960,2018-10-10
144961,2021-09-29
144962,2021-09-29
144963,2021-09-29
144976,2022-06-30
144977,2022-06-30
144978,2022-06-30
144979,2022-06-30
144980,2022-06-30
144981,2022-06-30
144982,2021-09-28
144983,2021-09-28
144984,2021-09-28
144985,2021-09-28
144990,2021-09-27
144991,2021-09-27
144992,2021-09-27
144993,2021-09-27
144994,2021-03-04
144995,2021-03-04
144996,2021-03-04
144997,2021-03-04
144998,2018-12-05
144999,2021-03-04
145000,2019-04-04
145001,2021-03-04
145002,2018-10-17
145003,2019-01-23
145004,2021-11-08
145005,2021-11-08
145006,2021-11-08
145007,2021-11-08
145009,2021-10-26
145010,2021-10-26
145014,2021-10-26
145016,2021-10-26
145018,2022-04-11
145019,2022-04-11
145021,2022-04-11
145023,2022-04-11
145024,2022-04-13
145025,2022-04-13
145026,2022-04-13
145028,2022-04-13
145030,2022-05-05
145031,2022-05-05
145032,2022-05-05
145033,2022-05-05
145053,2023-06-26
145058,2022-04-04
145063,2022-04-04
145064,2022-04-04
145066,2022-04-04
145067,2022-04-04
145068,2022-04-04
145069,2022-04-08
145071,2022-04-08
145072,2022-04-08
145073,2022-04-08
145074,2022-04-08
145079,2022-04-29
145081,2022-04-29
145083,2021-11-22
145084,2021-11-22
145085,2021-11-22
145086,2021-11-22
145087,2021-09-29
145088,2021-09-29
145089,2021-09-29
145090,2021-09-29
145091,2021-09-29
145092,2021-09-29
145093,2021-10-06
145094,2021-10-06
145095,2021-10-06
145096,2021-10-06
145097,2021-11-03
145098,2021-11-03
145099,2021-11-03
145100,2021-11-03
145101,2021-11-03
145102,2021-11-03
145103,2022-06-30
145104,2022-06-30
145105,2022-06-30
145106,2022-06-30
145107,2022-06-30
145119,2022-04-18
145122,2022-04-18
145123,2022-04-18
145124,2022-04-18
145129,2019-03-12
145131,2019-03-12
145132,2019-03-12
145141,2022-05-10
145142,2022-05-10
145143,2022-05-10
145144,2022-05-10
145145,2021-10-26
145146,2021-10-26
145148,2021-10-26
145149,2021-10-26
145150,2021-10-26
145152,2021-10-26
145153,2021-10-26
145154,2021-10-26
145155,2019-03-26
145156,2019-03-26
145157,2019-03-26
145158,2019-03-26
145159,2021-12-27
145160,2021-12-27
145161,2021-12-27
145162,2021-12-27
145163,2021-10-06
145164,2021-10-06
145165,2021-10-06
145166,2021-10-06
145167,2022-04-19
145168,2022-04-19
145169,2022-04-19
145170,2022-04-19
145171,2022-04-19
145172,2022-04-19
145177,2022-05-30
145178,2022-05-30
145179,2022-05-30
145180,2022-05-30
145183,2022-05-02
145184,2022-05-02
145185,2022-05-02
145186,2022-05-02
145187,2022-04-28
145188,2022-04-28
145189,2022-04-28
145195,2021-10-18
145196,2021-10-18
145197,2021-10-18
145211,2021-10-13
145212,2021-10-13
145213,2021-10-13
145214,2021-10-13
145225,2022-11-25
145226,2022-11-25
145227,2022-11-25
145228,2022-11-25
145229,2021-11-02
145230,2021-11-02
145231,2021-11-02
145232,2021-11-02
145233,2022-04-18
145234,2022-04-18
145235,2022-04-18
145236,2022-04-18
145237,2022-04-18
145238,2022-04-18
145239,2022-05-04
145240,2022-05-04
145241,2022-05-04
145242,2022-05-04
145248,2019-03-13
145249,2019-03-13
145251,2019-03-13
145252,2019-03-13
145272,2022-04-12
145274,2022-04-12
145275,2022-04-12
145281,2022-06-28
145282,2022-06-28
145283,2022-06-28
145284,2022-06-28
145285,2022-06-28
145286,2022-06-28
145297,2022-04-12
145298,2022-04-12
145299,2022-04-12
145300,2022-04-12
145301,2022-04-12
145302,2022-04-12
145303,2021-11-29
145304,2021-11-29
145305,2021-11-29
145306,2021-11-29
145307,2022-04-21
145308,2022-04-21
145309,2022-04-21
145310,2022-04-21
145312,2022-04-21
145317,2022-04-26
145318,2022-04-26
145319,2022-04-26
145320,2022-04-26
145321,2022-04-26
145322,2022-04-26
145325,2022-04-19
145329,2022-04-19
145334,2022-04-19
145335,2022-04-19
145336,2022-04-19
145337,2022-04-19
145338,2022-04-19
145339,2022-04-19
145340,2022-04-19
145341,2022-04-19
145347,2019-10-30
145348,2019-10-30
145349,2019-10-30
145350,2019-10-30
145351,2021-11-02
145352,2021-11-02
145353,2021-11-02
145354,2021-11-02
145363,2019-02-12
145364,2019-02-12
145365,2019-02-12
145366,2019-02-12
145371,2023-05-02
145372,2023-05-02
145373,2022-04-06
145374,2022-04-06
145375,2022-11-25
145376,2022-11-25
145377,2022-11-25
145378,2022-11-25
145379,2022-06-01
145380,2022-06-01
145381,2022-06-01
145388,2022-04-07
145391,2022-04-07
145394,2022-04-07
145395,2022-04-07
145401,2022-09-16
145403,2022-09-16
145405,2022-04-29
145406,2022-04-29
145407,2022-04-29
145408,2022-04-29
145409,2022-04-05
145410,2022-04-05
145412,2022-04-05
145415,2022-04-19
145419,2022-04-19
145422,2022-04-19
145423,2022-04-19
145424,2022-04-19
145425,2022-04-18
145426,2022-04-18
145427,2022-04-18
145428,2022-04-18
145429,2022-04-18
145430,2022-04-18
145431,2022-04-05
145432,2022-04-05
145434,2022-04-05
145436,2022-04-05
145437,2019-05-03
145440,2019-05-03
145441,2019-05-03
145443,2021-12-01
145444,2021-12-01
145445,2021-12-01
145446,2021-12-01
145458,2022-04-12
145461,2022-04-12
145462,2022-04-12
145467,2022-04-06
145468,2022-04-06
145469,2022-04-06
145470,2022-04-06
145475,2021-12-31
145476,2021-12-31
145477,2021-12-31
145478,2021-12-31
145479,2021-12-31
145480,2021-12-31
145491,2022-04-18
145492,2022-04-18
145493,2022-04-18
145494,2022-04-18
145495,2022-04-18
145496,2022-04-18
145497,2023-05-02
145498,2022-04-11
145499,2023-05-02
145500,2023-05-02
145501,2019-11-20
145502,2019-11-20
145503,2019-11-20
145504,2019-11-20
145505,2022-04-26
145506,2022-04-26
145507,2022-04-26
145508,2022-04-26
145510,2022-04-26
145511,2022-04-26
145512,2022-04-26
145513,2022-04-26
145514,2022-04-26
145515,2022-04-12
145516,2022-04-12
145517,2022-04-12
145520,2022-04-12
145521,2022-05-31
145522,2022-05-31
145523,2022-05-31
145524,2022-05-31
145525,2022-04-29
145527,2022-04-29
145528,2022-04-29
145529,2022-04-26
145530,2022-04-26
145533,2022-04-26
145534,2022-04-26
145540,2022-09-16
145541,2022-09-16
145542,2022-09-16
145543,2022-09-16
145544,2022-09-16
145545,2022-09-16
145546,2022-09-16
145548,2022-09-16
145549,2022-09-16
145550,2022-09-16
145553,2022-05-04
145555,2022-05-04
145556,2022-05-04
145557,2022-05-04
145558,2022-05-04
145561,2022-05-04
145569,2021-12-06
145570,2021-12-06
145571,2021-12-06
145572,2021-12-06
145573,2022-04-13
145574,2022-04-13
145576,2022-04-13
145577,2022-04-18
145578,2022-04-18
145579,2022-04-18
145580,2022-04-18
145581,2022-04-04
145582,2022-04-04
145583,2022-04-04
145584,2022-04-04
145586,2022-05-10
145587,2022-05-10
145588,2022-05-10
145609,2022-05-02
145610,2022-05-02
145611,2022-05-02
145612,2022-05-02
145613,2022-04-29
145614,2022-04-29
145615,2022-04-29
145616,2022-04-29
145617,2022-05-31
145618,2022-05-31
145619,2022-05-31
145620,2022-05-31
145623,2022-05-30
145625,2022-05-30
145626,2022-05-30
145627,2022-05-30
145628,2022-05-30
145630,2022-05-30
145632,2022-05-30
145634,2022-05-17
145635,2022-05-17
145637,2022-05-17
145639,2022-04-12
145640,2022-04-12
145642,2022-04-12
145643,2022-04-12
145644,2022-04-13
145645,2022-04-13
145646,2023-05-02
145647,2023-05-02
145650,2022-04-19
145651,2022-04-19
145652,2022-04-19
145653,2022-04-19
145654,2022-04-19
145655,2022-04-19
145657,2022-04-19
145658,2022-04-19
145663,2022-04-29
145664,2019-08-27
145665,2022-04-29
145666,2022-04-29
145667,2019-12-18
145668,2019-12-18
145669,2019-12-18
145670,2019-12-18
145671,2023-04-20
145672,2023-04-20
145673,2023-04-20
145674,2023-04-20
145682,2022-04-11
145683,2022-04-11
145684,2022-04-11
145685,2022-04-28
145686,2022-04-28
145687,2022-04-28
145688,2022-04-28
145698,2022-06-06
145699,2022-06-06
145701,2022-05-30
145702,2022-05-30
145705,2022-05-30
145706,2022-05-30
145707,2022-05-11
145708,2022-05-11
145709,2022-05-11
145710,2022-05-11
145711,2022-05-11
145712,2022-05-11
145713,2022-05-19
145714,2022-05-19
145715,2022-05-19
145716,2022-05-19
145717,2022-04-12
145719,2022-04-12
145720,2022-04-12
145721,2022-04-12
145722,2022-04-12
145739,2019-12-10
145740,2019-12-10
145741,2019-12-10
145742,2019-12-10
145743,2022-04-18
145744,2023-05-02
145745,2023-05-02
145746,2023-05-02
145751,2022-04-19
145752,2022-04-19
145754,2022-04-19
145756,2022-04-19
145757,2022-05-02
145758,2022-05-02
145759,2022-05-02
145760,2022-05-02
145764,2022-04-20
145766,2022-04-20
145767,2022-04-20
145773,2022-04-26
145774,2022-04-26
145775,2022-04-26
145776,2022-04-26
145777,2022-06-01
145778,2022-06-01
145779,2022-06-01
145780,2022-06-01
145781,2022-06-01
145782,2022-06-01
145783,2022-05-17
145786,2022-05-17
145787,2022-04-29
145788,2022-04-29
145789,2022-04-29
145790,2022-04-29
145795,2022-04-12
145796,2022-04-12
145797,2018-12-14
145798,2022-04-12
145799,2022-04-12
145800,2022-04-12
145806,2022-04-26
145807,2022-04-26
145808,2022-04-26
145809,2022-04-26
145835,2022-04-19
145836,2022-04-19
145837,2022-04-19
145838,2022-04-19
145839,2022-04-19
145840,2022-04-19
145842,2022-04-19
145843,2022-04-19
145844,2022-04-19
145845,2022-04-19
145848,2022-04-19
145851,2022-04-19
145855,2022-04-19
145856,2022-04-19
145857,2022-04-19
145858,2022-04-19
145860,2022-04-12
145862,2022-04-12
145866,2022-04-12
145868,2022-04-12
145869,2022-04-12
145870,2022-04-12
145879,2022-04-28
145880,2022-04-28
145900,2022-05-24
145902,2022-05-24
145903,2022-05-24
145904,2022-06-02
145905,2022-06-02
145906,2022-06-02
145907,2022-06-02
145909,2022-06-02
145914,2022-05-30
145915,2022-05-30
145916,2022-05-30
145917,2022-05-30
145918,2022-04-11
145919,2022-04-11
145920,2022-04-11
145922,2022-04-21
145923,2022-04-21
145924,2022-04-21
145925,2022-04-21
145926,2022-06-01
145927,2022-06-01
145928,2019-01-09
145929,2022-06-01
145930,2022-06-01
145931,2022-06-01
145935,2022-04-19
145936,2022-04-19
145939,2022-04-19
145940,2022-04-19
145941,2022-04-19
145942,2022-04-18
145943,2022-04-18
145944,2022-04-18
145945,2022-04-18
145947,2022-04-25
145948,2022-04-25
145949,2022-04-25
145950,2022-04-25
145959,2022-06-03
145960,2022-06-03
145961,2022-06-03
145962,2022-06-03
145973,2022-04-18
145978,2022-04-18
145980,2022-04-18
145981,2022-04-12
145982,2022-04-12
145983,2022-04-12
145984,2022-04-12
145985,2022-04-12
145986,2022-04-12
145987,2023-06-06
145988,2023-06-06
145989,2023-06-06
145990,2023-06-06
145991,2020-01-02
145992,2020-01-02
145993,2020-01-02
145994,2020-01-02
145995,2022-06-09
145996,2022-06-09
145997,2022-06-09
145998,2022-06-09
145999,2022-06-09
146000,2022-06-09
146017,2022-05-04
146018,2022-05-04
146019,2022-05-04
146022,2022-05-04
146023,2020-01-14
146024,2020-01-14
146025,2020-01-14
146026,2020-01-14
146027,2022-04-29
146029,2022-04-29
146030,2022-04-29
146031,2022-05-24
146032,2022-05-24
146033,2022-05-24
146034,2022-05-24
146035,2022-05-24
146036,2022-05-24
146037,2022-05-24
146038,2022-05-24
146039,2022-05-24
146040,2022-05-24
146041,2022-05-30
146042,2022-05-30
146043,2022-05-30
146044,2022-05-30
146045,2022-06-30
146046,2022-06-30
146047,2022-06-30
146048,2022-06-30
146049,2022-06-01
146050,2022-06-01
146051,2022-06-01
146052,2022-06-01
146053,2022-06-01
146054,2022-06-01
146055,2022-04-12
146056,2022-04-12
146057,2022-04-12
146058,2022-04-12
146059,2022-04-12
146064,2023-05-22
146081,2022-04-26
146082,2022-04-26
146087,2022-04-26
146088,2022-04-26
146101,2022-04-18
146102,2022-04-18
146103,2022-04-18
146104,2022-04-18
146110,2022-04-18
146111,2022-04-18
146112,2022-04-18
146113,2022-04-18
146115,2022-05-05
146116,2022-05-05
146117,2022-05-05
146118,2022-05-05
146119,2022-05-05
146133,2022-04-11
146134,2022-04-11
146135,2022-04-11
146136,2022-04-11
146137,2021-09-17
146139,2020-01-02
146144,2022-04-12
146145,2022-04-12
146146,2022-04-12
146147,2022-04-12
146148,2022-04-12
146149,2022-04-11
146152,2022-04-11
146153,2022-04-11
146154,2022-04-11
146155,2022-04-11
146156,2022-04-11
146157,2022-04-07
146159,2019-02-05
146160,2022-04-07
146162,2022-04-07
146163,2022-04-07
146169,2022-05-02
146170,2019-09-19
146171,2022-05-02
146172,2022-05-02
146173,2023-06-23
146174,2023-06-23
146175,2023-06-23
146176,2023-06-23
146177,2019-04-15
146178,2019-04-15
146179,2019-04-15
146180,2019-04-15
146201,2022-04-28
146203,2022-04-28
146204,2022-04-28
146205,2022-04-28
146239,2022-04-19
146241,2022-04-19
146242,2022-04-19
146243,2022-04-19
146244,2022-04-19
146245,2022-04-19
146246,2022-04-19
146247,2022-04-19
146248,2022-04-19
146255,2022-04-21
146256,2022-04-21
146257,2022-04-21
146258,2022-04-21
146259,2022-04-21
146260,2022-04-21
146261,2022-05-24
146262,2022-05-24
146263,2022-05-24
146264,2022-05-24
146265,2022-05-24
146266,2022-05-24
146268,2022-05-24
146269,2022-05-24
146270,2022-05-24
146276,2022-04-11
146277,2022-04-11
146278,2022-04-11
146279,2022-04-11
146280,2022-04-11
146281,2022-04-11
146282,2022-07-18
146283,2022-07-18
146284,2022-07-18
146286,2022-04-20
146287,2022-04-20
146288,2022-04-20
146289,2022-04-20
146299,2022-05-04
146300,2022-05-04
146301,2022-05-04
146302,2022-04-11
146303,2022-04-11
146304,2022-04-11
146305,2022-04-11
146306,2022-05-02
146307,2022-05-02
146308,2022-05-02
146309,2022-05-02
146310,2022-05-02
146312,2022-04-27
146313,2022-04-27
146314,2022-04-27
146315,2022-04-27
146318,2022-04-11
146319,2022-04-11
146320,2022-04-11
146322,2022-04-11
146323,2022-04-11
146324,2022-07-26
146325,2022-07-26
146326,2022-07-26
146327,2022-07-26
146328,2022-06-15
146329,2022-06-15
146330,2022-06-15
146331,2022-06-15
146340,2022-05-17
146342,2022-05-17
146343,2022-05-17
146344,2022-05-17
146345,2022-05-17
146362,2020-02-12
146363,2020-02-12
146364,2020-02-12
146365,2020-02-12
146366,2023-05-23
146367,2023-05-23
146368,2023-05-23
146369,2023-05-23
146370,2022-06-01
146371,2022-06-01
146372,2022-06-01
146373,2022-06-01
146374,2022-06-01
146375,2022-06-01
146384,2022-04-19
146385,2022-04-19
146386,2022-04-19
146387,2022-04-19
146393,2022-04-19
146394,2022-04-19
146395,2022-04-19
146396,2022-04-19
146397,2022-03-13
146398,2022-03-13
146399,2022-03-13
146400,2022-03-13
146401,2022-03-13
146402,2022-03-13
146403,2022-03-13
146404,2022-03-13
146423,2022-05-10
146424,2022-05-10
146425,2022-05-10
146426,2022-05-10
146427,2022-04-11
146428,2022-04-11
146429,2022-04-11
146430,2022-04-11
146436,2022-07-15
146437,2022-07-15
146438,2022-07-15
146439,2022-07-15
146440,2022-07-15
146445,2022-05-04
146446,2022-05-04
146448,2022-05-04
146450,2022-05-04
146459,2022-04-21
146460,2022-04-21
146461,2022-04-21
146462,2022-04-21
146463,2022-04-21
146464,2022-04-21
146465,2022-04-11
146466,2022-04-11
146467,2022-04-11
146468,2022-04-11
146469,2022-04-11
146470,2022-04-11
146471,2019-09-23
146472,2022-05-02
146473,2022-05-02
146475,2022-05-10
146476,2022-05-10
146477,2022-05-10
146478,2022-05-10
146479,2022-05-10
146480,2022-05-10
146481,2022-05-10
146482,2022-05-10
146484,2022-05-10
146485,2022-05-04
146486,2022-05-04
146487,2022-05-04
146488,2022-05-04
146489,2022-04-20
146490,2022-04-20
146491,2022-04-20
146492,2022-04-20
146493,2023-05-23
146494,2023-05-23
146495,2023-05-23
146496,2023-05-23
146497,2022-04-11
146498,2022-04-11
146499,2022-04-11
146500,2022-04-11
146501,2022-04-11
146502,2022-04-11
146505,2022-05-06
146509,2022-05-06
146530,2022-04-27
146531,2022-04-27
146532,2022-04-27
146533,2022-04-27
146535,2022-04-27
146536,2022-05-10
146537,2022-05-10
146538,2022-05-10
146539,2022-05-10
146540,2022-05-10
146541,2022-05-10
146544,2022-05-10
146546,2022-09-12
146547,2022-09-12
146556,2019-05-29
146557,2019-05-29
146558,2019-05-29
146559,2019-05-29
146560,2022-04-11
146561,2022-04-11
146563,2022-04-11
146565,2022-04-11
146566,2022-04-11
146578,2019-03-12
146579,2019-03-12
146580,2019-03-12
146581,2019-03-12
146582,2019-03-12
146583,2019-03-12
146584,2019-03-12
146585,2019-03-12
146586,2019-03-12
146587,2019-03-12
146588,2019-03-12
146589,2019-03-12
146590,2023-06-06
146591,2023-06-06
146592,2023-06-06
146593,2023-06-06
146594,2022-06-15
146595,2022-06-15
146596,2022-06-15
146597,2022-06-15
146598,2019-05-29
146599,2019-05-29
146601,2019-05-29
146602,2019-05-29
146604,2022-06-16
146605,2022-06-16
146607,2022-06-16
146608,2022-05-10
146609,2022-05-10
146610,2022-05-10
146611,2022-05-10
146613,2022-05-10
146614,2022-05-10
146615,2022-05-10
146616,2022-05-10
146617,2022-05-10
146623,2022-04-19
146624,2022-04-19
146625,2022-04-19
146626,2022-04-19
146631,2022-04-11
146632,2022-04-11
146633,2022-04-11
146634,2022-04-11
146635,2022-04-11
146636,2022-04-11
146637,2022-04-20
146638,2022-04-20
146639,2022-04-20
146640,2022-04-20
146645,2022-04-11
146646,2022-04-11
146647,2022-04-11
146648,2022-04-11
146649,2022-04-11
146650,2022-04-11
146651,2020-03-05
146652,2020-03-05
146653,2020-03-05
146654,2020-03-05
146655,2023-06-22
146656,2023-06-22
146657,2023-06-22
146658,2023-06-22
146659,2022-05-05
146662,2022-05-05
146663,2022-05-05
146664,2022-05-05
146665,2022-06-01
146666,2019-03-19
146667,2019-03-19
146668,2022-06-01
146669,2022-06-01
146670,2022-06-01
146671,2022-04-29
146672,2022-04-29
146673,2022-04-29
146689,2022-05-17
146694,2022-05-17
146703,2022-04-28
146704,2022-09-12
146705,2022-09-12
146706,2022-05-04
146707,2022-05-04
146708,2022-05-04
146709,2022-05-04
146711,2022-05-04
146713,2022-05-04
146714,2022-05-04
146715,2022-05-04
146732,2022-04-28
146733,2022-04-28
146734,2022-04-28
146735,2019-06-17
146736,2019-06-17
146737,2019-06-17
146738,2019-06-17
146739,2022-05-09
146740,2022-05-09
146741,2022-05-09
146742,2022-05-09
146744,2022-05-09
146765,2023-07-04
146766,2023-07-04
146767,2023-07-04
146768,2023-07-04
146773,2022-04-18
146774,2022-04-18
146775,2022-04-18
146776,2022-04-18
146777,2022-04-18
146778,2022-04-18
146779,2022-04-20
146780,2022-04-20
146781,2022-04-20
146782,2022-04-20
146787,2022-04-12
146788,2022-04-12
146789,2022-04-12
146790,2022-04-12
146807,2022-05-02
146809,2022-05-02
146810,2022-05-02
146811,2022-05-02
146833,2022-06-21
146834,2022-06-21
146835,2019-04-16
146837,2019-04-17
146839,2019-04-16
146840,2019-04-16
146845,2022-06-15
146846,2022-06-15
146847,2022-06-15
146848,2022-06-15
146849,2022-05-23
146851,2022-05-23
146855,2022-05-23
146857,2022-06-07
146858,2022-06-07
146859,2022-06-07
146860,2022-06-07
146861,2022-06-07
146862,2022-06-07
146863,2022-06-07
146864,2022-06-07
146865,2022-06-07
146867,2022-05-30
146871,2022-05-30
146872,2022-05-30
146873,2022-05-30
146874,2022-05-30
146876,2022-05-30
146877,2023-07-04
146878,2023-07-04
146879,2023-07-04
146880,2023-07-04
146881,2022-04-12
146882,2022-04-12
146883,2022-04-12
146884,2022-04-12
146885,2022-04-12
146886,2022-04-12
146887,2022-04-12
146888,2022-04-12
146889,2022-04-18
146890,2022-04-18
146891,2022-04-18
146892,2022-04-18
146893,2022-04-18
146894,2022-04-18
146895,2022-04-18
146896,2022-04-18
146897,2022-04-18
146898,2022-04-18
146900,2022-04-18
146907,2022-04-19
146908,2022-04-19
146909,2022-04-19
146910,2022-04-19
146911,2022-04-25
146912,2022-04-25
146915,2022-04-25
146924,2022-04-28
146925,2022-04-28
146926,2022-04-28
146931,2022-04-28
146932,2022-04-28
146933,2022-04-28
146935,2022-04-28
146945,2022-04-12
146946,2022-04-12
146947,2022-04-12
146981,2022-05-10
146982,2022-05-10
146983,2022-05-10
146987,2022-06-08
146988,2022-06-08
146989,2022-06-08
146990,2022-06-08
146991,2022-06-08
146994,2022-06-08
146995,2022-06-08
146996,2022-06-08
147019,2022-06-23
147021,2022-06-23
147022,2022-06-23
147071,2022-06-07
147072,2022-06-07
147073,2022-06-07
147076,2022-06-07
147077,2022-06-07
147078,2022-06-07
147079,2022-06-07
147103,2022-07-06
147104,2022-07-06
147105,2022-07-06
147106,2022-07-06
147122,2022-03-13
147123,2022-03-13
147124,2022-03-13
147125,2022-03-13
147126,2022-03-13
147127,2022-03-13
147129,2021-12-31
147130,2021-12-31
147131,2021-12-31
147132,2021-12-31
147133,2022-07-14
147134,2022-07-14
147135,2022-07-14
147136,2022-07-14
147137,2022-04-28
147138,2022-04-28
147139,2022-04-28
147141,2022-04-28
147142,2022-04-28
147149,2022-06-15
147150,2022-06-15
147151,2022-06-15
147152,2022-06-15
147165,2022-06-07
147166,2022-06-07
147168,2022-06-07
147169,2022-06-07
147172,2022-06-07
147174,2022-06-07
147199,2020-04-30
147200,2020-04-30
147201,2020-04-30
147202,2020-04-30
147207,2022-05-09
147208,2022-05-09
147209,2022-05-09
147210,2022-05-09
147217,2021-03-04
147218,2021-03-04
147219,2021-03-04
147220,2021-03-04
147221,2021-03-04
147222,2021-03-04
147223,2021-03-04
147224,2021-03-04
147225,2021-03-04
147226,2021-03-04
147233,2022-05-11
147234,2022-05-11
147235,2022-05-11
147236,2022-05-11
147237,2022-05-11
147238,2022-05-11
147240,2023-05-02
147242,2023-05-02
147243,2019-08-13
147244,2019-08-13
147245,2019-08-13
147246,2019-08-13
147251,2022-05-23
147252,2022-05-23
147253,2022-05-23
147254,2022-05-23
147255,2022-06-07
147256,2022-06-07
147257,2022-06-07
147258,2019-05-24
147259,2022-06-07
147261,2022-06-07
147262,2022-06-07
147263,2022-06-07
147264,2022-06-07
147271,2021-09-17
147317,2022-08-10
147318,2022-08-10
147319,2022-08-10
147320,2022-08-10
147321,2022-06-07
147322,2022-06-07
147323,2022-06-07
147324,2022-06-07
147326,2022-06-07
147327,2022-06-07
147328,2022-06-07
147329,2022-06-07
147330,2022-06-07
147331,2022-08-24
147332,2022-08-24
147333,2022-08-24
147334,2022-08-24
147351,2022-06-30
147352,2022-06-30
147353,2022-06-30
147354,2022-06-30
147355,2022-08-02
147356,2022-08-02
147357,2022-08-02
147358,2022-08-02
147359,2023-06-05
147360,2023-06-05
147361,2022-07-19
147362,2022-07-19
147363,2022-07-19
147364,2022-07-19
147365,2022-07-19
147366,2022-07-19
147367,2022-07-19
147368,2022-07-19
147369,2022-07-19
147383,2022-02-09
147384,2022-02-09
147385,2022-02-09
147386,2022-02-09
147387,2022-02-09
147388,2022-02-09
147389,2022-02-09
147390,2022-02-09
147391,2022-02-09
147392,2022-02-09
147393,2022-02-09
147394,2022-02-09
147395,2022-02-09
147396,2022-02-09
147397,2022-02-09
147398,2022-02-09
147399,2022-02-09
147400,2022-02-09
147401,2022-02-09
147402,2022-02-09
147411,2022-07-19
147412,2022-07-19
147414,2022-07-19
147415,2022-07-19
147416,2022-07-19
147417,2022-07-19
147418,2022-07-19
147419,2022-07-19
147420,2022-07-19
147421,2022-09-14
147422,2022-09-14
147423,2022-09-14
147424,2022-09-14
147425,2021-12-31
147426,2021-12-31
147427,2021-12-31
147428,2021-12-31
147429,2021-12-31
147430,2021-12-31
147431,2021-12-31
147432,2021-12-31
147433,2021-12-31
147434,2021-12-31
147435,2021-12-31
147436,2021-12-31
147437,2021-12-31
147438,2021-12-31
147439,2021-12-31
147440,2021-12-31
147460,2022-08-01
147461,2022-08-01
147462,2022-08-01
147463,2022-08-01
147464,2022-09-21
147465,2022-09-21
147466,2022-09-21
147467,2022-09-21
147484,2022-09-28
147485,2022-09-28
147486,2022-09-28
147487,2022-09-28
147508,2022-10-06
147509,2022-10-06
147510,2022-10-06
147511,2022-10-06
147520,2022-08-03
147521,2022-08-03
147522,2022-08-03
147523,2022-08-03
147580,2022-09-01
147581,2022-09-01
147582,2022-09-01
147583,2022-09-01
147584,2021-12-31
147585,2021-12-31
147586,2021-12-31
147587,2021-12-31
147588,2021-12-31
147589,2021-12-31
147590,2022-12-18
147591,2022-12-18
147592,2021-01-04
147593,2022-12-18
147595,2022-12-18
147597,2022-12-18
147598,2021-09-19
147599,2022-12-04
147610,2022-09-08
147611,2022-09-08
147612,2022-09-08
147613,2022-09-08
147627,2022-09-15
147628,2022-09-15
147629,2022-09-15
147630,2022-09-15
147631,2023-05-24
147632,2023-05-24
147639,2022-09-28
147640,2022-09-28
147641,2022-09-28
147642,2022-09-28
147643,2023-06-14
147644,2023-06-14
147649,2022-03-10
147650,2022-03-10
147651,2022-03-10
147652,2022-03-10
147653,2022-03-10
147654,2022-03-10
147655,2022-03-10
147656,2022-03-10
147657,2022-03-10
147658,2022-03-10
147659,2022-03-10
147660,2022-03-10
147669,2022-10-27
147670,2022-10-27
147671,2022-10-27
147672,2022-10-27
147673,2022-03-10
147674,2022-03-10
147675,2022-03-10
147676,2022-03-10
147677,2022-03-10
147678,2022-03-10
147679,2022-03-10
147680,2022-03-10
147681,2022-03-10
147682,2022-03-10
147719,2022-10-27
147720,2022-10-27
147721,2022-10-27
147722,2022-10-27
147744,2022-11-04
147745,2022-11-04
147746,2022-11-04
147747,2022-11-04
147752,2022-11-14
147753,2022-11-14
147754,2022-11-14
147755,2022-11-14
147762,2022-11-23
147763,2022-11-23
147764,2022-11-23
147765,2022-11-23
147774,2022-12-01
147775,2022-12-01
147776,2022-12-01
147777,2022-12-01
147778,2021-12-31
147779,2021-12-31
147780,2021-12-31
147781,2021-12-31
147782,2022-12-20
147783,2022-12-20
147784,2022-12-20
147785,2022-12-20
147790,2022-12-19
147791,2022-12-19
147792,2022-12-19
147793,2022-12-19
147798,2022-09-30
147799,2022-09-30
147800,2022-09-30
147801,2022-09-30
147802,2022-09-30
147803,2022-09-30
147804,2022-09-30
147805,2022-09-30
147806,2022-09-30
147807,2022-09-30
147808,2022-09-30
147809,2022-09-30
147810,2022-09-30
147811,2022-09-30
147812,2022-09-30
147814,2022-09-30
147815,2022-09-30
147816,2022-09-30
147817,2022-09-30
147818,2022-09-30
147819,2022-09-30
147820,2022-09-30
147821,2022-09-30
147848,2023-04-17
147850,2023-04-18
147851,2023-04-18
147852,2023-04-18
147853,2023-04-18
147858,2023-04-27
147859,2023-04-27
147860,2023-04-27
147861,2023-04-27
147862,2023-04-27
147863,2023-04-27
147870,2023-04-25
147871,2023-04-25
147872,2023-04-25
147873,2023-04-25
147899,2023-04-17
147900,2023-04-17
147901,2023-04-17
147902,2023-04-17
147903,2023-04-17
147904,2023-04-17
147922,2021-12-31
147923,2021-12-31
147924,2021-12-31
147925,2021-12-31
147926,2021-12-31
147927,2021-12-31
147937,2021-11-29
147938,2021-11-29
147939,2021-11-29
147940,2021-11-29
147954,2020-07-20
147955,2020-07-20
147956,2020-07-20
147957,2020-07-20
147962,2020-07-20
147963,2020-07-20
147964,2020-07-20
147965,2020-07-20
147970,2020-07-20
147971,2020-07-20
147972,2020-07-20
147973,2020-07-20
147974,2020-07-20
147975,2020-07-13
147976,2020-07-13
147977,2020-07-13
147978,2020-07-20
147979,2020-07-20
147980,2020-07-20
147981,2020-07-20
147982,2020-07-20
147983,2020-07-20
147984,2020-07-20
147989,2020-07-20
147990,2020-07-20
147991,2020-07-20
147992,2020-07-20
147993,2020-07-20
147994,2020-07-20
148001,2020-07-20
148002,2020-07-20
148003,2020-07-20
148004,2020-07-20
148005,2020-07-20
148006,2020-07-13
148007,2020-07-20
148008,2020-07-13
148009,2020-07-20
148023,2021-12-31
148024,2021-12-31
148025,2021-12-31
148026,2021-12-31
148027,2021-12-31
148028,2021-12-31
148055,2023-04-25
148056,2023-04-25
148057,2023-04-25
148058,2023-04-25
148075,2022-01-27
148076,2022-01-27
148077,2022-01-27
148078,2022-01-27
148079,2022-01-27
148080,2022-01-27
148081,2022-01-27
148082,2022-01-27
148083,2022-01-27
148084,2022-01-27
148085,2022-01-27
148086,2022-01-27
148087,2022-01-27
148088,2022-01-27
148089,2022-01-27
148090,2022-01-27
148091,2022-01-27
148092,2022-01-27
148094,2022-01-27
148095,2022-01-27
148096,2022-01-27
148097,2022-01-27
148098,2022-01-27
148100,2022-01-27
148101,2022-01-27
148104,2022-01-27
148105,2022-01-27
148106,2022-01-27
148108,2022-01-27
148109,2022-01-27
148111,2022-01-27
148112,2022-01-27
148115,2022-01-27
148117,2022-01-27
148118,2022-01-27
148119,2022-01-27
148120,2022-01-27
148121,2022-01-27
148122,2022-01-27
148123,2022-01-27
148124,2022-01-27
148125,2022-01-27
148126,2022-01-27
148127,2022-01-27
148128,2022-01-27
148129,2022-01-27
148130,2022-01-27
148131,2022-01-27
148132,2022-01-27
148133,2022-01-27
148134,2022-01-27
148135,2022-01-27
148136,2022-01-27
148137,2022-01-27
148138,2022-01-27
148139,2020-07-10
148140,2020-07-10
148141,2020-07-10
148142,2020-07-10
148143,2020-07-10
148144,2020-07-10
148145,2022-01-31
148146,2022-01-31
148147,2022-01-31
148148,2022-01-31
148149,2022-01-31
148150,2022-01-31
148151,2022-01-31
148152,2022-01-31
148153,2022-01-31
148154,2022-01-31
148155,2022-01-31
148156,2022-01-31
148174,2023-05-22
148175,2023-05-22
148176,2023-05-22
148182,2023-04-27
148185,2023-04-27
148186,2023-04-27
148187,2023-04-27
148192,2023-05-19
148193,2023-05-19
148194,2023-05-19
148195,2023-05-19
148196,2023-04-25
148197,2023-04-25
148198,2023-04-25
148199,2023-04-25
148200,2023-04-25
148202,2023-04-25
148203,2023-04-25
148204,2023-04-25
148205,2023-04-25
148206,2022-01-21
148207,2022-01-21
148208,2022-01-21
148214,2022-01-21
148217,2022-01-21
148219,2022-01-21
148220,2022-01-21
148221,2022-01-21
148297,2021-01-11
148298,2020-12-31
148299,2021-01-11
148300,2021-01-11
148301,2021-01-11
148302,2021-01-11
148320,2022-03-13
148321,2022-03-13
148322,2022-03-13
148323,2022-03-13
148324,2022-03-13
148325,2022-03-13
148326,2022-03-13
148327,2022-03-13
148328,2022-03-13
148329,2022-03-13
148342,2022-03-13
148343,2022-03-13
148344,2022-03-13
148345,2022-03-13
148349,2022-03-14
148350,2022-03-14
148359,2022-11-25
148360,2022-11-25
148361,2022-11-25
148362,2022-11-25
148363,2022-11-25
148364,2022-11-25
148365,2022-11-25
148366,2022-11-25
148367,2023-05-31
148368,2023-05-31
148369,2023-05-31
148370,2023-05-31
148383,2023-05-30
148384,2023-05-30
148385,2023-05-30
148386,2023-05-30
148420,2020-07-14
148421,2020-07-14
148422,2020-07-14
148423,2020-07-14
148424,2020-07-14
148425,2020-07-14
148426,2020-07-14
148427,2020-07-14
148428,2020-07-14
148429,2020-07-14
148430,2020-07-14
148431,2020-07-14
148432,2020-07-14
148433,2020-07-14
148434,2020-07-14
148435,2020-07-14
148436,2020-07-14
148437,2020-07-14
148438,2020-07-14
148439,2020-07-14
148440,2020-07-14
148441,2020-07-14
148442,2020-07-14
148443,2020-07-14
148491,2021-12-31
148492,2022-11-25
148493,2022-11-25
148494,2022-11-23
148495,2022-10-25
148496,2022-11-25
148497,2022-11-24
148498,2022-11-25
148499,2022-11-23
148522,2021-12-31
148524,2021-12-31
148525,2021-12-31
148896,2022-03-10
148897,2022-03-10
148898,2022-03-10
148899,2022-03-10
149119,2021-09-17
149121,2021-10-22
149152,2022-11-25
149153,2022-11-25
149154,2022-11-25
149155,2022-11-25
149222,2022-09-16
149223,2022-09-16
149225,2022-09-16
149226,2022-09-16
149300,2023-01-20
149301,2023-01-20
149375,2022-03-14
149376,2022-03-14
149377,2022-03-14
149378,2022-03-14
149719,2022-05-26
149741,2022-01-21
149743,2022-01-21
149745,2022-01-21
149746,2022-01-21
149888,2023-06-30
149889,2023-06-30
149890,2023-06-30
149891,2023-06-30
150318,2022-07-08
150319,2022-07-08
150320,2022-07-08
150321,2022-07-08
150362,2022-10-06
150363,2022-10-06
150364,2022-10-06
150365,2022-10-06
150431,2022-10-19
150432,2022-10-19
150433,2022-10-19
150434,2022-10-19
150447,2023-03-09
150448,2023-03-09
150449,2023-03-09
150450,2023-03-09
150462,2022-12-28
150463,2022-12-28
150464,2022-12-28
150465,2022-12-28
150525,2023-03-09
150564,2022-09-22
150566,2023-02-02
150598,2022-11-29
150599,2022-11-29
150600,2022-11-29
150601,2022-11-29
150666,2022-12-21
150668,2022-12-21
150669,2022-12-21
150670,2022-12-21
150773,2023-01-03
150774,2023-01-03
150775,2023-01-03
150776,2023-01-03
150781,2023-03-20
150782,2023-03-20
150783,2023-03-20
150784,2023-03-20
150875,2023-02-08
150876,2023-02-08
150877,2023-02-08
150908,2023-03-13
150909,2023-03-13
150910,2023-03-13
150911,2023-03-13
150944,2023-03-13
150945,2023-03-13
150947,2023-03-13
150955,2023-03-13
150956,2023-03-13
150957,2023-03-13
150958,2023-03-13
151240,2023-05-31
151241,2023-05-31
151242,2023-05-31
151243,2023-05-31
151244,2023-03-23
151245,2023-03-23
151246,2023-03-23
151247,2023-03-23
151263,2023-07-03
151264,2023-07-03
151265,2023-07-03
151266,2023-07-03
151359,2023-04-25
151360,2023-04-25
151361,2023-04-25
151362,2023-04-25
151421,2023-05-15
151422,2023-05-15
151423,2023-05-15
151424,2023-05-15
151507,2023-05-31
151508,2023-05-31
151509,2023-05-31
151510,2023-05-31
151552,2023-06-13
151553,2023-06-13
151554,2023-06-13
151555,2023-06-13
151625,2023-06-14
151626,2023-06-14
151627,2023-06-14
151628,2023-06-14
151635,2023-06-13
151636,2023-06-13
151637,2023-06-13
151638,2023-06-13
151675,2023-06-22
151676,2023-06-22
151677,2023-06-22
